# gale's game: 4x4 FOUR in a row (m,n,k = 4,4,4), no gravity,
# a stone may be placed in any empty cell.  Five in a row is impossible
# on a 4x4 grid -- the longest line is 4 -- and is not this game.
#
# value    : +1 the SIDE TO MOVE wins with best play, 0 draw, -1 loses.
#           This table covers every ply, so the side to move alternates:
#           even ply -> P0 to move, odd ply -> P1 to move.  The ply is
#           popcount(p0|p1), so a reader can recover it from the boards.
#           The P0-perspective value is value for an even ply and
#           -value for an odd ply.
# horizon  : NONE.  The board is 16 cells, so the search always reaches
#           the end of the game.  Every row is exact.
# legality : the game has not already ended -- neither side has four in
#           a row and the board is not full.  Terminal positions are
#           excluded and counted separately in the manifest.
# order    : lexicographic in the first cell-index sequence that reaches
#           the position, cell indices 0..15 row-major from the top
#           left.  Deduplicated on the position itself.
# fields   : p0 p1 value -- p0 and p1 are the 16-bit boards in unsigned
#           decimal (bit i is cell i), value in {-1,0,+1}.
# digest   : FNV-1a 64 over the data lines of all ply files in ply order,
#           terminating newlines included, '#' lines excluded.
42325 6826 0
42325 19114 0
11605 21162 0
36181 21162 1
11605 37546 0
42325 21162 0
11605 49834 0
26965 5802 0
43349 5802 0
43349 18090 0
26965 34474 0
51541 5802 1
43349 21162 0
26965 37546 0
57685 3754 0
57685 5802 0
57685 6826 0
25429 7338 1
41813 7338 0
41813 19626 0
50005 7338 0
50005 11434 0
19285 13482 0
35669 13482 0
11093 21674 0
35669 21674 0
11093 38058 0
19285 38058 0
41813 21674 0
25429 38058 1
50005 13482 0
35669 25770 0
19285 42154 0
11093 50346 0
43349 21674 0
26965 38058 0
51541 13482 1
57685 7338 0
34645 14506 0
10069 22698 1
34645 22698 0
41813 22698 0
50005 14506 0
34645 26794 0
42325 22698 0
34645 28842 0
35669 28842 0
19285 45226 0
10069 53418 1
11093 53418 0
36181 28842 1
11605 53418 0
38485 10666 0
13909 18858 1
38485 18858 0
42581 6570 0
42581 18858 0
36437 12714 0
11861 20906 0
36437 20906 0
11861 37290 0
42581 20906 0
7765 25002 0
36437 25002 0
7765 41386 0
38485 25002 0
7765 49578 0
11861 49578 0
13909 49578 1
23125 9642 0
39509 9642 0
14933 17834 0
39509 17834 0
14933 34218 0
23125 34218 0
27221 5546 0
43605 5546 0
43605 17834 0
27221 34218 0
51797 5546 0
51797 9642 0
43605 20906 0
27221 37290 0
51797 12714 0
39509 25002 0
23125 41386 0
14933 49578 0
29269 3498 1
45653 3498 0
45653 17834 0
29269 34218 1
53845 3498 0
53845 9642 0
45653 18858 0
53845 10666 0
57941 3498 0
57941 5546 0
57941 6570 0
43605 21674 0
27221 38058 0
51797 13482 0
39509 25770 0
23125 42154 0
14933 50346 0
45653 19626 0
53845 11434 0
57941 7338 0
42581 22698 0
38485 26794 0
36437 28842 0
11861 53418 0
7765 57514 0
15445 17322 0
40021 17322 1
15445 33706 0
44117 5034 0
44117 17322 0
44117 20906 0
40021 25002 1
15445 49578 0
46165 2986 0
46165 17322 0
46165 18858 0
44117 21162 0
15445 49834 0
46165 19114 0
30805 1962 0
47189 1962 0
47189 17322 0
30805 33706 0
55381 1962 1
47189 17834 0
30805 34218 0
55381 9642 1
59477 1962 0
59477 5034 0
59477 5546 0
47189 18090 0
30805 34474 0
59477 5802 0
13525 19242 0
38101 19242 1
13525 35626 0
42197 6954 0
42197 19242 0
11477 21290 0
36053 21290 1
11477 37674 0
42197 21290 0
7381 49962 1
11477 49962 0
13525 49962 0
14549 18218 0
39125 18218 1
14549 34602 0
22741 34602 1
26837 5930 0
43221 5930 0
43221 18218 0
26837 34602 0
51413 5930 1
43221 21290 0
26837 37674 0
14549 49962 0
45269 18218 1
28885 34602 1
45269 19242 1
28885 35626 1
57557 5930 1
57557 6954 1
21205 11562 0
37589 11562 0
13013 19754 0
37589 19754 0
13013 36138 0
21205 36138 0
25301 7466 0
41685 7466 0
41685 19754 0
25301 36138 0
49877 7466 0
49877 11562 0
19157 13610 0
35541 13610 0
10965 21802 0
35541 21802 0
10965 38186 0
19157 38186 0
41685 21802 0
25301 38186 0
49877 13610 0
6869 25898 0
35541 25898 0
6869 42282 0
19157 42282 0
37589 25898 0
21205 42282 0
6869 50474 0
10965 50474 0
13013 50474 0
43221 21802 0
26837 38186 0
51413 13610 1
39125 25898 1
22741 42282 1
14549 50474 0
45269 19754 1
28885 36138 1
53461 11562 1
57557 7466 1
34517 14634 0
9941 22826 0
34517 22826 0
9941 39210 0
41685 22826 0
25301 39210 0
49877 14634 0
5845 26922 0
34517 26922 0
5845 43306 0
37589 26922 0
21205 43306 0
5845 51498 0
9941 51498 0
13013 51498 0
42197 22826 0
38101 26922 1
13525 51498 0
3797 28970 1
34517 28970 0
3797 45354 1
35541 28970 0
19157 45354 0
3797 53546 1
9941 53546 0
10965 53546 0
36053 28970 1
11477 53546 0
3797 57642 1
5845 57642 0
6869 57642 0
7381 57642 1
43605 21802 0
27221 38186 0
51797 13610 0
39509 25898 0
23125 42282 0
14933 50474 0
45653 19754 0
29269 36138 1
53845 11562 0
57941 7466 0
42581 22826 0
38485 26922 0
13909 51498 1
36437 28970 0
11861 53546 0
7765 57642 0
44117 21290 0
15445 49962 0
46165 19242 0
47189 18218 0
30805 34602 0
59477 5930 0
25045 7722 0
41429 7722 0
41429 20010 0
25045 36394 0
49621 7722 1
10709 22058 0
35285 22058 1
10709 38442 0
18901 38442 1
41429 22058 0
25045 38442 0
10709 50730 0
43221 22058 0
26837 38442 0
14549 50730 0
45269 20010 1
28885 36394 1
57557 7722 1
9685 23082 0
34261 23082 1
9685 39466 0
41429 23082 0
25045 39466 0
9685 51754 0
42197 23082 0
13525 51754 0
3541 53802 1
9685 53802 0
10709 53802 0
11477 53802 0
43349 22058 0
26965 38442 0
57685 7722 0
42325 23082 0
11605 53802 0
17365 15402 0
33749 15402 0
9173 23594 0
33749 23594 0
9173 39978 0
17365 39978 0
41429 23594 0
25045 39978 0
49621 15402 1
33749 27690 0
17365 44074 0
9173 52266 0
41685 23594 0
25301 39978 0
49877 15402 0
37589 27690 0
21205 44074 0
13013 52266 0
3029 29738 1
33749 29738 0
3029 46122 1
17365 46122 0
35285 29738 1
18901 46122 1
3029 54314 1
9173 54314 0
10709 54314 0
35541 29738 0
19157 46122 0
10965 54314 0
3029 58410 1
6869 58410 0
41813 23594 0
25429 39978 1
50005 15402 0
35669 29738 0
19285 46122 0
11093 54314 0
2005 30762 1
33749 30762 0
2005 47146 1
17365 47146 0
34261 30762 1
2005 55338 1
9173 55338 0
9685 55338 0
34517 30762 0
9941 55338 0
2005 59434 1
5845 59434 0
34645 30762 0
10069 55338 1
42389 19050 1
26005 35434 1
11669 49770 1
43413 18026 1
27029 34410 1
57749 3690 1
25493 7274 0
41877 7274 0
41877 19562 0
25493 35946 0
50069 7274 0
50069 11370 0
19349 13418 0
35733 13418 0
11157 21610 0
35733 21610 0
11157 37994 0
19349 37994 0
41877 21610 0
25493 37994 0
50069 13418 0
35733 25706 0
19349 42090 0
11157 50282 0
43413 21610 1
27029 37994 1
51605 13418 1
57749 7274 1
18325 14442 0
34709 14442 0
10133 22634 0
34709 22634 0
10133 39018 0
18325 39018 0
41877 22634 0
25493 39018 0
50069 14442 0
34709 26730 0
18325 43114 0
10133 51306 0
42389 22634 1
26005 39018 1
50581 14442 1
34709 28778 0
18325 45162 0
35733 28778 0
19349 45162 0
10133 53354 0
11157 53354 0
36245 28778 1
19861 45162 1
11669 53354 1
22165 10602 0
38549 10602 0
13973 18794 0
38549 18794 0
13973 35178 0
22165 35178 0
26261 6506 0
42645 6506 0
42645 18794 0
26261 35178 0
50837 6506 0
50837 10602 0
20117 12650 0
36501 12650 0
11925 20842 0
36501 20842 0
11925 37226 0
20117 37226 0
42645 20842 0
26261 37226 0
50837 12650 0
7829 24938 0
36501 24938 0
7829 41322 0
20117 41322 0
38549 24938 0
22165 41322 0
7829 49514 0
11925 49514 0
13973 49514 0
23189 9578 0
39573 9578 0
14997 17770 0
39573 17770 0
14997 34154 0
23189 34154 0
27285 5482 0
43669 5482 0
43669 17770 0
27285 34154 0
51861 5482 0
51861 9578 0
43669 20842 0
27285 37226 0
51861 12650 0
39573 24938 0
23189 41322 0
14997 49514 0
29333 3434 0
45717 3434 0
45717 17770 0
29333 34154 0
53909 3434 0
53909 9578 0
45717 18794 0
29333 35178 0
53909 10602 0
58005 3434 0
58005 5482 0
58005 6506 0
43669 21610 0
27285 37994 0
51861 13418 0
39573 25706 0
23189 42090 0
14997 50282 0
45717 19562 0
29333 35946 0
53909 11370 0
58005 7274 0
42645 22634 0
26261 39018 0
50837 14442 0
38549 26730 0
22165 43114 0
13973 51306 0
36501 28778 0
20117 45162 0
11925 53354 0
7829 57450 0
15509 17258 0
40085 17258 1
15509 33642 0
23701 33642 1
44181 17258 1
27797 33642 1
44181 20842 1
27797 37226 1
52373 12650 1
40085 24938 1
23701 41322 1
15509 49514 0
29845 2922 0
46229 2922 0
46229 17258 0
29845 33642 0
54421 2922 1
46229 18794 0
29845 35178 0
54421 10602 1
58517 2922 1
58517 6506 1
15509 49770 0
46229 19050 0
29845 35434 0
30869 1898 0
47253 1898 0
47253 17258 0
30869 33642 0
55445 1898 1
47253 17770 0
30869 34154 0
55445 9578 1
59541 1898 1
59541 5482 1
47253 18026 0
30869 34410 0
43669 21802 0
27285 38186 0
51861 13610 0
39573 25898 0
23189 42282 0
14997 50474 0
45717 19754 0
29333 36138 0
53909 11562 0
58005 7466 0
42645 22826 0
26261 39210 0
50837 14634 0
38549 26922 0
22165 43306 0
13973 51498 0
36501 28970 0
20117 45354 0
11925 53546 0
7829 57642 0
44181 21290 1
27797 37674 1
15509 49962 0
46229 19242 0
29845 35626 0
58517 6954 1
47253 18218 0
30869 34602 0
59541 5930 1
43413 22058 1
27029 38442 1
57749 7722 1
42389 23082 1
26005 39466 1
11669 53802 1
41877 23594 0
25493 39978 0
50069 15402 0
35733 29738 0
19349 46122 0
11157 54314 0
34709 30762 0
18325 47146 0
10133 55338 0
26389 6378 1
42773 6378 0
42773 18666 0
50965 6378 0
50965 10474 0
42773 20714 0
26389 37098 1
50965 12522 0
27413 5354 0
43797 5354 0
43797 17642 0
27413 34026 0
51989 5354 0
51989 9450 0
43797 20714 0
27413 37098 0
51989 12522 0
58133 3306 0
58133 5354 0
58133 6378 0
43797 21610 0
27413 37994 0
51989 13418 0
58133 7274 0
42773 22634 0
26389 39018 1
50965 14442 0
44309 17130 1
27925 33514 1
44309 20714 1
27925 37098 1
52501 12522 1
58645 2794 1
58645 6378 1
59669 1770 1
59669 5354 1
43797 21674 0
27413 38058 0
51989 13482 0
58133 7338 0
42773 22698 0
50965 14506 0
44309 21162 1
27925 37546 1
58645 6826 1
59669 5802 1
24085 8682 0
40469 8682 0
15893 16874 0
40469 16874 0
15893 33258 0
24085 33258 0
28181 4586 0
44565 4586 0
44565 16874 0
28181 33258 0
52757 4586 0
52757 8682 0
44565 20714 0
28181 37098 0
52757 12522 0
40469 24810 0
24085 41194 0
15893 49386 0
30229 2538 1
46613 2538 0
46613 16874 0
30229 33258 1
54805 2538 0
54805 8682 0
46613 18666 0
54805 10474 0
58901 2538 0
58901 4586 0
58901 6378 0
44565 20842 0
28181 37226 0
52757 12650 0
40469 24938 0
24085 41322 0
15893 49514 0
46613 18794 0
30229 35178 1
54805 10602 0
58901 6506 0
31253 1514 0
47637 1514 0
47637 16874 0
31253 33258 0
55829 1514 0
55829 8682 0
47637 17642 0
31253 34026 0
55829 9450 0
59925 1514 0
59925 4586 0
59925 5354 0
47637 17770 0
31253 34154 0
55829 9578 0
59925 5482 0
44565 20906 0
28181 37290 0
52757 12714 0
40469 25002 0
24085 41386 0
15893 49578 0
46613 18858 0
54805 10666 0
58901 6570 0
47637 17834 0
31253 34218 0
55829 9642 0
59925 5546 0
31765 1002 0
48149 1002 0
48149 16874 0
31765 33258 0
56341 1002 1
56341 8682 1
48149 17130 0
31765 33514 0
60437 1002 1
60437 4586 1
48149 17258 0
31765 33642 0
48149 17322 0
31765 33706 0
60437 5034 1
19765 41674 1
11573 49866 1
43317 18122 1
26933 34506 1
51509 9930 1
57653 3786 1
25397 7370 1
41781 7370 0
41781 19658 0
49973 7370 0
49973 11466 0
19253 13514 0
35637 13514 0
11061 21706 0
35637 21706 0
11061 38090 0
19253 38090 0
41781 21706 0
25397 38090 1
49973 13514 0
35637 25802 0
19253 42186 0
11061 50378 0
43317 21706 1
26933 38090 1
51509 13514 1
57653 7370 1
18229 14538 1
10037 22730 1
41781 22730 0
49973 14538 0
18229 45258 1
35637 28874 0
19253 45258 0
10037 53450 1
11061 53450 0
19765 45258 1
11573 53450 1
22069 10698 1
13877 18890 1
26165 6602 1
20021 12746 0
11829 20938 0
11829 37322 0
20021 37322 0
26165 37322 1
7733 25034 0
7733 41418 0
20021 41418 0
22069 41418 1
7733 49610 0
11829 49610 0
13877 49610 1
23093 9674 0
39477 9674 0
14901 17866 0
39477 17866 0
14901 34250 0
23093 34250 0
27189 5578 0
43573 5578 0
43573 17866 0
27189 34250 0
51765 5578 0
51765 9674 0
43573 20938 0
27189 37322 0
51765 12746 0
39477 25034 0
23093 41418 0
14901 49610 0
29237 3530 1
45621 3530 0
45621 17866 0
29237 34250 1
53813 3530 0
53813 9674 0
45621 18890 0
53813 10698 0
57909 3530 0
57909 5578 0
57909 6602 0
43573 21706 0
27189 38090 0
51765 13514 0
39477 25802 0
23093 42186 0
14901 50378 0
45621 19658 0
53813 11466 0
57909 7370 0
20021 45258 0
11829 53450 0
7733 57546 0
23605 9162 0
15413 17354 0
15413 33738 0
23605 33738 0
27701 33738 1
27701 37322 1
23605 41418 0
15413 49610 0
29749 3018 1
29749 33738 1
23605 41674 0
15413 49866 0
30773 1994 0
47157 1994 0
47157 17354 0
30773 33738 0
55349 1994 0
55349 9162 0
47157 17866 0
30773 34250 0
55349 9674 0
59445 1994 1
59445 5578 1
47157 18122 0
30773 34506 0
55349 9930 0
21685 11082 0
13493 19274 0
13493 35658 0
21685 35658 0
25781 35658 1
7349 25418 0
7349 41802 0
19637 41802 1
21685 41802 0
7349 49994 0
11445 49994 1
13493 49994 0
22709 10058 0
39093 10058 0
14517 18250 0
39093 18250 0
14517 34634 0
22709 34634 0
43189 18250 1
26805 34634 1
51381 10058 1
39093 25418 0
22709 41802 0
14517 49994 0
45237 18250 1
28853 34634 1
53429 10058 1
45237 19274 1
28853 35658 1
53429 11082 1
21173 11594 0
37557 11594 0
12981 19786 0
37557 19786 0
12981 36170 0
21173 36170 0
25269 7498 0
41653 7498 0
41653 19786 0
25269 36170 0
49845 7498 0
49845 11594 0
19125 13642 0
35509 13642 0
10933 21834 0
35509 21834 0
10933 38218 0
19125 38218 0
41653 21834 0
25269 38218 0
49845 13642 0
6837 25930 0
35509 25930 0
6837 42314 0
19125 42314 0
37557 25930 0
21173 42314 0
6837 50506 0
10933 50506 0
12981 50506 0
43189 21834 1
26805 38218 1
51381 13642 1
39093 25930 0
22709 42314 0
14517 50506 0
45237 19786 1
28853 36170 1
53429 11594 1
57525 7498 1
18101 14666 0
9909 22858 0
9909 39242 0
18101 39242 0
41653 22858 0
25269 39242 0
49845 14666 0
5813 26954 0
5813 43338 0
18101 43338 0
37557 26954 0
21173 43338 0
5813 51530 0
9909 51530 0
12981 51530 0
25781 39242 1
21685 43338 0
13493 51530 0
3765 29002 1
3765 45386 1
18101 45386 0
35509 29002 0
19125 45386 0
3765 53578 1
9909 53578 0
10933 53578 0
19637 45386 1
11445 53578 1
3765 57674 1
5813 57674 0
6837 57674 0
7349 57674 0
43573 21834 0
27189 38218 0
51765 13642 0
39477 25930 0
23093 42314 0
14901 50506 0
45621 19786 0
29237 36170 1
53813 11594 0
57909 7498 0
26165 39242 1
22069 43338 1
13877 51530 1
20021 45386 0
11829 53578 0
7733 57674 0
23605 41802 0
15413 49994 0
29749 35658 1
47157 18250 0
30773 34634 0
55349 10058 0
41397 20042 1
25013 36426 1
49589 11850 1
35253 26186 1
18869 42570 1
10677 50762 1
39093 26186 0
22709 42570 0
14517 50762 0
45237 20042 1
28853 36426 1
53429 11850 1
17845 43594 1
9653 51786 1
21685 43594 0
13493 51786 0
3509 57930 1
7349 57930 0
17333 15434 0
33717 15434 0
9141 23626 0
33717 23626 0
9141 40010 0
17333 40010 0
41397 23626 1
25013 40010 1
49589 15434 1
33717 27722 0
17333 44106 0
9141 52298 0
41653 23626 0
25269 40010 0
49845 15434 0
37557 27722 0
21173 44106 0
12981 52298 0
2997 29770 1
33717 29770 0
2997 46154 1
17333 46154 0
35253 29770 1
18869 46154 1
2997 54346 1
9141 54346 0
10677 54346 1
35509 29770 0
19125 46154 0
10933 54346 0
2997 58442 1
6837 58442 0
41781 23626 0
25397 40010 1
49973 15434 0
35637 29770 0
19253 46154 0
11061 54346 0
1973 30794 1
33717 30794 0
1973 47178 1
17333 47178 0
17845 47178 1
1973 55370 1
9141 55370 0
9653 55370 1
18101 47178 0
9909 55370 0
1973 59466 1
5813 59466 0
18229 47178 1
10037 55370 1
43669 21834 0
27285 38218 0
51861 13642 0
39573 25930 0
23189 42314 0
14997 50506 0
45717 19786 0
29333 36170 0
53909 11594 0
58005 7498 0
42645 22858 0
26261 39242 0
50837 14666 0
38549 26954 0
22165 43338 0
13973 51530 0
36501 29002 0
20117 45386 0
11925 53578 0
7829 57674 0
40085 25418 1
23701 41802 1
15509 49994 0
46229 19274 0
29845 35658 0
54421 11082 1
47253 18250 0
30869 34634 0
55445 10058 1
41877 23626 0
25493 40010 0
50069 15434 0
35733 29770 0
19349 46154 0
11157 54346 0
34709 30794 0
18325 47178 0
10133 55370 0
43797 21706 0
27413 38090 0
51989 13514 0
58133 7370 0
42773 22730 0
50965 14538 0
44565 20938 0
28181 37322 0
52757 12746 0
40469 25034 0
24085 41418 0
15893 49610 0
46613 18890 0
54805 10698 0
58901 6602 0
47637 17866 0
31253 34250 0
55829 9674 0
59925 5578 0
48149 17354 0
31765 33738 0
56341 9162 1
13429 19338 1
11381 21386 0
11381 37770 0
7285 25482 0
7285 41866 0
7285 50058 0
11381 50058 0
13429 50058 1
22645 10122 0
39029 10122 0
14453 18314 0
39029 18314 0
14453 34698 0
22645 34698 0
26741 6026 0
43125 6026 0
43125 18314 0
26741 34698 0
51317 6026 0
51317 10122 0
43125 21386 0
26741 37770 0
51317 13194 0
39029 25482 0
22645 41866 0
14453 50058 0
45173 18314 1
28789 34698 1
53365 10122 1
45173 19338 1
53365 11146 1
57461 6026 1
57461 7050 1
21109 11658 1
37493 11658 0
12917 19850 1
37493 19850 0
25205 7562 1
41589 7562 0
41589 19850 0
49781 7562 0
49781 11658 0
19061 13706 0
35445 13706 0
10869 21898 0
35445 21898 0
10869 38282 0
19061 38282 0
41589 21898 0
25205 38282 1
49781 13706 0
6773 25994 0
35445 25994 0
6773 42378 0
19061 42378 0
37493 25994 0
21109 42378 1
6773 50570 0
10869 50570 0
12917 50570 1
43125 21898 0
26741 38282 0
51317 13706 0
39029 25994 0
22645 42378 0
14453 50570 0
45173 19850 1
53365 11658 1
57461 7562 1
9845 22922 1
41589 22922 0
49781 14730 0
5749 27018 1
37493 27018 0
3701 29066 1
3701 45450 1
35445 29066 0
19061 45450 0
3701 53642 1
9845 53642 1
10869 53642 0
11381 53642 0
3701 57738 1
5749 57738 1
6773 57738 0
7285 57738 0
43573 21898 0
27189 38282 0
51765 13706 0
39477 25994 0
23093 42378 0
14901 50570 0
45621 19850 0
53813 11658 0
57909 7562 0
20021 45450 0
11829 53642 0
7733 57738 0
27701 37770 1
23605 41866 0
15413 50058 0
47157 18314 0
30773 34698 0
55349 10122 0
59445 6026 1
24949 7818 1
41333 7818 0
41333 20106 0
49525 7818 0
49525 11914 0
18805 13962 0
35189 13962 0
10613 22154 0
35189 22154 0
10613 38538 0
18805 38538 0
41333 22154 0
24949 38538 1
49525 13962 0
35189 26250 0
18805 42634 0
10613 50826 0
43125 22154 0
26741 38538 0
51317 13962 0
39029 26250 0
22645 42634 0
14453 50826 0
45173 20106 1
53365 11914 1
57461 7818 1
9589 23178 1
41333 23178 0
49525 14986 0
3445 29322 1
3445 45706 1
35189 29322 0
18805 45706 0
3445 53898 1
9589 53898 1
10613 53898 0
11381 53898 0
3445 57994 1
7285 57994 0
43317 22154 1
26933 38538 1
51509 13962 1
57653 7818 1
19765 45706 1
11573 53898 1
17269 15498 1
33653 15498 0
9077 23690 1
33653 23690 0
41333 23690 0
49525 15498 0
33653 27786 0
41589 23690 0
49781 15498 0
37493 27786 0
2933 29834 1
33653 29834 0
2933 46218 1
17269 46218 1
35189 29834 0
18805 46218 0
2933 54410 1
9077 54410 1
10613 54410 0
35445 29834 0
19061 46218 0
10869 54410 0
2933 58506 1
6773 58506 0
41781 23690 0
49973 15498 0
35637 29834 0
19253 46218 0
11061 54410 0
1909 30858 1
33653 30858 0
43605 21898 0
27221 38282 0
51797 13706 0
39509 25994 0
23125 42378 0
14933 50570 0
45653 19850 0
53845 11658 0
57941 7562 0
42581 22922 0
38485 27018 0
36437 29066 0
11861 53642 0
7765 57738 0
44117 21386 0
40021 25482 1
15445 50058 0
46165 19338 0
47189 18314 0
30805 34698 0
55381 10122 1
59477 6026 0
43349 22154 0
26965 38538 0
51541 13962 1
57685 7818 0
42325 23178 0
36181 29322 1
11605 53898 0
41813 23690 0
50005 15498 0
35669 29834 0
19285 46218 0
11093 54410 0
34645 30858 0
43125 22282 0
26741 38666 0
51317 14090 0
39029 26378 0
22645 42762 0
14453 50954 0
13429 51978 1
11381 54026 0
7285 58122 0
43189 22282 1
26805 38666 1
51381 14090 1
39093 26378 0
22709 42762 0
14517 50954 0
25781 39690 1
21685 43786 0
13493 51978 0
19637 45834 1
11445 54026 1
7349 58122 0
41589 23818 0
25205 40202 1
49781 15626 0
37493 27914 0
21109 44298 1
12917 52490 1
35445 29962 0
19061 46346 0
10869 54538 0
6773 58634 0
41653 23818 0
25269 40202 0
49845 15626 0
37557 27914 0
21173 44298 0
12981 52490 0
35509 29962 0
19125 46346 0
10933 54538 0
6837 58634 0
9845 55562 1
5749 59658 1
18101 47370 0
9909 55562 0
5813 59658 0
43221 22282 0
26837 38666 0
51413 14090 1
39125 26378 1
22741 42762 1
14549 50954 0
42197 23306 0
38101 27402 1
13525 51978 0
36053 29450 1
11477 54026 0
7381 58122 1
41685 23818 0
25301 40202 0
49877 15626 0
37589 27914 0
21205 44298 0
13013 52490 0
35541 29962 0
19157 46346 0
10965 54538 0
6869 58634 0
34517 30986 0
9941 55562 0
5845 59658 0
41333 24074 0
24949 40458 1
49525 15882 0
35189 30218 0
18805 46602 0
10613 54794 0
41397 24074 1
25013 40458 1
49589 15882 1
35253 30218 1
18869 46602 1
10677 54794 1
9589 55818 1
17845 47626 1
9653 55818 1
41429 24074 0
25045 40458 0
49621 15882 1
35285 30218 1
18901 46602 1
10709 54794 0
34261 31242 1
9685 55818 0
33653 31754 0
17269 48138 1
9077 56330 1
33717 31754 0
17333 48138 0
9141 56330 0
33749 31754 0
17365 48138 0
9173 56330 0
13669 19098 1
11621 21146 0
11621 37530 0
7525 25242 0
7525 41626 0
7525 49818 0
11621 49818 0
13669 49818 1
22885 9882 0
39269 9882 0
14693 18074 0
39269 18074 0
14693 34458 0
22885 34458 0
26981 5786 0
43365 5786 0
43365 18074 0
26981 34458 0
51557 5786 0
51557 9882 0
43365 21146 0
26981 37530 0
51557 12954 0
39269 25242 0
22885 41626 0
14693 49818 0
29029 3738 1
45413 3738 0
45413 18074 0
29029 34458 1
53605 3738 0
53605 9882 0
45413 19098 0
53605 10906 0
57701 3738 0
57701 5786 0
57701 6810 0
21349 11418 1
37733 11418 0
13157 19610 1
37733 19610 0
25445 7322 1
41829 7322 0
41829 19610 0
50021 7322 0
50021 11418 0
19301 13466 0
35685 13466 0
11109 21658 0
35685 21658 0
11109 38042 0
19301 38042 0
41829 21658 0
25445 38042 1
50021 13466 0
7013 25754 0
35685 25754 0
7013 42138 0
19301 42138 0
37733 25754 0
21349 42138 1
7013 50330 0
11109 50330 0
13157 50330 1
43365 21658 0
26981 38042 0
51557 13466 0
39269 25754 0
22885 42138 0
14693 50330 0
45413 19610 0
53605 11418 0
57701 7322 0
10085 22682 1
41829 22682 0
50021 14490 0
5989 26778 1
37733 26778 0
35685 28826 0
19301 45210 0
10085 53402 1
11109 53402 0
11621 53402 0
5989 57498 1
7013 57498 0
7525 57498 0
13925 18842 1
11877 20890 0
11877 37274 0
7781 24986 0
7781 41370 0
7781 49562 0
11877 49562 0
13925 49562 1
23141 9626 0
39525 9626 0
14949 17818 0
39525 17818 0
14949 34202 0
23141 34202 0
27237 5530 0
43621 5530 0
43621 17818 0
27237 34202 0
51813 5530 0
51813 9626 0
43621 20890 0
27237 37274 0
51813 12698 0
39525 24986 0
23141 41370 0
14949 49562 0
29285 3482 1
45669 3482 0
45669 17818 0
29285 34202 1
53861 3482 0
53861 9626 0
45669 18842 0
53861 10650 0
57957 3482 0
57957 5530 0
57957 6554 0
43621 21658 0
27237 38042 0
51813 13466 0
39525 25754 0
23141 42138 0
14949 50330 0
45669 19610 0
53861 11418 0
57957 7322 0
11877 53402 0
7781 57498 0
15461 17306 0
15461 33690 0
15461 49562 0
15461 49818 0
30821 1946 0
47205 1946 0
47205 17306 0
30821 33690 0
55397 1946 0
55397 9114 0
47205 17818 0
30821 34202 0
55397 9626 0
59493 1946 0
59493 5018 0
59493 5530 0
47205 18074 0
30821 34458 0
55397 9882 0
59493 5786 0
13541 19226 0
13541 35610 0
11493 21274 0
11493 37658 0
7397 25370 0
7397 41754 0
7397 49946 0
11493 49946 0
13541 49946 0
22757 10010 0
39141 10010 0
14565 18202 0
39141 18202 0
14565 34586 0
22757 34586 0
26853 5914 0
43237 5914 0
43237 18202 0
26853 34586 0
51429 5914 0
51429 10010 0
43237 21274 0
26853 37658 0
51429 13082 0
39141 25370 0
22757 41754 0
14565 49946 0
45285 18202 1
28901 34586 1
53477 10010 1
45285 19226 1
28901 35610 1
53477 11034 1
57573 5914 1
57573 6938 1
21221 11546 0
37605 11546 0
13029 19738 0
37605 19738 0
13029 36122 0
21221 36122 0
25317 7450 0
41701 7450 0
41701 19738 0
25317 36122 0
49893 7450 0
49893 11546 0
19173 13594 0
35557 13594 0
10981 21786 0
35557 21786 0
10981 38170 0
19173 38170 0
41701 21786 0
25317 38170 0
49893 13594 0
6885 25882 0
35557 25882 0
6885 42266 0
19173 42266 0
37605 25882 0
21221 42266 0
6885 50458 0
10981 50458 0
13029 50458 0
43237 21786 0
26853 38170 0
51429 13594 0
39141 25882 0
22757 42266 0
14565 50458 0
45285 19738 1
28901 36122 1
53477 11546 1
57573 7450 1
9957 22810 0
9957 39194 0
41701 22810 0
25317 39194 0
49893 14618 0
5861 26906 0
5861 43290 0
37605 26906 0
21221 43290 0
5861 51482 0
9957 51482 0
13029 51482 0
13541 51482 0
3813 28954 1
3813 45338 1
35557 28954 0
19173 45338 0
3813 53530 1
9957 53530 0
10981 53530 0
11493 53530 0
3813 57626 1
5861 57626 0
6885 57626 0
7397 57626 0
43621 21786 0
27237 38170 0
51813 13594 0
39525 25882 0
23141 42266 0
14949 50458 0
45669 19738 0
29285 36122 1
53861 11546 0
57957 7450 0
13925 51482 1
11877 53530 0
7781 57626 0
15461 49946 0
47205 18202 0
30821 34586 0
55397 10010 0
59493 5914 0
20965 11802 0
37349 11802 0
12773 19994 0
37349 19994 0
12773 36378 0
20965 36378 0
25061 7706 0
41445 7706 0
41445 19994 0
25061 36378 0
49637 7706 0
49637 11802 0
18917 13850 0
35301 13850 0
10725 22042 0
35301 22042 0
10725 38426 0
18917 38426 0
41445 22042 0
25061 38426 0
49637 13850 0
6629 26138 0
35301 26138 0
6629 42522 0
18917 42522 0
37349 26138 0
20965 42522 0
6629 50714 0
10725 50714 0
12773 50714 0
43237 22042 0
26853 38426 0
51429 13850 0
39141 26138 0
22757 42522 0
14565 50714 0
45285 19994 1
28901 36378 1
53477 11802 1
57573 7706 1
9701 23066 0
9701 39450 0
41445 23066 0
25061 39450 0
49637 14874 0
5605 27162 0
5605 43546 0
37349 27162 0
20965 43546 0
5605 51738 0
9701 51738 0
12773 51738 0
13541 51738 0
3557 29210 1
3557 45594 1
35301 29210 0
18917 45594 0
3557 53786 1
9701 53786 0
10725 53786 0
11493 53786 0
3557 57882 1
5605 57882 0
6629 57882 0
7397 57882 0
43365 22042 0
26981 38426 0
51557 13850 0
39269 26138 0
22885 42522 0
14693 50714 0
45413 19994 0
29029 36378 1
53605 11802 0
57701 7706 0
13669 51738 1
11621 53786 0
7525 57882 0
17381 15386 0
33765 15386 0
9189 23578 0
33765 23578 0
9189 39962 0
17381 39962 0
41445 23578 0
25061 39962 0
49637 15386 0
5093 27674 0
33765 27674 0
5093 44058 0
17381 44058 0
37349 27674 0
20965 44058 0
5093 52250 0
9189 52250 0
12773 52250 0
41701 23578 0
25317 39962 0
49893 15386 0
37605 27674 0
21221 44058 0
13029 52250 0
3045 29722 1
33765 29722 0
3045 46106 1
17381 46106 0
35301 29722 0
18917 46106 0
3045 54298 1
9189 54298 0
10725 54298 0
35557 29722 0
19173 46106 0
10981 54298 0
3045 58394 1
5093 58394 0
6629 58394 0
6885 58394 0
41829 23578 0
25445 39962 1
50021 15386 0
37733 27674 0
21349 44058 1
13157 52250 1
35685 29722 0
19301 46106 0
11109 54298 0
7013 58394 0
2021 30746 1
33765 30746 0
2021 47130 1
17381 47130 0
2021 55322 1
9189 55322 0
9701 55322 0
9957 55322 0
2021 59418 1
5093 59418 0
5605 59418 0
5861 59418 0
10085 55322 1
5989 59418 1
21925 10842 0
13733 19034 0
13733 35418 0
21925 35418 0
26021 35418 1
7589 25178 0
7589 41562 0
19877 41562 1
21925 41562 0
7589 49754 0
11685 49754 1
13733 49754 0
22949 9818 0
39333 9818 0
14757 18010 0
39333 18010 0
14757 34394 0
22949 34394 0
43429 18010 1
27045 34394 1
51621 9818 1
39333 25178 0
22949 41562 0
14757 49754 0
29093 3674 0
45477 3674 0
45477 18010 0
29093 34394 0
53669 3674 0
53669 9818 0
45477 19034 0
29093 35418 0
53669 10842 0
57765 3674 1
21413 11354 0
37797 11354 0
13221 19546 0
37797 19546 0
13221 35930 0
21413 35930 0
25509 7258 0
41893 7258 0
41893 19546 0
25509 35930 0
50085 7258 0
50085 11354 0
19365 13402 0
35749 13402 0
11173 21594 0
35749 21594 0
11173 37978 0
19365 37978 0
41893 21594 0
25509 37978 0
50085 13402 0
7077 25690 0
35749 25690 0
7077 42074 0
19365 42074 0
37797 25690 0
21413 42074 0
7077 50266 0
11173 50266 0
13221 50266 0
43429 21594 1
27045 37978 1
51621 13402 1
39333 25690 0
22949 42074 0
14757 50266 0
45477 19546 0
29093 35930 0
53669 11354 0
57765 7258 1
18341 14426 0
10149 22618 0
10149 39002 0
18341 39002 0
41893 22618 0
25509 39002 0
50085 14426 0
6053 26714 0
6053 43098 0
18341 43098 0
37797 26714 0
21413 43098 0
6053 51290 0
10149 51290 0
13221 51290 0
26021 39002 1
21925 43098 0
13733 51290 0
18341 45146 0
35749 28762 0
19365 45146 0
10149 53338 0
11173 53338 0
19877 45146 1
11685 53338 1
6053 57434 0
7077 57434 0
7589 57434 0
22181 10586 0
13989 18778 0
13989 35162 0
22181 35162 0
26277 6490 0
26277 35162 0
20133 12634 0
11941 20826 0
11941 37210 0
20133 37210 0
26277 37210 0
7845 24922 0
7845 41306 0
20133 41306 0
22181 41306 0
7845 49498 0
11941 49498 0
13989 49498 0
23205 9562 0
39589 9562 0
15013 17754 0
39589 17754 0
15013 34138 0
23205 34138 0
27301 5466 0
43685 5466 0
43685 17754 0
27301 34138 0
51877 5466 0
51877 9562 0
43685 20826 0
27301 37210 0
51877 12634 0
39589 24922 0
23205 41306 0
15013 49498 0
29349 3418 0
45733 3418 0
45733 17754 0
29349 34138 0
53925 3418 0
53925 9562 0
45733 18778 0
29349 35162 0
53925 10586 0
58021 3418 0
58021 5466 0
58021 6490 0
43685 21594 0
27301 37978 0
51877 13402 0
39589 25690 0
23205 42074 0
15013 50266 0
45733 19546 0
29349 35930 0
53925 11354 0
58021 7258 0
26277 39002 0
22181 43098 0
13989 51290 0
20133 45146 0
11941 53338 0
7845 57434 0
23717 9050 0
15525 17242 0
15525 33626 0
23717 33626 0
27813 33626 1
27813 37210 1
23717 41306 0
15525 49498 0
29861 2906 0
29861 33626 0
29861 35162 0
23717 41562 0
15525 49754 0
29861 35418 0
30885 1882 0
47269 1882 0
47269 17242 0
30885 33626 0
55461 1882 0
55461 9050 0
47269 17754 0
30885 34138 0
55461 9562 0
59557 1882 1
59557 5466 1
47269 18010 0
30885 34394 0
55461 9818 0
43685 21786 0
27301 38170 0
51877 13594 0
39589 25882 0
23205 42266 0
15013 50458 0
45733 19738 0
29349 36122 0
53925 11546 0
58021 7450 0
26277 39194 0
22181 43290 0
13989 51482 0
20133 45338 0
11941 53530 0
7845 57626 0
27813 37658 1
23717 41754 0
15525 49946 0
29861 35610 0
47269 18202 0
30885 34586 0
55461 10010 0
59557 5914 1
43429 22042 1
27045 38426 1
51621 13850 1
39333 26138 0
22949 42522 0
14757 50714 0
45477 19994 0
29093 36378 0
53669 11802 0
57765 7706 1
26021 39450 1
21925 43546 0
13733 51738 0
19877 45594 1
11685 53786 1
7589 57882 0
41893 23578 0
25509 39962 0
50085 15386 0
37797 27674 0
21413 44058 0
13221 52250 0
35749 29722 0
19365 46106 0
11173 54298 0
7077 58394 0
18341 47130 0
10149 55322 0
6053 59418 0
22309 10458 1
14117 18650 1
26405 6362 1
26405 37082 1
22309 41178 1
14117 49370 1
23333 9434 0
39717 9434 0
15141 17626 0
39717 17626 0
15141 34010 0
23333 34010 0
27429 5338 0
43813 5338 0
43813 17626 0
27429 34010 0
52005 5338 0
52005 9434 0
43813 20698 0
27429 37082 0
52005 12506 0
39717 24794 0
23333 41178 0
15141 49370 0
29477 3290 1
45861 3290 0
45861 17626 0
29477 34010 1
54053 3290 0
54053 9434 0
45861 18650 0
54053 10458 0
58149 3290 0
58149 5338 0
58149 6362 0
43813 21594 0
27429 37978 0
52005 13402 0
39717 25690 0
23333 42074 0
15141 50266 0
45861 19546 0
29477 35930 1
54053 11354 0
58149 7258 0
26405 39002 1
22309 43098 1
14117 51290 1
23845 8922 0
15653 17114 0
15653 33498 0
23845 33498 0
27941 33498 1
27941 37082 1
23845 41178 0
15653 49370 0
29989 2778 1
29989 33498 1
23845 41562 0
15653 49754 0
29989 35418 1
31013 1754 0
47397 1754 0
47397 17114 0
31013 33498 0
55589 1754 0
55589 8922 0
47397 17626 0
31013 34010 0
55589 9434 0
59685 1754 1
59685 5338 1
47397 18010 0
31013 34394 0
55589 9818 0
43813 21658 0
27429 38042 0
52005 13466 0
39717 25754 0
23333 42138 0
15141 50330 0
45861 19610 0
54053 11418 0
58149 7322 0
27941 37530 1
23845 41626 0
15653 49818 0
47397 18074 0
31013 34458 0
55589 9882 0
59685 5786 1
24101 8666 0
15909 16858 0
15909 33242 0
24101 33242 0
28197 4570 0
28197 33242 0
28197 37082 0
24101 41178 0
15909 49370 0
30245 2522 1
30245 33242 1
28197 37210 0
24101 41306 0
15909 49498 0
30245 35162 1
31269 1498 0
47653 1498 0
47653 16858 0
31269 33242 0
55845 1498 0
55845 8666 0
47653 17626 0
31269 34010 0
55845 9434 0
59941 1498 0
59941 4570 0
59941 5338 0
47653 17754 0
31269 34138 0
55845 9562 0
59941 5466 0
28197 37274 0
24101 41370 0
15909 49562 0
47653 17818 0
31269 34202 0
55845 9626 0
59941 5530 0
31781 986 0
31781 33242 0
31781 33498 0
31781 33626 0
31781 33690 0
43685 21834 0
27301 38218 0
51877 13642 0
39589 25930 0
23205 42314 0
15013 50506 0
45733 19786 0
29349 36170 0
53925 11594 0
58021 7498 0
26277 39242 0
22181 43338 0
13989 51530 0
20133 45386 0
11941 53578 0
7845 57674 0
23717 41802 0
15525 49994 0
29861 35658 0
47269 18250 0
30885 34634 0
55461 10058 0
39333 26186 0
22949 42570 0
14757 50762 0
45477 20042 0
29093 36426 0
53669 11850 0
21925 43594 0
13733 51786 0
7589 57930 0
41893 23626 0
25509 40010 0
50085 15434 0
37797 27722 0
21413 44106 0
13221 52298 0
35749 29770 0
19365 46154 0
11173 54346 0
7077 58442 0
18341 47178 0
10149 55370 0
6053 59466 0
43813 21706 0
27429 38090 0
52005 13514 0
39717 25802 0
23333 42186 0
15141 50378 0
45861 19658 0
54053 11466 0
58149 7370 0
23845 41674 0
15653 49866 0
47397 18122 0
31013 34506 0
55589 9930 0
28197 37322 0
24101 41418 0
15909 49610 0
47653 17866 0
31269 34250 0
55845 9674 0
59941 5578 0
31781 33738 0
43621 21898 0
27237 38282 0
51813 13706 0
39525 25994 0
23141 42378 0
14949 50570 0
45669 19850 0
53861 11658 0
57957 7562 0
11877 53642 0
7781 57738 0
15461 50058 0
47205 18314 0
30821 34698 0
55397 10122 0
59493 6026 0
43365 22154 0
26981 38538 0
51557 13962 0
39269 26250 0
22885 42634 0
14693 50826 0
45413 20106 0
53605 11914 0
57701 7818 0
11621 53898 0
7525 57994 0
41829 23690 0
50021 15498 0
37733 27786 0
35685 29834 0
19301 46218 0
11109 54410 0
7013 58506 0
43237 22282 0
26853 38666 0
51429 14090 0
39141 26378 0
22757 42762 0
14565 50954 0
13541 51978 0
11493 54026 0
7397 58122 0
41701 23818 0
25317 40202 0
49893 15626 0
37605 27914 0
21221 44298 0
13029 52490 0
35557 29962 0
19173 46346 0
10981 54538 0
6885 58634 0
9957 55562 0
5861 59658 0
41445 24074 0
25061 40458 0
49637 15882 0
37349 28170 0
20965 44554 0
12773 52746 0
35301 30218 0
18917 46602 0
10725 54794 0
6629 58890 0
9701 55818 0
5605 59914 0
33765 31754 0
17381 48138 0
9189 56330 0
5093 60426 0
13765 19002 0
38341 19002 1
13765 35386 0
42437 6714 0
42437 19002 0
11717 21050 0
36293 21050 1
11717 37434 0
42437 21050 0
7621 49722 1
11717 49722 0
13765 49722 0
14789 17978 0
39365 17978 1
14789 34362 0
22981 34362 1
27077 5690 0
43461 5690 0
43461 17978 0
27077 34362 0
51653 5690 1
43461 21050 0
27077 37434 0
14789 49722 0
29125 3642 0
45509 3642 0
45509 17978 0
29125 34362 0
53701 3642 1
45509 19002 0
29125 35386 0
57797 3642 0
57797 5690 0
57797 6714 0
21445 11322 0
37829 11322 0
13253 19514 0
37829 19514 0
13253 35898 0
21445 35898 0
25541 7226 0
41925 7226 0
41925 19514 0
25541 35898 0
50117 7226 0
50117 11322 0
19397 13370 0
35781 13370 0
11205 21562 0
35781 21562 0
11205 37946 0
19397 37946 0
41925 21562 0
25541 37946 0
50117 13370 0
7109 25658 0
35781 25658 0
7109 42042 0
19397 42042 0
37829 25658 0
21445 42042 0
7109 50234 0
11205 50234 0
13253 50234 0
43461 21562 0
27077 37946 0
51653 13370 1
39365 25658 1
22981 42042 1
14789 50234 0
45509 19514 0
29125 35898 0
53701 11322 1
57797 7226 0
34757 14394 0
10181 22586 0
34757 22586 0
10181 38970 0
41925 22586 0
25541 38970 0
50117 14394 0
6085 26682 0
34757 26682 0
6085 43066 0
37829 26682 0
21445 43066 0
6085 51258 0
10181 51258 0
13253 51258 0
42437 22586 0
38341 26682 1
13765 51258 0
34757 28730 0
35781 28730 0
19397 45114 0
10181 53306 0
11205 53306 0
36293 28730 1
11717 53306 0
6085 57402 0
7109 57402 0
7621 57402 1
38597 10554 0
14021 18746 0
38597 18746 0
14021 35130 0
42693 6458 0
42693 18746 0
36549 12602 0
11973 20794 0
36549 20794 0
11973 37178 0
42693 20794 0
7877 24890 0
36549 24890 0
7877 41274 0
38597 24890 0
7877 49466 0
11973 49466 0
14021 49466 0
23237 9530 0
39621 9530 0
15045 17722 0
39621 17722 0
15045 34106 0
23237 34106 0
27333 5434 0
43717 5434 0
43717 17722 0
27333 34106 0
51909 5434 0
51909 9530 0
43717 20794 0
27333 37178 0
51909 12602 0
39621 24890 0
23237 41274 0
15045 49466 0
29381 3386 0
45765 3386 0
45765 17722 0
29381 34106 0
53957 3386 0
53957 9530 0
45765 18746 0
29381 35130 0
53957 10554 0
58053 3386 0
58053 5434 0
58053 6458 0
43717 21562 0
27333 37946 0
51909 13370 0
39621 25658 0
23237 42042 0
15045 50234 0
45765 19514 0
29381 35898 0
53957 11322 0
58053 7226 0
42693 22586 0
38597 26682 0
14021 51258 0
36549 28730 0
11973 53306 0
7877 57402 0
15557 17210 0
40133 17210 1
15557 33594 0
44229 4922 0
44229 17210 0
44229 20794 0
40133 24890 1
15557 49466 0
46277 2874 0
46277 17210 0
46277 18746 0
44229 21050 0
15557 49722 0
46277 19002 0
30917 1850 0
47301 1850 0
47301 17210 0
30917 33594 0
55493 1850 1
47301 17722 0
30917 34106 0
55493 9530 1
59589 1850 0
59589 4922 0
59589 5434 0
47301 17978 0
30917 34362 0
59589 5690 0
43717 21786 0
27333 38170 0
51909 13594 0
39621 25882 0
23237 42266 0
15045 50458 0
45765 19738 0
29381 36122 0
53957 11546 0
58053 7450 0
42693 22810 0
38597 26906 0
14021 51482 0
36549 28954 0
11973 53530 0
7877 57626 0
44229 21274 0
40133 25370 1
15557 49946 0
46277 19226 0
47301 18202 0
30917 34586 0
55493 10010 1
59589 5914 0
43461 22042 0
27077 38426 0
51653 13850 1
39365 26138 1
22981 42522 1
14789 50714 0
45509 19994 0
29125 36378 0
53701 11802 1
57797 7706 0
42437 23066 0
38341 27162 1
13765 51738 0
36293 29210 1
11717 53786 0
7621 57882 1
41925 23578 0
25541 39962 0
50117 15386 0
37829 27674 0
21445 44058 0
13253 52250 0
35781 29722 0
19397 46106 0
11205 54298 0
7109 58394 0
34757 30746 0
10181 55322 0
6085 59418 0
38725 10426 0
14149 18618 1
38725 18618 0
42821 6330 0
42821 18618 0
42821 20666 0
38725 24762 0
14149 49338 1
23365 9402 0
39749 9402 0
15173 17594 0
39749 17594 0
15173 33978 0
23365 33978 0
27461 5306 0
43845 5306 0
43845 17594 0
27461 33978 0
52037 5306 0
52037 9402 0
43845 20666 0
27461 37050 0
52037 12474 0
39749 24762 0
23365 41146 0
15173 49338 0
29509 3258 1
45893 3258 0
45893 17594 0
29509 33978 1
54085 3258 0
54085 9402 0
45893 18618 0
54085 10426 0
58181 3258 0
58181 5306 0
58181 6330 0
43845 21562 0
27461 37946 0
52037 13370 0
39749 25658 0
23365 42042 0
15173 50234 0
45893 19514 0
29509 35898 1
54085 11322 0
58181 7226 0
42821 22586 0
38725 26682 0
14149 51258 1
15685 17082 0
40261 17082 1
15685 33466 0
44357 4794 0
44357 17082 0
44357 20666 0
40261 24762 1
15685 49338 0
46405 2746 0
46405 17082 0
46405 18618 0
44357 21050 0
15685 49722 0
46405 19002 0
31045 1722 0
47429 1722 0
47429 17082 0
31045 33466 0
55621 1722 1
47429 17594 0
31045 33978 0
55621 9402 1
59717 1722 0
59717 4794 0
59717 5306 0
47429 17978 0
31045 34362 0
59717 5690 0
43845 21658 0
27461 38042 0
52037 13466 0
39749 25754 0
23365 42138 0
15173 50330 0
45893 19610 0
54085 11418 0
58181 7322 0
42821 22682 0
38725 26778 0
44357 21146 0
40261 25242 1
15685 49818 0
46405 19098 0
47429 18074 0
31045 34458 0
55621 9882 1
59717 5786 0
40517 8634 0
15941 16826 0
40517 16826 0
15941 33210 0
44613 4538 0
44613 16826 0
44613 20666 0
40517 24762 0
15941 49338 0
46661 2490 0
46661 16826 0
46661 18618 0
44613 20794 0
40517 24890 0
15941 49466 0
46661 18746 0
31301 1466 0
47685 1466 0
47685 16826 0
31301 33210 0
55877 1466 0
55877 8634 0
47685 17594 0
31301 33978 0
55877 9402 0
59973 1466 0
59973 4538 0
59973 5306 0
47685 17722 0
31301 34106 0
55877 9530 0
59973 5434 0
44613 20890 0
40517 24986 0
15941 49562 0
46661 18842 0
47685 17818 0
31301 34202 0
55877 9626 0
59973 5530 0
48197 954 0
48197 16826 0
48197 17082 0
48197 17210 0
48197 17306 0
43717 21802 0
27333 38186 0
51909 13610 0
39621 25898 0
23237 42282 0
15045 50474 0
45765 19754 0
29381 36138 0
53957 11562 0
58053 7466 0
42693 22826 0
38597 26922 0
14021 51498 0
36549 28970 0
11973 53546 0
7877 57642 0
44229 21290 0
15557 49962 0
46277 19242 0
47301 18218 0
30917 34602 0
59589 5930 0
43461 22058 0
27077 38442 0
14789 50730 0
45509 20010 0
29125 36394 0
57797 7722 0
42437 23082 0
13765 51754 0
11717 53802 0
41925 23594 0
25541 39978 0
50117 15402 0
37829 27690 0
21445 44074 0
13253 52266 0
35781 29738 0
19397 46122 0
11205 54314 0
7109 58410 0
34757 30762 0
10181 55338 0
6085 59434 0
43845 21674 0
27461 38058 0
52037 13482 0
39749 25770 0
23365 42154 0
15173 50346 0
45893 19626 0
54085 11434 0
58181 7338 0
42821 22698 0
38725 26794 0
44357 21162 0
15685 49834 0
46405 19114 0
47429 18090 0
31045 34474 0
59717 5802 0
44613 20906 0
40517 25002 0
15941 49578 0
46661 18858 0
47685 17834 0
31301 34218 0
55877 9642 0
59973 5546 0
48197 17322 0
22405 10362 0
38789 10362 0
14213 18554 0
38789 18554 0
14213 34938 0
22405 34938 0
26501 6266 0
42885 6266 0
42885 18554 0
26501 34938 0
51077 6266 0
51077 10362 0
42885 20602 0
26501 36986 0
51077 12410 0
38789 24698 0
22405 41082 0
14213 49274 0
23429 9338 0
39813 9338 0
15237 17530 0
39813 17530 0
15237 33914 0
23429 33914 0
27525 5242 0
43909 5242 0
43909 17530 0
27525 33914 0
52101 5242 0
52101 9338 0
43909 20602 0
27525 36986 0
52101 12410 0
39813 24698 0
23429 41082 0
15237 49274 0
29573 3194 0
45957 3194 0
45957 17530 0
29573 33914 0
54149 3194 0
54149 9338 0
45957 18554 0
29573 34938 0
54149 10362 0
58245 3194 0
58245 5242 0
58245 6266 0
43909 21562 0
27525 37946 0
52101 13370 0
39813 25658 0
23429 42042 0
15237 50234 0
45957 19514 0
29573 35898 0
54149 11322 0
58245 7226 0
42885 22586 0
26501 38970 0
51077 14394 0
38789 26682 0
22405 43066 0
14213 51258 0
15749 17018 0
40325 17018 1
15749 33402 0
23941 33402 1
44421 17018 1
28037 33402 1
44421 20602 1
28037 36986 1
52613 12410 1
40325 24698 1
23941 41082 1
15749 49274 0
30085 2682 0
46469 2682 0
46469 17018 0
30085 33402 0
54661 2682 1
46469 18554 0
30085 34938 0
54661 10362 1
58757 2682 1
58757 6266 1
44421 21050 1
28037 37434 1
15749 49722 0
46469 19002 0
30085 35386 0
58757 6714 1
31109 1658 0
47493 1658 0
47493 17018 0
31109 33402 0
55685 1658 1
47493 17530 0
31109 33914 0
55685 9338 1
59781 1658 1
59781 5242 1
47493 17978 0
31109 34362 0
59781 5690 1
43909 21594 0
27525 37978 0
52101 13402 0
39813 25690 0
23429 42074 0
15237 50266 0
45957 19546 0
29573 35930 0
54149 11354 0
58245 7258 0
42885 22618 0
26501 39002 0
51077 14426 0
38789 26714 0
22405 43098 0
14213 51290 0
40325 25178 1
23941 41562 1
15749 49754 0
46469 19034 0
30085 35418 0
54661 10842 1
47493 18010 0
31109 34394 0
55685 9818 1
24197 8570 0
40581 8570 0
16005 16762 0
40581 16762 0
16005 33146 0
24197 33146 0
28293 4474 0
44677 4474 0
44677 16762 0
28293 33146 0
52869 4474 0
52869 8570 0
44677 20602 0
28293 36986 0
52869 12410 0
40581 24698 0
24197 41082 0
16005 49274 0
30341 2426 0
46725 2426 0
46725 16762 0
30341 33146 0
54917 2426 0
54917 8570 0
46725 18554 0
30341 34938 0
54917 10362 0
59013 2426 0
59013 4474 0
59013 6266 0
44677 20794 0
28293 37178 0
52869 12602 0
40581 24890 0
24197 41274 0
16005 49466 0
46725 18746 0
30341 35130 0
54917 10554 0
59013 6458 0
31365 1402 0
47749 1402 0
47749 16762 0
31365 33146 0
55941 1402 0
55941 8570 0
47749 17530 0
31365 33914 0
55941 9338 0
60037 1402 0
60037 4474 0
60037 5242 0
47749 17722 0
31365 34106 0
55941 9530 0
60037 5434 0
44677 20826 0
28293 37210 0
52869 12634 0
40581 24922 0
24197 41306 0
16005 49498 0
46725 18778 0
30341 35162 0
54917 10586 0
59013 6490 0
47749 17754 0
31365 34138 0
55941 9562 0
60037 5466 0
31877 890 0
48261 890 0
48261 16762 0
31877 33146 0
56453 890 1
56453 8570 1
48261 17018 0
31877 33402 0
60549 890 1
60549 4474 1
48261 17210 0
31877 33594 0
60549 4922 1
48261 17242 0
31877 33626 0
56453 9050 1
43909 21610 0
27525 37994 0
52101 13418 0
39813 25706 0
23429 42090 0
15237 50282 0
45957 19562 0
29573 35946 0
54149 11370 0
58245 7274 0
42885 22634 0
26501 39018 0
51077 14442 0
38789 26730 0
22405 43114 0
14213 51306 0
15749 49770 0
46469 19050 0
30085 35434 0
47493 18026 0
31109 34410 0
44677 20842 0
28293 37226 0
52869 12650 0
40581 24938 0
24197 41322 0
16005 49514 0
46725 18794 0
30341 35178 0
54917 10602 0
59013 6506 0
47749 17770 0
31365 34154 0
55941 9578 0
60037 5482 0
48261 17258 0
31877 33642 0
46853 18554 1
30469 34938 1
55045 10362 1
59141 6266 1
46853 18618 1
55045 10426 1
59141 6330 1
47877 17530 1
31493 33914 1
56069 9338 1
60165 5242 1
47877 17594 1
31493 33978 1
56069 9402 1
60165 5306 1
46853 18650 1
55045 10458 1
59141 6362 1
47877 17626 1
31493 34010 1
56069 9434 1
60165 5338 1
48389 17018 1
32005 33402 1
48389 17082 1
32005 33466 1
60677 4794 1
48389 17114 1
32005 33498 1
56581 8922 1
46853 18666 1
55045 10474 1
59141 6378 1
47877 17642 1
31493 34026 1
56069 9450 1
60165 5354 1
48389 17130 1
32005 33514 1
48645 16762 1
32261 33146 1
56837 8570 1
60933 4474 1
48645 16826 1
32261 33210 1
56837 8634 1
60933 4538 1
48645 16858 1
32261 33242 1
56837 8666 1
60933 4570 1
48645 16874 1
32261 33258 1
56837 8682 1
60933 4586 1
13645 19122 0
38221 19122 1
13645 35506 0
42317 6834 0
42317 19122 0
11597 21170 0
36173 21170 1
11597 37554 0
42317 21170 0
7501 49842 1
11597 49842 0
13645 49842 0
14669 18098 0
39245 18098 1
14669 34482 0
22861 34482 1
26957 5810 0
43341 5810 0
43341 18098 0
26957 34482 0
51533 5810 1
43341 21170 0
26957 37554 0
14669 49842 0
29005 3762 0
45389 3762 0
45389 18098 0
29005 34482 0
53581 3762 1
45389 19122 0
29005 35506 0
57677 3762 0
57677 5810 0
57677 6834 0
25421 7346 0
41805 7346 0
41805 19634 0
25421 36018 0
49997 7346 0
49997 11442 0
19277 13490 0
35661 13490 0
11085 21682 0
35661 21682 0
11085 38066 0
19277 38066 0
41805 21682 0
25421 38066 0
49997 13490 0
35661 25778 0
19277 42162 0
11085 50354 0
43341 21682 0
26957 38066 0
51533 13490 1
39245 25778 1
22861 42162 1
14669 50354 0
45389 19634 0
29005 36018 0
53581 11442 1
57677 7346 0
34637 14514 0
10061 22706 0
34637 22706 0
10061 39090 0
41805 22706 0
25421 39090 0
49997 14514 0
34637 26802 0
10061 51378 0
42317 22706 0
38221 26802 1
13645 51378 0
34637 28850 0
35661 28850 0
19277 45234 0
10061 53426 0
11085 53426 0
36173 28850 1
11597 53426 0
7501 57522 1
42573 6578 0
42573 18866 0
36429 12722 0
11853 20914 0
36429 20914 0
11853 37298 0
42573 20914 0
36429 25010 0
11853 49586 0
27213 5554 0
43597 5554 0
43597 17842 0
27213 34226 0
51789 5554 0
51789 9650 0
43597 20914 0
27213 37298 0
51789 12722 0
57933 3506 0
57933 5554 0
57933 6578 0
43597 21682 0
27213 38066 0
51789 13490 0
57933 7346 0
42573 22706 0
36429 28850 0
11853 53426 0
15437 17330 0
40013 17330 1
15437 33714 0
44109 5042 0
44109 17330 0
44109 20914 0
40013 25010 1
15437 49586 0
46157 2994 0
46157 17330 0
46157 18866 0
44109 21170 0
15437 49842 0
46157 19122 0
30797 1970 0
47181 1970 0
47181 17330 0
30797 33714 0
55373 1970 1
47181 17842 0
30797 34226 0
55373 9650 1
59469 1970 0
59469 5042 0
59469 5554 0
47181 18098 0
30797 34482 0
59469 5810 0
13517 19250 0
38093 19250 1
13517 35634 0
42189 6962 0
42189 19250 0
11469 21298 0
11469 37682 0
42189 21298 0
7373 49970 1
11469 49970 0
13517 49970 0
14541 18226 0
14541 34610 0
22733 34610 1
26829 5938 0
26829 34610 0
26829 37682 0
14541 49970 0
45261 18226 1
28877 34610 1
45261 19250 1
28877 35634 1
57549 5938 1
57549 6962 1
25293 7474 0
41677 7474 0
41677 19762 0
25293 36146 0
49869 7474 0
49869 11570 0
19149 13618 0
10957 21810 0
10957 38194 0
19149 38194 0
41677 21810 0
25293 38194 0
49869 13618 0
19149 42290 0
10957 50482 0
26829 38194 0
22733 42290 1
14541 50482 0
45261 19762 1
28877 36146 1
53453 11570 1
57549 7474 1
34509 14642 0
9933 22834 0
34509 22834 0
9933 39218 0
41677 22834 0
25293 39218 0
49869 14642 0
34509 26930 0
9933 51506 0
42189 22834 0
38093 26930 1
13517 51506 0
3789 28978 1
34509 28978 0
3789 45362 1
19149 45362 0
3789 53554 1
9933 53554 0
10957 53554 0
11469 53554 0
3789 57650 1
7373 57650 1
43597 21810 0
27213 38194 0
51789 13618 0
57933 7474 0
42573 22834 0
36429 28978 0
11853 53554 0
44109 21298 0
15437 49970 0
46157 19250 0
47181 18226 0
30797 34610 0
59469 5938 0
12749 20018 0
37325 20018 1
12749 36402 0
20941 36402 1
25037 7730 0
41421 7730 0
41421 20018 0
25037 36402 0
49613 7730 1
10701 22066 0
10701 38450 0
18893 38450 1
41421 22066 0
25037 38450 0
6605 50738 1
10701 50738 0
12749 50738 0
26829 38450 0
14541 50738 0
45261 20018 1
28877 36402 1
57549 7730 1
9677 23090 0
34253 23090 1
9677 39474 0
41421 23090 0
25037 39474 0
5581 51762 1
9677 51762 0
12749 51762 0
42189 23090 0
13517 51762 0
3533 53810 1
9677 53810 0
10701 53810 0
11469 53810 0
43341 22066 0
26957 38450 0
14669 50738 0
45389 20018 0
29005 36402 0
57677 7730 0
42317 23090 0
13645 51762 0
11597 53810 0
17357 15410 0
33741 15410 0
9165 23602 0
33741 23602 0
9165 39986 0
17357 39986 0
41421 23602 0
25037 39986 0
49613 15410 1
33741 27698 0
17357 44082 0
37325 27698 1
20941 44082 1
9165 52274 0
12749 52274 0
41677 23602 0
25293 39986 0
49869 15410 0
3021 29746 1
33741 29746 0
3021 46130 1
17357 46130 0
18893 46130 1
3021 54322 1
9165 54322 0
10701 54322 0
19149 46130 0
10957 54322 0
3021 58418 1
6605 58418 1
41805 23602 0
25421 39986 0
49997 15410 0
35661 29746 0
19277 46130 0
11085 54322 0
1997 30770 1
33741 30770 0
1997 47154 1
17357 47154 0
34253 30770 1
1997 55346 1
9165 55346 0
9677 55346 0
34509 30770 0
9933 55346 0
1997 59442 1
5581 59442 1
34637 30770 0
10061 55346 0
13709 19058 0
38285 19058 1
13709 35442 0
21901 35442 1
25997 6770 0
42381 6770 0
42381 19058 0
25997 35442 0
50573 6770 1
11661 21106 0
11661 37490 0
19853 37490 1
42381 21106 0
25997 37490 0
7565 49778 1
11661 49778 0
13709 49778 0
14733 18034 0
14733 34418 0
22925 34418 1
27021 5746 0
27021 34418 0
27021 37490 0
14733 49778 0
29069 3698 0
45453 3698 0
45453 18034 0
29069 34418 0
53645 3698 1
45453 19058 0
29069 35442 0
57741 3698 0
57741 5746 0
57741 6770 0
21389 11378 0
37773 11378 0
13197 19570 0
37773 19570 0
13197 35954 0
21389 35954 0
25485 7282 0
41869 7282 0
41869 19570 0
25485 35954 0
50061 7282 0
50061 11378 0
19341 13426 0
11149 21618 0
11149 38002 0
19341 38002 0
41869 21618 0
25485 38002 0
50061 13426 0
7053 25714 0
7053 42098 0
19341 42098 0
37773 25714 0
21389 42098 0
7053 50290 0
11149 50290 0
13197 50290 0
27021 38002 0
22925 42098 1
14733 50290 0
45453 19570 0
29069 35954 0
53645 11378 1
57741 7282 0
18317 14450 0
34701 14450 0
10125 22642 0
34701 22642 0
10125 39026 0
18317 39026 0
41869 22642 0
25485 39026 0
50061 14450 0
6029 26738 0
34701 26738 0
6029 43122 0
18317 43122 0
37773 26738 0
21389 43122 0
6029 51314 0
10125 51314 0
13197 51314 0
42381 22642 0
25997 39026 0
50573 14450 1
38285 26738 1
21901 43122 1
13709 51314 0
34701 28786 0
18317 45170 0
19341 45170 0
10125 53362 0
11149 53362 0
19853 45170 1
11661 53362 0
6029 57458 0
7053 57458 0
7565 57458 1
22157 10610 0
38541 10610 0
13965 18802 0
38541 18802 0
13965 35186 0
22157 35186 0
26253 6514 0
42637 6514 0
42637 18802 0
26253 35186 0
50829 6514 0
50829 10610 0
20109 12658 0
11917 20850 0
11917 37234 0
20109 37234 0
42637 20850 0
26253 37234 0
50829 12658 0
7821 24946 0
7821 41330 0
20109 41330 0
38541 24946 0
22157 41330 0
7821 49522 0
11917 49522 0
13965 49522 0
23181 9586 0
14989 17778 0
14989 34162 0
23181 34162 0
27277 5490 0
27277 34162 0
27277 37234 0
23181 41330 0
14989 49522 0
29325 3442 0
45709 3442 0
45709 17778 0
29325 34162 0
53901 3442 0
53901 9586 0
45709 18802 0
29325 35186 0
53901 10610 0
57997 3442 0
57997 5490 0
57997 6514 0
27277 38002 0
23181 42098 0
14989 50290 0
45709 19570 0
29325 35954 0
53901 11378 0
57997 7282 0
42637 22642 0
26253 39026 0
50829 14450 0
38541 26738 0
22157 43122 0
13965 51314 0
20109 45170 0
11917 53362 0
7821 57458 0
15501 17266 0
15501 33650 0
23693 33650 1
27789 4978 0
27789 33650 0
27789 37234 0
23693 41330 1
15501 49522 0
29837 2930 0
46221 2930 0
46221 17266 0
29837 33650 0
54413 2930 1
46221 18802 0
29837 35186 0
54413 10610 1
58509 2930 0
58509 4978 0
58509 6514 0
27789 37490 0
15501 49778 0
46221 19058 0
29837 35442 0
58509 6770 0
30861 1906 0
30861 33650 0
30861 34162 0
30861 34418 0
27277 38194 0
23181 42290 0
14989 50482 0
45709 19762 0
29325 36146 0
53901 11570 0
57997 7474 0
42637 22834 0
26253 39218 0
50829 14642 0
38541 26930 0
22157 43314 0
13965 51506 0
20109 45362 0
11917 53554 0
7821 57650 0
27789 37682 0
15501 49970 0
46221 19250 0
29837 35634 0
58509 6962 0
30861 34610 0
27021 38450 0
14733 50738 0
45453 20018 0
29069 36402 0
57741 7730 0
42381 23090 0
25997 39474 0
13709 51762 0
11661 53810 0
41869 23602 0
25485 39986 0
50061 15410 0
37773 27698 0
21389 44082 0
13197 52274 0
19341 46130 0
11149 54322 0
7053 58418 0
34701 30770 0
18317 47154 0
10125 55346 0
6029 59442 0
43789 21618 1
27405 38002 1
51981 13426 1
39693 25714 1
23309 42098 1
15117 50290 1
45837 19570 1
29453 35954 1
54029 11378 1
58125 7282 1
42765 22642 1
26381 39026 1
50957 14450 1
38669 26738 1
22285 43122 1
14093 51314 1
44301 21106 1
27917 37490 1
15629 49778 1
46349 19058 1
29965 35442 1
58637 6770 1
47373 18034 1
30989 34418 1
59661 5746 1
43789 21682 1
27405 38066 1
51981 13490 1
39693 25778 1
23309 42162 1
15117 50354 1
45837 19634 1
29453 36018 1
54029 11442 1
58125 7346 1
42765 22706 1
26381 39090 1
50957 14514 1
38669 26802 1
22285 43186 1
14093 51378 1
44301 21170 1
27917 37554 1
15629 49842 1
46349 19122 1
29965 35506 1
58637 6834 1
47373 18098 1
30989 34482 1
59661 5810 1
44557 20850 1
28173 37234 1
52749 12658 1
40461 24946 1
24077 41330 1
15885 49522 1
46605 18802 1
30221 35186 1
54797 10610 1
58893 6514 1
47629 17778 1
31245 34162 1
55821 9586 1
59917 5490 1
44557 20914 1
28173 37298 1
52749 12722 1
40461 25010 1
24077 41394 1
15885 49586 1
46605 18866 1
30221 35250 1
54797 10674 1
58893 6578 1
47629 17842 1
31245 34226 1
55821 9650 1
59917 5554 1
48141 17266 1
31757 33650 1
60429 4978 1
48141 17330 1
31757 33714 1
60429 5042 1
21805 10962 0
13613 19154 0
13613 35538 0
21805 35538 0
25901 6866 0
25901 35538 0
19757 13010 0
11565 21202 0
11565 37586 0
19757 37586 0
25901 37586 0
7469 25298 0
7469 41682 0
19757 41682 0
21805 41682 0
7469 49874 0
11565 49874 0
13613 49874 0
22829 9938 0
39213 9938 0
14637 18130 0
39213 18130 0
14637 34514 0
22829 34514 0
26925 5842 0
43309 5842 0
43309 18130 0
26925 34514 0
51501 5842 0
51501 9938 0
43309 21202 0
26925 37586 0
51501 13010 0
39213 25298 0
22829 41682 0
14637 49874 0
28973 3794 0
45357 3794 0
45357 18130 0
28973 34514 0
53549 3794 0
53549 9938 0
45357 19154 0
28973 35538 0
53549 10962 0
57645 3794 0
57645 5842 0
57645 6866 0
21293 11474 0
37677 11474 0
13101 19666 0
37677 19666 0
13101 36050 0
21293 36050 0
25389 7378 0
41773 7378 0
41773 19666 0
25389 36050 0
49965 7378 0
49965 11474 0
19245 13522 0
35629 13522 0
11053 21714 0
35629 21714 0
11053 38098 0
19245 38098 0
41773 21714 0
25389 38098 0
49965 13522 0
6957 25810 0
35629 25810 0
6957 42194 0
19245 42194 0
37677 25810 0
21293 42194 0
6957 50386 0
11053 50386 0
13101 50386 0
43309 21714 0
26925 38098 0
51501 13522 0
39213 25810 0
22829 42194 0
14637 50386 0
45357 19666 0
28973 36050 0
53549 11474 0
57645 7378 0
18221 14546 0
10029 22738 0
10029 39122 0
18221 39122 0
41773 22738 0
25389 39122 0
49965 14546 0
5933 26834 0
5933 43218 0
18221 43218 0
37677 26834 0
21293 43218 0
5933 51410 0
10029 51410 0
13101 51410 0
25901 39122 0
21805 43218 0
13613 51410 0
18221 45266 0
35629 28882 0
19245 45266 0
10029 53458 0
11053 53458 0
19757 45266 0
11565 53458 0
5933 57554 0
6957 57554 0
7469 57554 0
22061 10706 0
13869 18898 0
13869 35282 0
22061 35282 0
26157 6610 0
26157 35282 0
20013 12754 0
11821 20946 0
11821 37330 0
20013 37330 0
26157 37330 0
7725 25042 0
7725 41426 0
20013 41426 0
22061 41426 0
7725 49618 0
11821 49618 0
13869 49618 0
23085 9682 0
39469 9682 0
14893 17874 0
39469 17874 0
14893 34258 0
23085 34258 0
27181 5586 0
43565 5586 0
43565 17874 0
27181 34258 0
51757 5586 0
51757 9682 0
43565 20946 0
27181 37330 0
51757 12754 0
39469 25042 0
23085 41426 0
14893 49618 0
29229 3538 0
45613 3538 0
45613 17874 0
29229 34258 0
53805 3538 0
53805 9682 0
45613 18898 0
29229 35282 0
53805 10706 0
57901 3538 0
57901 5586 0
57901 6610 0
43565 21714 0
27181 38098 0
51757 13522 0
39469 25810 0
23085 42194 0
14893 50386 0
45613 19666 0
29229 36050 0
53805 11474 0
57901 7378 0
26157 39122 0
22061 43218 0
13869 51410 0
20013 45266 0
11821 53458 0
7725 57554 0
23597 9170 0
15405 17362 0
15405 33746 0
23597 33746 0
27693 5074 0
27693 33746 0
27693 37330 0
23597 41426 0
15405 49618 0
29741 3026 0
29741 33746 0
29741 35282 0
27693 37586 0
23597 41682 0
15405 49874 0
29741 35538 0
30765 2002 0
47149 2002 0
47149 17362 0
30765 33746 0
55341 2002 0
55341 9170 0
47149 17874 0
30765 34258 0
55341 9682 0
59437 2002 0
59437 5074 0
59437 5586 0
47149 18130 0
30765 34514 0
55341 9938 0
59437 5842 0
21677 11090 0
13485 19282 0
13485 35666 0
21677 35666 0
25773 6994 0
25773 35666 0
19629 13138 0
11437 21330 0
11437 37714 0
19629 37714 0
25773 37714 0
7341 25426 0
7341 41810 0
19629 41810 0
21677 41810 0
7341 50002 0
11437 50002 0
13485 50002 0
22701 10066 0
14509 18258 0
14509 34642 0
22701 34642 0
26797 5970 0
26797 34642 0
26797 37714 0
22701 41810 0
14509 50002 0
45229 18258 1
28845 34642 1
53421 10066 1
45229 19282 1
28845 35666 1
53421 11090 1
57517 5970 1
57517 6994 1
21165 11602 0
37549 11602 0
12973 19794 0
37549 19794 0
12973 36178 0
21165 36178 0
25261 7506 0
41645 7506 0
41645 19794 0
25261 36178 0
49837 7506 0
49837 11602 0
19117 13650 0
10925 21842 0
10925 38226 0
19117 38226 0
41645 21842 0
25261 38226 0
49837 13650 0
6829 25938 0
6829 42322 0
19117 42322 0
37549 25938 0
21165 42322 0
6829 50514 0
10925 50514 0
12973 50514 0
26797 38226 0
22701 42322 0
14509 50514 0
45229 19794 1
28845 36178 1
53421 11602 1
57517 7506 1
18093 14674 0
9901 22866 0
9901 39250 0
18093 39250 0
41645 22866 0
25261 39250 0
49837 14674 0
5805 26962 0
5805 43346 0
18093 43346 0
37549 26962 0
21165 43346 0
5805 51538 0
9901 51538 0
12973 51538 0
25773 39250 0
21677 43346 0
13485 51538 0
3757 29010 1
3757 45394 1
18093 45394 0
19117 45394 0
3757 53586 1
9901 53586 0
10925 53586 0
19629 45394 0
11437 53586 0
3757 57682 1
5805 57682 0
6829 57682 0
7341 57682 0
43565 21842 0
27181 38226 0
51757 13650 0
39469 25938 0
23085 42322 0
14893 50514 0
45613 19794 0
29229 36178 0
53805 11602 0
57901 7506 0
26157 39250 0
22061 43346 0
13869 51538 0
20013 45394 0
11821 53586 0
7725 57682 0
27693 37714 0
23597 41810 0
15405 50002 0
29741 35666 0
47149 18258 0
30765 34642 0
55341 10066 0
59437 5970 0
20909 11858 0
37293 11858 0
12717 20050 0
37293 20050 0
12717 36434 0
20909 36434 0
25005 7762 0
41389 7762 0
41389 20050 0
25005 36434 0
49581 7762 0
49581 11858 0
18861 13906 0
10669 22098 0
10669 38482 0
18861 38482 0
41389 22098 0
25005 38482 0
49581 13906 0
6573 26194 0
6573 42578 0
18861 42578 0
37293 26194 0
20909 42578 0
6573 50770 0
10669 50770 0
12717 50770 0
26797 38482 0
22701 42578 0
14509 50770 0
45229 20050 1
28845 36434 1
53421 11858 1
57517 7762 1
17837 14930 0
9645 23122 0
9645 39506 0
17837 39506 0
41389 23122 0
25005 39506 0
49581 14930 0
5549 27218 0
5549 43602 0
17837 43602 0
37293 27218 0
20909 43602 0
5549 51794 0
9645 51794 0
12717 51794 0
25773 39506 0
21677 43602 0
13485 51794 0
3501 29266 1
3501 45650 1
17837 45650 0
18861 45650 0
3501 53842 1
9645 53842 0
10669 53842 0
19629 45650 0
11437 53842 0
3501 57938 1
5549 57938 0
6573 57938 0
7341 57938 0
43309 22098 0
26925 38482 0
51501 13906 0
39213 26194 0
22829 42578 0
14637 50770 0
45357 20050 0
28973 36434 0
53549 11858 0
57645 7762 0
25901 39506 0
21805 43602 0
13613 51794 0
19757 45650 0
11565 53842 0
7469 57938 0
17325 15442 0
33709 15442 0
9133 23634 0
33709 23634 0
9133 40018 0
17325 40018 0
41389 23634 0
25005 40018 0
49581 15442 0
5037 27730 0
33709 27730 0
5037 44114 0
17325 44114 0
37293 27730 0
20909 44114 0
5037 52306 0
9133 52306 0
12717 52306 0
41645 23634 0
25261 40018 0
49837 15442 0
37549 27730 0
21165 44114 0
12973 52306 0
2989 29778 1
33709 29778 0
2989 46162 1
17325 46162 0
18861 46162 0
2989 54354 1
9133 54354 0
10669 54354 0
19117 46162 0
10925 54354 0
2989 58450 1
5037 58450 0
6573 58450 0
6829 58450 0
41773 23634 0
25389 40018 0
49965 15442 0
37677 27730 0
21293 44114 0
13101 52306 0
35629 29778 0
19245 46162 0
11053 54354 0
6957 58450 0
1965 30802 1
33709 30802 0
1965 47186 1
17325 47186 0
17837 47186 0
1965 55378 1
9133 55378 0
9645 55378 0
18093 47186 0
9901 55378 0
1965 59474 1
5037 59474 0
5549 59474 0
5805 59474 0
18221 47186 0
10029 55378 0
5933 59474 0
27277 38226 0
23181 42322 0
14989 50514 0
45709 19794 0
29325 36178 0
53901 11602 0
57997 7506 0
42637 22866 0
26253 39250 0
50829 14674 0
38541 26962 0
22157 43346 0
13965 51538 0
20109 45394 0
11917 53586 0
7821 57682 0
27789 37714 0
23693 41810 1
15501 50002 0
46221 19282 0
29837 35666 0
54413 11090 1
58509 6994 0
30861 34642 0
27021 38482 0
22925 42578 1
14733 50770 0
45453 20050 0
29069 36434 0
53645 11858 1
57741 7762 0
42381 23122 0
25997 39506 0
50573 14930 1
38285 27218 1
21901 43602 1
13709 51794 0
19853 45650 1
11661 53842 0
7565 57938 1
41869 23634 0
25485 40018 0
50061 15442 0
37773 27730 0
21389 44114 0
13197 52306 0
19341 46162 0
11149 54354 0
7053 58450 0
34701 30802 0
18317 47186 0
10125 55378 0
6029 59474 0
43789 21714 1
27405 38098 1
51981 13522 1
39693 25810 1
23309 42194 1
15117 50386 1
45837 19666 1
29453 36050 1
54029 11474 1
58125 7378 1
42765 22738 1
26381 39122 1
50957 14546 1
38669 26834 1
22285 43218 1
14093 51410 1
44301 21202 1
27917 37586 1
52493 13010 1
40205 25298 1
23821 41682 1
15629 49874 1
46349 19154 1
29965 35538 1
54541 10962 1
58637 6866 1
47373 18130 1
30989 34514 1
55565 9938 1
59661 5842 1
44557 20946 1
28173 37330 1
52749 12754 1
40461 25042 1
24077 41426 1
15885 49618 1
46605 18898 1
30221 35282 1
54797 10706 1
58893 6610 1
47629 17874 1
31245 34258 1
55821 9682 1
59917 5586 1
48141 17362 1
31757 33746 1
56333 9170 1
60429 5074 1
13421 19346 0
13421 35730 0
11373 21394 0
11373 37778 0
7277 25490 0
7277 41874 0
7277 50066 0
11373 50066 0
13421 50066 0
22637 10130 0
39021 10130 0
14445 18322 0
39021 18322 0
14445 34706 0
22637 34706 0
26733 6034 0
43117 6034 0
43117 18322 0
26733 34706 0
51309 6034 0
51309 10130 0
43117 21394 0
26733 37778 0
51309 13202 0
39021 25490 0
22637 41874 0
14445 50066 0
45165 18322 1
28781 34706 1
53357 10130 1
45165 19346 1
28781 35730 1
53357 11154 1
57453 6034 1
57453 7058 1
25197 7570 0
41581 7570 0
41581 19858 0
25197 36242 0
49773 7570 0
49773 11666 0
19053 13714 0
35437 13714 0
10861 21906 0
35437 21906 0
10861 38290 0
19053 38290 0
41581 21906 0
25197 38290 0
49773 13714 0
35437 26002 0
19053 42386 0
10861 50578 0
43117 21906 0
26733 38290 0
51309 13714 0
39021 26002 0
22637 42386 0
14445 50578 0
45165 19858 1
28781 36242 1
53357 11666 1
57453 7570 1
9837 22930 0
9837 39314 0
41581 22930 0
25197 39314 0
49773 14738 0
9837 51602 0
13421 51602 0
3693 29074 1
3693 45458 1
35437 29074 0
19053 45458 0
3693 53650 1
9837 53650 0
10861 53650 0
11373 53650 0
3693 57746 1
7277 57746 0
43565 21906 0
27181 38290 0
51757 13714 0
39469 26002 0
23085 42386 0
14893 50578 0
45613 19858 0
29229 36242 0
53805 11666 0
57901 7570 0
26157 39314 0
22061 43410 0
13869 51602 0
20013 45458 0
11821 53650 0
7725 57746 0
27693 37778 0
23597 41874 0
15405 50066 0
29741 35730 0
47149 18322 0
30765 34706 0
55341 10130 0
59437 6034 0
20845 11922 0
37229 11922 0
12653 20114 0
37229 20114 0
12653 36498 0
20845 36498 0
24941 7826 0
41325 7826 0
41325 20114 0
24941 36498 0
49517 7826 0
49517 11922 0
18797 13970 0
35181 13970 0
10605 22162 0
35181 22162 0
10605 38546 0
18797 38546 0
41325 22162 0
24941 38546 0
49517 13970 0
6509 26258 0
35181 26258 0
6509 42642 0
18797 42642 0
37229 26258 0
20845 42642 0
6509 50834 0
10605 50834 0
12653 50834 0
43117 22162 0
26733 38546 0
51309 13970 0
39021 26258 0
22637 42642 0
14445 50834 0
45165 20114 1
28781 36498 1
53357 11922 1
57453 7826 1
9581 23186 0
9581 39570 0
41325 23186 0
24941 39570 0
49517 14994 0
5485 27282 0
5485 43666 0
37229 27282 0
20845 43666 0
5485 51858 0
9581 51858 0
12653 51858 0
13421 51858 0
3437 29330 1
3437 45714 1
35181 29330 0
18797 45714 0
3437 53906 1
9581 53906 0
10605 53906 0
11373 53906 0
3437 58002 1
5485 58002 0
6509 58002 0
7277 58002 0
43309 22162 0
26925 38546 0
51501 13970 0
39213 26258 0
22829 42642 0
14637 50834 0
45357 20114 0
28973 36498 0
53549 11922 0
57645 7826 0
25901 39570 0
21805 43666 0
13613 51858 0
19757 45714 0
11565 53906 0
7469 58002 0
17261 15506 0
33645 15506 0
9069 23698 0
33645 23698 0
9069 40082 0
17261 40082 0
41325 23698 0
24941 40082 0
49517 15506 0
33645 27794 0
17261 44178 0
37229 27794 0
20845 44178 0
9069 52370 0
12653 52370 0
41581 23698 0
25197 40082 0
49773 15506 0
2925 29842 1
33645 29842 0
2925 46226 1
17261 46226 0
35181 29842 0
18797 46226 0
2925 54418 1
9069 54418 0
10605 54418 0
35437 29842 0
19053 46226 0
10861 54418 0
2925 58514 1
6509 58514 0
41773 23698 0
25389 40082 0
49965 15506 0
37677 27794 0
21293 44178 0
13101 52370 0
35629 29842 0
19245 46226 0
11053 54418 0
6957 58514 0
1901 30866 1
33645 30866 0
1901 47250 1
17261 47250 0
1901 55442 1
9069 55442 0
9581 55442 0
9837 55442 0
1901 59538 1
5485 59538 0
18221 47250 0
10029 55442 0
5933 59538 0
43597 21906 0
27213 38290 0
51789 13714 0
57933 7570 0
42573 22930 0
36429 29074 0
11853 53650 0
44109 21394 0
40013 25490 1
15437 50066 0
46157 19346 0
47181 18322 0
30797 34706 0
55373 10130 1
59469 6034 0
43341 22162 0
26957 38546 0
51533 13970 1
39245 26258 1
22861 42642 1
14669 50834 0
45389 20114 0
29005 36498 0
53581 11922 1
57677 7826 0
42317 23186 0
38221 27282 1
13645 51858 0
36173 29330 1
11597 53906 0
7501 58002 1
41805 23698 0
25421 40082 0
49997 15506 0
35661 29842 0
19277 46226 0
11085 54418 0
34637 30866 0
10061 55442 0
18669 14098 0
10477 22290 0
10477 38674 0
18669 38674 0
41197 22290 1
24813 38674 1
49389 14098 1
6381 26386 0
6381 42770 0
18669 42770 0
37101 26386 1
20717 42770 1
6381 50962 0
10477 50962 0
12525 50962 1
43117 22290 0
26733 38674 0
51309 14098 0
39021 26386 0
22637 42770 0
14445 50962 0
9453 23314 0
9453 39698 0
41197 23314 1
24813 39698 1
49389 15122 1
5357 27410 0
5357 43794 0
37101 27410 1
20717 43794 1
5357 51986 0
9453 51986 0
12525 51986 1
13421 51986 0
3309 29458 1
3309 45842 1
18669 45842 0
3309 54034 1
9453 54034 0
10477 54034 0
11373 54034 0
3309 58130 1
5357 58130 0
6381 58130 0
7277 58130 0
26797 38674 0
22701 42770 0
14509 50962 0
25773 39698 0
21677 43794 0
13485 51986 0
19629 45842 0
11437 54034 0
7341 58130 0
17133 15634 0
33517 15634 0
8941 23826 0
33517 23826 0
8941 40210 0
17133 40210 0
41197 23826 1
24813 40210 1
49389 15634 1
33517 27922 0
17133 44306 0
37101 27922 1
20717 44306 1
8941 52498 0
12525 52498 1
41581 23826 0
25197 40210 0
49773 15634 0
2797 29970 1
33517 29970 0
2797 46354 1
17133 46354 0
18669 46354 0
2797 54546 1
8941 54546 0
10477 54546 0
35437 29970 0
19053 46354 0
10861 54546 0
2797 58642 1
6381 58642 0
41645 23826 0
25261 40210 0
49837 15634 0
37549 27922 0
21165 44306 0
12973 52498 0
19117 46354 0
10925 54546 0
6829 58642 0
1773 30994 1
33517 30994 0
1773 47378 1
17133 47378 0
1773 55570 1
8941 55570 0
9453 55570 0
9837 55570 0
1773 59666 1
5357 59666 0
18093 47378 0
9901 55570 0
5805 59666 0
26829 38674 0
22733 42770 1
14541 50962 0
42189 23314 0
38093 27410 1
13517 51986 0
11469 54034 0
7373 58130 1
41677 23826 0
25293 40210 0
49869 15634 0
19149 46354 0
10957 54546 0
34509 30994 0
9933 55570 0
16877 15890 0
33261 15890 0
8685 24082 0
33261 24082 0
8685 40466 0
16877 40466 0
41197 24082 1
24813 40466 1
49389 15890 1
4589 28178 0
33261 28178 0
4589 44562 0
16877 44562 0
37101 28178 1
20717 44562 1
4589 52754 0
8685 52754 0
12525 52754 1
41325 24082 0
24941 40466 0
49517 15890 0
37229 28178 0
20845 44562 0
12653 52754 0
2541 30226 1
33261 30226 0
2541 46610 1
16877 46610 0
18669 46610 0
2541 54802 1
8685 54802 0
10477 54802 0
35181 30226 0
18797 46610 0
10605 54802 0
2541 58898 1
4589 58898 0
6381 58898 0
6509 58898 0
41389 24082 0
25005 40466 0
49581 15890 0
37293 28178 0
20909 44562 0
12717 52754 0
18861 46610 0
10669 54802 0
6573 58898 0
1517 31250 1
33261 31250 0
1517 47634 1
16877 47634 0
1517 55826 1
8685 55826 0
9453 55826 0
9581 55826 0
1517 59922 1
4589 59922 0
5357 59922 0
5485 59922 0
17837 47634 0
9645 55826 0
5549 59922 0
41421 24082 0
25037 40466 0
49613 15890 1
37325 28178 1
20941 44562 1
12749 52754 0
18893 46610 1
10701 54802 0
6605 58898 1
34253 31250 1
9677 55826 0
5581 59922 1
1005 31762 1
33261 31762 0
1005 48146 1
16877 48146 0
33517 31762 0
17133 48146 0
1005 56338 1
8685 56338 0
8941 56338 0
33645 31762 0
17261 48146 0
9069 56338 0
1005 60434 1
4589 60434 0
33709 31762 0
17325 48146 0
9133 56338 0
5037 60434 0
33741 31762 0
17357 48146 0
9165 56338 0
43685 21842 0
27301 38226 0
51877 13650 0
39589 25938 0
23205 42322 0
15013 50514 0
45733 19794 0
29349 36178 0
53925 11602 0
58021 7506 0
26277 39250 0
22181 43346 0
13989 51538 0
20133 45394 0
11941 53586 0
7845 57682 0
27813 37714 1
23717 41810 0
15525 50002 0
29861 35666 0
47269 18258 0
30885 34642 0
55461 10066 0
59557 5970 1
43429 22098 1
27045 38482 1
51621 13906 1
39333 26194 0
22949 42578 0
14757 50770 0
45477 20050 0
29093 36434 0
53669 11858 0
57765 7762 1
26021 39506 1
21925 43602 0
13733 51794 0
19877 45650 1
11685 53842 1
7589 57938 0
41893 23634 0
25509 40018 0
50085 15442 0
37797 27730 0
21413 44114 0
13221 52306 0
35749 29778 0
19365 46162 0
11173 54354 0
7077 58450 0
18341 47186 0
10149 55378 0
6053 59474 0
43813 21714 0
27429 38098 0
52005 13522 0
39717 25810 0
23333 42194 0
15141 50386 0
45861 19666 0
29477 36050 1
54053 11474 0
58149 7378 0
26405 39122 1
22309 43218 1
14117 51410 1
27941 37586 1
23845 41682 0
15653 49874 0
29989 35538 1
47397 18130 0
31013 34514 0
55589 9938 0
59685 5842 1
28197 37330 0
24101 41426 0
15909 49618 0
30245 35282 1
47653 17874 0
31269 34258 0
55845 9682 0
59941 5586 0
31781 33746 0
43621 21906 0
27237 38290 0
51813 13714 0
39525 26002 0
23141 42386 0
14949 50578 0
45669 19858 0
29285 36242 1
53861 11666 0
57957 7570 0
13925 51602 1
11877 53650 0
7781 57746 0
15461 50066 0
47205 18322 0
30821 34706 0
55397 10130 0
59493 6034 0
43365 22162 0
26981 38546 0
51557 13970 0
39269 26258 0
22885 42642 0
14693 50834 0
45413 20114 0
29029 36498 1
53605 11922 0
57701 7826 0
13669 51858 1
11621 53906 0
7525 58002 0
41829 23698 0
25445 40082 1
50021 15506 0
37733 27794 0
21349 44178 1
13157 52370 1
35685 29842 0
19301 46226 0
11109 54418 0
7013 58514 0
10085 55442 1
5989 59538 1
43237 22290 0
26853 38674 0
51429 14098 0
39141 26386 0
22757 42770 0
14565 50962 0
13541 51986 0
11493 54034 0
7397 58130 0
41701 23826 0
25317 40210 0
49893 15634 0
37605 27922 0
21221 44306 0
13029 52498 0
35557 29970 0
19173 46354 0
10981 54546 0
6885 58642 0
9957 55570 0
5861 59666 0
41445 24082 0
25061 40466 0
49637 15890 0
37349 28178 0
20965 44562 0
12773 52754 0
35301 30226 0
18917 46610 0
10725 54802 0
6629 58898 0
9701 55826 0
5605 59922 0
33765 31762 0
17381 48146 0
9189 56338 0
5093 60434 0
43717 21810 0
27333 38194 0
51909 13618 0
39621 25906 0
23237 42290 0
15045 50482 0
45765 19762 0
29381 36146 0
53957 11570 0
58053 7474 0
42693 22834 0
38597 26930 0
14021 51506 0
36549 28978 0
11973 53554 0
7877 57650 0
44229 21298 0
15557 49970 0
46277 19250 0
47301 18226 0
30917 34610 0
59589 5938 0
43461 22066 0
27077 38450 0
14789 50738 0
45509 20018 0
29125 36402 0
57797 7730 0
42437 23090 0
13765 51762 0
11717 53810 0
41925 23602 0
25541 39986 0
50117 15410 0
37829 27698 0
21445 44082 0
13253 52274 0
35781 29746 0
19397 46130 0
11205 54322 0
7109 58418 0
34757 30770 0
10181 55346 0
6085 59442 0
43845 21682 0
27461 38066 0
52037 13490 0
39749 25778 0
23365 42162 0
15173 50354 0
45893 19634 0
29509 36018 1
54085 11442 0
58181 7346 0
42821 22706 0
38725 26802 0
14149 51378 1
44357 21170 0
15685 49842 0
46405 19122 0
47429 18098 0
31045 34482 0
59717 5810 0
44613 20914 0
40517 25010 0
15941 49586 0
46661 18866 0
47685 17842 0
31301 34226 0
55877 9650 0
59973 5554 0
48197 17330 0
43909 21618 0
27525 38002 0
52101 13426 0
39813 25714 0
23429 42098 0
15237 50290 0
45957 19570 0
29573 35954 0
54149 11378 0
58245 7282 0
42885 22642 0
26501 39026 0
51077 14450 0
38789 26738 0
22405 43122 0
14213 51314 0
44421 21106 1
28037 37490 1
15749 49778 0
46469 19058 0
30085 35442 0
58757 6770 1
47493 18034 0
31109 34418 0
59781 5746 1
44677 20850 0
28293 37234 0
52869 12658 0
40581 24946 0
24197 41330 0
16005 49522 0
46725 18802 0
30341 35186 0
54917 10610 0
59013 6514 0
47749 17778 0
31365 34162 0
55941 9586 0
60037 5490 0
48261 17266 0
31877 33650 0
60549 4978 1
25885 6882 0
42269 6882 0
42269 19170 0
25885 35554 0
50461 6882 1
11549 21218 0
36125 21218 1
11549 37602 0
19741 37602 1
42269 21218 0
25885 37602 0
11549 49890 0
26909 5858 0
43293 5858 0
43293 18146 0
26909 34530 0
51485 5858 1
43293 21218 0
26909 37602 0
57629 3810 0
57629 5858 0
57629 6882 0
25373 7394 0
41757 7394 0
41757 19682 0
25373 36066 0
49949 7394 0
49949 11490 0
19229 13538 0
35613 13538 0
11037 21730 0
35613 21730 0
11037 38114 0
19229 38114 0
41757 21730 0
25373 38114 0
49949 13538 0
35613 25826 0
19229 42210 0
11037 50402 0
43293 21730 0
26909 38114 0
51485 13538 1
57629 7394 0
18205 14562 0
34589 14562 0
10013 22754 0
34589 22754 0
10013 39138 0
18205 39138 0
41757 22754 0
25373 39138 0
49949 14562 0
34589 26850 0
18205 43234 0
10013 51426 0
42269 22754 0
25885 39138 0
50461 14562 1
34589 28898 0
18205 45282 0
35613 28898 0
19229 45282 0
10013 53474 0
11037 53474 0
36125 28898 1
19741 45282 1
11549 53474 0
22045 10722 0
38429 10722 0
13853 18914 0
38429 18914 0
13853 35298 0
22045 35298 0
26141 6626 0
42525 6626 0
42525 18914 0
26141 35298 0
50717 6626 0
50717 10722 0
19997 12770 0
36381 12770 0
11805 20962 0
36381 20962 0
11805 37346 0
19997 37346 0
42525 20962 0
26141 37346 0
50717 12770 0
7709 25058 0
36381 25058 0
7709 41442 0
19997 41442 0
38429 25058 0
22045 41442 0
7709 49634 0
11805 49634 0
13853 49634 0
23069 9698 0
39453 9698 0
14877 17890 0
39453 17890 0
14877 34274 0
23069 34274 0
27165 5602 0
43549 5602 0
43549 17890 0
27165 34274 0
51741 5602 0
51741 9698 0
43549 20962 0
27165 37346 0
51741 12770 0
39453 25058 0
23069 41442 0
14877 49634 0
29213 3554 0
45597 3554 0
45597 17890 0
29213 34274 0
53789 3554 0
53789 9698 0
45597 18914 0
29213 35298 0
53789 10722 0
57885 3554 0
57885 5602 0
57885 6626 0
43549 21730 0
27165 38114 0
51741 13538 0
39453 25826 0
23069 42210 0
14877 50402 0
45597 19682 0
29213 36066 0
53789 11490 0
57885 7394 0
42525 22754 0
26141 39138 0
50717 14562 0
38429 26850 0
22045 43234 0
13853 51426 0
36381 28898 0
19997 45282 0
11805 53474 0
7709 57570 0
15389 17378 0
39965 17378 1
15389 33762 0
23581 33762 1
27677 5090 0
44061 5090 0
44061 17378 0
27677 33762 0
52253 5090 1
44061 20962 0
27677 37346 0
52253 12770 1
39965 25058 1
23581 41442 1
15389 49634 0
29725 3042 0
46109 3042 0
46109 17378 0
29725 33762 0
54301 3042 1
46109 18914 0
29725 35298 0
54301 10722 1
58397 3042 0
58397 5090 0
58397 6626 0
44061 21218 0
27677 37602 0
15389 49890 0
46109 19170 0
29725 35554 0
58397 6882 0
30749 2018 0
47133 2018 0
47133 17378 0
30749 33762 0
55325 2018 1
47133 17890 0
30749 34274 0
55325 9698 1
59421 2018 0
59421 5090 0
59421 5602 0
47133 18146 0
30749 34530 0
59421 5858 0
13469 19298 0
38045 19298 1
13469 35682 0
21661 35682 1
25757 7010 0
42141 7010 0
42141 19298 0
25757 35682 0
50333 7010 1
11421 21346 0
11421 37730 0
19613 37730 1
42141 21346 0
25757 37730 0
7325 50018 1
11421 50018 0
13469 50018 0
14493 18274 0
14493 34658 0
22685 34658 1
26781 5986 0
26781 34658 0
26781 37730 0
14493 50018 0
45213 18274 1
28829 34658 1
45213 19298 1
28829 35682 1
57501 5986 1
57501 7010 1
21149 11618 0
37533 11618 0
12957 19810 0
37533 19810 0
12957 36194 0
21149 36194 0
25245 7522 0
41629 7522 0
41629 19810 0
25245 36194 0
49821 7522 0
49821 11618 0
19101 13666 0
10909 21858 0
10909 38242 0
19101 38242 0
41629 21858 0
25245 38242 0
49821 13666 0
6813 25954 0
6813 42338 0
19101 42338 0
37533 25954 0
21149 42338 0
6813 50530 0
10909 50530 0
12957 50530 0
26781 38242 0
22685 42338 1
14493 50530 0
45213 19810 1
28829 36194 1
53405 11618 1
57501 7522 1
18077 14690 0
34461 14690 0
9885 22882 0
34461 22882 0
9885 39266 0
18077 39266 0
41629 22882 0
25245 39266 0
49821 14690 0
5789 26978 0
34461 26978 0
5789 43362 0
18077 43362 0
37533 26978 0
21149 43362 0
5789 51554 0
9885 51554 0
12957 51554 0
42141 22882 0
25757 39266 0
50333 14690 1
38045 26978 1
21661 43362 1
13469 51554 0
3741 29026 1
34461 29026 0
3741 45410 1
18077 45410 0
19101 45410 0
3741 53602 1
9885 53602 0
10909 53602 0
19613 45410 1
11421 53602 0
3741 57698 1
5789 57698 0
6813 57698 0
7325 57698 1
43549 21858 0
27165 38242 0
51741 13666 0
39453 25954 0
23069 42338 0
14877 50530 0
45597 19810 0
29213 36194 0
53789 11618 0
57885 7522 0
42525 22882 0
26141 39266 0
50717 14690 0
38429 26978 0
22045 43362 0
13853 51554 0
36381 29026 0
19997 45410 0
11805 53602 0
7709 57698 0
44061 21346 0
27677 37730 0
15389 50018 0
46109 19298 0
29725 35682 0
58397 7010 0
47133 18274 0
30749 34658 0
59421 5986 0
24989 7778 0
41373 7778 0
41373 20066 0
24989 36450 0
49565 7778 1
10653 22114 0
10653 38498 0
18845 38498 1
41373 22114 0
24989 38498 0
10653 50786 0
26781 38498 0
14493 50786 0
45213 20066 1
28829 36450 1
57501 7778 1
9629 23138 0
34205 23138 1
9629 39522 0
17821 39522 1
41373 23138 0
24989 39522 0
9629 51810 0
42141 23138 0
25757 39522 0
13469 51810 0
3485 53858 1
9629 53858 0
10653 53858 0
11421 53858 0
43293 22114 0
26909 38498 0
57629 7778 0
42269 23138 0
25885 39522 0
11549 53858 0
17309 15458 0
33693 15458 0
9117 23650 0
33693 23650 0
9117 40034 0
17309 40034 0
41373 23650 0
24989 40034 0
49565 15458 1
33693 27746 0
17309 44130 0
9117 52322 0
41629 23650 0
25245 40034 0
49821 15458 0
37533 27746 0
21149 44130 0
12957 52322 0
2973 29794 1
33693 29794 0
2973 46178 1
17309 46178 0
18845 46178 1
2973 54370 1
9117 54370 0
10653 54370 0
19101 46178 0
10909 54370 0
2973 58466 1
6813 58466 0
41757 23650 0
25373 40034 0
49949 15458 0
35613 29794 0
19229 46178 0
11037 54370 0
1949 30818 1
33693 30818 0
1949 47202 1
17309 47202 0
34205 30818 1
17821 47202 1
1949 55394 1
9117 55394 0
9629 55394 0
34461 30818 0
18077 47202 0
9885 55394 0
1949 59490 1
5789 59490 0
34589 30818 0
18205 47202 0
10013 55394 0
27277 38242 0
23181 42338 0
14989 50530 0
45709 19810 0
29325 36194 0
53901 11618 0
57997 7522 0
42637 22882 0
26253 39266 0
50829 14690 0
38541 26978 0
22157 43362 0
13965 51554 0
20109 45410 0
11917 53602 0
7821 57698 0
27789 37730 0
15501 50018 0
46221 19298 0
29837 35682 0
58509 7010 0
30861 34658 0
27021 38498 0
14733 50786 0
45453 20066 0
29069 36450 0
57741 7778 0
42381 23138 0
25997 39522 0
13709 51810 0
11661 53858 0
41869 23650 0
25485 40034 0
50061 15458 0
37773 27746 0
21389 44130 0
13197 52322 0
19341 46178 0
11149 54370 0
7053 58466 0
34701 30818 0
18317 47202 0
10125 55394 0
6029 59490 0
43789 21730 1
27405 38114 1
51981 13538 1
39693 25826 1
23309 42210 1
15117 50402 1
45837 19682 1
29453 36066 1
54029 11490 1
58125 7394 1
42765 22754 1
26381 39138 1
50957 14562 1
38669 26850 1
22285 43234 1
14093 51426 1
44301 21218 1
27917 37602 1
15629 49890 1
46349 19170 1
29965 35554 1
58637 6882 1
47373 18146 1
30989 34530 1
59661 5858 1
44557 20962 1
28173 37346 1
52749 12770 1
40461 25058 1
24077 41442 1
15885 49634 1
46605 18914 1
30221 35298 1
54797 10722 1
58893 6626 1
47629 17890 1
31245 34274 1
55821 9698 1
59917 5602 1
48141 17378 1
31757 33762 1
60429 5090 1
13405 19362 0
37981 19362 1
13405 35746 0
42077 7074 0
42077 19362 0
11357 21410 0
35933 21410 1
11357 37794 0
42077 21410 0
7261 50082 1
11357 50082 0
13405 50082 0
14429 18338 0
39005 18338 1
14429 34722 0
22621 34722 1
26717 6050 0
43101 6050 0
43101 18338 0
26717 34722 0
51293 6050 1
43101 21410 0
26717 37794 0
14429 50082 0
45149 18338 1
28765 34722 1
45149 19362 1
28765 35746 1
57437 6050 1
57437 7074 1
25181 7586 0
41565 7586 0
41565 19874 0
25181 36258 0
49757 7586 0
49757 11682 0
19037 13730 0
35421 13730 0
10845 21922 0
35421 21922 0
10845 38306 0
19037 38306 0
41565 21922 0
25181 38306 0
49757 13730 0
35421 26018 0
19037 42402 0
10845 50594 0
43101 21922 0
26717 38306 0
51293 13730 1
39005 26018 1
22621 42402 1
14429 50594 0
45149 19874 1
28765 36258 1
53341 11682 1
57437 7586 1
34397 14754 0
9821 22946 0
34397 22946 0
9821 39330 0
41565 22946 0
25181 39330 0
49757 14754 0
34397 27042 0
9821 51618 0
42077 22946 0
37981 27042 1
13405 51618 0
3677 29090 1
34397 29090 0
3677 45474 1
35421 29090 0
19037 45474 0
3677 53666 1
9821 53666 0
10845 53666 0
35933 29090 1
11357 53666 0
3677 57762 1
7261 57762 1
43549 21922 0
27165 38306 0
51741 13730 0
39453 26018 0
23069 42402 0
14877 50594 0
45597 19874 0
29213 36258 0
53789 11682 0
57885 7586 0
42525 22946 0
26141 39330 0
50717 14754 0
38429 27042 0
22045 43426 0
13853 51618 0
36381 29090 0
19997 45474 0
11805 53666 0
7709 57762 0
44061 21410 0
27677 37794 0
15389 50082 0
46109 19362 0
29725 35746 0
58397 7074 0
47133 18338 0
30749 34722 0
59421 6050 0
24925 7842 0
41309 7842 0
41309 20130 0
24925 36514 0
49501 7842 1
10589 22178 0
35165 22178 1
10589 38562 0
18781 38562 1
41309 22178 0
24925 38562 0
10589 50850 0
43101 22178 0
26717 38562 0
14429 50850 0
45149 20130 1
28765 36514 1
57437 7842 1
9565 23202 0
34141 23202 1
9565 39586 0
41309 23202 0
24925 39586 0
9565 51874 0
42077 23202 0
13405 51874 0
3421 53922 1
9565 53922 0
10589 53922 0
11357 53922 0
43293 22178 0
26909 38562 0
57629 7842 0
42269 23202 0
25885 39586 0
11549 53922 0
17245 15522 0
33629 15522 0
9053 23714 0
33629 23714 0
9053 40098 0
17245 40098 0
41309 23714 0
24925 40098 0
49501 15522 1
33629 27810 0
17245 44194 0
9053 52386 0
41565 23714 0
25181 40098 0
49757 15522 0
2909 29858 1
33629 29858 0
2909 46242 1
17245 46242 0
35165 29858 1
18781 46242 1
2909 54434 1
9053 54434 0
10589 54434 0
35421 29858 0
19037 46242 0
10845 54434 0
2909 58530 1
41757 23714 0
25373 40098 0
49949 15522 0
35613 29858 0
19229 46242 0
11037 54434 0
1885 30882 1
33629 30882 0
1885 47266 1
17245 47266 0
34141 30882 1
1885 55458 1
9053 55458 0
9565 55458 0
34397 30882 0
9821 55458 0
1885 59554 1
34589 30882 0
18205 47266 0
10013 55458 0
43597 21922 0
27213 38306 0
51789 13730 0
57933 7586 0
42573 22946 0
36429 29090 0
11853 53666 0
44109 21410 0
15437 50082 0
46157 19362 0
47181 18338 0
30797 34722 0
59469 6050 0
43341 22178 0
26957 38562 0
14669 50850 0
45389 20130 0
29005 36514 0
57677 7842 0
42317 23202 0
13645 51874 0
11597 53922 0
41805 23714 0
25421 40098 0
49997 15522 0
35661 29858 0
19277 46242 0
11085 54434 0
34637 30882 0
10061 55458 0
10461 22306 0
10461 38690 0
18653 38690 1
41181 22306 1
24797 38690 1
6365 50978 1
10461 50978 0
12509 50978 1
43101 22306 0
26717 38690 0
14429 50978 0
9437 23330 0
34013 23330 1
9437 39714 0
41181 23330 1
24797 39714 1
5341 52002 1
9437 52002 0
12509 52002 1
42077 23330 0
13405 52002 0
3293 54050 1
9437 54050 0
10461 54050 0
11357 54050 0
26781 38690 0
14493 50978 0
42141 23330 0
25757 39714 0
13469 52002 0
11421 54050 0
17117 15650 0
33501 15650 0
8925 23842 0
33501 23842 0
8925 40226 0
17117 40226 0
41181 23842 1
24797 40226 1
49373 15650 1
33501 27938 0
17117 44322 0
37085 27938 1
20701 44322 1
8925 52514 0
12509 52514 1
41565 23842 0
25181 40226 0
49757 15650 0
2781 29986 1
33501 29986 0
2781 46370 1
17117 46370 0
18653 46370 1
2781 54562 1
8925 54562 0
10461 54562 0
35421 29986 0
19037 46370 0
10845 54562 0
2781 58658 1
6365 58658 1
41629 23842 0
25245 40226 0
49821 15650 0
37533 27938 0
21149 44322 0
12957 52514 0
19101 46370 0
10909 54562 0
6813 58658 0
1757 31010 1
33501 31010 0
1757 47394 1
17117 47394 0
34013 31010 1
1757 55586 1
8925 55586 0
9437 55586 0
34397 31010 0
9821 55586 0
1757 59682 1
5341 59682 1
34461 31010 0
18077 47394 0
9885 55586 0
5789 59682 0
26829 38690 0
14541 50978 0
42189 23330 0
13517 52002 0
11469 54050 0
41677 23842 0
25293 40226 0
49869 15650 0
19149 46370 0
10957 54562 0
34509 31010 0
9933 55586 0
8669 24098 0
33245 24098 1
8669 40482 0
16861 40482 1
41181 24098 1
24797 40482 1
8669 52770 0
12509 52770 1
41309 24098 0
24925 40482 0
2525 54818 1
8669 54818 0
10461 54818 0
10589 54818 0
41373 24098 0
24989 40482 0
10653 54818 0
1501 55842 1
8669 55842 0
9437 55842 0
9565 55842 0
9629 55842 0
41421 24098 0
25037 40482 0
12749 52770 0
10701 54818 0
9677 55842 0
989 31778 1
33245 31778 1
989 48162 1
16861 48162 1
33501 31778 0
17117 48162 0
989 56354 1
8669 56354 0
8925 56354 0
33629 31778 0
17245 48162 0
9053 56354 0
989 60450 1
33693 31778 0
17309 48162 0
9117 56354 0
33741 31778 0
17357 48162 0
9165 56354 0
43669 21858 0
27285 38242 0
51861 13666 0
39573 25954 0
23189 42338 0
14997 50530 0
45717 19810 0
29333 36194 0
53909 11618 0
58005 7522 0
42645 22882 0
26261 39266 0
50837 14690 0
38549 26978 0
22165 43362 0
13973 51554 0
36501 29026 0
20117 45410 0
11925 53602 0
7829 57698 0
44181 21346 1
27797 37730 1
15509 50018 0
46229 19298 0
29845 35682 0
58517 7010 1
47253 18274 0
30869 34658 0
59541 5986 1
43413 22114 1
27029 38498 1
57749 7778 1
42389 23138 1
26005 39522 1
11669 53858 1
41877 23650 0
25493 40034 0
50069 15458 0
35733 29794 0
19349 46178 0
11157 54370 0
34709 30818 0
18325 47202 0
10133 55394 0
43797 21730 0
27413 38114 0
51989 13538 0
58133 7394 0
42773 22754 0
26389 39138 1
50965 14562 0
44309 21218 1
27925 37602 1
58645 6882 1
59669 5858 1
44565 20962 0
28181 37346 0
52757 12770 0
40469 25058 0
24085 41442 0
15893 49634 0
46613 18914 0
30229 35298 1
54805 10722 0
58901 6626 0
47637 17890 0
31253 34274 0
55829 9698 0
59925 5602 0
48149 17378 0
31765 33762 0
60437 5090 1
43605 21922 0
27221 38306 0
51797 13730 0
39509 26018 0
23125 42402 0
14933 50594 0
45653 19874 0
29269 36258 1
53845 11682 0
57941 7586 0
42581 22946 0
38485 27042 0
13909 51618 1
36437 29090 0
11861 53666 0
7765 57762 0
44117 21410 0
15445 50082 0
46165 19362 0
47189 18338 0
30805 34722 0
59477 6050 0
43349 22178 0
26965 38562 0
57685 7842 0
42325 23202 0
11605 53922 0
41813 23714 0
25429 40098 1
50005 15522 0
35669 29858 0
19285 46242 0
11093 54434 0
34645 30882 0
10069 55458 1
43221 22306 0
26837 38690 0
14549 50978 0
42197 23330 0
13525 52002 0
11477 54050 0
41685 23842 0
25301 40226 0
49877 15650 0
37589 27938 0
21205 44322 0
13013 52514 0
35541 29986 0
19157 46370 0
10965 54562 0
6869 58658 0
34517 31010 0
9941 55586 0
5845 59682 0
41429 24098 0
25045 40482 0
10709 54818 0
9685 55842 0
33749 31778 0
17365 48162 0
9173 56354 0
21565 11202 0
13373 19394 0
13373 35778 0
21565 35778 0
25661 7106 0
25661 35778 0
19517 13250 0
11325 21442 0
11325 37826 0
19517 37826 0
25661 37826 0
7229 25538 0
7229 41922 0
19517 41922 0
21565 41922 0
7229 50114 0
11325 50114 0
13373 50114 0
22589 10178 0
38973 10178 0
14397 18370 0
38973 18370 0
14397 34754 0
22589 34754 0
26685 6082 0
43069 6082 0
43069 18370 0
26685 34754 0
51261 6082 0
51261 10178 0
43069 21442 0
26685 37826 0
51261 13250 0
38973 25538 0
22589 41922 0
14397 50114 0
45117 18370 1
28733 34754 1
53309 10178 1
45117 19394 1
28733 35778 1
53309 11202 1
57405 6082 1
57405 7106 1
21053 11714 0
37437 11714 0
12861 19906 0
37437 19906 0
12861 36290 0
21053 36290 0
25149 7618 0
41533 7618 0
41533 19906 0
25149 36290 0
49725 7618 0
49725 11714 0
19005 13762 0
35389 13762 0
10813 21954 0
35389 21954 0
10813 38338 0
19005 38338 0
41533 21954 0
25149 38338 0
49725 13762 0
6717 26050 0
35389 26050 0
6717 42434 0
19005 42434 0
37437 26050 0
21053 42434 0
6717 50626 0
10813 50626 0
12861 50626 0
43069 21954 0
26685 38338 0
51261 13762 0
38973 26050 0
22589 42434 0
14397 50626 0
45117 19906 1
28733 36290 1
53309 11714 1
57405 7618 1
17981 14786 0
9789 22978 0
9789 39362 0
17981 39362 0
41533 22978 0
25149 39362 0
49725 14786 0
5693 27074 0
5693 43458 0
17981 43458 0
37437 27074 0
21053 43458 0
5693 51650 0
9789 51650 0
12861 51650 0
25661 39362 0
21565 43458 0
13373 51650 0
3645 29122 1
3645 45506 1
17981 45506 0
35389 29122 0
19005 45506 0
3645 53698 1
9789 53698 0
10813 53698 0
19517 45506 0
11325 53698 0
3645 57794 1
5693 57794 0
6717 57794 0
7229 57794 0
43549 21954 0
27165 38338 0
51741 13762 0
39453 26050 0
23069 42434 0
14877 50626 0
45597 19906 0
29213 36290 0
53789 11714 0
57885 7618 0
42525 22978 0
26141 39362 0
50717 14786 0
38429 27074 0
22045 43458 0
13853 51650 0
36381 29122 0
19997 45506 0
11805 53698 0
7709 57794 0
44061 21442 0
27677 37826 0
52253 13250 1
39965 25538 1
23581 41922 1
15389 50114 0
46109 19394 0
29725 35778 0
54301 11202 1
58397 7106 0
47133 18370 0
30749 34754 0
55325 10178 1
59421 6082 0
24893 7874 0
41277 7874 0
41277 20162 0
24893 36546 0
49469 7874 0
49469 11970 0
18749 14018 0
35133 14018 0
10557 22210 0
35133 22210 0
10557 38594 0
18749 38594 0
41277 22210 0
24893 38594 0
49469 14018 0
35133 26306 0
18749 42690 0
10557 50882 0
43069 22210 0
26685 38594 0
51261 14018 0
38973 26306 0
22589 42690 0
14397 50882 0
45117 20162 1
28733 36546 1
53309 11970 1
57405 7874 1
17725 15042 0
9533 23234 0
9533 39618 0
17725 39618 0
41277 23234 0
24893 39618 0
49469 15042 0
17725 43714 0
9533 51906 0
25661 39618 0
21565 43714 0
13373 51906 0
3389 29378 1
3389 45762 1
17725 45762 0
35133 29378 0
18749 45762 0
3389 53954 1
9533 53954 0
10557 53954 0
19517 45762 0
11325 53954 0
3389 58050 1
7229 58050 0
43293 22210 0
26909 38594 0
51485 14018 1
57629 7874 0
42269 23234 0
25885 39618 0
50461 15042 1
36125 29378 1
19741 45762 1
11549 53954 0
17213 15554 0
33597 15554 0
9021 23746 0
33597 23746 0
9021 40130 0
17213 40130 0
41277 23746 0
24893 40130 0
49469 15554 0
33597 27842 0
17213 44226 0
9021 52418 0
41533 23746 0
25149 40130 0
49725 15554 0
37437 27842 0
21053 44226 0
12861 52418 0
2877 29890 1
33597 29890 0
2877 46274 1
17213 46274 0
35133 29890 0
18749 46274 0
2877 54466 1
9021 54466 0
10557 54466 0
35389 29890 0
19005 46274 0
10813 54466 0
2877 58562 1
6717 58562 0
41757 23746 0
25373 40130 0
49949 15554 0
35613 29890 0
19229 46274 0
11037 54466 0
1853 30914 1
33597 30914 0
1853 47298 1
17213 47298 0
17725 47298 0
1853 55490 1
9021 55490 0
9533 55490 0
17981 47298 0
9789 55490 0
1853 59586 1
5693 59586 0
34589 30914 0
18205 47298 0
10013 55490 0
43565 21954 0
27181 38338 0
51757 13762 0
39469 26050 0
23085 42434 0
14893 50626 0
45613 19906 0
29229 36290 0
53805 11714 0
57901 7618 0
26157 39362 0
22061 43458 0
13869 51650 0
20013 45506 0
11821 53698 0
7725 57794 0
27693 37826 0
23597 41922 0
15405 50114 0
29741 35778 0
47149 18370 0
30765 34754 0
55341 10178 0
59437 6082 0
43309 22210 0
26925 38594 0
51501 14018 0
39213 26306 0
22829 42690 0
14637 50882 0
45357 20162 0
28973 36546 0
53549 11970 0
57645 7874 0
25901 39618 0
21805 43714 0
13613 51906 0
19757 45762 0
11565 53954 0
7469 58050 0
41773 23746 0
25389 40130 0
49965 15554 0
37677 27842 0
21293 44226 0
13101 52418 0
35629 29890 0
19245 46274 0
11053 54466 0
6957 58562 0
18221 47298 0
10029 55490 0
5933 59586 0
18621 14146 0
10429 22338 0
10429 38722 0
18621 38722 0
41149 22338 1
24765 38722 1
49341 14146 1
6333 26434 0
6333 42818 0
18621 42818 0
37053 26434 1
20669 42818 1
6333 51010 0
10429 51010 0
12477 51010 1
43069 22338 0
26685 38722 0
51261 14146 0
38973 26434 0
22589 42818 0
14397 51010 0
17597 15170 0
9405 23362 0
9405 39746 0
17597 39746 0
41149 23362 1
24765 39746 1
49341 15170 1
5309 27458 0
5309 43842 0
17597 43842 0
37053 27458 1
20669 43842 1
5309 52034 0
9405 52034 0
12477 52034 1
25661 39746 0
21565 43842 0
13373 52034 0
3261 29506 1
3261 45890 1
17597 45890 0
18621 45890 0
3261 54082 1
9405 54082 0
10429 54082 0
19517 45890 0
11325 54082 0
3261 58178 1
5309 58178 0
6333 58178 0
7229 58178 0
26781 38722 0
22685 42818 1
14493 51010 0
42141 23362 0
25757 39746 0
50333 15170 1
38045 27458 1
21661 43842 1
13469 52034 0
19613 45890 1
11421 54082 0
7325 58178 1
17085 15682 0
33469 15682 0
8893 23874 0
33469 23874 0
8893 40258 0
17085 40258 0
41149 23874 1
24765 40258 1
49341 15682 1
4797 27970 0
33469 27970 0
4797 44354 0
17085 44354 0
37053 27970 1
20669 44354 1
4797 52546 0
8893 52546 0
12477 52546 1
41533 23874 0
25149 40258 0
49725 15682 0
37437 27970 0
21053 44354 0
12861 52546 0
2749 30018 1
33469 30018 0
2749 46402 1
17085 46402 0
18621 46402 0
2749 54594 1
8893 54594 0
10429 54594 0
35389 30018 0
19005 46402 0
10813 54594 0
2749 58690 1
4797 58690 0
6333 58690 0
6717 58690 0
41629 23874 0
25245 40258 0
49821 15682 0
37533 27970 0
21149 44354 0
12957 52546 0
19101 46402 0
10909 54594 0
6813 58690 0
1725 31042 1
33469 31042 0
1725 47426 1
17085 47426 0
17597 47426 0
1725 55618 1
8893 55618 0
9405 55618 0
17981 47426 0
9789 55618 0
1725 59714 1
4797 59714 0
5309 59714 0
5693 59714 0
34461 31042 0
18077 47426 0
9885 55618 0
5789 59714 0
26797 38722 0
22701 42818 0
14509 51010 0
25773 39746 0
21677 43842 0
13485 52034 0
19629 45890 0
11437 54082 0
7341 58178 0
41645 23874 0
25261 40258 0
49837 15682 0
37549 27970 0
21165 44354 0
12973 52546 0
19117 46402 0
10925 54594 0
6829 58690 0
18093 47426 0
9901 55618 0
5805 59714 0
16829 15938 0
33213 15938 0
8637 24130 0
33213 24130 0
8637 40514 0
16829 40514 0
41149 24130 1
24765 40514 1
49341 15938 1
33213 28226 0
16829 44610 0
37053 28226 1
20669 44610 1
8637 52802 0
12477 52802 1
41277 24130 0
24893 40514 0
49469 15938 0
2493 30274 1
33213 30274 0
2493 46658 1
16829 46658 0
18621 46658 0
2493 54850 1
8637 54850 0
10429 54850 0
35133 30274 0
18749 46658 0
10557 54850 0
2493 58946 1
6333 58946 0
41373 24130 0
24989 40514 0
49565 15938 1
18845 46658 1
10653 54850 0
1469 31298 1
33213 31298 0
1469 47682 1
16829 47682 0
17597 47682 0
1469 55874 1
8637 55874 0
9405 55874 0
17725 47682 0
9533 55874 0
1469 59970 1
5309 59970 0
34205 31298 1
17821 47682 1
9629 55874 0
41389 24130 0
25005 40514 0
49581 15938 0
37293 28226 0
20909 44610 0
12717 52802 0
18861 46658 0
10669 54850 0
6573 58946 0
17837 47682 0
9645 55874 0
5549 59970 0
957 31810 1
33213 31810 0
957 48194 1
16829 48194 0
33469 31810 0
17085 48194 0
957 56386 1
8637 56386 0
8893 56386 0
33597 31810 0
17213 48194 0
9021 56386 0
957 60482 1
4797 60482 0
33693 31810 0
17309 48194 0
9117 56386 0
33709 31810 0
17325 48194 0
9133 56386 0
5037 60482 0
43573 21954 0
27189 38338 0
51765 13762 0
39477 26050 0
23093 42434 0
14901 50626 0
45621 19906 0
29237 36290 1
53813 11714 0
57909 7618 0
26165 39362 1
22069 43458 1
13877 51650 1
20021 45506 0
11829 53698 0
7733 57794 0
27701 37826 1
23605 41922 0
15413 50114 0
29749 35778 1
47157 18370 0
30773 34754 0
55349 10178 0
59445 6082 1
43317 22210 1
26933 38594 1
51509 14018 1
57653 7874 1
25909 39618 1
19765 45762 1
11573 53954 1
41781 23746 0
25397 40130 1
49973 15554 0
35637 29890 0
19253 46274 0
11061 54466 0
18229 47298 1
10037 55490 1
43189 22338 1
26805 38722 1
51381 14146 1
39093 26434 0
22709 42818 0
14517 51010 0
25781 39746 1
21685 43842 0
13493 52034 0
19637 45890 1
11445 54082 1
7349 58178 0
41653 23874 0
25269 40258 0
49845 15682 0
37557 27970 0
21173 44354 0
12981 52546 0
35509 30018 0
19125 46402 0
10933 54594 0
6837 58690 0
18101 47426 0
9909 55618 0
5813 59714 0
41397 24130 1
25013 40514 1
49589 15938 1
35253 30274 1
18869 46658 1
10677 54850 1
17845 47682 1
9653 55874 1
33717 31810 0
17333 48194 0
9141 56386 0
18557 14210 0
34941 14210 0
10365 22402 0
34941 22402 0
10365 38786 0
18557 38786 0
41085 22402 1
24701 38786 1
49277 14210 1
6269 26498 0
34941 26498 0
6269 42882 0
18557 42882 0
36989 26498 1
20605 42882 1
6269 51074 0
10365 51074 0
12413 51074 1
43069 22402 0
26685 38786 0
51261 14210 0
38973 26498 0
22589 42882 0
14397 51074 0
9341 23426 0
9341 39810 0
41085 23426 1
24701 39810 1
49277 15234 1
5245 27522 0
5245 43906 0
36989 27522 1
20605 43906 1
5245 52098 0
9341 52098 0
12413 52098 1
25661 39810 0
21565 43906 0
13373 52098 0
3197 29570 1
3197 45954 1
34941 29570 0
18557 45954 0
3197 54146 1
9341 54146 0
10365 54146 0
19517 45954 0
11325 54146 0
3197 58242 1
5245 58242 0
6269 58242 0
7229 58242 0
43101 22402 0
26717 38786 0
51293 14210 1
39005 26498 1
22621 42882 1
14429 51074 0
42077 23426 0
37981 27522 1
13405 52098 0
35933 29570 1
11357 54146 0
7261 58242 1
17021 15746 0
33405 15746 0
8829 23938 0
33405 23938 0
8829 40322 0
17021 40322 0
41085 23938 1
24701 40322 1
49277 15746 1
33405 28034 0
17021 44418 0
36989 28034 1
20605 44418 1
8829 52610 0
12413 52610 1
41533 23938 0
25149 40322 0
49725 15746 0
37437 28034 0
21053 44418 0
12861 52610 0
2685 30082 1
33405 30082 0
2685 46466 1
17021 46466 0
34941 30082 0
18557 46466 0
2685 54658 1
8829 54658 0
10365 54658 0
35389 30082 0
19005 46466 0
10813 54658 0
2685 58754 1
6269 58754 0
6717 58754 0
41565 23938 0
25181 40322 0
49757 15746 0
35421 30082 0
19037 46466 0
10845 54658 0
1661 31106 1
33405 31106 0
1661 47490 1
17021 47490 0
1661 55682 1
8829 55682 0
9341 55682 0
17981 47490 0
9789 55682 0
1661 59778 1
5245 59778 0
5693 59778 0
34397 31106 0
9821 55682 0
43117 22402 0
26733 38786 0
51309 14210 0
39021 26498 0
22637 42882 0
14445 51074 0
13421 52098 0
11373 54146 0
7277 58242 0
41581 23938 0
25197 40322 0
49773 15746 0
35437 30082 0
19053 46466 0
10861 54658 0
9837 55682 0
16765 16002 0
33149 16002 0
8573 24194 0
33149 24194 0
8573 40578 0
16765 40578 0
41085 24194 1
24701 40578 1
49277 16002 1
33149 28290 0
16765 44674 0
36989 28290 1
20605 44674 1
8573 52866 0
12413 52866 1
41277 24194 0
24893 40578 0
49469 16002 0
2429 30338 1
33149 30338 0
2429 46722 1
16765 46722 0
34941 30338 0
18557 46722 0
2429 54914 1
8573 54914 0
10365 54914 0
35133 30338 0
18749 46722 0
10557 54914 0
2429 59010 1
6269 59010 0
41309 24194 0
24925 40578 0
49501 16002 1
35165 30338 1
18781 46722 1
10589 54914 0
1405 31362 1
33149 31362 0
1405 47746 1
16765 47746 0
1405 55938 1
8573 55938 0
9341 55938 0
17725 47746 0
9533 55938 0
1405 60034 1
5245 60034 0
34141 31362 1
9565 55938 0
41325 24194 0
24941 40578 0
49517 16002 0
37229 28290 0
20845 44674 0
12653 52866 0
35181 30338 0
18797 46722 0
10605 54914 0
6509 59010 0
9581 55938 0
5485 60034 0
893 31874 1
33149 31874 0
893 48258 1
16765 48258 0
33405 31874 0
17021 48258 0
893 56450 1
8573 56450 0
8829 56450 0
33597 31874 0
17213 48258 0
9021 56450 0
893 60546 1
33629 31874 0
17245 48258 0
9053 56450 0
33645 31874 0
17261 48258 0
9069 56450 0
43125 22402 0
26741 38786 0
51317 14210 0
39029 26498 0
22645 42882 0
14453 51074 0
13429 52098 1
11381 54146 0
7285 58242 0
41589 23938 0
25205 40322 1
49781 15746 0
37493 28034 0
21109 44418 1
12917 52610 1
35445 30082 0
19061 46466 0
10869 54658 0
6773 58754 0
9845 55682 1
5749 59778 1
41333 24194 0
24949 40578 1
49525 16002 0
35189 30338 0
18805 46722 0
10613 54914 0
9589 55938 1
33653 31874 0
17269 48258 1
9077 56450 1
34941 30466 0
18557 46850 0
10365 55042 0
18621 46850 0
10429 55042 0
6269 59138 0
6333 59138 0
18653 46850 1
10461 55042 0
6365 59138 1
9341 56066 0
17597 47874 0
9405 56066 0
5245 60162 0
5309 60162 0
34013 31490 1
9437 56066 0
5341 60162 1
18669 46850 0
10477 55042 0
6381 59138 0
9453 56066 0
5357 60162 0
33405 32002 0
17021 48386 0
8829 56578 0
33469 32002 0
17085 48386 0
8893 56578 0
4797 60674 0
33501 32002 0
17117 48386 0
8925 56578 0
33517 32002 0
17133 48386 0
8941 56578 0
33149 32258 0
16765 48642 0
8573 56834 0
33213 32258 0
16829 48642 0
8637 56834 0
33245 32258 1
16861 48642 1
8669 56834 0
33261 32258 0
16877 48642 0
8685 56834 0
4589 60930 0
25945 6822 0
42329 6822 0
42329 19110 0
25945 35494 0
50521 6822 1
11609 21158 0
36185 21158 1
11609 37542 0
19801 37542 1
42329 21158 0
25945 37542 0
11609 49830 0
26969 5798 0
43353 5798 0
43353 18086 0
26969 34470 0
51545 5798 1
43353 21158 0
26969 37542 0
57689 3750 0
57689 5798 0
57689 6822 0
25433 7334 0
41817 7334 0
41817 19622 0
25433 36006 0
50009 7334 0
50009 11430 0
19289 13478 0
35673 13478 0
11097 21670 0
35673 21670 0
11097 38054 0
19289 38054 0
41817 21670 0
25433 38054 0
50009 13478 0
35673 25766 0
19289 42150 0
11097 50342 0
43353 21670 0
26969 38054 0
51545 13478 1
57689 7334 0
18265 14502 0
34649 14502 0
10073 22694 0
34649 22694 0
10073 39078 0
18265 39078 0
41817 22694 0
25433 39078 0
50009 14502 0
34649 26790 0
18265 43174 0
10073 51366 0
42329 22694 0
25945 39078 0
50521 14502 1
34649 28838 0
18265 45222 0
35673 28838 0
19289 45222 0
10073 53414 0
11097 53414 0
36185 28838 1
19801 45222 1
11609 53414 0
26201 6566 0
42585 6566 0
42585 18854 0
26201 35238 0
50777 6566 0
50777 10662 0
20057 12710 0
36441 12710 0
11865 20902 0
36441 20902 0
11865 37286 0
20057 37286 0
42585 20902 0
26201 37286 0
50777 12710 0
36441 24998 0
20057 41382 0
11865 49574 0
27225 5542 0
43609 5542 0
43609 17830 0
27225 34214 0
51801 5542 0
51801 9638 0
43609 20902 0
27225 37286 0
51801 12710 0
57945 3494 0
57945 5542 0
57945 6566 0
43609 21670 0
27225 38054 0
51801 13478 0
57945 7334 0
42585 22694 0
26201 39078 0
50777 14502 0
36441 28838 0
20057 45222 0
11865 53414 0
15449 17318 0
40025 17318 1
15449 33702 0
23641 33702 1
27737 5030 0
44121 5030 0
44121 17318 0
27737 33702 0
52313 5030 1
44121 20902 0
27737 37286 0
52313 12710 1
40025 24998 1
23641 41382 1
15449 49574 0
29785 2982 0
46169 2982 0
46169 17318 0
29785 33702 0
54361 2982 1
46169 18854 0
29785 35238 0
54361 10662 1
58457 2982 0
58457 5030 0
58457 6566 0
44121 21158 0
27737 37542 0
15449 49830 0
46169 19110 0
29785 35494 0
58457 6822 0
30809 1958 0
47193 1958 0
47193 17318 0
30809 33702 0
55385 1958 1
47193 17830 0
30809 34214 0
55385 9638 1
59481 1958 0
59481 5030 0
59481 5542 0
47193 18086 0
30809 34470 0
59481 5798 0
13529 19238 0
38105 19238 1
13529 35622 0
21721 35622 1
25817 6950 0
42201 6950 0
42201 19238 0
25817 35622 0
50393 6950 1
11481 21286 0
11481 37670 0
19673 37670 1
42201 21286 0
25817 37670 0
7385 49958 1
11481 49958 0
13529 49958 0
14553 18214 0
14553 34598 0
22745 34598 1
26841 5926 0
26841 34598 0
26841 37670 0
14553 49958 0
45273 18214 1
28889 34598 1
45273 19238 1
28889 35622 1
57561 5926 1
57561 6950 1
25305 7462 0
41689 7462 0
41689 19750 0
25305 36134 0
49881 7462 0
49881 11558 0
19161 13606 0
10969 21798 0
10969 38182 0
19161 38182 0
41689 21798 0
25305 38182 0
49881 13606 0
19161 42278 0
10969 50470 0
26841 38182 0
22745 42278 1
14553 50470 0
45273 19750 1
28889 36134 1
53465 11558 1
57561 7462 1
18137 14630 0
34521 14630 0
9945 22822 0
34521 22822 0
9945 39206 0
18137 39206 0
41689 22822 0
25305 39206 0
49881 14630 0
34521 26918 0
18137 43302 0
9945 51494 0
42201 22822 0
25817 39206 0
50393 14630 1
38105 26918 1
21721 43302 1
13529 51494 0
3801 28966 1
34521 28966 0
3801 45350 1
18137 45350 0
19161 45350 0
3801 53542 1
9945 53542 0
10969 53542 0
19673 45350 1
11481 53542 0
3801 57638 1
7385 57638 1
43609 21798 0
27225 38182 0
51801 13606 0
57945 7462 0
42585 22822 0
26201 39206 0
50777 14630 0
36441 28966 0
20057 45350 0
11865 53542 0
44121 21286 0
27737 37670 0
15449 49958 0
46169 19238 0
29785 35622 0
58457 6950 0
47193 18214 0
30809 34598 0
59481 5926 0
25049 7718 0
41433 7718 0
41433 20006 0
25049 36390 0
49625 7718 1
10713 22054 0
10713 38438 0
18905 38438 1
41433 22054 0
25049 38438 0
10713 50726 0
26841 38438 0
14553 50726 0
45273 20006 1
28889 36390 1
57561 7718 1
9689 23078 0
34265 23078 1
9689 39462 0
17881 39462 1
41433 23078 0
25049 39462 0
9689 51750 0
42201 23078 0
25817 39462 0
13529 51750 0
3545 53798 1
9689 53798 0
10713 53798 0
11481 53798 0
43353 22054 0
26969 38438 0
57689 7718 0
42329 23078 0
25945 39462 0
11609 53798 0
17369 15398 0
33753 15398 0
9177 23590 0
33753 23590 0
9177 39974 0
17369 39974 0
41433 23590 0
25049 39974 0
49625 15398 1
33753 27686 0
17369 44070 0
9177 52262 0
41689 23590 0
25305 39974 0
49881 15398 0
3033 29734 1
33753 29734 0
3033 46118 1
17369 46118 0
18905 46118 1
3033 54310 1
9177 54310 0
10713 54310 0
19161 46118 0
10969 54310 0
3033 58406 1
41817 23590 0
25433 39974 0
50009 15398 0
35673 29734 0
19289 46118 0
11097 54310 0
2009 30758 1
33753 30758 0
2009 47142 1
17369 47142 0
34265 30758 1
17881 47142 1
2009 55334 1
9177 55334 0
9689 55334 0
34521 30758 0
18137 47142 0
9945 55334 0
2009 59430 1
34649 30758 0
18265 47142 0
10073 55334 0
26009 6758 0
42393 6758 0
42393 19046 0
26009 35430 0
50585 6758 1
11673 21094 0
11673 37478 0
19865 37478 1
42393 21094 0
26009 37478 0
11673 49766 0
27033 5734 0
27033 34406 0
27033 37478 0
57753 3686 0
57753 5734 0
57753 6758 0
25497 7270 0
41881 7270 1
25497 35942 0
50073 7270 0
50073 11366 0
19353 13414 0
11161 37990 1
19353 37990 0
25497 37990 0
50073 13414 0
19353 42086 0
27033 37990 0
57753 7270 0
18329 14438 0
34713 14438 0
10137 22630 0
34713 22630 0
10137 39014 0
18329 39014 0
41881 22630 1
25497 39014 0
50073 14438 0
34713 26726 0
18329 43110 0
10137 51302 0
42393 22630 0
26009 39014 0
50585 14438 1
34713 28774 0
18329 45158 0
19353 45158 0
10137 53350 0
11161 53350 1
19865 45158 1
11673 53350 0
22169 10598 0
38553 10598 0
13977 18790 0
38553 18790 0
13977 35174 0
22169 35174 0
26265 6502 0
42649 6502 0
42649 18790 0
26265 35174 0
50841 6502 0
50841 10598 0
20121 12646 0
11929 20838 0
11929 37222 0
20121 37222 0
42649 20838 0
26265 37222 0
50841 12646 0
7833 24934 0
7833 41318 0
20121 41318 0
38553 24934 0
22169 41318 0
7833 49510 0
11929 49510 0
13977 49510 0
23193 9574 0
15001 34150 1
23193 34150 0
27289 5478 0
27289 34150 0
27289 37222 0
23193 41318 0
15001 49510 1
29337 3430 0
45721 3430 1
29337 34150 0
53913 3430 0
53913 9574 0
45721 18790 1
29337 35174 0
53913 10598 0
58009 3430 0
58009 5478 0
58009 6502 0
27289 37990 0
23193 42086 0
29337 35942 0
53913 11366 0
58009 7270 0
42649 22630 0
26265 39014 0
50841 14438 0
38553 26726 0
22169 43110 0
13977 51302 0
20121 45158 0
11929 53350 0
7833 57446 0
15513 17254 0
15513 33638 0
23705 33638 1
27801 4966 0
27801 33638 0
27801 37222 0
23705 41318 1
15513 49510 0
29849 2918 0
46233 2918 0
46233 17254 0
29849 33638 0
54425 2918 1
46233 18790 0
29849 35174 0
54425 10598 1
58521 2918 0
58521 4966 0
58521 6502 0
27801 37478 0
15513 49766 0
46233 19046 0
29849 35430 0
58521 6758 0
30873 1894 0
30873 33638 0
30873 34150 0
30873 34406 0
27289 38182 0
23193 42278 0
15001 50470 1
45721 19750 1
29337 36134 0
53913 11558 0
58009 7462 0
42649 22822 0
26265 39206 0
50841 14630 0
38553 26918 0
22169 43302 0
13977 51494 0
20121 45350 0
11929 53542 0
7833 57638 0
27801 37670 0
15513 49958 0
46233 19238 0
29849 35622 0
58521 6950 0
30873 34598 0
27033 38438 0
57753 7718 0
42393 23078 0
26009 39462 0
11673 53798 0
41881 23590 1
25497 39974 0
50073 15398 0
19353 46118 0
11161 54310 1
34713 30758 0
18329 47142 0
10137 55334 0
26393 6374 0
42777 6374 0
42777 18662 0
26393 35046 0
50969 6374 0
50969 10470 0
42777 20710 0
26393 37094 0
50969 12518 0
27417 5350 0
43801 5350 1
27417 34022 0
51993 5350 0
51993 9446 0
43801 20710 1
27417 37094 0
51993 12518 0
58137 3302 0
58137 5350 0
58137 6374 0
27417 37990 0
51993 13414 0
58137 7270 0
42777 22630 0
26393 39014 0
50969 14438 0
27929 4838 0
44313 4838 0
44313 17126 0
27929 33510 0
52505 4838 1
44313 20710 0
27929 37094 0
52505 12518 1
58649 2790 0
58649 4838 0
58649 6374 0
44313 21094 0
27929 37478 0
58649 6758 0
59673 1766 0
59673 4838 0
59673 5350 0
59673 5734 0
43801 21670 1
27417 38054 0
51993 13478 0
58137 7334 0
42777 22694 0
26393 39078 0
50969 14502 0
44313 21158 0
27929 37542 0
58649 6822 0
59673 5798 0
24089 8678 0
40473 8678 0
15897 16870 0
40473 16870 0
15897 33254 0
24089 33254 0
28185 4582 0
44569 4582 0
44569 16870 0
28185 33254 0
52761 4582 0
52761 8678 0
44569 20710 0
28185 37094 0
52761 12518 0
40473 24806 0
24089 41190 0
15897 49382 0
30233 2534 0
46617 2534 0
46617 16870 0
30233 33254 0
54809 2534 0
54809 8678 0
46617 18662 0
30233 35046 0
54809 10470 0
58905 2534 0
58905 4582 0
58905 6374 0
44569 20838 0
28185 37222 0
52761 12646 0
40473 24934 0
24089 41318 0
15897 49510 0
46617 18790 0
30233 35174 0
54809 10598 0
58905 6502 0
31257 1510 0
47641 1510 1
47641 16870 1
31257 33254 0
55833 1510 0
55833 8678 0
31257 34022 0
55833 9446 0
59929 1510 0
59929 4582 0
59929 5350 0
31257 34150 0
55833 9574 0
59929 5478 0
44569 20902 0
28185 37286 0
52761 12710 0
40473 24998 0
24089 41382 0
15897 49574 0
46617 18854 0
30233 35238 0
54809 10662 0
58905 6566 0
47641 17830 1
31257 34214 0
55833 9638 0
59929 5542 0
31769 998 0
48153 998 0
48153 16870 0
31769 33254 0
56345 998 1
56345 8678 1
48153 17126 0
31769 33510 0
60441 998 0
60441 4582 0
60441 4838 0
48153 17254 0
31769 33638 0
60441 4966 0
48153 17318 0
31769 33702 0
60441 5030 0
25913 6854 0
25913 35526 0
19769 12998 0
11577 21190 0
11577 37574 0
19769 37574 0
25913 37574 0
19769 41670 0
11577 49862 0
26937 5830 0
43321 5830 1
26937 34502 0
51513 5830 0
51513 9926 0
43321 21190 1
26937 37574 0
51513 12998 0
57657 3782 0
57657 5830 0
57657 6854 0
25401 7366 0
41785 7366 1
25401 36038 0
49977 7366 0
49977 11462 0
19257 13510 0
35641 13510 1
11065 38086 1
19257 38086 0
25401 38086 0
49977 13510 0
19257 42182 0
26937 38086 0
51513 13510 0
57657 7366 0
18233 14534 0
10041 22726 0
10041 39110 0
18233 39110 0
41785 22726 1
25401 39110 0
49977 14534 0
18233 43206 0
10041 51398 0
25913 39110 0
18233 45254 0
35641 28870 1
19257 45254 0
10041 53446 0
11065 53446 1
19769 45254 0
11577 53446 0
22073 10694 0
13881 18886 0
13881 35270 0
22073 35270 0
26169 6598 0
26169 35270 0
20025 12742 0
11833 20934 0
11833 37318 0
20025 37318 0
26169 37318 0
7737 25030 0
7737 41414 0
20025 41414 0
22073 41414 0
7737 49606 0
11833 49606 0
13881 49606 0
23097 9670 0
39481 9670 1
14905 34246 1
23097 34246 0
27193 5574 0
43577 5574 1
27193 34246 0
51769 5574 0
51769 9670 0
43577 20934 1
27193 37318 0
51769 12742 0
39481 25030 1
23097 41414 0
14905 49606 1
29241 3526 0
45625 3526 1
29241 34246 0
53817 3526 0
53817 9670 0
45625 18886 1
29241 35270 0
53817 10694 0
57913 3526 0
57913 5574 0
57913 6598 0
27193 38086 0
51769 13510 0
23097 42182 0
29241 36038 0
53817 11462 0
57913 7366 0
26169 39110 0
22073 43206 0
13881 51398 0
20025 45254 0
11833 53446 0
7737 57542 0
23609 9158 0
15417 17350 0
15417 33734 0
23609 33734 0
27705 5062 0
27705 33734 0
27705 37318 0
23609 41414 0
15417 49606 0
29753 3014 0
29753 33734 0
29753 35270 0
27705 37574 0
23609 41670 0
15417 49862 0
29753 35526 0
30777 1990 0
47161 1990 1
47161 17350 1
30777 33734 0
55353 1990 0
55353 9158 0
30777 34246 0
55353 9670 0
59449 1990 0
59449 5062 0
59449 5574 0
30777 34502 0
55353 9926 0
59449 5830 0
21689 11078 0
13497 19270 0
13497 35654 0
21689 35654 0
25785 6982 0
25785 35654 0
19641 13126 0
11449 21318 0
11449 37702 0
19641 37702 0
25785 37702 0
7353 25414 0
7353 41798 0
19641 41798 0
21689 41798 0
7353 49990 0
11449 49990 0
13497 49990 0
22713 10054 0
14521 34630 1
22713 34630 0
26809 5958 0
26809 34630 0
26809 37702 0
22713 41798 0
14521 49990 1
28857 34630 1
53433 10054 1
45241 19270 1
28857 35654 1
53433 11078 1
57529 5958 1
57529 6982 1
21177 11590 0
37561 11590 1
12985 36166 1
21177 36166 0
25273 7494 0
41657 7494 1
25273 36166 0
49849 7494 0
49849 11590 0
19129 13638 0
10937 38214 1
19129 38214 0
25273 38214 0
49849 13638 0
6841 42310 1
19129 42310 0
21177 42310 0
26809 38214 0
22713 42310 0
28857 36166 1
53433 11590 1
57529 7494 1
18105 14662 0
9913 22854 0
9913 39238 0
18105 39238 0
41657 22854 1
25273 39238 0
49849 14662 0
5817 26950 0
5817 43334 0
18105 43334 0
37561 26950 1
21177 43334 0
5817 51526 0
9913 51526 0
12985 51526 1
25785 39238 0
21689 43334 0
13497 51526 0
3769 28998 1
3769 45382 1
18105 45382 0
19129 45382 0
3769 53574 1
9913 53574 0
10937 53574 1
19641 45382 0
11449 53574 0
3769 57670 1
5817 57670 0
6841 57670 1
7353 57670 0
27193 38214 0
51769 13638 0
23097 42310 0
29241 36166 0
53817 11590 0
57913 7494 0
26169 39238 0
22073 43334 0
13881 51526 0
20025 45382 0
11833 53574 0
7737 57670 0
27705 37702 0
23609 41798 0
15417 49990 0
29753 35654 0
30777 34630 0
55353 10054 0
59449 5958 0
25017 7750 0
41401 7750 1
25017 36422 0
49593 7750 0
49593 11846 0
18873 13894 0
10681 38470 1
18873 38470 0
25017 38470 0
49593 13894 0
18873 42566 0
26809 38470 0
22713 42566 0
28857 36422 1
53433 11846 1
57529 7750 1
17849 14918 0
9657 23110 0
9657 39494 0
17849 39494 0
41401 23110 1
25017 39494 0
49593 14918 0
17849 43590 0
9657 51782 0
25785 39494 0
21689 43590 0
13497 51782 0
3513 29254 1
3513 45638 1
17849 45638 0
18873 45638 0
3513 53830 1
9657 53830 0
10681 53830 1
19641 45638 0
11449 53830 0
3513 57926 1
7353 57926 0
26937 38470 0
51513 13894 0
57657 7750 0
25913 39494 0
19769 45638 0
11577 53830 0
17337 15430 0
33721 15430 1
9145 40006 1
17337 40006 0
25017 40006 0
49593 15430 0
17337 44102 0
25273 40006 0
49849 15430 0
21177 44102 0
3001 46150 1
17337 46150 0
18873 46150 0
19129 46150 0
25401 40006 0
49977 15430 0
19257 46150 0
1977 30790 1
33721 30790 1
1977 47174 1
17337 47174 0
17849 47174 0
1977 55366 1
9145 55366 1
9657 55366 0
18105 47174 0
9913 55366 0
1977 59462 1
5817 59462 0
18233 47174 0
10041 55366 0
27289 38214 0
23193 42310 0
29337 36166 0
53913 11590 0
58009 7494 0
42649 22854 0
26265 39238 0
50841 14662 0
38553 26950 0
22169 43334 0
13977 51526 0
20121 45382 0
11929 53574 0
7833 57670 0
27801 37702 0
23705 41798 1
15513 49990 0
46233 19270 0
29849 35654 0
54425 11078 1
58521 6982 0
30873 34630 0
27033 38470 0
57753 7750 0
42393 23110 0
26009 39494 0
50585 14918 1
19865 45638 1
11673 53830 0
25497 40006 0
50073 15430 0
19353 46150 0
34713 30790 0
18329 47174 0
10137 55366 0
27417 38086 0
51993 13510 0
58137 7366 0
42777 22726 0
26393 39110 0
50969 14534 0
44313 21190 0
27929 37574 0
52505 12998 1
58649 6854 0
59673 5830 0
44569 20934 0
28185 37318 0
52761 12742 0
40473 25030 0
24089 41414 0
15897 49606 0
46617 18886 0
30233 35270 0
54809 10694 0
58905 6598 0
31257 34246 0
55833 9670 0
59929 5574 0
48153 17350 0
31769 33734 0
56345 9158 1
60441 5062 0
21625 11142 0
13433 19334 0
13433 35718 0
21625 35718 0
25721 7046 0
25721 35718 0
19577 13190 0
11385 21382 0
11385 37766 0
19577 37766 0
25721 37766 0
7289 25478 0
7289 41862 0
19577 41862 0
21625 41862 0
7289 50054 0
11385 50054 0
13433 50054 0
22649 10118 0
39033 10118 0
14457 18310 0
39033 18310 0
14457 34694 0
22649 34694 0
26745 6022 0
43129 6022 0
43129 18310 0
26745 34694 0
51321 6022 0
51321 10118 0
43129 21382 0
26745 37766 0
51321 13190 0
39033 25478 0
22649 41862 0
14457 50054 0
45177 18310 1
28793 34694 1
53369 10118 1
45177 19334 1
28793 35718 1
53369 11142 1
57465 6022 1
57465 7046 1
25209 7558 0
41593 7558 0
41593 19846 0
25209 36230 0
49785 7558 0
49785 11654 0
19065 13702 0
35449 13702 0
10873 21894 0
35449 21894 0
10873 38278 0
19065 38278 0
41593 21894 0
25209 38278 0
49785 13702 0
35449 25990 0
19065 42374 0
10873 50566 0
43129 21894 0
26745 38278 0
51321 13702 0
39033 25990 0
22649 42374 0
14457 50566 0
45177 19846 1
28793 36230 1
53369 11654 1
57465 7558 1
18041 14726 0
9849 22918 0
9849 39302 0
18041 39302 0
41593 22918 0
25209 39302 0
49785 14726 0
18041 43398 0
9849 51590 0
25721 39302 0
21625 43398 0
13433 51590 0
3705 29062 1
3705 45446 1
18041 45446 0
35449 29062 0
19065 45446 0
3705 53638 1
9849 53638 0
10873 53638 0
19577 45446 0
11385 53638 0
3705 57734 1
7289 57734 0
43577 21894 1
27193 38278 0
51769 13702 0
39481 25990 1
23097 42374 0
14905 50566 1
45625 19846 1
29241 36230 0
53817 11654 0
57913 7558 0
26169 39302 0
22073 43398 0
13881 51590 0
20025 45446 0
11833 53638 0
7737 57734 0
27705 37766 0
23609 41862 0
15417 50054 0
29753 35718 0
47161 18310 1
30777 34694 0
55353 10118 0
59449 6022 0
24953 7814 0
41337 7814 0
41337 20102 0
24953 36486 0
49529 7814 0
49529 11910 0
18809 13958 0
35193 13958 0
10617 22150 0
35193 22150 0
10617 38534 0
18809 38534 0
41337 22150 0
24953 38534 0
49529 13958 0
35193 26246 0
18809 42630 0
10617 50822 0
43129 22150 0
26745 38534 0
51321 13958 0
39033 26246 0
22649 42630 0
14457 50822 0
45177 20102 1
28793 36486 1
53369 11910 1
57465 7814 1
17785 14982 0
9593 23174 0
9593 39558 0
17785 39558 0
41337 23174 0
24953 39558 0
49529 14982 0
17785 43654 0
9593 51846 0
25721 39558 0
21625 43654 0
13433 51846 0
3449 29318 1
3449 45702 1
17785 45702 0
35193 29318 0
18809 45702 0
3449 53894 1
9593 53894 0
10617 53894 0
19577 45702 0
11385 53894 0
3449 57990 1
7289 57990 0
43321 22150 1
26937 38534 0
51513 13958 0
57657 7814 0
25913 39558 0
19769 45702 0
11577 53894 0
17273 15494 0
33657 15494 0
9081 23686 0
33657 23686 0
9081 40070 0
17273 40070 0
41337 23686 0
24953 40070 0
49529 15494 0
33657 27782 0
17273 44166 0
9081 52358 0
41593 23686 0
25209 40070 0
49785 15494 0
2937 29830 1
33657 29830 0
2937 46214 1
17273 46214 0
35193 29830 0
18809 46214 0
2937 54406 1
9081 54406 0
10617 54406 0
35449 29830 0
19065 46214 0
10873 54406 0
2937 58502 1
41785 23686 1
25401 40070 0
49977 15494 0
35641 29830 1
19257 46214 0
11065 54406 1
1913 30854 1
33657 30854 0
1913 47238 1
17273 47238 0
17785 47238 0
1913 55430 1
9081 55430 0
9593 55430 0
18041 47238 0
9849 55430 0
1913 59526 1
18233 47238 0
10041 55430 0
43609 21894 0
27225 38278 0
51801 13702 0
57945 7558 0
42585 22918 0
26201 39302 0
50777 14726 0
36441 29062 0
20057 45446 0
11865 53638 0
44121 21382 0
27737 37766 0
52313 13190 1
40025 25478 1
23641 41862 1
15449 50054 0
46169 19334 0
29785 35718 0
54361 11142 1
58457 7046 0
47193 18310 0
30809 34694 0
55385 10118 1
59481 6022 0
43353 22150 0
26969 38534 0
51545 13958 1
57689 7814 0
42329 23174 0
25945 39558 0
50521 14982 1
36185 29318 1
19801 45702 1
11609 53894 0
41817 23686 0
25433 40070 0
50009 15494 0
35673 29830 0
19289 46214 0
11097 54406 0
34649 30854 0
18265 47238 0
10073 55430 0
43129 22278 0
26745 38662 0
51321 14086 0
39033 26374 0
22649 42758 0
14457 50950 0
25721 39686 0
21625 43782 0
13433 51974 0
19577 45830 0
11385 54022 0
7289 58118 0
26809 38662 0
22713 42758 0
14521 50950 1
25785 39686 0
21689 43782 0
13497 51974 0
19641 45830 0
11449 54022 0
7353 58118 0
41593 23814 0
25209 40198 0
49785 15622 0
35449 29958 0
19065 46342 0
10873 54534 0
41657 23814 1
25273 40198 0
49849 15622 0
37561 27910 1
21177 44294 0
12985 52486 1
19129 46342 0
10937 54534 1
6841 58630 1
18041 47366 0
9849 55558 0
18105 47366 0
9913 55558 0
5817 59654 0
26841 38662 0
22745 42758 1
14553 50950 0
42201 23302 0
25817 39686 0
50393 15110 1
38105 27398 1
21721 43782 1
13529 51974 0
19673 45830 1
11481 54022 0
7385 58118 1
41689 23814 0
25305 40198 0
49881 15622 0
19161 46342 0
10969 54534 0
34521 30982 0
18137 47366 0
9945 55558 0
41337 24070 0
24953 40454 0
49529 15878 0
35193 30214 0
18809 46598 0
10617 54790 0
41401 24070 1
25017 40454 0
49593 15878 0
18873 46598 0
10681 54790 1
17785 47622 0
9593 55814 0
17849 47622 0
9657 55814 0
41433 24070 0
25049 40454 0
49625 15878 1
18905 46598 1
10713 54790 0
34265 31238 1
17881 47622 1
9689 55814 0
33657 31750 0
17273 48134 0
9081 56326 0
33721 31750 1
17337 48134 0
9145 56326 1
33753 31750 0
17369 48134 0
9177 56326 0
21865 10902 0
13673 19094 0
13673 35478 0
21865 35478 0
25961 6806 0
25961 35478 0
19817 12950 0
11625 21142 0
11625 37526 0
19817 37526 0
25961 37526 0
7529 25238 0
7529 41622 0
19817 41622 0
21865 41622 0
7529 49814 0
11625 49814 0
13673 49814 0
22889 9878 0
39273 9878 0
14697 18070 0
39273 18070 0
14697 34454 0
22889 34454 0
26985 5782 0
43369 5782 0
43369 18070 0
26985 34454 0
51561 5782 0
51561 9878 0
43369 21142 0
26985 37526 0
51561 12950 0
39273 25238 0
22889 41622 0
14697 49814 0
29033 3734 0
45417 3734 0
45417 18070 0
29033 34454 0
53609 3734 0
53609 9878 0
45417 19094 0
29033 35478 0
53609 10902 0
57705 3734 0
57705 5782 0
57705 6806 0
25449 7318 0
41833 7318 0
41833 19606 0
25449 35990 0
50025 7318 0
50025 11414 0
19305 13462 0
35689 13462 0
11113 21654 0
35689 21654 0
11113 38038 0
19305 38038 0
41833 21654 0
25449 38038 0
50025 13462 0
35689 25750 0
19305 42134 0
11113 50326 0
43369 21654 0
26985 38038 0
51561 13462 0
39273 25750 0
22889 42134 0
14697 50326 0
45417 19606 0
29033 35990 0
53609 11414 0
57705 7318 0
18281 14486 0
10089 22678 0
10089 39062 0
18281 39062 0
41833 22678 0
25449 39062 0
50025 14486 0
18281 43158 0
10089 51350 0
25961 39062 0
21865 43158 0
13673 51350 0
18281 45206 0
35689 28822 0
19305 45206 0
10089 53398 0
11113 53398 0
19817 45206 0
11625 53398 0
7529 57494 0
26217 6550 0
26217 35222 0
20073 12694 0
11881 20886 0
11881 37270 0
20073 37270 0
26217 37270 0
20073 41366 0
11881 49558 0
27241 5526 0
43625 5526 0
43625 17814 0
27241 34198 0
51817 5526 0
51817 9622 0
43625 20886 0
27241 37270 0
51817 12694 0
57961 3478 0
57961 5526 0
57961 6550 0
43625 21654 0
27241 38038 0
51817 13462 0
57961 7318 0
26217 39062 0
20073 45206 0
11881 53398 0
23657 9110 0
15465 17302 0
15465 33686 0
23657 33686 0
27753 5014 0
27753 33686 0
27753 37270 0
23657 41366 0
15465 49558 0
29801 2966 0
29801 33686 0
29801 35222 0
27753 37526 0
23657 41622 0
15465 49814 0
29801 35478 0
30825 1942 0
47209 1942 0
47209 17302 0
30825 33686 0
55401 1942 0
55401 9110 0
47209 17814 0
30825 34198 0
55401 9622 0
59497 1942 0
59497 5014 0
59497 5526 0
47209 18070 0
30825 34454 0
55401 9878 0
59497 5782 0
21737 11030 0
13545 19222 0
13545 35606 0
21737 35606 0
25833 6934 0
25833 35606 0
19689 13078 0
11497 21270 0
11497 37654 0
19689 37654 0
25833 37654 0
7401 25366 0
7401 41750 0
19689 41750 0
21737 41750 0
7401 49942 0
11497 49942 0
13545 49942 0
22761 10006 0
14569 18198 0
14569 34582 0
22761 34582 0
26857 5910 0
26857 34582 0
26857 37654 0
22761 41750 0
14569 49942 0
45289 18198 1
28905 34582 1
53481 10006 1
45289 19222 1
28905 35606 1
53481 11030 1
57577 5910 1
57577 6934 1
25321 7446 0
41705 7446 0
41705 19734 0
25321 36118 0
49897 7446 0
49897 11542 0
19177 13590 0
10985 21782 0
10985 38166 0
19177 38166 0
41705 21782 0
25321 38166 0
49897 13590 0
19177 42262 0
10985 50454 0
26857 38166 0
22761 42262 0
14569 50454 0
45289 19734 1
28905 36118 1
53481 11542 1
57577 7446 1
18153 14614 0
9961 22806 0
9961 39190 0
18153 39190 0
41705 22806 0
25321 39190 0
49897 14614 0
18153 43286 0
9961 51478 0
25833 39190 0
21737 43286 0
13545 51478 0
3817 28950 1
3817 45334 1
18153 45334 0
19177 45334 0
3817 53526 1
9961 53526 0
10985 53526 0
19689 45334 0
11497 53526 0
3817 57622 1
7401 57622 0
43625 21782 0
27241 38166 0
51817 13590 0
57961 7446 0
26217 39190 0
20073 45334 0
11881 53526 0
27753 37654 0
23657 41750 0
15465 49942 0
29801 35606 0
47209 18198 0
30825 34582 0
55401 10006 0
59497 5910 0
20969 11798 0
37353 11798 0
12777 19990 0
37353 19990 0
12777 36374 0
20969 36374 0
25065 7702 0
41449 7702 0
41449 19990 0
25065 36374 0
49641 7702 0
49641 11798 0
18921 13846 0
10729 22038 0
10729 38422 0
18921 38422 0
41449 22038 0
25065 38422 0
49641 13846 0
6633 26134 0
6633 42518 0
18921 42518 0
37353 26134 0
20969 42518 0
6633 50710 0
10729 50710 0
12777 50710 0
26857 38422 0
22761 42518 0
14569 50710 0
45289 19990 1
28905 36374 1
53481 11798 1
57577 7702 1
17897 14870 0
9705 23062 0
9705 39446 0
17897 39446 0
41449 23062 0
25065 39446 0
49641 14870 0
5609 27158 0
5609 43542 0
17897 43542 0
37353 27158 0
20969 43542 0
5609 51734 0
9705 51734 0
12777 51734 0
25833 39446 0
21737 43542 0
13545 51734 0
3561 29206 1
3561 45590 1
17897 45590 0
18921 45590 0
3561 53782 1
9705 53782 0
10729 53782 0
19689 45590 0
11497 53782 0
3561 57878 1
5609 57878 0
6633 57878 0
7401 57878 0
43369 22038 0
26985 38422 0
51561 13846 0
39273 26134 0
22889 42518 0
14697 50710 0
45417 19990 0
29033 36374 0
53609 11798 0
57705 7702 0
25961 39446 0
21865 43542 0
13673 51734 0
19817 45590 0
11625 53782 0
7529 57878 0
17385 15382 0
33769 15382 0
9193 23574 0
33769 23574 0
9193 39958 0
17385 39958 0
41449 23574 0
25065 39958 0
49641 15382 0
33769 27670 0
17385 44054 0
37353 27670 0
20969 44054 0
9193 52246 0
12777 52246 0
41705 23574 0
25321 39958 0
49897 15382 0
3049 29718 1
33769 29718 0
3049 46102 1
17385 46102 0
18921 46102 0
3049 54294 1
9193 54294 0
10729 54294 0
19177 46102 0
10985 54294 0
3049 58390 1
6633 58390 0
41833 23574 0
25449 39958 0
50025 15382 0
35689 29718 0
19305 46102 0
11113 54294 0
2025 30742 1
33769 30742 0
2025 47126 1
17385 47126 0
17897 47126 0
2025 55318 1
9193 55318 0
9705 55318 0
18153 47126 0
9961 55318 0
2025 59414 1
5609 59414 0
18281 47126 0
10089 55318 0
21929 10838 0
13737 19030 0
13737 35414 0
21929 35414 0
26025 6742 0
26025 35414 0
19881 12886 0
11689 21078 0
11689 37462 0
19881 37462 0
26025 37462 0
7593 25174 0
7593 41558 0
19881 41558 0
21929 41558 0
7593 49750 0
11689 49750 0
13737 49750 0
22953 9814 0
14761 34390 1
22953 34390 0
27049 5718 0
27049 34390 0
27049 37462 0
22953 41558 0
14761 49750 1
29097 3670 0
45481 3670 1
29097 34390 0
53673 3670 0
53673 9814 0
45481 19030 1
29097 35414 0
53673 10838 0
57769 3670 0
57769 5718 0
57769 6742 0
21417 11350 0
37801 11350 1
13225 35926 1
21417 35926 0
25513 7254 0
41897 7254 1
25513 35926 0
50089 7254 0
50089 11350 0
19369 13398 0
11177 37974 1
19369 37974 0
25513 37974 0
50089 13398 0
7081 42070 1
19369 42070 0
21417 42070 0
27049 37974 0
22953 42070 0
29097 35926 0
53673 11350 0
57769 7254 0
18345 14422 0
10153 22614 0
10153 38998 0
18345 38998 0
41897 22614 1
25513 38998 0
50089 14422 0
6057 26710 0
6057 43094 0
18345 43094 0
37801 26710 1
21417 43094 0
6057 51286 0
10153 51286 0
13225 51286 1
26025 38998 0
21929 43094 0
13737 51286 0
18345 45142 0
19369 45142 0
10153 53334 0
11177 53334 1
19881 45142 0
11689 53334 0
6057 57430 0
7081 57430 1
7593 57430 0
22185 10582 0
13993 18774 0
13993 35158 0
22185 35158 0
26281 6486 0
26281 35158 0
20137 12630 0
11945 20822 0
11945 37206 0
20137 37206 0
26281 37206 0
7849 24918 0
7849 41302 0
20137 41302 0
22185 41302 0
7849 49494 0
11945 49494 0
13993 49494 0
23209 9558 0
15017 34134 1
23209 34134 0
27305 5462 0
27305 34134 0
27305 37206 0
23209 41302 0
15017 49494 1
29353 3414 0
45737 3414 1
29353 34134 0
53929 3414 0
53929 9558 0
45737 18774 1
29353 35158 0
53929 10582 0
58025 3414 0
58025 5462 0
58025 6486 0
27305 37974 0
23209 42070 0
29353 35926 0
53929 11350 0
58025 7254 0
26281 38998 0
22185 43094 0
13993 51286 0
20137 45142 0
11945 53334 0
7849 57430 0
23721 9046 0
15529 17238 0
15529 33622 0
23721 33622 0
27817 4950 0
27817 33622 0
27817 37206 0
23721 41302 0
15529 49494 0
29865 2902 0
29865 33622 0
29865 35158 0
27817 37462 0
23721 41558 0
15529 49750 0
29865 35414 0
30889 1878 0
30889 33622 0
30889 34134 0
30889 34390 0
27305 38166 0
23209 42262 0
15017 50454 1
45737 19734 1
29353 36118 0
53929 11542 0
58025 7446 0
26281 39190 0
22185 43286 0
13993 51478 0
20137 45334 0
11945 53526 0
7849 57622 0
27817 37654 0
23721 41750 0
15529 49942 0
29865 35606 0
30889 34582 0
27049 38422 0
22953 42518 0
14761 50710 1
45481 19990 1
29097 36374 0
53673 11798 0
57769 7702 0
26025 39446 0
21929 43542 0
13737 51734 0
19881 45590 0
11689 53782 0
7593 57878 0
41897 23574 1
25513 39958 0
50089 15382 0
37801 27670 1
21417 44054 0
13225 52246 1
19369 46102 0
11177 54294 1
7081 58390 1
18345 47126 0
10153 55318 0
6057 59414 0
22313 10454 0
14121 18646 0
14121 35030 0
22313 35030 0
26409 6358 0
26409 35030 0
26409 37078 0
22313 41174 0
14121 49366 0
23337 9430 0
39721 9430 1
15145 34006 1
23337 34006 0
27433 5334 0
43817 5334 1
27433 34006 0
52009 5334 0
52009 9430 0
43817 20694 1
27433 37078 0
52009 12502 0
39721 24790 1
23337 41174 0
15145 49366 1
29481 3286 0
45865 3286 1
29481 34006 0
54057 3286 0
54057 9430 0
45865 18646 1
29481 35030 0
54057 10454 0
58153 3286 0
58153 5334 0
58153 6358 0
27433 37974 0
52009 13398 0
23337 42070 0
29481 35926 0
54057 11350 0
58153 7254 0
26409 38998 0
22313 43094 0
14121 51286 0
23849 8918 0
15657 17110 0
15657 33494 0
23849 33494 0
27945 4822 0
27945 33494 0
27945 37078 0
23849 41174 0
15657 49366 0
29993 2774 0
29993 33494 0
29993 35030 0
27945 37462 0
23849 41558 0
15657 49750 0
29993 35414 0
31017 1750 0
47401 1750 1
47401 17110 1
31017 33494 0
55593 1750 0
55593 8918 0
31017 34006 0
55593 9430 0
59689 1750 0
59689 4822 0
59689 5334 0
31017 34390 0
55593 9814 0
59689 5718 0
43817 21654 1
27433 38038 0
52009 13462 0
39721 25750 1
23337 42134 0
15145 50326 1
45865 19606 1
29481 35990 0
54057 11414 0
58153 7318 0
26409 39062 0
22313 43158 0
14121 51350 0
27945 37526 0
23849 41622 0
15657 49814 0
29993 35478 0
47401 18070 1
31017 34454 0
55593 9878 0
59689 5782 0
24105 8662 0
15913 16854 0
15913 33238 0
24105 33238 0
28201 4566 0
28201 33238 0
28201 37078 0
24105 41174 0
15913 49366 0
30249 2518 0
30249 33238 0
30249 35030 0
28201 37206 0
24105 41302 0
15913 49494 0
30249 35158 0
31273 1494 0
47657 1494 1
47657 16854 1
31273 33238 0
55849 1494 0
55849 8662 0
31273 34006 0
55849 9430 0
59945 1494 0
59945 4566 0
59945 5334 0
31273 34134 0
55849 9558 0
59945 5462 0
28201 37270 0
24105 41366 0
15913 49558 0
30249 35222 0
47657 17814 1
31273 34198 0
55849 9622 0
59945 5526 0
31785 982 0
31785 33238 0
31785 33494 0
31785 33622 0
31785 33686 0
27305 38214 0
23209 42310 0
29353 36166 0
53929 11590 0
58025 7494 0
26281 39238 0
22185 43334 0
13993 51526 0
20137 45382 0
11945 53574 0
7849 57670 0
27817 37702 0
23721 41798 0
15529 49990 0
29865 35654 0
30889 34630 0
27049 38470 0
22953 42566 0
29097 36422 0
53673 11846 0
57769 7750 0
26025 39494 0
21929 43590 0
13737 51782 0
19881 45638 0
11689 53830 0
7593 57926 0
25513 40006 0
50089 15430 0
21417 44102 0
19369 46150 0
18345 47174 0
10153 55366 0
6057 59462 0
27433 38086 0
52009 13510 0
23337 42182 0
29481 36038 0
54057 11462 0
58153 7366 0
26409 39110 0
22313 43206 0
14121 51398 0
27945 37574 0
23849 41670 0
15657 49862 0
29993 35526 0
31017 34502 0
55593 9926 0
59689 5830 0
28201 37318 0
24105 41414 0
15913 49606 0
30249 35270 0
31273 34246 0
55849 9670 0
59945 5574 0
31785 33734 0
43625 21894 0
27241 38278 0
51817 13702 0
57961 7558 0
26217 39302 0
20073 45446 0
11881 53638 0
27753 37766 0
23657 41862 0
15465 50054 0
29801 35718 0
47209 18310 0
30825 34694 0
55401 10118 0
59497 6022 0
43369 22150 0
26985 38534 0
51561 13958 0
39273 26246 0
22889 42630 0
14697 50822 0
45417 20102 0
29033 36486 0
53609 11910 0
57705 7814 0
25961 39558 0
21865 43654 0
13673 51846 0
19817 45702 0
11625 53894 0
7529 57990 0
41833 23686 0
25449 40070 0
50025 15494 0
35689 29830 0
19305 46214 0
11113 54406 0
18281 47238 0
10089 55430 0
26857 38662 0
22761 42758 0
14569 50950 0
25833 39686 0
21737 43782 0
13545 51974 0
19689 45830 0
11497 54022 0
7401 58118 0
41705 23814 0
25321 40198 0
49897 15622 0
19177 46342 0
10985 54534 0
18153 47366 0
9961 55558 0
41449 24070 0
25065 40454 0
49641 15878 0
37353 28166 0
20969 44550 0
12777 52742 0
18921 46598 0
10729 54790 0
6633 58886 0
17897 47622 0
9705 55814 0
5609 59910 0
33769 31750 0
17385 48134 0
9193 56326 0
13769 18998 0
38345 18998 1
13769 35382 0
21961 35382 1
26057 6710 0
42441 6710 0
42441 18998 0
26057 35382 0
50633 6710 1
11721 21046 0
11721 37430 0
19913 37430 1
42441 21046 0
26057 37430 0
7625 49718 1
11721 49718 0
13769 49718 0
14793 17974 0
14793 34358 0
22985 34358 1
27081 5686 0
27081 34358 0
27081 37430 0
14793 49718 0
29129 3638 0
45513 3638 0
45513 17974 0
29129 34358 0
53705 3638 1
45513 18998 0
29129 35382 0
57801 3638 0
57801 5686 0
57801 6710 0
25545 7222 0
41929 7222 0
41929 19510 0
25545 35894 0
50121 7222 0
50121 11318 0
19401 13366 0
11209 21558 0
11209 37942 0
19401 37942 0
41929 21558 0
25545 37942 0
50121 13366 0
19401 42038 0
11209 50230 0
27081 37942 0
22985 42038 1
14793 50230 0
45513 19510 0
29129 35894 0
53705 11318 1
57801 7222 0
18377 14390 0
34761 14390 0
10185 22582 0
34761 22582 0
10185 38966 0
18377 38966 0
41929 22582 0
25545 38966 0
50121 14390 0
34761 26678 0
18377 43062 0
10185 51254 0
42441 22582 0
26057 38966 0
50633 14390 1
38345 26678 1
21961 43062 1
13769 51254 0
34761 28726 0
18377 45110 0
19401 45110 0
10185 53302 0
11209 53302 0
19913 45110 1
11721 53302 0
7625 57398 1
26313 6454 0
42697 6454 0
42697 18742 0
26313 35126 0
50889 6454 0
50889 10550 0
20169 12598 0
11977 20790 0
11977 37174 0
20169 37174 0
42697 20790 0
26313 37174 0
50889 12598 0
20169 41270 0
11977 49462 0
27337 5430 0
27337 34102 0
27337 37174 0
58057 3382 0
58057 5430 0
58057 6454 0
27337 37942 0
58057 7222 0
42697 22582 0
26313 38966 0
50889 14390 0
20169 45110 0
11977 53302 0
15561 17206 0
15561 33590 0
23753 33590 1
27849 4918 0
27849 33590 0
27849 37174 0
23753 41270 1
15561 49462 0
29897 2870 0
46281 2870 0
46281 17206 0
29897 33590 0
54473 2870 1
46281 18742 0
29897 35126 0
54473 10550 1
58569 2870 0
58569 4918 0
58569 6454 0
27849 37430 0
15561 49718 0
46281 18998 0
29897 35382 0
58569 6710 0
30921 1846 0
30921 33590 0
30921 34102 0
30921 34358 0
27337 38166 0
58057 7446 0
42697 22806 0
26313 39190 0
50889 14614 0
20169 45334 0
11977 53526 0
27849 37654 0
23753 41750 1
15561 49942 0
46281 19222 0
29897 35606 0
54473 11030 1
58569 6934 0
30921 34582 0
27081 38422 0
22985 42518 1
14793 50710 0
45513 19990 0
29129 36374 0
53705 11798 1
57801 7702 0
42441 23062 0
26057 39446 0
50633 14870 1
38345 27158 1
21961 43542 1
13769 51734 0
19913 45590 1
11721 53782 0
7625 57878 1
41929 23574 0
25545 39958 0
50121 15382 0
19401 46102 0
11209 54294 0
34761 30742 0
18377 47126 0
10185 55318 0
26441 6326 0
42825 6326 0
42825 18614 0
26441 34998 0
51017 6326 0
51017 10422 0
42825 20662 0
26441 37046 0
51017 12470 0
27465 5302 0
43849 5302 0
43849 17590 0
27465 33974 0
52041 5302 0
52041 9398 0
43849 20662 0
27465 37046 0
52041 12470 0
58185 3254 0
58185 5302 0
58185 6326 0
43849 21558 0
27465 37942 0
52041 13366 0
58185 7222 0
42825 22582 0
26441 38966 0
51017 14390 0
15689 17078 0
40265 17078 1
15689 33462 0
23881 33462 1
27977 4790 0
44361 4790 0
44361 17078 0
27977 33462 0
52553 4790 1
44361 20662 0
27977 37046 0
52553 12470 1
40265 24758 1
23881 41142 1
15689 49334 0
30025 2742 0
46409 2742 0
46409 17078 0
30025 33462 0
54601 2742 1
46409 18614 0
30025 34998 0
54601 10422 1
58697 2742 0
58697 4790 0
58697 6326 0
44361 21046 0
27977 37430 0
15689 49718 0
46409 18998 0
30025 35382 0
58697 6710 0
31049 1718 0
47433 1718 0
47433 17078 0
31049 33462 0
55625 1718 1
47433 17590 0
31049 33974 0
55625 9398 1
59721 1718 0
59721 4790 0
59721 5302 0
47433 17974 0
31049 34358 0
59721 5686 0
43849 21654 0
27465 38038 0
52041 13462 0
58185 7318 0
42825 22678 0
26441 39062 0
51017 14486 0
44361 21142 0
27977 37526 0
52553 12950 1
40265 25238 1
23881 41622 1
15689 49814 0
46409 19094 0
30025 35478 0
54601 10902 1
58697 6806 0
47433 18070 0
31049 34454 0
55625 9878 1
59721 5782 0
28233 4534 0
44617 4534 0
44617 16822 0
28233 33206 0
52809 4534 0
52809 8630 0
44617 20662 0
28233 37046 0
52809 12470 0
58953 2486 0
58953 4534 0
58953 6326 0
44617 20790 0
28233 37174 0
52809 12598 0
58953 6454 0
59977 1462 0
59977 4534 0
59977 5302 0
59977 5430 0
44617 20886 0
28233 37270 0
52809 12694 0
58953 6550 0
59977 5526 0
31817 950 0
48201 950 0
48201 16822 0
31817 33206 0
56393 950 1
56393 8630 1
48201 17078 0
31817 33462 0
60489 950 0
60489 4534 0
60489 4790 0
48201 17206 0
31817 33590 0
60489 4918 0
48201 17302 0
31817 33686 0
56393 9110 1
60489 5014 0
27337 38182 0
58057 7462 0
42697 22822 0
26313 39206 0
50889 14630 0
20169 45350 0
11977 53542 0
27849 37670 0
15561 49958 0
46281 19238 0
29897 35622 0
58569 6950 0
30921 34598 0
27081 38438 0
14793 50726 0
45513 20006 0
29129 36390 0
57801 7718 0
42441 23078 0
26057 39462 0
13769 51750 0
11721 53798 0
41929 23590 0
25545 39974 0
50121 15398 0
19401 46118 0
11209 54310 0
34761 30758 0
18377 47142 0
10185 55334 0
43849 21670 0
27465 38054 0
52041 13478 0
58185 7334 0
42825 22694 0
26441 39078 0
51017 14502 0
44361 21158 0
27977 37542 0
15689 49830 0
46409 19110 0
30025 35494 0
58697 6822 0
47433 18086 0
31049 34470 0
59721 5798 0
44617 20902 0
28233 37286 0
52809 12710 0
58953 6566 0
59977 5542 0
48201 17318 0
31817 33702 0
60489 5030 0
22409 10358 0
38793 10358 0
14217 18550 0
38793 18550 0
14217 34934 0
22409 34934 0
26505 6262 0
42889 6262 0
42889 18550 0
26505 34934 0
51081 6262 0
51081 10358 0
42889 20598 0
26505 36982 0
51081 12406 0
38793 24694 0
22409 41078 0
14217 49270 0
23433 9334 0
15241 33910 1
23433 33910 0
27529 5238 0
27529 33910 0
27529 36982 0
23433 41078 0
15241 49270 1
29577 3190 0
45961 3190 1
29577 33910 0
54153 3190 0
54153 9334 0
45961 18550 1
29577 34934 0
54153 10358 0
58249 3190 0
58249 5238 0
58249 6262 0
27529 37942 0
23433 42038 0
15241 50230 1
45961 19510 1
29577 35894 0
54153 11318 0
58249 7222 0
42889 22582 0
26505 38966 0
51081 14390 0
38793 26678 0
22409 43062 0
14217 51254 0
15753 17014 0
15753 33398 0
23945 33398 1
28041 4726 0
28041 33398 0
28041 36982 0
23945 41078 1
15753 49270 0
30089 2678 0
46473 2678 0
46473 17014 0
30089 33398 0
54665 2678 1
46473 18550 0
30089 34934 0
54665 10358 1
58761 2678 0
58761 4726 0
58761 6262 0
28041 37430 0
15753 49718 0
46473 18998 0
30089 35382 0
58761 6710 0
31113 1654 0
31113 33398 0
31113 33910 0
31113 34358 0
27529 37974 0
23433 42070 0
29577 35926 0
54153 11350 0
58249 7254 0
42889 22614 0
26505 38998 0
51081 14422 0
38793 26710 0
22409 43094 0
14217 51286 0
28041 37462 0
23945 41558 1
15753 49750 0
46473 19030 0
30089 35414 0
54665 10838 1
58761 6742 0
31113 34390 0
24201 8566 0
16009 16758 0
16009 33142 0
24201 33142 0
28297 4470 0
28297 33142 0
28297 36982 0
24201 41078 0
16009 49270 0
30345 2422 0
46729 2422 0
46729 16758 0
30345 33142 0
54921 2422 0
54921 8566 0
46729 18550 0
30345 34934 0
54921 10358 0
59017 2422 0
59017 4470 0
59017 6262 0
28297 37174 0
24201 41270 0
16009 49462 0
46729 18742 0
30345 35126 0
54921 10550 0
59017 6454 0
31369 1398 0
31369 33142 0
31369 33910 0
31369 34102 0
28297 37206 0
24201 41302 0
16009 49494 0
46729 18774 0
30345 35158 0
54921 10582 0
59017 6486 0
31369 34134 0
31881 886 0
31881 33142 0
31881 33398 0
31881 33590 0
31881 33622 0
27529 37990 0
23433 42086 0
29577 35942 0
54153 11366 0
58249 7270 0
42889 22630 0
26505 39014 0
51081 14438 0
38793 26726 0
22409 43110 0
14217 51302 0
28041 37478 0
15753 49766 0
46473 19046 0
30089 35430 0
58761 6758 0
31113 34406 0
28297 37222 0
24201 41318 0
16009 49510 0
46729 18790 0
30345 35174 0
54921 10598 0
59017 6502 0
31369 34150 0
31881 33638 0
46857 18550 1
30473 34934 1
55049 10358 1
59145 6262 1
46857 18614 1
30473 34998 1
55049 10422 1
59145 6326 1
31497 33910 1
56073 9334 1
60169 5238 1
47881 17590 1
31497 33974 1
56073 9398 1
60169 5302 1
46857 18646 1
30473 35030 1
55049 10454 1
59145 6358 1
31497 34006 1
56073 9430 1
60169 5334 1
48393 17014 1
32009 33398 1
60681 4726 1
48393 17078 1
32009 33462 1
60681 4790 1
48393 17110 1
32009 33494 1
56585 8918 1
60681 4822 1
46857 18662 1
30473 35046 1
55049 10470 1
59145 6374 1
31497 34022 1
56073 9446 1
60169 5350 1
48393 17126 1
32009 33510 1
60681 4838 1
48649 16758 1
32265 33142 1
56841 8566 1
60937 4470 1
48649 16822 1
32265 33206 1
56841 8630 1
60937 4534 1
48649 16854 1
32265 33238 1
56841 8662 1
60937 4566 1
48649 16870 1
32265 33254 1
56841 8678 1
60937 4582 1
27305 38226 0
23209 42322 0
15017 50514 1
45737 19794 1
29353 36178 0
53929 11602 0
58025 7506 0
26281 39250 0
22185 43346 0
13993 51538 0
20137 45394 0
11945 53586 0
7849 57682 0
27817 37714 0
23721 41810 0
15529 50002 0
29865 35666 0
30889 34642 0
27049 38482 0
22953 42578 0
14761 50770 1
45481 20050 1
29097 36434 0
53673 11858 0
57769 7762 0
26025 39506 0
21929 43602 0
13737 51794 0
19881 45650 0
11689 53842 0
7593 57938 0
41897 23634 1
25513 40018 0
50089 15442 0
37801 27730 1
21417 44114 0
13225 52306 1
19369 46162 0
11177 54354 1
7081 58450 1
18345 47186 0
10153 55378 0
6057 59474 0
43817 21714 1
27433 38098 0
52009 13522 0
39721 25810 1
23337 42194 0
15145 50386 1
45865 19666 1
29481 36050 0
54057 11474 0
58153 7378 0
26409 39122 0
22313 43218 0
14121 51410 0
27945 37586 0
23849 41682 0
15657 49874 0
29993 35538 0
47401 18130 1
31017 34514 0
55593 9938 0
59689 5842 0
28201 37330 0
24105 41426 0
15913 49618 0
30249 35282 0
47657 17874 1
31273 34258 0
55849 9682 0
59945 5586 0
31785 33746 0
43625 21906 0
27241 38290 0
51817 13714 0
57961 7570 0
26217 39314 0
20073 45458 0
11881 53650 0
27753 37778 0
23657 41874 0
15465 50066 0
29801 35730 0
47209 18322 0
30825 34706 0
55401 10130 0
59497 6034 0
43369 22162 0
26985 38546 0
51561 13970 0
39273 26258 0
22889 42642 0
14697 50834 0
45417 20114 0
29033 36498 0
53609 11922 0
57705 7826 0
25961 39570 0
21865 43666 0
13673 51858 0
19817 45714 0
11625 53906 0
7529 58002 0
41833 23698 0
25449 40082 0
50025 15506 0
35689 29842 0
19305 46226 0
11113 54418 0
18281 47250 0
10089 55442 0
26857 38674 0
22761 42770 0
14569 50962 0
25833 39698 0
21737 43794 0
13545 51986 0
19689 45842 0
11497 54034 0
7401 58130 0
41705 23826 0
25321 40210 0
49897 15634 0
19177 46354 0
10985 54546 0
18153 47378 0
9961 55570 0
41449 24082 0
25065 40466 0
49641 15890 0
37353 28178 0
20969 44562 0
12777 52754 0
18921 46610 0
10729 54802 0
6633 58898 0
17897 47634 0
9705 55826 0
5609 59922 0
33769 31762 0
17385 48146 0
9193 56338 0
27337 38194 0
58057 7474 0
42697 22834 0
26313 39218 0
50889 14642 0
20169 45362 0
11977 53554 0
27849 37682 0
15561 49970 0
46281 19250 0
29897 35634 0
58569 6962 0
30921 34610 0
27081 38450 0
14793 50738 0
45513 20018 0
29129 36402 0
57801 7730 0
42441 23090 0
26057 39474 0
13769 51762 0
11721 53810 0
41929 23602 0
25545 39986 0
50121 15410 0
19401 46130 0
11209 54322 0
34761 30770 0
18377 47154 0
10185 55346 0
43849 21682 0
27465 38066 0
52041 13490 0
58185 7346 0
42825 22706 0
26441 39090 0
51017 14514 0
44361 21170 0
27977 37554 0
15689 49842 0
46409 19122 0
30025 35506 0
58697 6834 0
47433 18098 0
31049 34482 0
59721 5810 0
44617 20914 0
28233 37298 0
52809 12722 0
58953 6578 0
59977 5554 0
48201 17330 0
31817 33714 0
60489 5042 0
27529 38002 0
23433 42098 0
15241 50290 1
45961 19570 1
29577 35954 0
54153 11378 0
58249 7282 0
42889 22642 0
26505 39026 0
51081 14450 0
38793 26738 0
22409 43122 0
14217 51314 0
28041 37490 0
15753 49778 0
46473 19058 0
30089 35442 0
58761 6770 0
31113 34418 0
28297 37234 0
24201 41330 0
16009 49522 0
46729 18802 0
30345 35186 0
54921 10610 0
59017 6514 0
31369 34162 0
31881 33650 0
27289 38242 0
23193 42338 0
15001 50530 1
45721 19810 1
29337 36194 0
53913 11618 0
58009 7522 0
42649 22882 0
26265 39266 0
50841 14690 0
38553 26978 0
22169 43362 0
13977 51554 0
20121 45410 0
11929 53602 0
7833 57698 0
27801 37730 0
15513 50018 0
46233 19298 0
29849 35682 0
58521 7010 0
30873 34658 0
27033 38498 0
57753 7778 0
42393 23138 0
26009 39522 0
11673 53858 0
41881 23650 1
25497 40034 0
50073 15458 0
19353 46178 0
11161 54370 1
34713 30818 0
18329 47202 0
10137 55394 0
43801 21730 1
27417 38114 0
51993 13538 0
58137 7394 0
42777 22754 0
26393 39138 0
50969 14562 0
44313 21218 0
27929 37602 0
58649 6882 0
59673 5858 0
44569 20962 0
28185 37346 0
52761 12770 0
40473 25058 0
24089 41442 0
15897 49634 0
46617 18914 0
30233 35298 0
54809 10722 0
58905 6626 0
47641 17890 1
31257 34274 0
55833 9698 0
59929 5602 0
48153 17378 0
31769 33762 0
60441 5090 0
43609 21922 0
27225 38306 0
51801 13730 0
57945 7586 0
42585 22946 0
26201 39330 0
50777 14754 0
36441 29090 0
20057 45474 0
11865 53666 0
44121 21410 0
27737 37794 0
15449 50082 0
46169 19362 0
29785 35746 0
58457 7074 0
47193 18338 0
30809 34722 0
59481 6050 0
43353 22178 0
26969 38562 0
57689 7842 0
42329 23202 0
25945 39586 0
11609 53922 0
41817 23714 0
25433 40098 0
50009 15522 0
35673 29858 0
19289 46242 0
11097 54434 0
34649 30882 0
18265 47266 0
10073 55458 0
26841 38690 0
14553 50978 0
42201 23330 0
25817 39714 0
13529 52002 0
11481 54050 0
41689 23842 0
25305 40226 0
49881 15650 0
19161 46370 0
10969 54562 0
34521 31010 0
18137 47394 0
9945 55586 0
41433 24098 0
25049 40482 0
10713 54818 0
9689 55842 0
33753 31778 0
17369 48162 0
9177 56354 0
43577 21954 1
27193 38338 0
51769 13762 0
39481 26050 1
23097 42434 0
14905 50626 1
45625 19906 1
29241 36290 0
53817 11714 0
57913 7618 0
26169 39362 0
22073 43458 0
13881 51650 0
20025 45506 0
11833 53698 0
7737 57794 0
27705 37826 0
23609 41922 0
15417 50114 0
29753 35778 0
47161 18370 1
30777 34754 0
55353 10178 0
59449 6082 0
43321 22210 1
26937 38594 0
51513 14018 0
57657 7874 0
25913 39618 0
19769 45762 0
11577 53954 0
41785 23746 1
25401 40130 0
49977 15554 0
35641 29890 1
19257 46274 0
11065 54466 1
18233 47298 0
10041 55490 0
26809 38722 0
22713 42818 0
14521 51010 1
25785 39746 0
21689 43842 0
13497 52034 0
19641 45890 0
11449 54082 0
7353 58178 0
41657 23874 1
25273 40258 0
49849 15682 0
37561 27970 1
21177 44354 0
12985 52546 1
19129 46402 0
10937 54594 1
6841 58690 1
18105 47426 0
9913 55618 0
5817 59714 0
41401 24130 1
25017 40514 0
49593 15938 0
18873 46658 0
10681 54850 1
17849 47682 0
9657 55874 0
33721 31810 1
17337 48194 0
9145 56386 1
43129 22402 0
26745 38786 0
51321 14210 0
39033 26498 0
22649 42882 0
14457 51074 0
25721 39810 0
21625 43906 0
13433 52098 0
19577 45954 0
11385 54146 0
7289 58242 0
41593 23938 0
25209 40322 0
49785 15746 0
35449 30082 0
19065 46466 0
10873 54658 0
18041 47490 0
9849 55682 0
41337 24194 0
24953 40578 0
49529 16002 0
35193 30338 0
18809 46722 0
10617 54914 0
17785 47746 0
9593 55938 0
33657 31874 0
17273 48258 0
9081 56450 0
25969 6798 1
19825 12942 0
11633 21134 0
11633 37518 0
19825 37518 0
25969 37518 1
19825 41614 0
11633 49806 0
26993 5774 0
43377 5774 0
43377 18062 0
26993 34446 0
51569 5774 0
51569 9870 0
43377 21134 0
26993 37518 0
51569 12942 0
57713 3726 0
57713 5774 0
57713 6798 0
25457 7310 1
41841 7310 0
41841 19598 0
50033 7310 0
50033 11406 0
19313 13454 0
35697 13454 0
11121 21646 0
35697 21646 0
11121 38030 0
19313 38030 0
41841 21646 0
25457 38030 1
50033 13454 0
35697 25742 0
19313 42126 0
11121 50318 0
43377 21646 0
26993 38030 0
51569 13454 0
57713 7310 0
18289 14478 1
10097 22670 1
41841 22670 0
50033 14478 0
18289 45198 1
35697 28814 0
19313 45198 0
10097 53390 1
11121 53390 0
19825 45198 0
11633 53390 0
22129 10638 1
13937 18830 1
26225 6542 1
20081 12686 0
11889 20878 0
11889 37262 0
20081 37262 0
26225 37262 1
7793 24974 0
7793 41358 0
20081 41358 0
22129 41358 1
7793 49550 0
11889 49550 0
13937 49550 1
23153 9614 0
39537 9614 0
14961 17806 0
39537 17806 0
14961 34190 0
23153 34190 0
27249 5518 0
43633 5518 0
43633 17806 0
27249 34190 0
51825 5518 0
51825 9614 0
43633 20878 0
27249 37262 0
51825 12686 0
39537 24974 0
23153 41358 0
14961 49550 0
29297 3470 1
45681 3470 0
45681 17806 0
29297 34190 1
53873 3470 0
53873 9614 0
45681 18830 0
53873 10638 0
57969 3470 0
57969 5518 0
57969 6542 0
43633 21646 0
27249 38030 0
51825 13454 0
39537 25742 0
23153 42126 0
14961 50318 0
45681 19598 0
53873 11406 0
57969 7310 0
20081 45198 0
11889 53390 0
7793 57486 0
23665 9102 0
15473 17294 0
15473 33678 0
23665 33678 0
27761 5006 0
27761 33678 0
27761 37262 0
23665 41358 0
15473 49550 0
29809 2958 1
29809 33678 1
27761 37518 0
23665 41614 0
15473 49806 0
30833 1934 0
47217 1934 0
47217 17294 0
30833 33678 0
55409 1934 0
55409 9102 0
47217 17806 0
30833 34190 0
55409 9614 0
59505 1934 0
59505 5006 0
59505 5518 0
47217 18062 0
30833 34446 0
55409 9870 0
59505 5774 0
43633 21774 0
27249 38158 0
51825 13582 0
39537 25870 0
23153 42254 0
14961 50446 0
45681 19726 0
29297 36110 1
53873 11534 0
57969 7438 0
26225 39182 1
22129 43278 1
13937 51470 1
20081 45326 0
11889 53518 0
7793 57614 0
27761 37646 0
23665 41742 0
15473 49934 0
29809 35598 1
47217 18190 0
30833 34574 0
55409 9998 0
59505 5902 0
43377 22030 0
26993 38414 0
51569 13838 0
57713 7694 0
25969 39438 1
19825 45582 0
11633 53774 0
41841 23566 0
25457 39950 1
50033 15374 0
35697 29710 0
19313 46094 0
11121 54286 0
18289 47118 1
10097 55310 1
26033 35406 1
19889 41550 1
11697 49742 1
27057 34382 1
51633 9806 1
57777 3662 1
25521 7246 0
41905 7246 1
25521 35918 0
50097 7246 0
50097 11342 0
19377 13390 0
35761 13390 1
11185 37966 1
19377 37966 0
25521 37966 0
50097 13390 0
19377 42062 0
27057 37966 1
51633 13390 1
57777 7246 1
18353 14414 0
10161 22606 0
10161 38990 0
18353 38990 0
41905 22606 1
25521 38990 0
50097 14414 0
18353 43086 0
10161 51278 0
26033 38990 1
18353 45134 0
35761 28750 1
19377 45134 0
10161 53326 0
11185 53326 1
19889 45134 1
11697 53326 1
22193 10574 0
14001 18766 0
14001 35150 0
22193 35150 0
26289 6478 0
26289 35150 0
20145 12622 0
11953 20814 0
11953 37198 0
20145 37198 0
26289 37198 0
7857 24910 0
7857 41294 0
20145 41294 0
22193 41294 0
7857 49486 0
11953 49486 0
14001 49486 0
23217 9550 0
39601 9550 1
15025 34126 1
23217 34126 0
27313 5454 0
43697 5454 1
27313 34126 0
51889 5454 0
51889 9550 0
43697 20814 1
27313 37198 0
51889 12622 0
39601 24910 1
23217 41294 0
15025 49486 1
29361 3406 0
45745 3406 1
29361 34126 0
53937 3406 0
53937 9550 0
45745 18766 1
29361 35150 0
53937 10574 0
58033 3406 0
58033 5454 0
58033 6478 0
27313 37966 0
51889 13390 0
23217 42062 0
29361 35918 0
53937 11342 0
58033 7246 0
26289 38990 0
22193 43086 0
14001 51278 0
20145 45134 0
11953 53326 0
7857 57422 0
23729 9038 0
15537 17230 0
15537 33614 0
23729 33614 0
27825 33614 1
27825 37198 1
23729 41294 0
15537 49486 0
29873 2894 0
29873 33614 0
29873 35150 0
23729 41550 0
15537 49742 0
29873 35406 0
30897 1870 0
47281 1870 1
47281 17230 1
30897 33614 0
55473 1870 0
55473 9038 0
30897 34126 0
55473 9550 0
59569 1870 1
59569 5454 1
30897 34382 0
55473 9806 0
43697 21774 1
27313 38158 0
51889 13582 0
39601 25870 1
23217 42254 0
15025 50446 1
45745 19726 1
29361 36110 0
53937 11534 0
58033 7438 0
26289 39182 0
22193 43278 0
14001 51470 0
20145 45326 0
11953 53518 0
7857 57614 0
27825 37646 1
23729 41742 0
15537 49934 0
29873 35598 0
47281 18190 1
30897 34574 0
55473 9998 0
59569 5902 1
43441 22030 1
27057 38414 1
51633 13838 1
57777 7694 1
26033 39438 1
19889 45582 1
11697 53774 1
41905 23566 1
25521 39950 0
50097 15374 0
35761 29710 1
19377 46094 0
11185 54286 1
18353 47118 0
10161 55310 0
26417 6350 1
26417 37070 1
27441 5326 0
43825 5326 1
27441 33998 0
52017 5326 0
52017 9422 0
43825 20686 1
27441 37070 0
52017 12494 0
58161 3278 0
58161 5326 0
58161 6350 0
27441 37966 0
52017 13390 0
58161 7246 0
26417 38990 1
27953 33486 1
27953 37070 1
59697 1742 1
59697 5326 1
43825 21646 1
27441 38030 0
52017 13454 0
58161 7310 0
27953 37518 1
59697 5774 1
24113 8654 0
15921 16846 0
15921 33230 0
24113 33230 0
28209 4558 0
28209 33230 0
28209 37070 0
24113 41166 0
15921 49358 0
30257 2510 1
30257 33230 1
28209 37198 0
24113 41294 0
15921 49486 0
30257 35150 1
31281 1486 0
47665 1486 1
47665 16846 1
31281 33230 0
55857 1486 0
55857 8654 0
31281 33998 0
55857 9422 0
59953 1486 0
59953 4558 0
59953 5326 0
31281 34126 0
55857 9550 0
59953 5454 0
28209 37262 0
24113 41358 0
15921 49550 0
47665 17806 1
31281 34190 0
55857 9614 0
59953 5518 0
31793 974 0
31793 33230 0
31793 33486 0
31793 33614 0
31793 33678 0
27313 38214 0
51889 13638 0
23217 42310 0
29361 36166 0
53937 11590 0
58033 7494 0
26289 39238 0
22193 43334 0
14001 51526 0
20145 45382 0
11953 53574 0
7857 57670 0
27825 37702 1
23729 41798 0
15537 49990 0
29873 35654 0
30897 34630 0
55473 10054 0
59569 5958 1
27057 38470 1
51633 13894 1
57777 7750 1
26033 39494 1
19889 45638 1
11697 53830 1
25521 40006 0
50097 15430 0
19377 46150 0
18353 47174 0
10161 55366 0
27441 38086 0
52017 13510 0
58161 7366 0
26417 39110 1
27953 37574 1
59697 5830 1
28209 37318 0
24113 41414 0
15921 49606 0
30257 35270 1
31281 34246 0
55857 9670 0
59953 5574 0
31793 33734 0
43633 21894 0
27249 38278 0
51825 13702 0
39537 25990 0
23153 42374 0
14961 50566 0
45681 19846 0
29297 36230 1
53873 11654 0
57969 7558 0
26225 39302 1
22129 43398 1
13937 51590 1
20081 45446 0
11889 53638 0
7793 57734 0
27761 37766 0
23665 41862 0
15473 50054 0
29809 35718 1
47217 18310 0
30833 34694 0
55409 10118 0
59505 6022 0
43377 22150 0
26993 38534 0
51569 13958 0
57713 7814 0
25969 39558 1
19825 45702 0
11633 53894 0
41841 23686 0
25457 40070 1
50033 15494 0
35697 29830 0
19313 46214 0
11121 54406 0
18289 47238 1
10097 55430 1
26065 6702 0
42449 6702 0
42449 18990 0
26065 35374 0
50641 6702 1
11729 21038 0
36305 21038 1
11729 37422 0
19921 37422 1
42449 21038 0
26065 37422 0
11729 49710 0
27089 5678 0
43473 5678 0
43473 17966 0
27089 34350 0
51665 5678 1
43473 21038 0
27089 37422 0
57809 3630 0
57809 5678 0
57809 6702 0
25553 7214 0
41937 7214 0
41937 19502 0
25553 35886 0
50129 7214 0
50129 11310 0
19409 13358 0
35793 13358 0
11217 21550 0
35793 21550 0
11217 37934 0
19409 37934 0
41937 21550 0
25553 37934 0
50129 13358 0
35793 25646 0
19409 42030 0
11217 50222 0
43473 21550 0
27089 37934 0
51665 13358 1
57809 7214 0
18385 14382 0
34769 14382 0
10193 22574 0
34769 22574 0
10193 38958 0
18385 38958 0
41937 22574 0
25553 38958 0
50129 14382 0
34769 26670 0
18385 43054 0
10193 51246 0
42449 22574 0
26065 38958 0
50641 14382 1
34769 28718 0
18385 45102 0
35793 28718 0
19409 45102 0
10193 53294 0
11217 53294 0
36305 28718 1
19921 45102 1
11729 53294 0
22225 10542 0
38609 10542 0
14033 18734 0
38609 18734 0
14033 35118 0
22225 35118 0
26321 6446 0
42705 6446 0
42705 18734 0
26321 35118 0
50897 6446 0
50897 10542 0
20177 12590 0
36561 12590 0
11985 20782 0
36561 20782 0
11985 37166 0
20177 37166 0
42705 20782 0
26321 37166 0
50897 12590 0
7889 24878 0
36561 24878 0
7889 41262 0
20177 41262 0
38609 24878 0
22225 41262 0
7889 49454 0
11985 49454 0
14033 49454 0
23249 9518 0
39633 9518 0
15057 17710 0
39633 17710 0
15057 34094 0
23249 34094 0
27345 5422 0
43729 5422 0
43729 17710 0
27345 34094 0
51921 5422 0
51921 9518 0
43729 20782 0
27345 37166 0
51921 12590 0
39633 24878 0
23249 41262 0
15057 49454 0
29393 3374 0
45777 3374 0
45777 17710 0
29393 34094 0
53969 3374 0
53969 9518 0
45777 18734 0
29393 35118 0
53969 10542 0
58065 3374 0
58065 5422 0
58065 6446 0
43729 21550 0
27345 37934 0
51921 13358 0
39633 25646 0
23249 42030 0
15057 50222 0
45777 19502 0
29393 35886 0
53969 11310 0
58065 7214 0
42705 22574 0
26321 38958 0
50897 14382 0
38609 26670 0
22225 43054 0
14033 51246 0
36561 28718 0
20177 45102 0
11985 53294 0
7889 57390 0
15569 17198 0
40145 17198 1
15569 33582 0
23761 33582 1
27857 4910 0
44241 4910 0
44241 17198 0
27857 33582 0
52433 4910 1
44241 20782 0
27857 37166 0
52433 12590 1
40145 24878 1
23761 41262 1
15569 49454 0
29905 2862 0
46289 2862 0
46289 17198 0
29905 33582 0
54481 2862 1
46289 18734 0
29905 35118 0
54481 10542 1
58577 2862 0
58577 4910 0
58577 6446 0
44241 21038 0
27857 37422 0
15569 49710 0
46289 18990 0
29905 35374 0
58577 6702 0
30929 1838 0
47313 1838 0
47313 17198 0
30929 33582 0
55505 1838 1
47313 17710 0
30929 34094 0
55505 9518 1
59601 1838 0
59601 4910 0
59601 5422 0
47313 17966 0
30929 34350 0
59601 5678 0
43729 21774 0
27345 38158 0
51921 13582 0
39633 25870 0
23249 42254 0
15057 50446 0
45777 19726 0
29393 36110 0
53969 11534 0
58065 7438 0
42705 22798 0
26321 39182 0
50897 14606 0
38609 26894 0
22225 43278 0
14033 51470 0
36561 28942 0
20177 45326 0
11985 53518 0
7889 57614 0
44241 21262 0
27857 37646 0
52433 13070 1
40145 25358 1
23761 41742 1
15569 49934 0
46289 19214 0
29905 35598 0
54481 11022 1
58577 6926 0
47313 18190 0
30929 34574 0
55505 9998 1
59601 5902 0
43473 22030 0
27089 38414 0
51665 13838 1
57809 7694 0
42449 23054 0
26065 39438 0
50641 14862 1
36305 29198 1
19921 45582 1
11729 53774 0
41937 23566 0
25553 39950 0
50129 15374 0
35793 29710 0
19409 46094 0
11217 54286 0
34769 30734 0
18385 47118 0
10193 55310 0
26449 6318 1
42833 6318 0
42833 18606 0
51025 6318 0
51025 10414 0
42833 20654 0
26449 37038 1
51025 12462 0
27473 5294 0
43857 5294 0
43857 17582 0
27473 33966 0
52049 5294 0
52049 9390 0
43857 20654 0
27473 37038 0
52049 12462 0
58193 3246 0
58193 5294 0
58193 6318 0
43857 21550 0
27473 37934 0
52049 13358 0
58193 7214 0
42833 22574 0
26449 38958 1
51025 14382 0
27985 4782 0
44369 4782 0
44369 17070 0
27985 33454 0
52561 4782 1
44369 20654 0
27985 37038 0
52561 12462 1
58705 2734 0
58705 4782 0
58705 6318 0
44369 21038 0
27985 37422 0
58705 6702 0
59729 1710 0
59729 4782 0
59729 5294 0
59729 5678 0
43857 21646 0
27473 38030 0
52049 13454 0
58193 7310 0
42833 22670 0
51025 14478 0
44369 21134 0
27985 37518 0
52561 12942 1
58705 6798 0
59729 5774 0
24145 8622 0
40529 8622 0
15953 16814 0
40529 16814 0
15953 33198 0
24145 33198 0
28241 4526 0
44625 4526 0
44625 16814 0
28241 33198 0
52817 4526 0
52817 8622 0
44625 20654 0
28241 37038 0
52817 12462 0
40529 24750 0
24145 41134 0
15953 49326 0
30289 2478 1
46673 2478 0
46673 16814 0
30289 33198 1
54865 2478 0
54865 8622 0
46673 18606 0
54865 10414 0
58961 2478 0
58961 4526 0
58961 6318 0
44625 20782 0
28241 37166 0
52817 12590 0
40529 24878 0
24145 41262 0
15953 49454 0
46673 18734 0
30289 35118 1
54865 10542 0
58961 6446 0
31313 1454 0
47697 1454 0
47697 16814 0
31313 33198 0
55889 1454 0
55889 8622 0
47697 17582 0
31313 33966 0
55889 9390 0
59985 1454 0
59985 4526 0
59985 5294 0
47697 17710 0
31313 34094 0
55889 9518 0
59985 5422 0
44625 20878 0
28241 37262 0
52817 12686 0
40529 24974 0
24145 41358 0
15953 49550 0
46673 18830 0
54865 10638 0
58961 6542 0
47697 17806 0
31313 34190 0
55889 9614 0
59985 5518 0
31825 942 0
48209 942 0
48209 16814 0
31825 33198 0
56401 942 1
56401 8622 1
48209 17070 0
31825 33454 0
60497 942 0
60497 4526 0
60497 4782 0
48209 17198 0
31825 33582 0
60497 4910 0
48209 17294 0
31825 33678 0
56401 9102 1
60497 5006 0
43729 21798 0
27345 38182 0
51921 13606 0
39633 25894 0
23249 42278 0
15057 50470 0
45777 19750 0
29393 36134 0
53969 11558 0
58065 7462 0
42705 22822 0
26321 39206 0
50897 14630 0
38609 26918 0
22225 43302 0
14033 51494 0
36561 28966 0
20177 45350 0
11985 53542 0
7889 57638 0
44241 21286 0
27857 37670 0
15569 49958 0
46289 19238 0
29905 35622 0
58577 6950 0
47313 18214 0
30929 34598 0
59601 5926 0
43473 22054 0
27089 38438 0
57809 7718 0
42449 23078 0
26065 39462 0
11729 53798 0
41937 23590 0
25553 39974 0
50129 15398 0
35793 29734 0
19409 46118 0
11217 54310 0
34769 30758 0
18385 47142 0
10193 55334 0
43857 21670 0
27473 38054 0
52049 13478 0
58193 7334 0
42833 22694 0
26449 39078 1
51025 14502 0
44369 21158 0
27985 37542 0
58705 6822 0
59729 5798 0
44625 20902 0
28241 37286 0
52817 12710 0
40529 24998 0
24145 41382 0
15953 49574 0
46673 18854 0
30289 35238 1
54865 10662 0
58961 6566 0
47697 17830 0
31313 34214 0
55889 9638 0
59985 5542 0
48209 17318 0
31825 33702 0
60497 5030 0
26513 6254 0
42897 6254 0
42897 18542 0
26513 34926 0
51089 6254 0
51089 10350 0
42897 20590 0
26513 36974 0
51089 12398 0
27537 5230 0
43921 5230 1
27537 33902 0
52113 5230 0
52113 9326 0
43921 20590 1
27537 36974 0
52113 12398 0
58257 3182 0
58257 5230 0
58257 6254 0
43921 21550 1
27537 37934 0
52113 13358 0
58257 7214 0
42897 22574 0
26513 38958 0
51089 14382 0
44433 17006 1
28049 33390 1
44433 20590 1
28049 36974 1
52625 12398 1
58769 2670 1
58769 6254 1
44433 21038 1
28049 37422 1
58769 6702 1
59793 1646 1
59793 5230 1
59793 5678 1
27537 37966 0
52113 13390 0
58257 7246 0
42897 22606 0
26513 38990 0
51089 14414 0
24209 8558 0
40593 8558 0
16017 16750 0
40593 16750 0
16017 33134 0
24209 33134 0
28305 4462 0
44689 4462 0
44689 16750 0
28305 33134 0
52881 4462 0
52881 8558 0
44689 20590 0
28305 36974 0
52881 12398 0
40593 24686 0
24209 41070 0
16017 49262 0
30353 2414 0
46737 2414 0
46737 16750 0
30353 33134 0
54929 2414 0
54929 8558 0
46737 18542 0
30353 34926 0
54929 10350 0
59025 2414 0
59025 4462 0
59025 6254 0
44689 20782 0
28305 37166 0
52881 12590 0
40593 24878 0
24209 41262 0
16017 49454 0
46737 18734 0
30353 35118 0
54929 10542 0
59025 6446 0
31377 1390 0
47761 1390 1
47761 16750 1
31377 33134 0
55953 1390 0
55953 8558 0
31377 33902 0
55953 9326 0
60049 1390 0
60049 4462 0
60049 5230 0
47761 17710 1
31377 34094 0
55953 9518 0
60049 5422 0
44689 20814 0
28305 37198 0
52881 12622 0
40593 24910 0
24209 41294 0
16017 49486 0
46737 18766 0
30353 35150 0
54929 10574 0
59025 6478 0
31377 34126 0
55953 9550 0
60049 5454 0
31889 878 0
48273 878 0
48273 16750 0
31889 33134 0
56465 878 1
56465 8558 1
48273 17006 0
31889 33390 0
60561 878 1
60561 4462 1
48273 17198 0
31889 33582 0
60561 4910 1
48273 17230 0
31889 33614 0
56465 9038 1
27537 37990 0
52113 13414 0
58257 7270 0
42897 22630 0
26513 39014 0
51089 14438 0
44433 21094 1
28049 37478 1
58769 6758 1
59793 5734 1
44689 20838 0
28305 37222 0
52881 12646 0
40593 24934 0
24209 41318 0
16017 49510 0
46737 18790 0
30353 35174 0
54929 10598 0
59025 6502 0
31377 34150 0
55953 9574 0
60049 5478 0
48273 17254 0
31889 33638 0
60561 4966 1
59153 2286 0
59153 4334 0
59153 6254 0
59153 6318 0
60177 1262 0
60177 4334 0
60177 5230 0
60177 5294 0
59153 6350 0
60177 5326 0
60689 750 1
60689 4334 1
60689 4782 1
59153 6374 0
60177 5350 0
60689 4838 1
32273 494 0
48657 494 0
48657 16622 0
32273 33006 0
56849 494 0
56849 8430 0
48657 16750 0
32273 33134 0
56849 8558 0
60945 494 0
60945 4334 0
60945 4462 0
48657 16814 0
32273 33198 0
56849 8622 0
60945 4526 0
48657 16846 0
32273 33230 0
56849 8654 0
60945 4558 0
48657 16870 0
32273 33254 0
56849 8678 0
60945 4582 0
43697 21834 1
27313 38218 0
51889 13642 0
39601 25930 1
23217 42314 0
15025 50506 1
45745 19786 1
29361 36170 0
53937 11594 0
58033 7498 0
26289 39242 0
22193 43338 0
14001 51530 0
20145 45386 0
11953 53578 0
7857 57674 0
23729 41802 0
15537 49994 0
29873 35658 0
47281 18250 1
30897 34634 0
55473 10058 0
41905 23626 1
25521 40010 0
50097 15434 0
35761 29770 1
19377 46154 0
11185 54346 1
18353 47178 0
10161 55370 0
43825 21706 1
27441 38090 0
52017 13514 0
58161 7370 0
28209 37322 0
24113 41418 0
15921 49610 0
47665 17866 1
31281 34250 0
55857 9674 0
59953 5578 0
31793 33738 0
43633 21898 0
27249 38282 0
51825 13706 0
39537 25994 0
23153 42378 0
14961 50570 0
45681 19850 0
53873 11658 0
57969 7562 0
20081 45450 0
11889 53642 0
7793 57738 0
27761 37770 0
23665 41866 0
15473 50058 0
47217 18314 0
30833 34698 0
55409 10122 0
59505 6026 0
43377 22154 0
26993 38538 0
51569 13962 0
57713 7818 0
19825 45706 0
11633 53898 0
41841 23690 0
50033 15498 0
35697 29834 0
19313 46218 0
11121 54410 0
43729 21802 0
27345 38186 0
51921 13610 0
39633 25898 0
23249 42282 0
15057 50474 0
45777 19754 0
29393 36138 0
53969 11562 0
58065 7466 0
42705 22826 0
26321 39210 0
50897 14634 0
38609 26922 0
22225 43306 0
14033 51498 0
36561 28970 0
20177 45354 0
11985 53546 0
7889 57642 0
44241 21290 0
27857 37674 0
15569 49962 0
46289 19242 0
29905 35626 0
58577 6954 0
47313 18218 0
30929 34602 0
59601 5930 0
43473 22058 0
27089 38442 0
57809 7722 0
42449 23082 0
26065 39466 0
11729 53802 0
41937 23594 0
25553 39978 0
50129 15402 0
35793 29738 0
19409 46122 0
11217 54314 0
34769 30762 0
18385 47146 0
10193 55338 0
43857 21674 0
27473 38058 0
52049 13482 0
58193 7338 0
42833 22698 0
51025 14506 0
44369 21162 0
27985 37546 0
58705 6826 0
59729 5802 0
44625 20906 0
28241 37290 0
52817 12714 0
40529 25002 0
24145 41386 0
15953 49578 0
46673 18858 0
54865 10666 0
58961 6570 0
47697 17834 0
31313 34218 0
55889 9642 0
59985 5546 0
48209 17322 0
31825 33706 0
60497 5034 0
43921 21610 1
27537 37994 0
52113 13418 0
58257 7274 0
42897 22634 0
26513 39018 0
51089 14442 0
44689 20842 0
28305 37226 0
52881 12650 0
40593 24938 0
24209 41322 0
16017 49514 0
46737 18794 0
30353 35178 0
54929 10602 0
59025 6506 0
47761 17770 1
31377 34154 0
55953 9578 0
60049 5482 0
48273 17258 0
31889 33642 0
59153 6378 0
60177 5354 0
48657 16874 0
32273 33258 0
56849 8682 0
60945 4586 0
21985 10782 0
13793 18974 0
13793 35358 0
21985 35358 0
26081 6686 0
26081 35358 0
19937 12830 0
11745 21022 0
11745 37406 0
19937 37406 0
26081 37406 0
7649 25118 0
7649 41502 0
19937 41502 0
21985 41502 0
7649 49694 0
11745 49694 0
13793 49694 0
23009 9758 0
39393 9758 0
14817 17950 0
39393 17950 0
14817 34334 0
23009 34334 0
27105 5662 0
43489 5662 0
43489 17950 0
27105 34334 0
51681 5662 0
51681 9758 0
43489 21022 0
27105 37406 0
51681 12830 0
39393 25118 0
23009 41502 0
14817 49694 0
29153 3614 0
45537 3614 0
45537 17950 0
29153 34334 0
53729 3614 0
53729 9758 0
45537 18974 0
29153 35358 0
53729 10782 0
57825 3614 0
57825 5662 0
57825 6686 0
21473 11294 0
37857 11294 0
13281 19486 0
37857 19486 0
13281 35870 0
21473 35870 0
25569 7198 0
41953 7198 0
41953 19486 0
25569 35870 0
50145 7198 0
50145 11294 0
19425 13342 0
35809 13342 0
11233 21534 0
35809 21534 0
11233 37918 0
19425 37918 0
41953 21534 0
25569 37918 0
50145 13342 0
7137 25630 0
35809 25630 0
7137 42014 0
19425 42014 0
37857 25630 0
21473 42014 0
7137 50206 0
11233 50206 0
13281 50206 0
43489 21534 0
27105 37918 0
51681 13342 0
39393 25630 0
23009 42014 0
14817 50206 0
45537 19486 0
29153 35870 0
53729 11294 0
57825 7198 0
18401 14366 0
10209 22558 0
10209 38942 0
18401 38942 0
41953 22558 0
25569 38942 0
50145 14366 0
6113 26654 0
6113 43038 0
18401 43038 0
37857 26654 0
21473 43038 0
6113 51230 0
10209 51230 0
13281 51230 0
26081 38942 0
21985 43038 0
13793 51230 0
18401 45086 0
35809 28702 0
19425 45086 0
10209 53278 0
11233 53278 0
19937 45086 0
11745 53278 0
6113 57374 0
7137 57374 0
7649 57374 0
22241 10526 0
14049 18718 0
14049 35102 0
22241 35102 0
26337 6430 0
26337 35102 0
20193 12574 0
12001 20766 0
12001 37150 0
20193 37150 0
26337 37150 0
7905 24862 0
7905 41246 0
20193 41246 0
22241 41246 0
7905 49438 0
12001 49438 0
14049 49438 0
23265 9502 0
39649 9502 0
15073 17694 0
39649 17694 0
15073 34078 0
23265 34078 0
27361 5406 0
43745 5406 0
43745 17694 0
27361 34078 0
51937 5406 0
51937 9502 0
43745 20766 0
27361 37150 0
51937 12574 0
39649 24862 0
23265 41246 0
15073 49438 0
29409 3358 0
45793 3358 0
45793 17694 0
29409 34078 0
53985 3358 0
53985 9502 0
45793 18718 0
29409 35102 0
53985 10526 0
58081 3358 0
58081 5406 0
58081 6430 0
43745 21534 0
27361 37918 0
51937 13342 0
39649 25630 0
23265 42014 0
15073 50206 0
45793 19486 0
29409 35870 0
53985 11294 0
58081 7198 0
26337 38942 0
22241 43038 0
14049 51230 0
20193 45086 0
12001 53278 0
7905 57374 0
23777 8990 0
15585 17182 0
15585 33566 0
23777 33566 0
27873 4894 0
27873 33566 0
27873 37150 0
23777 41246 0
15585 49438 0
29921 2846 0
29921 33566 0
29921 35102 0
27873 37406 0
23777 41502 0
15585 49694 0
29921 35358 0
30945 1822 0
47329 1822 0
47329 17182 0
30945 33566 0
55521 1822 0
55521 8990 0
47329 17694 0
30945 34078 0
55521 9502 0
59617 1822 0
59617 4894 0
59617 5406 0
47329 17950 0
30945 34334 0
55521 9758 0
59617 5662 0
43745 21774 0
27361 38158 0
51937 13582 0
39649 25870 0
23265 42254 0
15073 50446 0
45793 19726 0
29409 36110 0
53985 11534 0
58081 7438 0
26337 39182 0
22241 43278 0
14049 51470 0
20193 45326 0
12001 53518 0
7905 57614 0
27873 37646 0
23777 41742 0
15585 49934 0
29921 35598 0
47329 18190 0
30945 34574 0
55521 9998 0
59617 5902 0
43489 22030 0
27105 38414 0
51681 13838 0
39393 26126 0
23009 42510 0
14817 50702 0
45537 19982 0
29153 36366 0
53729 11790 0
57825 7694 0
26081 39438 0
21985 43534 0
13793 51726 0
19937 45582 0
11745 53774 0
7649 57870 0
41953 23566 0
25569 39950 0
50145 15374 0
37857 27662 0
21473 44046 0
13281 52238 0
35809 29710 0
19425 46094 0
11233 54286 0
7137 58382 0
18401 47118 0
10209 55310 0
6113 59406 0
22369 10398 1
14177 18590 1
26465 6302 1
26465 37022 1
22369 41118 1
14177 49310 1
23393 9374 0
39777 9374 0
15201 17566 0
39777 17566 0
15201 33950 0
23393 33950 0
27489 5278 0
43873 5278 0
43873 17566 0
27489 33950 0
52065 5278 0
52065 9374 0
43873 20638 0
27489 37022 0
52065 12446 0
39777 24734 0
23393 41118 0
15201 49310 0
29537 3230 1
45921 3230 0
45921 17566 0
29537 33950 1
54113 3230 0
54113 9374 0
45921 18590 0
54113 10398 0
58209 3230 0
58209 5278 0
58209 6302 0
43873 21534 0
27489 37918 0
52065 13342 0
39777 25630 0
23393 42014 0
15201 50206 0
45921 19486 0
29537 35870 1
54113 11294 0
58209 7198 0
26465 38942 1
22369 43038 1
14177 51230 1
23905 8862 0
15713 17054 0
15713 33438 0
23905 33438 0
28001 4766 0
28001 33438 0
28001 37022 0
23905 41118 0
15713 49310 0
30049 2718 1
30049 33438 1
28001 37406 0
23905 41502 0
15713 49694 0
30049 35358 1
31073 1694 0
47457 1694 0
47457 17054 0
31073 33438 0
55649 1694 0
55649 8862 0
47457 17566 0
31073 33950 0
55649 9374 0
59745 1694 0
59745 4766 0
59745 5278 0
47457 17950 0
31073 34334 0
55649 9758 0
59745 5662 0
43873 21646 0
27489 38030 0
52065 13454 0
39777 25742 0
23393 42126 0
15201 50318 0
45921 19598 0
54113 11406 0
58209 7310 0
28001 37518 0
23905 41614 0
15713 49806 0
47457 18062 0
31073 34446 0
55649 9870 0
59745 5774 0
24161 8606 0
15969 16798 0
15969 33182 0
24161 33182 0
28257 4510 0
28257 33182 0
28257 37022 0
24161 41118 0
15969 49310 0
30305 2462 1
30305 33182 1
28257 37150 0
24161 41246 0
15969 49438 0
30305 35102 1
31329 1438 0
47713 1438 0
47713 16798 0
31329 33182 0
55905 1438 0
55905 8606 0
47713 17566 0
31329 33950 0
55905 9374 0
60001 1438 0
60001 4510 0
60001 5278 0
47713 17694 0
31329 34078 0
55905 9502 0
60001 5406 0
28257 37262 0
24161 41358 0
15969 49550 0
47713 17806 0
31329 34190 0
55905 9614 0
60001 5518 0
31841 926 0
31841 33182 0
31841 33438 0
31841 33566 0
31841 33678 0
43745 21782 0
27361 38166 0
51937 13590 0
39649 25878 0
23265 42262 0
15073 50454 0
45793 19734 0
29409 36118 0
53985 11542 0
58081 7446 0
26337 39190 0
22241 43286 0
14049 51478 0
20193 45334 0
12001 53526 0
7905 57622 0
27873 37654 0
23777 41750 0
15585 49942 0
29921 35606 0
47329 18198 0
30945 34582 0
55521 10006 0
59617 5910 0
43489 22038 0
27105 38422 0
51681 13846 0
39393 26134 0
23009 42518 0
14817 50710 0
45537 19990 0
29153 36374 0
53729 11798 0
57825 7702 0
26081 39446 0
21985 43542 0
13793 51734 0
19937 45590 0
11745 53782 0
7649 57878 0
41953 23574 0
25569 39958 0
50145 15382 0
37857 27670 0
21473 44054 0
13281 52246 0
35809 29718 0
19425 46102 0
11233 54294 0
7137 58390 0
18401 47126 0
10209 55318 0
6113 59414 0
43873 21654 0
27489 38038 0
52065 13462 0
39777 25750 0
23393 42134 0
15201 50326 0
45921 19606 0
29537 35990 1
54113 11414 0
58209 7318 0
26465 39062 1
22369 43158 1
14177 51350 1
28001 37526 0
23905 41622 0
15713 49814 0
30049 35478 1
47457 18070 0
31073 34454 0
55649 9878 0
59745 5782 0
28257 37270 0
24161 41366 0
15969 49558 0
30305 35222 1
47713 17814 0
31329 34198 0
55905 9622 0
60001 5526 0
31841 33686 0
22433 10334 0
14241 18526 0
14241 34910 0
22433 34910 0
26529 6238 0
26529 34910 0
26529 36958 0
22433 41054 0
14241 49246 0
23457 9310 0
39841 9310 1
15265 33886 1
23457 33886 0
27553 5214 0
43937 5214 1
27553 33886 0
52129 5214 0
52129 9310 0
43937 20574 1
27553 36958 0
52129 12382 0
39841 24670 1
23457 41054 0
15265 49246 1
29601 3166 0
45985 3166 1
29601 33886 0
54177 3166 0
54177 9310 0
45985 18526 1
29601 34910 0
54177 10334 0
58273 3166 0
58273 5214 0
58273 6238 0
43937 21534 1
27553 37918 0
52129 13342 0
39841 25630 1
23457 42014 0
15265 50206 1
45985 19486 1
29601 35870 0
54177 11294 0
58273 7198 0
26529 38942 0
22433 43038 0
14241 51230 0
23969 8798 0
15777 16990 0
15777 33374 0
23969 33374 0
28065 33374 1
28065 36958 1
23969 41054 0
15777 49246 0
30113 2654 0
30113 33374 0
30113 34910 0
28065 37406 1
23969 41502 0
15777 49694 0
30113 35358 0
31137 1630 0
47521 1630 1
47521 16990 1
31137 33374 0
55713 1630 0
55713 8798 0
31137 33886 0
55713 9310 0
59809 1630 1
59809 5214 1
47521 17950 1
31137 34334 0
55713 9758 0
59809 5662 1
27553 37966 0
52129 13390 0
23457 42062 0
29601 35918 0
54177 11342 0
58273 7246 0
26529 38990 0
22433 43086 0
14241 51278 0
23969 41550 0
15777 49742 0
30113 35406 0
31137 34382 0
55713 9806 0
24225 8542 0
16033 16734 0
16033 33118 0
24225 33118 0
28321 4446 0
28321 33118 0
28321 36958 0
24225 41054 0
16033 49246 0
30369 2398 0
30369 33118 0
30369 34910 0
28321 37150 0
24225 41246 0
16033 49438 0
30369 35102 0
31393 1374 0
47777 1374 1
47777 16734 1
31393 33118 0
55969 1374 0
55969 8542 0
31393 33886 0
55969 9310 0
60065 1374 0
60065 4446 0
60065 5214 0
47777 17694 1
31393 34078 0
55969 9502 0
60065 5406 0
28321 37198 0
24225 41294 0
16033 49486 0
30369 35150 0
31393 34126 0
55969 9550 0
60065 5454 0
31905 862 0
31905 33118 0
31905 33374 0
31905 33566 0
31905 33614 0
27553 37974 0
52129 13398 0
23457 42070 0
29601 35926 0
54177 11350 0
58273 7254 0
26529 38998 0
22433 43094 0
14241 51286 0
28065 37462 1
23969 41558 0
15777 49750 0
30113 35414 0
31137 34390 0
55713 9814 0
59809 5718 1
28321 37206 0
24225 41302 0
16033 49494 0
30369 35158 0
31393 34134 0
55969 9558 0
60065 5462 0
31905 33622 0
30497 2270 1
30497 32990 1
30497 34910 1
31521 1246 0
47905 1246 1
47905 16606 1
31521 32990 0
56097 1246 0
56097 8414 0
31521 33886 0
56097 9310 0
60193 1246 0
60193 4318 0
60193 5214 0
47905 17566 1
31521 33950 0
56097 9374 0
60193 5278 0
31521 33998 0
56097 9422 0
60193 5326 0
32033 734 0
32033 32990 0
32033 33374 0
32033 33438 0
32033 33486 0
30497 35030 1
31521 34006 0
56097 9430 0
60193 5334 0
32033 33494 0
32289 478 0
32289 32990 0
32289 33118 0
32289 33182 0
32289 33230 0
32289 33238 0
43745 21786 0
27361 38170 0
51937 13594 0
39649 25882 0
23265 42266 0
15073 50458 0
45793 19738 0
29409 36122 0
53985 11546 0
58081 7450 0
26337 39194 0
22241 43290 0
14049 51482 0
20193 45338 0
12001 53530 0
7905 57626 0
27873 37658 0
23777 41754 0
15585 49946 0
29921 35610 0
47329 18202 0
30945 34586 0
55521 10010 0
59617 5914 0
43489 22042 0
27105 38426 0
51681 13850 0
39393 26138 0
23009 42522 0
14817 50714 0
45537 19994 0
29153 36378 0
53729 11802 0
57825 7706 0
26081 39450 0
21985 43546 0
13793 51738 0
19937 45594 0
11745 53786 0
7649 57882 0
41953 23578 0
25569 39962 0
50145 15386 0
37857 27674 0
21473 44058 0
13281 52250 0
35809 29722 0
19425 46106 0
11233 54298 0
7137 58394 0
18401 47130 0
10209 55322 0
6113 59418 0
43873 21658 0
27489 38042 0
52065 13466 0
39777 25754 0
23393 42138 0
15201 50330 0
45921 19610 0
54113 11418 0
58209 7322 0
28001 37530 0
23905 41626 0
15713 49818 0
47457 18074 0
31073 34458 0
55649 9882 0
59745 5786 0
28257 37274 0
24161 41370 0
15969 49562 0
47713 17818 0
31329 34202 0
55905 9626 0
60001 5530 0
31841 33690 0
43937 21594 1
27553 37978 0
52129 13402 0
39841 25690 1
23457 42074 0
15265 50266 1
45985 19546 1
29601 35930 0
54177 11354 0
58273 7258 0
26529 39002 0
22433 43098 0
14241 51290 0
23969 41562 0
15777 49754 0
30113 35418 0
47521 18010 1
31137 34394 0
55713 9818 0
28321 37210 0
24225 41306 0
16033 49498 0
30369 35162 0
47777 17754 1
31393 34138 0
55969 9562 0
60065 5466 0
31905 33626 0
47905 17626 1
31521 34010 0
56097 9434 0
60193 5338 0
32033 33498 0
32289 33242 0
22465 10302 0
38849 10302 0
14273 18494 0
38849 18494 0
14273 34878 0
22465 34878 0
26561 6206 0
42945 6206 0
42945 18494 0
26561 34878 0
51137 6206 0
51137 10302 0
42945 20542 0
26561 36926 0
51137 12350 0
38849 24638 0
22465 41022 0
14273 49214 0
23489 9278 0
39873 9278 0
15297 17470 0
39873 17470 0
15297 33854 0
23489 33854 0
27585 5182 0
43969 5182 0
43969 17470 0
27585 33854 0
52161 5182 0
52161 9278 0
43969 20542 0
27585 36926 0
52161 12350 0
39873 24638 0
23489 41022 0
15297 49214 0
29633 3134 0
46017 3134 0
46017 17470 0
29633 33854 0
54209 3134 0
54209 9278 0
46017 18494 0
29633 34878 0
54209 10302 0
58305 3134 0
58305 5182 0
58305 6206 0
43969 21534 0
27585 37918 0
52161 13342 0
39873 25630 0
23489 42014 0
15297 50206 0
46017 19486 0
29633 35870 0
54209 11294 0
58305 7198 0
42945 22558 0
26561 38942 0
51137 14366 0
38849 26654 0
22465 43038 0
14273 51230 0
15809 16958 0
40385 16958 1
15809 33342 0
24001 33342 1
28097 4670 0
44481 4670 0
44481 16958 0
28097 33342 0
52673 4670 1
44481 20542 0
28097 36926 0
52673 12350 1
40385 24638 1
24001 41022 1
15809 49214 0
30145 2622 0
46529 2622 0
46529 16958 0
30145 33342 0
54721 2622 1
46529 18494 0
30145 34878 0
54721 10302 1
58817 2622 0
58817 4670 0
58817 6206 0
44481 21022 0
28097 37406 0
52673 12830 1
40385 25118 1
24001 41502 1
15809 49694 0
46529 18974 0
30145 35358 0
54721 10782 1
58817 6686 0
31169 1598 0
47553 1598 0
47553 16958 0
31169 33342 0
55745 1598 1
47553 17470 0
31169 33854 0
55745 9278 1
59841 1598 0
59841 4670 0
59841 5182 0
47553 17950 0
31169 34334 0
55745 9758 1
59841 5662 0
43969 21550 0
27585 37934 0
52161 13358 0
39873 25646 0
23489 42030 0
15297 50222 0
46017 19502 0
29633 35886 0
54209 11310 0
58305 7214 0
42945 22574 0
26561 38958 0
51137 14382 0
38849 26670 0
22465 43054 0
14273 51246 0
44481 21038 0
28097 37422 0
15809 49710 0
46529 18990 0
30145 35374 0
58817 6702 0
47553 17966 0
31169 34350 0
59841 5678 0
24257 8510 0
40641 8510 0
16065 16702 0
40641 16702 0
16065 33086 0
24257 33086 0
28353 4414 0
44737 4414 0
44737 16702 0
28353 33086 0
52929 4414 0
52929 8510 0
44737 20542 0
28353 36926 0
52929 12350 0
40641 24638 0
24257 41022 0
16065 49214 0
30401 2366 0
46785 2366 0
46785 16702 0
30401 33086 0
54977 2366 0
54977 8510 0
46785 18494 0
30401 34878 0
54977 10302 0
59073 2366 0
59073 4414 0
59073 6206 0
44737 20766 0
28353 37150 0
52929 12574 0
40641 24862 0
24257 41246 0
16065 49438 0
46785 18718 0
30401 35102 0
54977 10526 0
59073 6430 0
31425 1342 0
47809 1342 0
47809 16702 0
31425 33086 0
56001 1342 0
56001 8510 0
47809 17470 0
31425 33854 0
56001 9278 0
60097 1342 0
60097 4414 0
60097 5182 0
47809 17694 0
31425 34078 0
56001 9502 0
60097 5406 0
44737 20782 0
28353 37166 0
52929 12590 0
40641 24878 0
24257 41262 0
16065 49454 0
46785 18734 0
30401 35118 0
54977 10542 0
59073 6446 0
47809 17710 0
31425 34094 0
56001 9518 0
60097 5422 0
31937 830 0
48321 830 0
48321 16702 0
31937 33086 0
56513 830 1
56513 8510 1
48321 16958 0
31937 33342 0
60609 830 0
60609 4414 0
60609 4670 0
48321 17182 0
31937 33566 0
56513 8990 1
60609 4894 0
48321 17198 0
31937 33582 0
60609 4910 0
43969 21558 0
27585 37942 0
52161 13366 0
39873 25654 0
23489 42038 0
15297 50230 0
46017 19510 0
29633 35894 0
54209 11318 0
58305 7222 0
42945 22582 0
26561 38966 0
51137 14390 0
38849 26678 0
22465 43062 0
14273 51254 0
44481 21046 0
28097 37430 0
15809 49718 0
46529 18998 0
30145 35382 0
58817 6710 0
47553 17974 0
31169 34358 0
59841 5686 0
44737 20790 0
28353 37174 0
52929 12598 0
40641 24886 0
24257 41270 0
16065 49462 0
46785 18742 0
30401 35126 0
54977 10550 0
59073 6454 0
47809 17718 0
31425 34102 0
56001 9526 0
60097 5430 0
48321 17206 0
31937 33590 0
60609 4918 0
30529 2238 1
46913 2238 0
46913 16574 0
30529 32958 1
55105 2238 0
55105 8382 0
46913 18494 0
30529 34878 1
55105 10302 0
59201 2238 0
59201 4286 0
59201 6206 0
46913 18590 0
55105 10398 0
59201 6302 0
31553 1214 0
47937 1214 0
47937 16574 0
31553 32958 0
56129 1214 0
56129 8382 0
47937 17470 0
31553 33854 0
56129 9278 0
60225 1214 0
60225 4286 0
60225 5182 0
47937 17566 0
31553 33950 0
56129 9374 0
60225 5278 0
46913 18606 0
55105 10414 0
59201 6318 0
47937 17582 0
31553 33966 0
56129 9390 0
60225 5294 0
32065 702 0
48449 702 0
48449 16574 0
32065 32958 0
56641 702 1
56641 8382 1
48449 16958 0
32065 33342 0
60737 702 0
60737 4286 0
60737 4670 0
48449 17054 0
32065 33438 0
56641 8862 1
60737 4766 0
48449 17070 0
32065 33454 0
60737 4782 0
46913 18614 0
30529 34998 1
55105 10422 0
59201 6326 0
47937 17590 0
31553 33974 0
56129 9398 0
60225 5302 0
48449 17078 0
32065 33462 0
60737 4790 0
32321 446 0
48705 446 0
48705 16574 0
32321 32958 0
56897 446 0
56897 8382 0
48705 16702 0
32321 33086 0
56897 8510 0
60993 446 0
60993 4286 0
60993 4414 0
48705 16798 0
32321 33182 0
56897 8606 0
60993 4510 0
48705 16814 0
32321 33198 0
56897 8622 0
60993 4526 0
48705 16822 0
32321 33206 0
56897 8630 0
60993 4534 0
43969 21562 0
27585 37946 0
52161 13370 0
39873 25658 0
23489 42042 0
15297 50234 0
46017 19514 0
29633 35898 0
54209 11322 0
58305 7226 0
42945 22586 0
26561 38970 0
51137 14394 0
38849 26682 0
22465 43066 0
14273 51258 0
44481 21050 0
28097 37434 0
15809 49722 0
46529 19002 0
30145 35386 0
58817 6714 0
47553 17978 0
31169 34362 0
59841 5690 0
44737 20794 0
28353 37178 0
52929 12602 0
40641 24890 0
24257 41274 0
16065 49466 0
46785 18746 0
30401 35130 0
54977 10554 0
59073 6458 0
47809 17722 0
31425 34106 0
56001 9530 0
60097 5434 0
48321 17210 0
31937 33594 0
60609 4922 0
46913 18618 0
55105 10426 0
59201 6330 0
47937 17594 0
31553 33978 0
56129 9402 0
60225 5306 0
48449 17082 0
32065 33466 0
60737 4794 0
48705 16826 0
32321 33210 0
56897 8634 0
60993 4538 0
30593 2174 0
46977 2174 0
46977 16510 0
30593 32894 0
55169 2174 0
55169 8318 0
46977 18494 0
30593 34878 0
55169 10302 0
59265 2174 0
59265 4222 0
59265 6206 0
46977 18526 0
30593 34910 0
55169 10334 0
59265 6238 0
31617 1150 0
48001 1150 1
48001 16510 1
31617 32894 0
56193 1150 0
56193 8318 0
48001 17470 1
31617 33854 0
56193 9278 0
60289 1150 0
60289 4222 0
60289 5182 0
31617 33886 0
56193 9310 0
60289 5214 0
46977 18542 0
30593 34926 0
55169 10350 0
59265 6254 0
31617 33902 0
56193 9326 0
60289 5230 0
32129 638 0
48513 638 0
48513 16510 0
32129 32894 0
56705 638 1
56705 8318 1
48513 16958 0
32129 33342 0
60801 638 1
60801 4222 1
60801 4670 1
48513 16990 0
32129 33374 0
56705 8798 1
48513 17006 0
32129 33390 0
46977 18550 0
30593 34934 0
55169 10358 0
59265 6262 0
31617 33910 0
56193 9334 0
60289 5238 0
48513 17014 0
32129 33398 0
60801 4726 1
32385 382 0
48769 382 0
48769 16510 0
32385 32894 0
56961 382 0
56961 8318 0
48769 16702 0
32385 33086 0
56961 8510 0
61057 382 0
61057 4222 0
61057 4414 0
48769 16734 0
32385 33118 0
56961 8542 0
61057 4446 0
48769 16750 0
32385 33134 0
56961 8558 0
61057 4462 0
48769 16758 0
32385 33142 0
56961 8566 0
61057 4470 0
46977 18554 0
30593 34938 0
55169 10362 0
59265 6266 0
48001 17530 1
31617 33914 0
56193 9338 0
60289 5242 0
48513 17018 0
32129 33402 0
48769 16762 0
32385 33146 0
56961 8570 0
61057 4474 0
25939 6828 1
42323 6828 0
42323 19116 0
50515 6828 0
50515 10924 0
19795 12972 0
36179 12972 0
11603 21164 0
36179 21164 0
11603 37548 0
19795 37548 0
42323 21164 0
25939 37548 1
50515 12972 0
36179 25260 0
19795 41644 0
11603 49836 0
26963 5804 0
43347 5804 0
43347 18092 0
26963 34476 0
51539 5804 0
51539 9900 0
43347 21164 0
26963 37548 0
51539 12972 0
57683 3756 0
57683 5804 0
57683 6828 0
25427 7340 1
41811 7340 0
41811 19628 0
50003 7340 0
50003 11436 0
19283 13484 0
35667 13484 0
11091 21676 0
35667 21676 0
11091 38060 0
19283 38060 0
41811 21676 0
25427 38060 1
50003 13484 0
35667 25772 0
19283 42156 0
11091 50348 0
43347 21676 0
26963 38060 0
51539 13484 0
57683 7340 0
18259 14508 1
34643 14508 0
10067 22700 1
34643 22700 0
41811 22700 0
50003 14508 0
34643 26796 0
42323 22700 0
50515 14508 0
34643 28844 0
18259 45228 1
35667 28844 0
19283 45228 0
10067 53420 1
11091 53420 0
36179 28844 0
19795 45228 0
11603 53420 0
22099 10668 1
38483 10668 0
13907 18860 1
38483 18860 0
26195 6572 1
42579 6572 0
42579 18860 0
50771 6572 0
50771 10668 0
20051 12716 0
36435 12716 0
11859 20908 0
36435 20908 0
11859 37292 0
20051 37292 0
42579 20908 0
26195 37292 1
50771 12716 0
7763 25004 0
36435 25004 0
7763 41388 0
20051 41388 0
38483 25004 0
22099 41388 1
7763 49580 0
11859 49580 0
13907 49580 1
23123 9644 0
39507 9644 0
14931 17836 0
39507 17836 0
14931 34220 0
23123 34220 0
27219 5548 0
43603 5548 0
43603 17836 0
27219 34220 0
51795 5548 0
51795 9644 0
43603 20908 0
27219 37292 0
51795 12716 0
39507 25004 0
23123 41388 0
14931 49580 0
29267 3500 1
45651 3500 0
45651 17836 0
29267 34220 1
53843 3500 0
53843 9644 0
45651 18860 0
53843 10668 0
57939 3500 0
57939 5548 0
57939 6572 0
43603 21676 0
27219 38060 0
51795 13484 0
39507 25772 0
23123 42156 0
14931 50348 0
45651 19628 0
53843 11436 0
57939 7340 0
42579 22700 0
50771 14508 0
38483 26796 0
36435 28844 0
20051 45228 0
11859 53420 0
7763 57516 0
23635 9132 0
40019 9132 0
15443 17324 0
40019 17324 0
15443 33708 0
23635 33708 0
27731 5036 0
44115 5036 0
44115 17324 0
27731 33708 0
52307 5036 0
52307 9132 0
44115 20908 0
27731 37292 0
52307 12716 0
40019 25004 0
23635 41388 0
15443 49580 0
29779 2988 1
46163 2988 0
46163 17324 0
29779 33708 1
54355 2988 0
54355 9132 0
46163 18860 0
54355 10668 0
58451 2988 0
58451 5036 0
58451 6572 0
44115 21164 0
27731 37548 0
52307 12972 0
40019 25260 0
23635 41644 0
15443 49836 0
46163 19116 0
54355 10924 0
58451 6828 0
30803 1964 0
47187 1964 0
47187 17324 0
30803 33708 0
55379 1964 0
55379 9132 0
47187 17836 0
30803 34220 0
55379 9644 0
59475 1964 0
59475 5036 0
59475 5548 0
47187 18092 0
30803 34476 0
55379 9900 0
59475 5804 0
21715 11052 0
38099 11052 0
13523 19244 0
38099 19244 0
13523 35628 0
21715 35628 0
25811 6956 0
42195 6956 0
42195 19244 0
25811 35628 0
50387 6956 0
50387 11052 0
19667 13100 0
36051 13100 0
11475 21292 0
36051 21292 0
11475 37676 0
19667 37676 0
42195 21292 0
25811 37676 0
50387 13100 0
7379 25388 0
36051 25388 0
7379 41772 0
19667 41772 0
38099 25388 0
21715 41772 0
7379 49964 0
11475 49964 0
13523 49964 0
22739 10028 0
39123 10028 0
14547 18220 0
39123 18220 0
14547 34604 0
22739 34604 0
26835 5932 0
43219 5932 0
43219 18220 0
26835 34604 0
51411 5932 0
51411 10028 0
43219 21292 0
26835 37676 0
51411 13100 0
39123 25388 0
22739 41772 0
14547 49964 0
45267 18220 1
28883 34604 1
53459 10028 1
45267 19244 1
28883 35628 1
53459 11052 1
57555 5932 1
57555 6956 1
21203 11564 0
37587 11564 0
13011 19756 0
37587 19756 0
13011 36140 0
21203 36140 0
25299 7468 0
41683 7468 0
41683 19756 0
25299 36140 0
49875 7468 0
49875 11564 0
19155 13612 0
35539 13612 0
10963 21804 0
35539 21804 0
10963 38188 0
19155 38188 0
41683 21804 0
25299 38188 0
49875 13612 0
6867 25900 0
35539 25900 0
6867 42284 0
19155 42284 0
37587 25900 0
21203 42284 0
6867 50476 0
10963 50476 0
13011 50476 0
43219 21804 0
26835 38188 0
51411 13612 0
39123 25900 0
22739 42284 0
14547 50476 0
45267 19756 1
28883 36140 1
53459 11564 1
57555 7468 1
18131 14636 0
34515 14636 0
9939 22828 0
34515 22828 0
9939 39212 0
18131 39212 0
41683 22828 0
25299 39212 0
49875 14636 0
5843 26924 0
34515 26924 0
5843 43308 0
18131 43308 0
37587 26924 0
21203 43308 0
5843 51500 0
9939 51500 0
13011 51500 0
42195 22828 0
25811 39212 0
50387 14636 0
38099 26924 0
21715 43308 0
13523 51500 0
3795 28972 1
34515 28972 0
3795 45356 1
18131 45356 0
35539 28972 0
19155 45356 0
3795 53548 1
9939 53548 0
10963 53548 0
36051 28972 0
19667 45356 0
11475 53548 0
3795 57644 1
5843 57644 0
6867 57644 0
7379 57644 0
43603 21804 0
27219 38188 0
51795 13612 0
39507 25900 0
23123 42284 0
14931 50476 0
45651 19756 0
29267 36140 1
53843 11564 0
57939 7468 0
42579 22828 0
26195 39212 1
50771 14636 0
38483 26924 0
22099 43308 1
13907 51500 1
36435 28972 0
20051 45356 0
11859 53548 0
7763 57644 0
44115 21292 0
27731 37676 0
52307 13100 0
40019 25388 0
23635 41772 0
15443 49964 0
46163 19244 0
29779 35628 1
54355 11052 0
58451 6956 0
47187 18220 0
30803 34604 0
55379 10028 0
59475 5932 0
25043 7724 0
41427 7724 0
41427 20012 0
25043 36396 0
49619 7724 0
49619 11820 0
18899 13868 0
35283 13868 0
10707 22060 0
35283 22060 0
10707 38444 0
18899 38444 0
41427 22060 0
25043 38444 0
49619 13868 0
35283 26156 0
18899 42540 0
10707 50732 0
43219 22060 0
26835 38444 0
51411 13868 0
39123 26156 0
22739 42540 0
14547 50732 0
45267 20012 1
28883 36396 1
53459 11820 1
57555 7724 1
17875 14892 0
34259 14892 0
9683 23084 0
34259 23084 0
9683 39468 0
17875 39468 0
41427 23084 0
25043 39468 0
49619 14892 0
34259 27180 0
17875 43564 0
9683 51756 0
42195 23084 0
25811 39468 0
50387 14892 0
38099 27180 0
21715 43564 0
13523 51756 0
3539 29228 1
34259 29228 0
3539 45612 1
17875 45612 0
35283 29228 0
18899 45612 0
3539 53804 1
9683 53804 0
10707 53804 0
36051 29228 0
19667 45612 0
11475 53804 0
3539 57900 1
7379 57900 0
43347 22060 0
26963 38444 0
51539 13868 0
57683 7724 0
42323 23084 0
25939 39468 1
50515 14892 0
36179 29228 0
19795 45612 0
11603 53804 0
17363 15404 0
33747 15404 0
9171 23596 0
33747 23596 0
9171 39980 0
17363 39980 0
41427 23596 0
25043 39980 0
49619 15404 0
33747 27692 0
17363 44076 0
9171 52268 0
41683 23596 0
25299 39980 0
49875 15404 0
37587 27692 0
21203 44076 0
13011 52268 0
3027 29740 1
33747 29740 0
3027 46124 1
17363 46124 0
35283 29740 0
18899 46124 0
3027 54316 1
9171 54316 0
10707 54316 0
35539 29740 0
19155 46124 0
10963 54316 0
3027 58412 1
6867 58412 0
41811 23596 0
25427 39980 1
50003 15404 0
35667 29740 0
19283 46124 0
11091 54316 0
2003 30764 1
33747 30764 0
2003 47148 1
17363 47148 0
34259 30764 0
17875 47148 0
2003 55340 1
9171 55340 0
9683 55340 0
34515 30764 0
18131 47148 0
9939 55340 0
2003 59436 1
5843 59436 0
34643 30764 0
18259 47148 1
10067 55340 1
42387 19052 1
26003 35436 1
50579 10860 1
36243 25196 1
19859 41580 1
11667 49772 1
27027 34412 1
51603 9836 1
57747 3692 1
25491 7276 0
41875 7276 1
25491 35948 0
50067 7276 0
50067 11372 0
19347 13420 0
35731 13420 1
11155 37996 1
19347 37996 0
25491 37996 0
50067 13420 0
19347 42092 0
27027 37996 1
51603 13420 1
57747 7276 1
18323 14444 0
34707 14444 0
10131 22636 0
34707 22636 0
10131 39020 0
18323 39020 0
41875 22636 1
25491 39020 0
50067 14444 0
34707 26732 0
18323 43116 0
10131 51308 0
42387 22636 1
26003 39020 1
50579 14444 1
34707 28780 0
18323 45164 0
35731 28780 1
19347 45164 0
10131 53356 0
11155 53356 1
36243 28780 1
19859 45164 1
11667 53356 1
22163 10604 0
38547 10604 0
13971 18796 0
38547 18796 0
13971 35180 0
22163 35180 0
26259 6508 0
42643 6508 0
42643 18796 0
26259 35180 0
50835 6508 0
50835 10604 0
20115 12652 0
36499 12652 0
11923 20844 0
36499 20844 0
11923 37228 0
20115 37228 0
42643 20844 0
26259 37228 0
50835 12652 0
7827 24940 0
36499 24940 0
7827 41324 0
20115 41324 0
38547 24940 0
22163 41324 0
7827 49516 0
11923 49516 0
13971 49516 0
23187 9580 0
39571 9580 1
14995 34156 1
23187 34156 0
27283 5484 0
43667 5484 1
27283 34156 0
51859 5484 0
51859 9580 0
43667 20844 1
27283 37228 0
51859 12652 0
39571 24940 1
23187 41324 0
14995 49516 1
29331 3436 0
45715 3436 1
29331 34156 0
53907 3436 0
53907 9580 0
45715 18796 1
29331 35180 0
53907 10604 0
58003 3436 0
58003 5484 0
58003 6508 0
27283 37996 0
51859 13420 0
23187 42092 0
29331 35948 0
53907 11372 0
58003 7276 0
42643 22636 0
26259 39020 0
50835 14444 0
38547 26732 0
22163 43116 0
13971 51308 0
36499 28780 0
20115 45164 0
11923 53356 0
7827 57452 0
23699 9068 0
40083 9068 0
15507 17260 0
40083 17260 0
15507 33644 0
23699 33644 0
44179 17260 1
27795 33644 1
52371 9068 1
44179 20844 1
27795 37228 1
52371 12652 1
40083 24940 0
23699 41324 0
15507 49516 0
29843 2924 0
46227 2924 0
46227 17260 0
29843 33644 0
54419 2924 0
54419 9068 0
46227 18796 0
29843 35180 0
54419 10604 0
58515 2924 1
58515 6508 1
40083 25196 0
23699 41580 0
15507 49772 0
46227 19052 0
29843 35436 0
54419 10860 0
30867 1900 0
47251 1900 1
47251 17260 1
30867 33644 0
55443 1900 0
55443 9068 0
30867 34156 0
55443 9580 0
59539 1900 1
59539 5484 1
30867 34412 0
55443 9836 0
43667 21804 1
27283 38188 0
51859 13612 0
39571 25900 1
23187 42284 0
14995 50476 1
45715 19756 1
29331 36140 0
53907 11564 0
58003 7468 0
42643 22828 0
26259 39212 0
50835 14636 0
38547 26924 0
22163 43308 0
13971 51500 0
36499 28972 0
20115 45356 0
11923 53548 0
7827 57644 0
44179 21292 1
27795 37676 1
52371 13100 1
40083 25388 0
23699 41772 0
15507 49964 0
46227 19244 0
29843 35628 0
54419 11052 0
58515 6956 1
47251 18220 1
30867 34604 0
55443 10028 0
59539 5932 1
43411 22060 1
27027 38444 1
51603 13868 1
57747 7724 1
42387 23084 1
26003 39468 1
50579 14892 1
36243 29228 1
19859 45612 1
11667 53804 1
41875 23596 1
25491 39980 0
50067 15404 0
35731 29740 1
19347 46124 0
11155 54316 1
34707 30764 0
18323 47148 0
10131 55340 0
26387 6380 1
42771 6380 0
42771 18668 0
50963 6380 0
50963 10476 0
42771 20716 0
26387 37100 1
50963 12524 0
27411 5356 0
43795 5356 1
27411 34028 0
51987 5356 0
51987 9452 0
43795 20716 1
27411 37100 0
51987 12524 0
58131 3308 0
58131 5356 0
58131 6380 0
27411 37996 0
51987 13420 0
58131 7276 0
42771 22636 0
26387 39020 1
50963 14444 0
44307 17132 1
27923 33516 1
52499 8940 1
44307 20716 1
27923 37100 1
52499 12524 1
58643 2796 1
58643 6380 1
59667 1772 1
59667 5356 1
43795 21676 1
27411 38060 0
51987 13484 0
58131 7340 0
42771 22700 0
50963 14508 0
44307 21164 1
27923 37548 1
52499 12972 1
58643 6828 1
59667 5804 1
24083 8684 0
40467 8684 0
15891 16876 0
40467 16876 0
15891 33260 0
24083 33260 0
28179 4588 0
44563 4588 0
44563 16876 0
28179 33260 0
52755 4588 0
52755 8684 0
44563 20716 0
28179 37100 0
52755 12524 0
40467 24812 0
24083 41196 0
15891 49388 0
30227 2540 1
46611 2540 0
46611 16876 0
30227 33260 1
54803 2540 0
54803 8684 0
46611 18668 0
54803 10476 0
58899 2540 0
58899 4588 0
58899 6380 0
44563 20844 0
28179 37228 0
52755 12652 0
40467 24940 0
24083 41324 0
15891 49516 0
46611 18796 0
30227 35180 1
54803 10604 0
58899 6508 0
31251 1516 0
47635 1516 1
47635 16876 1
31251 33260 0
55827 1516 0
55827 8684 0
31251 34028 0
55827 9452 0
59923 1516 0
59923 4588 0
59923 5356 0
31251 34156 0
55827 9580 0
59923 5484 0
44563 20908 0
28179 37292 0
52755 12716 0
40467 25004 0
24083 41388 0
15891 49580 0
46611 18860 0
54803 10668 0
58899 6572 0
47635 17836 1
31251 34220 0
55827 9644 0
59923 5548 0
31763 1004 0
48147 1004 0
48147 16876 0
31763 33260 0
56339 1004 0
56339 8684 0
48147 17132 0
31763 33516 0
56339 8940 0
60435 1004 1
60435 4588 1
48147 17260 0
31763 33644 0
56339 9068 0
48147 17324 0
31763 33708 0
56339 9132 0
60435 5036 1
19763 41676 1
11571 49868 1
26931 34508 1
51507 9932 1
57651 3788 1
49971 7372 0
49971 11468 0
19251 13516 0
35635 13516 1
19251 38092 0
49971 13516 0
19251 42188 0
26931 38092 1
51507 13516 1
57651 7372 1
18227 14540 1
49971 14540 0
18227 45260 1
35635 28876 1
19251 45260 0
19763 45260 1
11571 53452 1
22067 10700 1
20019 12748 0
20019 37324 0
7731 25036 0
7731 41420 0
20019 41420 0
22067 41420 1
7731 49612 0
23091 9676 0
39475 9676 1
23091 34252 0
51763 5580 0
51763 9676 0
51763 12748 0
39475 25036 1
23091 41420 0
53811 3532 0
53811 9676 0
53811 10700 0
51763 13516 0
23091 42188 0
53811 11468 0
20019 45260 0
7731 57548 0
23603 9164 0
15411 17356 0
15411 33740 0
23603 33740 0
27699 33740 1
27699 37324 1
23603 41420 0
15411 49612 0
29747 3020 1
29747 33740 1
23603 41676 0
15411 49868 0
30771 1996 0
47155 1996 1
47155 17356 1
30771 33740 0
55347 1996 0
55347 9164 0
30771 34252 0
55347 9676 0
59443 1996 1
59443 5580 1
30771 34508 0
55347 9932 0
21683 11084 0
13491 19276 0
13491 35660 0
21683 35660 0
25779 35660 1
7347 25420 0
7347 41804 0
19635 41804 1
21683 41804 0
7347 49996 0
11443 49996 1
13491 49996 0
22707 10060 0
39091 10060 1
14515 34636 1
22707 34636 0
26803 34636 1
51379 10060 1
39091 25420 1
22707 41804 0
14515 49996 1
28851 34636 1
53427 10060 1
45235 19276 1
28851 35660 1
53427 11084 1
21171 11596 0
37555 11596 1
21171 36172 0
49843 7500 0
49843 11596 0
19123 13644 0
35507 13644 1
19123 38220 0
49843 13644 0
6835 42316 1
19123 42316 0
21171 42316 0
26803 38220 1
51379 13644 1
22707 42316 0
28851 36172 1
53427 11596 1
57523 7500 1
18099 14668 0
18099 39244 0
49843 14668 0
5811 26956 0
5811 43340 0
18099 43340 0
37555 26956 1
21171 43340 0
5811 51532 0
25779 39244 1
21683 43340 0
13491 51532 0
3763 29004 1
3763 45388 1
18099 45388 0
35507 29004 1
19123 45388 0
3763 53580 1
19635 45388 1
11443 53580 1
3763 57676 1
5811 57676 0
6835 57676 1
7347 57676 0
51763 13644 0
23091 42316 0
53811 11596 0
22067 43340 1
20019 45388 0
7731 57676 0
23603 41804 0
15411 49996 0
29747 35660 1
30771 34636 0
55347 10060 0
25011 36428 1
49587 11852 1
18867 42572 1
22707 42572 0
28851 36428 1
53427 11852 1
17843 43596 1
9651 51788 1
21683 43596 0
13491 51788 0
3507 57932 1
7347 57932 0
17331 15436 0
33715 15436 1
17331 40012 0
25011 40012 1
49587 15436 1
17331 44108 0
49843 15436 0
21171 44108 0
2995 46156 1
17331 46156 0
18867 46156 1
19123 46156 0
49971 15436 0
19251 46156 0
1971 30796 1
33715 30796 1
1971 47180 1
17331 47180 0
17843 47180 1
1971 55372 1
9651 55372 1
18099 47180 0
1971 59468 1
5811 59468 0
18227 47180 1
27283 38220 0
51859 13644 0
23187 42316 0
29331 36172 0
53907 11596 0
58003 7500 0
42643 22860 0
26259 39244 0
50835 14668 0
38547 26956 0
22163 43340 0
13971 51532 0
36499 29004 0
20115 45388 0
11923 53580 0
7827 57676 0
40083 25420 0
23699 41804 0
15507 49996 0
46227 19276 0
29843 35660 0
54419 11084 0
30867 34636 0
55443 10060 0
25491 40012 0
50067 15436 0
19347 46156 0
34707 30796 0
18323 47180 0
10131 55372 0
27411 38092 0
51987 13516 0
58131 7372 0
42771 22732 0
50963 14540 0
44563 20940 0
28179 37324 0
52755 12748 0
40467 25036 0
24083 41420 0
15891 49612 0
46611 18892 0
54803 10700 0
58899 6604 0
31251 34252 0
55827 9676 0
59923 5580 0
48147 17356 0
31763 33740 0
56339 9164 0
21619 11148 1
13427 19340 1
25715 7052 1
19571 13196 0
11379 21388 0
11379 37772 0
19571 37772 0
25715 37772 1
7283 25484 0
7283 41868 0
19571 41868 0
21619 41868 1
7283 50060 0
11379 50060 0
13427 50060 1
22643 10124 0
39027 10124 0
14451 18316 0
39027 18316 0
14451 34700 0
22643 34700 0
26739 6028 0
43123 6028 0
43123 18316 0
26739 34700 0
51315 6028 0
51315 10124 0
43123 21388 0
26739 37772 0
51315 13196 0
39027 25484 0
22643 41868 0
14451 50060 0
45171 18316 1
28787 34700 1
53363 10124 1
45171 19340 1
53363 11148 1
57459 6028 1
57459 7052 1
21107 11660 1
37491 11660 0
37491 19852 0
49779 7564 0
49779 11660 0
19059 13708 0
35443 13708 0
35443 21900 0
19059 38284 0
49779 13708 0
6771 25996 0
35443 25996 0
6771 42380 0
19059 42380 0
37491 25996 0
21107 42380 1
6771 50572 0
43123 21900 0
26739 38284 0
51315 13708 0
39027 25996 0
22643 42380 0
14451 50572 0
45171 19852 1
53363 11660 1
57459 7564 1
18035 14732 1
49779 14732 0
5747 27020 1
37491 27020 0
3699 29068 1
3699 45452 1
18035 45452 1
35443 29068 0
19059 45452 0
3699 53644 1
19571 45452 0
11379 53644 0
3699 57740 1
5747 57740 1
6771 57740 0
7283 57740 0
51763 13708 0
39475 25996 1
23091 42380 0
53811 11660 0
20019 45452 0
7731 57740 0
27699 37772 1
23603 41868 0
15411 50060 0
47155 18316 1
30771 34700 0
55347 10124 0
59443 6028 1
24947 7820 1
41331 7820 0
41331 20108 0
49523 7820 0
49523 11916 0
18803 13964 0
35187 13964 0
10611 22156 0
35187 22156 0
10611 38540 0
18803 38540 0
41331 22156 0
24947 38540 1
49523 13964 0
35187 26252 0
18803 42636 0
10611 50828 0
43123 22156 0
26739 38540 0
51315 13964 0
39027 26252 0
22643 42636 0
14451 50828 0
45171 20108 1
53363 11916 1
57459 7820 1
17779 14988 1
9587 23180 1
41331 23180 0
49523 14988 0
3443 29324 1
3443 45708 1
17779 45708 1
35187 29324 0
18803 45708 0
3443 53900 1
9587 53900 1
10611 53900 0
19571 45708 0
11379 53900 0
3443 57996 1
7283 57996 0
43315 22156 1
26931 38540 1
51507 13964 1
57651 7820 1
19763 45708 1
11571 53900 1
17267 15500 1
33651 15500 0
33651 23692 0
41331 23692 0
49523 15500 0
33651 27788 0
49779 15500 0
37491 27788 0
2931 29836 1
33651 29836 0
2931 46220 1
17267 46220 1
35187 29836 0
18803 46220 0
2931 54412 1
10611 54412 0
35443 29836 0
19059 46220 0
2931 58508 1
6771 58508 0
49971 15500 0
35635 29836 1
19251 46220 0
1907 30860 1
33651 30860 0
43603 21900 0
27219 38284 0
51795 13708 0
39507 25996 0
23123 42380 0
14931 50572 0
45651 19852 0
53843 11660 0
57939 7564 0
42579 22924 0
50771 14732 0
38483 27020 0
36435 29068 0
20051 45452 0
11859 53644 0
7763 57740 0
44115 21388 0
27731 37772 0
52307 13196 0
40019 25484 0
23635 41868 0
15443 50060 0
46163 19340 0
54355 11148 0
58451 7052 0
47187 18316 0
30803 34700 0
55379 10124 0
59475 6028 0
43347 22156 0
26963 38540 0
51539 13964 0
57683 7820 0
42323 23180 0
50515 14988 0
36179 29324 0
19795 45708 0
11603 53900 0
41811 23692 0
50003 15500 0
35667 29836 0
19283 46220 0
11091 54412 0
34643 30860 0
43123 22284 0
26739 38668 0
51315 14092 0
39027 26380 0
22643 42764 0
14451 50956 0
25715 39692 1
21619 43788 1
13427 51980 1
19571 45836 0
11379 54028 0
7283 58124 0
43187 22284 1
26803 38668 1
51379 14092 1
39091 26380 1
22707 42764 0
14515 50956 1
25779 39692 1
21683 43788 0
13491 51980 0
19635 45836 1
11443 54028 1
7347 58124 0
49779 15628 0
37491 27916 0
21107 44300 1
35443 29964 0
19059 46348 0
6771 58636 0
49843 15628 0
37555 27916 1
21171 44300 0
35507 29964 1
19123 46348 0
6835 58636 1
18035 47372 1
5747 59660 1
18099 47372 0
5811 59660 0
43219 22284 0
26835 38668 0
51411 14092 0
39123 26380 0
22739 42764 0
14547 50956 0
42195 23308 0
25811 39692 0
50387 15116 0
38099 27404 0
21715 43788 0
13523 51980 0
36051 29452 0
19667 45836 0
11475 54028 0
7379 58124 0
41683 23820 0
25299 40204 0
49875 15628 0
37587 27916 0
21203 44300 0
13011 52492 0
35539 29964 0
19155 46348 0
10963 54540 0
6867 58636 0
34515 30988 0
18131 47372 0
9939 55564 0
5843 59660 0
41331 24076 0
24947 40460 1
49523 15884 0
35187 30220 0
18803 46604 0
10611 54796 0
41395 24076 1
25011 40460 1
49587 15884 1
35251 30220 1
18867 46604 1
10675 54796 1
17779 47628 1
9587 55820 1
17843 47628 1
9651 55820 1
41427 24076 0
25043 40460 0
49619 15884 0
35283 30220 0
18899 46604 0
10707 54796 0
34259 31244 0
17875 47628 0
9683 55820 0
33651 31756 0
17267 48140 1
33715 31756 1
17331 48140 0
33747 31756 0
17363 48140 0
9171 56332 0
21859 10908 1
13667 19100 1
25955 6812 1
19811 12956 0
11619 21148 0
11619 37532 0
19811 37532 0
25955 37532 1
7523 25244 0
7523 41628 0
19811 41628 0
21859 41628 1
7523 49820 0
11619 49820 0
13667 49820 1
22883 9884 0
39267 9884 0
14691 18076 0
39267 18076 0
14691 34460 0
22883 34460 0
26979 5788 0
43363 5788 0
43363 18076 0
26979 34460 0
51555 5788 0
51555 9884 0
43363 21148 0
26979 37532 0
51555 12956 0
39267 25244 0
22883 41628 0
14691 49820 0
29027 3740 1
45411 3740 0
45411 18076 0
29027 34460 1
53603 3740 0
53603 9884 0
45411 19100 0
53603 10908 0
57699 3740 0
57699 5788 0
57699 6812 0
21347 11420 1
37731 11420 0
37731 19612 0
50019 7324 0
50019 11420 0
19299 13468 0
35683 13468 0
35683 21660 0
19299 38044 0
50019 13468 0
7011 25756 0
35683 25756 0
7011 42140 0
19299 42140 0
37731 25756 0
21347 42140 1
7011 50332 0
43363 21660 0
26979 38044 0
51555 13468 0
39267 25756 0
22883 42140 0
14691 50332 0
45411 19612 0
53603 11420 0
57699 7324 0
18275 14492 1
50019 14492 0
5987 26780 1
37731 26780 0
18275 45212 1
35683 28828 0
19299 45212 0
19811 45212 0
11619 53404 0
5987 57500 1
7011 57500 0
7523 57500 0
22115 10652 1
20067 12700 0
20067 37276 0
7779 24988 0
7779 41372 0
20067 41372 0
22115 41372 1
7779 49564 0
23139 9628 0
39523 9628 0
39523 17820 0
23139 34204 0
51811 5532 0
51811 9628 0
51811 12700 0
39523 24988 0
23139 41372 0
53859 3484 0
53859 9628 0
53859 10652 0
51811 13468 0
39523 25756 0
23139 42140 0
53859 11420 0
20067 45212 0
7779 57500 0
23651 9116 0
15459 17308 0
15459 33692 0
23651 33692 0
27747 5020 0
27747 33692 0
27747 37276 0
23651 41372 0
15459 49564 0
29795 2972 1
29795 33692 1
27747 37532 0
23651 41628 0
15459 49820 0
30819 1948 0
47203 1948 0
47203 17308 0
30819 33692 0
55395 1948 0
55395 9116 0
47203 17820 0
30819 34204 0
55395 9628 0
59491 1948 0
59491 5020 0
59491 5532 0
47203 18076 0
30819 34460 0
55395 9884 0
59491 5788 0
21731 11036 0
13539 19228 0
13539 35612 0
21731 35612 0
25827 6940 0
25827 35612 0
19683 13084 0
11491 21276 0
11491 37660 0
19683 37660 0
25827 37660 0
7395 25372 0
7395 41756 0
19683 41756 0
21731 41756 0
7395 49948 0
11491 49948 0
13539 49948 0
22755 10012 0
39139 10012 0
14563 18204 0
39139 18204 0
14563 34588 0
22755 34588 0
26851 5916 0
43235 5916 0
43235 18204 0
26851 34588 0
51427 5916 0
51427 10012 0
43235 21276 0
26851 37660 0
51427 13084 0
39139 25372 0
22755 41756 0
14563 49948 0
45283 18204 1
28899 34588 1
53475 10012 1
45283 19228 1
28899 35612 1
53475 11036 1
57571 5916 1
57571 6940 1
21219 11548 0
37603 11548 0
37603 19740 0
21219 36124 0
49891 7452 0
49891 11548 0
19171 13596 0
35555 13596 0
35555 21788 0
19171 38172 0
49891 13596 0
6883 25884 0
35555 25884 0
6883 42268 0
19171 42268 0
37603 25884 0
21219 42268 0
6883 50460 0
43235 21788 0
26851 38172 0
51427 13596 0
39139 25884 0
22755 42268 0
14563 50460 0
45283 19740 1
28899 36124 1
53475 11548 1
57571 7452 1
18147 14620 0
18147 39196 0
49891 14620 0
5859 26908 0
5859 43292 0
18147 43292 0
37603 26908 0
21219 43292 0
5859 51484 0
25827 39196 0
21731 43292 0
13539 51484 0
3811 28956 1
3811 45340 1
18147 45340 0
35555 28956 0
19171 45340 0
3811 53532 1
19683 45340 0
11491 53532 0
3811 57628 1
5859 57628 0
6883 57628 0
7395 57628 0
51811 13596 0
39523 25884 0
23139 42268 0
53859 11548 0
22115 43292 1
20067 45340 0
7779 57628 0
27747 37660 0
23651 41756 0
15459 49948 0
29795 35612 1
47203 18204 0
30819 34588 0
55395 10012 0
59491 5916 0
20963 11804 0
37347 11804 0
12771 19996 0
37347 19996 0
12771 36380 0
20963 36380 0
25059 7708 0
41443 7708 0
41443 19996 0
25059 36380 0
49635 7708 0
49635 11804 0
18915 13852 0
35299 13852 0
10723 22044 0
35299 22044 0
10723 38428 0
18915 38428 0
41443 22044 0
25059 38428 0
49635 13852 0
6627 26140 0
35299 26140 0
6627 42524 0
18915 42524 0
37347 26140 0
20963 42524 0
6627 50716 0
10723 50716 0
12771 50716 0
43235 22044 0
26851 38428 0
51427 13852 0
39139 26140 0
22755 42524 0
14563 50716 0
45283 19996 1
28899 36380 1
53475 11804 1
57571 7708 1
17891 14876 0
9699 23068 0
9699 39452 0
17891 39452 0
41443 23068 0
25059 39452 0
49635 14876 0
5603 27164 0
5603 43548 0
17891 43548 0
37347 27164 0
20963 43548 0
5603 51740 0
9699 51740 0
12771 51740 0
25827 39452 0
21731 43548 0
13539 51740 0
3555 29212 1
3555 45596 1
17891 45596 0
35299 29212 0
18915 45596 0
3555 53788 1
9699 53788 0
10723 53788 0
19683 45596 0
11491 53788 0
3555 57884 1
5603 57884 0
6627 57884 0
7395 57884 0
43363 22044 0
26979 38428 0
51555 13852 0
39267 26140 0
22883 42524 0
14691 50716 0
45411 19996 0
29027 36380 1
53603 11804 0
57699 7708 0
25955 39452 1
21859 43548 1
13667 51740 1
19811 45596 0
11619 53788 0
7523 57884 0
17379 15388 0
33763 15388 0
33763 23580 0
17379 39964 0
41443 23580 0
25059 39964 0
49635 15388 0
5091 27676 0
33763 27676 0
5091 44060 0
17379 44060 0
37347 27676 0
20963 44060 0
5091 52252 0
12771 52252 0
49891 15388 0
37603 27676 0
21219 44060 0
3043 29724 1
33763 29724 0
3043 46108 1
17379 46108 0
35299 29724 0
18915 46108 0
3043 54300 1
10723 54300 0
35555 29724 0
19171 46108 0
3043 58396 1
5091 58396 0
6627 58396 0
6883 58396 0
50019 15388 0
37731 27676 0
21347 44060 1
35683 29724 0
19299 46108 0
7011 58396 0
2019 30748 1
33763 30748 0
2019 47132 1
17379 47132 0
17891 47132 0
2019 55324 1
9699 55324 0
18147 47132 0
2019 59420 1
5091 59420 0
5603 59420 0
5859 59420 0
18275 47132 1
5987 59420 1
21923 10844 0
13731 19036 0
13731 35420 0
21923 35420 0
26019 35420 1
7587 25180 0
7587 41564 0
19875 41564 1
21923 41564 0
7587 49756 0
11683 49756 1
13731 49756 0
22947 9820 0
39331 9820 1
14755 34396 1
22947 34396 0
27043 34396 1
51619 9820 1
39331 25180 1
22947 41564 0
14755 49756 1
29091 3676 0
45475 3676 1
29091 34396 0
53667 3676 0
53667 9820 0
45475 19036 1
29091 35420 0
53667 10844 0
57763 3676 1
21411 11356 0
37795 11356 1
21411 35932 0
50083 7260 0
50083 11356 0
19363 13404 0
35747 13404 1
19363 37980 0
50083 13404 0
7075 42076 1
19363 42076 0
21411 42076 0
27043 37980 1
51619 13404 1
22947 42076 0
29091 35932 0
53667 11356 0
57763 7260 1
18339 14428 0
18339 39004 0
50083 14428 0
6051 26716 0
6051 43100 0
18339 43100 0
37795 26716 1
21411 43100 0
6051 51292 0
26019 39004 1
21923 43100 0
13731 51292 0
18339 45148 0
35747 28764 1
19363 45148 0
19875 45148 1
11683 53340 1
6051 57436 0
7075 57436 1
7587 57436 0
22179 10588 0
22179 35164 0
20131 12636 0
20131 37212 0
7843 24924 0
7843 41308 0
20131 41308 0
22179 41308 0
7843 49500 0
23203 9564 0
39587 9564 1
23203 34140 0
51875 5468 0
51875 9564 0
51875 12636 0
39587 24924 1
23203 41308 0
53923 3420 0
53923 9564 0
53923 10588 0
51875 13404 0
23203 42076 0
53923 11356 0
22179 43100 0
20131 45148 0
7843 57436 0
23715 9052 0
15523 17244 0
15523 33628 0
23715 33628 0
27811 33628 1
27811 37212 1
23715 41308 0
15523 49500 0
29859 2908 0
29859 33628 0
29859 35164 0
23715 41564 0
15523 49756 0
29859 35420 0
30883 1884 0
47267 1884 1
47267 17244 1
30883 33628 0
55459 1884 0
55459 9052 0
30883 34140 0
55459 9564 0
59555 1884 1
59555 5468 1
30883 34396 0
55459 9820 0
51875 13596 0
39587 25884 1
23203 42268 0
53923 11548 0
22179 43292 0
20131 45340 0
7843 57628 0
27811 37660 1
23715 41756 0
15523 49948 0
29859 35612 0
47267 18204 1
30883 34588 0
55459 10012 0
59555 5916 1
43427 22044 1
27043 38428 1
51619 13852 1
39331 26140 1
22947 42524 0
14755 50716 1
45475 19996 1
29091 36380 0
53667 11804 0
57763 7708 1
26019 39452 1
21923 43548 0
13731 51740 0
19875 45596 1
11683 53788 1
7587 57884 0
50083 15388 0
37795 27676 1
21411 44060 0
35747 29724 1
19363 46108 0
7075 58396 1
18339 47132 0
6051 59420 0
22307 10460 1
22307 41180 1
23331 9436 0
39715 9436 1
23331 34012 0
52003 5340 0
52003 9436 0
52003 12508 0
39715 24796 1
23331 41180 0
54051 3292 0
54051 9436 0
54051 10460 0
52003 13404 0
23331 42076 0
54051 11356 0
22307 43100 1
23843 8924 0
15651 17116 0
15651 33500 0
23843 33500 0
27939 33500 1
27939 37084 1
23843 41180 0
15651 49372 0
29987 2780 1
29987 33500 1
23843 41564 0
15651 49756 0
29987 35420 1
31011 1756 0
47395 1756 1
47395 17116 1
31011 33500 0
55587 1756 0
55587 8924 0
31011 34012 0
55587 9436 0
59683 1756 1
59683 5340 1
31011 34396 0
55587 9820 0
52003 13468 0
39715 25756 1
23331 42140 0
54051 11420 0
27939 37532 1
23843 41628 0
15651 49820 0
47395 18076 1
31011 34460 0
55587 9884 0
59683 5788 1
24099 8668 0
24099 33244 0
24099 41180 0
24099 41308 0
55843 1500 0
55843 8668 0
55843 9436 0
55843 9564 0
24099 41372 0
55843 9628 0
31779 988 0
31779 33244 0
31779 33500 0
31779 33628 0
31779 33692 0
51875 13644 0
23203 42316 0
53923 11596 0
22179 43340 0
20131 45388 0
7843 57676 0
23715 41804 0
15523 49996 0
29859 35660 0
30883 34636 0
55459 10060 0
22947 42572 0
29091 36428 0
53667 11852 0
21923 43596 0
13731 51788 0
7587 57932 0
50083 15436 0
21411 44108 0
19363 46156 0
18339 47180 0
6051 59468 0
52003 13516 0
23331 42188 0
54051 11468 0
23843 41676 0
15651 49868 0
31011 34508 0
55587 9932 0
24099 41420 0
55843 9676 0
31779 33740 0
51811 13708 0
39523 25996 0
23139 42380 0
53859 11660 0
20067 45452 0
7779 57740 0
27747 37772 0
23651 41868 0
15459 50060 0
47203 18316 0
30819 34700 0
55395 10124 0
59491 6028 0
43363 22156 0
26979 38540 0
51555 13964 0
39267 26252 0
22883 42636 0
14691 50828 0
45411 20108 0
53603 11916 0
57699 7820 0
19811 45708 0
11619 53900 0
7523 57996 0
50019 15500 0
37731 27788 0
35683 29836 0
19299 46220 0
7011 58508 0
43235 22284 0
26851 38668 0
51427 14092 0
39139 26380 0
22755 42764 0
14563 50956 0
25827 39692 0
21731 43788 0
13539 51980 0
19683 45836 0
11491 54028 0
7395 58124 0
49891 15628 0
37603 27916 0
21219 44300 0
35555 29964 0
19171 46348 0
6883 58636 0
18147 47372 0
5859 59660 0
41443 24076 0
25059 40460 0
49635 15884 0
37347 28172 0
20963 44556 0
12771 52748 0
35299 30220 0
18915 46604 0
10723 54796 0
6627 58892 0
17891 47628 0
9699 55820 0
5603 59916 0
33763 31756 0
17379 48140 0
5091 60428 0
21955 10812 0
38339 10812 0
13763 19004 0
38339 19004 0
13763 35388 0
21955 35388 0
26051 6716 0
42435 6716 0
42435 19004 0
26051 35388 0
50627 6716 0
50627 10812 0
19907 12860 0
36291 12860 0
11715 21052 0
36291 21052 0
11715 37436 0
19907 37436 0
42435 21052 0
26051 37436 0
50627 12860 0
7619 25148 0
36291 25148 0
7619 41532 0
19907 41532 0
38339 25148 0
21955 41532 0
7619 49724 0
11715 49724 0
13763 49724 0
22979 9788 0
39363 9788 0
14787 17980 0
39363 17980 0
14787 34364 0
22979 34364 0
27075 5692 0
43459 5692 0
43459 17980 0
27075 34364 0
51651 5692 0
51651 9788 0
43459 21052 0
27075 37436 0
51651 12860 0
39363 25148 0
22979 41532 0
14787 49724 0
29123 3644 0
45507 3644 0
45507 17980 0
29123 34364 0
53699 3644 0
53699 9788 0
45507 19004 0
29123 35388 0
53699 10812 0
57795 3644 0
57795 5692 0
57795 6716 0
21443 11324 0
37827 11324 0
13251 19516 0
37827 19516 0
13251 35900 0
21443 35900 0
25539 7228 0
41923 7228 0
41923 19516 0
25539 35900 0
50115 7228 0
50115 11324 0
19395 13372 0
35779 13372 0
11203 21564 0
35779 21564 0
11203 37948 0
19395 37948 0
41923 21564 0
25539 37948 0
50115 13372 0
7107 25660 0
35779 25660 0
7107 42044 0
19395 42044 0
37827 25660 0
21443 42044 0
7107 50236 0
11203 50236 0
13251 50236 0
43459 21564 0
27075 37948 0
51651 13372 0
39363 25660 0
22979 42044 0
14787 50236 0
45507 19516 0
29123 35900 0
53699 11324 0
57795 7228 0
18371 14396 0
34755 14396 0
10179 22588 0
34755 22588 0
10179 38972 0
18371 38972 0
41923 22588 0
25539 38972 0
50115 14396 0
6083 26684 0
34755 26684 0
6083 43068 0
18371 43068 0
37827 26684 0
21443 43068 0
6083 51260 0
10179 51260 0
13251 51260 0
42435 22588 0
26051 38972 0
50627 14396 0
38339 26684 0
21955 43068 0
13763 51260 0
34755 28732 0
18371 45116 0
35779 28732 0
19395 45116 0
10179 53308 0
11203 53308 0
36291 28732 0
19907 45116 0
11715 53308 0
6083 57404 0
7107 57404 0
7619 57404 0
22211 10556 0
38595 10556 0
14019 18748 0
38595 18748 0
14019 35132 0
22211 35132 0
26307 6460 0
42691 6460 0
42691 18748 0
26307 35132 0
50883 6460 0
50883 10556 0
20163 12604 0
36547 12604 0
11971 20796 0
36547 20796 0
11971 37180 0
20163 37180 0
42691 20796 0
26307 37180 0
50883 12604 0
7875 24892 0
36547 24892 0
7875 41276 0
20163 41276 0
38595 24892 0
22211 41276 0
7875 49468 0
11971 49468 0
14019 49468 0
23235 9532 0
39619 9532 0
15043 17724 0
39619 17724 0
15043 34108 0
23235 34108 0
27331 5436 0
43715 5436 0
43715 17724 0
27331 34108 0
51907 5436 0
51907 9532 0
43715 20796 0
27331 37180 0
51907 12604 0
39619 24892 0
23235 41276 0
15043 49468 0
29379 3388 0
45763 3388 0
45763 17724 0
29379 34108 0
53955 3388 0
53955 9532 0
45763 18748 0
29379 35132 0
53955 10556 0
58051 3388 0
58051 5436 0
58051 6460 0
43715 21564 0
27331 37948 0
51907 13372 0
39619 25660 0
23235 42044 0
15043 50236 0
45763 19516 0
29379 35900 0
53955 11324 0
58051 7228 0
42691 22588 0
26307 38972 0
50883 14396 0
38595 26684 0
22211 43068 0
14019 51260 0
36547 28732 0
20163 45116 0
11971 53308 0
7875 57404 0
23747 9020 0
40131 9020 0
15555 17212 0
40131 17212 0
15555 33596 0
23747 33596 0
27843 4924 0
44227 4924 0
44227 17212 0
27843 33596 0
52419 4924 0
52419 9020 0
44227 20796 0
27843 37180 0
52419 12604 0
40131 24892 0
23747 41276 0
15555 49468 0
29891 2876 0
46275 2876 0
46275 17212 0
29891 33596 0
54467 2876 0
54467 9020 0
46275 18748 0
29891 35132 0
54467 10556 0
58563 2876 0
58563 4924 0
58563 6460 0
44227 21052 0
27843 37436 0
52419 12860 0
40131 25148 0
23747 41532 0
15555 49724 0
46275 19004 0
29891 35388 0
54467 10812 0
58563 6716 0
30915 1852 0
47299 1852 0
47299 17212 0
30915 33596 0
55491 1852 0
55491 9020 0
47299 17724 0
30915 34108 0
55491 9532 0
59587 1852 0
59587 4924 0
59587 5436 0
47299 17980 0
30915 34364 0
55491 9788 0
59587 5692 0
43715 21788 0
27331 38172 0
51907 13596 0
39619 25884 0
23235 42268 0
15043 50460 0
45763 19740 0
29379 36124 0
53955 11548 0
58051 7452 0
42691 22812 0
26307 39196 0
50883 14620 0
38595 26908 0
22211 43292 0
14019 51484 0
36547 28956 0
20163 45340 0
11971 53532 0
7875 57628 0
44227 21276 0
27843 37660 0
52419 13084 0
40131 25372 0
23747 41756 0
15555 49948 0
46275 19228 0
29891 35612 0
54467 11036 0
58563 6940 0
47299 18204 0
30915 34588 0
55491 10012 0
59587 5916 0
43459 22044 0
27075 38428 0
51651 13852 0
39363 26140 0
22979 42524 0
14787 50716 0
45507 19996 0
29123 36380 0
53699 11804 0
57795 7708 0
42435 23068 0
26051 39452 0
50627 14876 0
38339 27164 0
21955 43548 0
13763 51740 0
36291 29212 0
19907 45596 0
11715 53788 0
7619 57884 0
41923 23580 0
25539 39964 0
50115 15388 0
37827 27676 0
21443 44060 0
13251 52252 0
35779 29724 0
19395 46108 0
11203 54300 0
7107 58396 0
34755 30748 0
18371 47132 0
10179 55324 0
6083 59420 0
22339 10428 1
38723 10428 0
14147 18620 1
38723 18620 0
26435 6332 1
42819 6332 0
42819 18620 0
51011 6332 0
51011 10428 0
42819 20668 0
26435 37052 1
51011 12476 0
38723 24764 0
22339 41148 1
14147 49340 1
23363 9404 0
39747 9404 0
15171 17596 0
39747 17596 0
15171 33980 0
23363 33980 0
27459 5308 0
43843 5308 0
43843 17596 0
27459 33980 0
52035 5308 0
52035 9404 0
43843 20668 0
27459 37052 0
52035 12476 0
39747 24764 0
23363 41148 0
15171 49340 0
29507 3260 1
45891 3260 0
45891 17596 0
29507 33980 1
54083 3260 0
54083 9404 0
45891 18620 0
54083 10428 0
58179 3260 0
58179 5308 0
58179 6332 0
43843 21564 0
27459 37948 0
52035 13372 0
39747 25660 0
23363 42044 0
15171 50236 0
45891 19516 0
29507 35900 1
54083 11324 0
58179 7228 0
42819 22588 0
26435 38972 1
51011 14396 0
38723 26684 0
22339 43068 1
14147 51260 1
23875 8892 0
40259 8892 0
15683 17084 0
40259 17084 0
15683 33468 0
23875 33468 0
27971 4796 0
44355 4796 0
44355 17084 0
27971 33468 0
52547 4796 0
52547 8892 0
44355 20668 0
27971 37052 0
52547 12476 0
40259 24764 0
23875 41148 0
15683 49340 0
30019 2748 1
46403 2748 0
46403 17084 0
30019 33468 1
54595 2748 0
54595 8892 0
46403 18620 0
54595 10428 0
58691 2748 0
58691 4796 0
58691 6332 0
44355 21052 0
27971 37436 0
52547 12860 0
40259 25148 0
23875 41532 0
15683 49724 0
46403 19004 0
30019 35388 1
54595 10812 0
58691 6716 0
31043 1724 0
47427 1724 0
47427 17084 0
31043 33468 0
55619 1724 0
55619 8892 0
47427 17596 0
31043 33980 0
55619 9404 0
59715 1724 0
59715 4796 0
59715 5308 0
47427 17980 0
31043 34364 0
55619 9788 0
59715 5692 0
43843 21660 0
27459 38044 0
52035 13468 0
39747 25756 0
23363 42140 0
15171 50332 0
45891 19612 0
54083 11420 0
58179 7324 0
42819 22684 0
51011 14492 0
38723 26780 0
44355 21148 0
27971 37532 0
52547 12956 0
40259 25244 0
23875 41628 0
15683 49820 0
46403 19100 0
54595 10908 0
58691 6812 0
47427 18076 0
31043 34460 0
55619 9884 0
59715 5788 0
24131 8636 0
40515 8636 0
15939 16828 0
40515 16828 0
15939 33212 0
24131 33212 0
28227 4540 0
44611 4540 0
44611 16828 0
28227 33212 0
52803 4540 0
52803 8636 0
44611 20668 0
28227 37052 0
52803 12476 0
40515 24764 0
24131 41148 0
15939 49340 0
30275 2492 1
46659 2492 0
46659 16828 0
30275 33212 1
54851 2492 0
54851 8636 0
46659 18620 0
54851 10428 0
58947 2492 0
58947 4540 0
58947 6332 0
44611 20796 0
28227 37180 0
52803 12604 0
40515 24892 0
24131 41276 0
15939 49468 0
46659 18748 0
30275 35132 1
54851 10556 0
58947 6460 0
31299 1468 0
47683 1468 0
47683 16828 0
31299 33212 0
55875 1468 0
55875 8636 0
47683 17596 0
31299 33980 0
55875 9404 0
59971 1468 0
59971 4540 0
59971 5308 0
47683 17724 0
31299 34108 0
55875 9532 0
59971 5436 0
44611 20892 0
28227 37276 0
52803 12700 0
40515 24988 0
24131 41372 0
15939 49564 0
46659 18844 0
54851 10652 0
58947 6556 0
47683 17820 0
31299 34204 0
55875 9628 0
59971 5532 0
31811 956 0
48195 956 0
48195 16828 0
31811 33212 0
56387 956 0
56387 8636 0
48195 17084 0
31811 33468 0
56387 8892 0
60483 956 0
60483 4540 0
60483 4796 0
48195 17212 0
31811 33596 0
56387 9020 0
60483 4924 0
48195 17308 0
31811 33692 0
56387 9116 0
60483 5020 0
43715 21804 0
27331 38188 0
51907 13612 0
39619 25900 0
23235 42284 0
15043 50476 0
45763 19756 0
29379 36140 0
53955 11564 0
58051 7468 0
42691 22828 0
26307 39212 0
50883 14636 0
38595 26924 0
22211 43308 0
14019 51500 0
36547 28972 0
20163 45356 0
11971 53548 0
7875 57644 0
44227 21292 0
27843 37676 0
52419 13100 0
40131 25388 0
23747 41772 0
15555 49964 0
46275 19244 0
29891 35628 0
54467 11052 0
58563 6956 0
47299 18220 0
30915 34604 0
55491 10028 0
59587 5932 0
43459 22060 0
27075 38444 0
51651 13868 0
39363 26156 0
22979 42540 0
14787 50732 0
45507 20012 0
29123 36396 0
53699 11820 0
57795 7724 0
42435 23084 0
26051 39468 0
50627 14892 0
38339 27180 0
21955 43564 0
13763 51756 0
36291 29228 0
19907 45612 0
11715 53804 0
7619 57900 0
41923 23596 0
25539 39980 0
50115 15404 0
37827 27692 0
21443 44076 0
13251 52268 0
35779 29740 0
19395 46124 0
11203 54316 0
7107 58412 0
34755 30764 0
18371 47148 0
10179 55340 0
6083 59436 0
43843 21676 0
27459 38060 0
52035 13484 0
39747 25772 0
23363 42156 0
15171 50348 0
45891 19628 0
54083 11436 0
58179 7340 0
42819 22700 0
51011 14508 0
38723 26796 0
44355 21164 0
27971 37548 0
52547 12972 0
40259 25260 0
23875 41644 0
15683 49836 0
46403 19116 0
54595 10924 0
58691 6828 0
47427 18092 0
31043 34476 0
55619 9900 0
59715 5804 0
44611 20908 0
28227 37292 0
52803 12716 0
40515 25004 0
24131 41388 0
15939 49580 0
46659 18860 0
54851 10668 0
58947 6572 0
47683 17836 0
31299 34220 0
55875 9644 0
59971 5548 0
48195 17324 0
31811 33708 0
56387 9132 0
60483 5036 0
22403 10364 0
38787 10364 0
14211 18556 0
38787 18556 0
14211 34940 0
22403 34940 0
26499 6268 0
42883 6268 0
42883 18556 0
26499 34940 0
51075 6268 0
51075 10364 0
42883 20604 0
26499 36988 0
51075 12412 0
38787 24700 0
22403 41084 0
14211 49276 0
23427 9340 0
39811 9340 1
15235 33916 1
23427 33916 0
27523 5244 0
43907 5244 1
27523 33916 0
52099 5244 0
52099 9340 0
43907 20604 1
27523 36988 0
52099 12412 0
39811 24700 1
23427 41084 0
15235 49276 1
29571 3196 0
45955 3196 1
29571 33916 0
54147 3196 0
54147 9340 0
45955 18556 1
29571 34940 0
54147 10364 0
58243 3196 0
58243 5244 0
58243 6268 0
43907 21564 1
27523 37948 0
52099 13372 0
39811 25660 1
23427 42044 0
15235 50236 1
45955 19516 1
29571 35900 0
54147 11324 0
58243 7228 0
42883 22588 0
26499 38972 0
51075 14396 0
38787 26684 0
22403 43068 0
14211 51260 0
23939 8828 0
40323 8828 0
15747 17020 0
40323 17020 0
15747 33404 0
23939 33404 0
44419 17020 1
28035 33404 1
52611 8828 1
44419 20604 1
28035 36988 1
52611 12412 1
40323 24700 0
23939 41084 0
15747 49276 0
30083 2684 0
46467 2684 0
46467 17020 0
30083 33404 0
54659 2684 0
54659 8828 0
46467 18556 0
30083 34940 0
54659 10364 0
58755 2684 1
58755 6268 1
44419 21052 1
28035 37436 1
52611 12860 1
40323 25148 0
23939 41532 0
15747 49724 0
46467 19004 0
30083 35388 0
54659 10812 0
58755 6716 1
31107 1660 0
47491 1660 1
47491 17020 1
31107 33404 0
55683 1660 0
55683 8828 0
31107 33916 0
55683 9340 0
59779 1660 1
59779 5244 1
47491 17980 1
31107 34364 0
55683 9788 0
59779 5692 1
27523 37980 0
52099 13404 0
23427 42076 0
29571 35932 0
54147 11356 0
58243 7260 0
42883 22620 0
26499 39004 0
51075 14428 0
38787 26716 0
22403 43100 0
14211 51292 0
40323 25180 0
23939 41564 0
15747 49756 0
46467 19036 0
30083 35420 0
54659 10844 0
31107 34396 0
55683 9820 0
24195 8572 0
40579 8572 0
16003 16764 0
40579 16764 0
16003 33148 0
24195 33148 0
28291 4476 0
44675 4476 0
44675 16764 0
28291 33148 0
52867 4476 0
52867 8572 0
44675 20604 0
28291 36988 0
52867 12412 0
40579 24700 0
24195 41084 0
16003 49276 0
30339 2428 0
46723 2428 0
46723 16764 0
30339 33148 0
54915 2428 0
54915 8572 0
46723 18556 0
30339 34940 0
54915 10364 0
59011 2428 0
59011 4476 0
59011 6268 0
44675 20796 0
28291 37180 0
52867 12604 0
40579 24892 0
24195 41276 0
16003 49468 0
46723 18748 0
30339 35132 0
54915 10556 0
59011 6460 0
31363 1404 0
47747 1404 1
47747 16764 1
31363 33148 0
55939 1404 0
55939 8572 0
31363 33916 0
55939 9340 0
60035 1404 0
60035 4476 0
60035 5244 0
47747 17724 1
31363 34108 0
55939 9532 0
60035 5436 0
44675 20828 0
28291 37212 0
52867 12636 0
40579 24924 0
24195 41308 0
16003 49500 0
46723 18780 0
30339 35164 0
54915 10588 0
59011 6492 0
31363 34140 0
55939 9564 0
60035 5468 0
31875 892 0
48259 892 0
48259 16764 0
31875 33148 0
56451 892 0
56451 8572 0
48259 17020 0
31875 33404 0
56451 8828 0
60547 892 1
60547 4476 1
48259 17212 0
31875 33596 0
56451 9020 0
60547 4924 1
48259 17244 0
31875 33628 0
56451 9052 0
27523 37996 0
52099 13420 0
23427 42092 0
29571 35948 0
54147 11372 0
58243 7276 0
42883 22636 0
26499 39020 0
51075 14444 0
38787 26732 0
22403 43116 0
14211 51308 0
40323 25196 0
23939 41580 0
15747 49772 0
46467 19052 0
30083 35436 0
54659 10860 0
31107 34412 0
55683 9836 0
44675 20844 0
28291 37228 0
52867 12652 0
40579 24940 0
24195 41324 0
16003 49516 0
46723 18796 0
30339 35180 0
54915 10604 0
59011 6508 0
31363 34156 0
55939 9580 0
60035 5484 0
48259 17260 0
31875 33644 0
56451 9068 0
46851 18556 1
30467 34940 1
55043 10364 1
59139 6268 1
46851 18620 1
55043 10428 1
59139 6332 1
31491 33916 1
56067 9340 1
60163 5244 1
47875 17596 1
31491 33980 1
56067 9404 1
60163 5308 1
46851 18652 1
55043 10460 1
59139 6364 1
31491 34012 1
56067 9436 1
60163 5340 1
48387 17020 1
32003 33404 1
56579 8828 1
48387 17084 1
32003 33468 1
56579 8892 1
60675 4796 1
48387 17116 1
32003 33500 1
56579 8924 1
46851 18668 1
55043 10476 1
59139 6380 1
31491 34028 1
56067 9452 1
60163 5356 1
48387 17132 1
32003 33516 1
56579 8940 1
48643 16764 1
32259 33148 1
56835 8572 1
60931 4476 1
48643 16828 1
32259 33212 1
56835 8636 1
60931 4540 1
48643 16860 1
32259 33244 1
56835 8668 1
60931 4572 1
48643 16876 1
32259 33260 1
56835 8684 1
60931 4588 1
21835 10932 0
38219 10932 0
13643 19124 0
38219 19124 0
13643 35508 0
21835 35508 0
25931 6836 0
42315 6836 0
42315 19124 0
25931 35508 0
50507 6836 0
50507 10932 0
19787 12980 0
36171 12980 0
11595 21172 0
36171 21172 0
11595 37556 0
19787 37556 0
42315 21172 0
25931 37556 0
50507 12980 0
7499 25268 0
36171 25268 0
7499 41652 0
19787 41652 0
38219 25268 0
21835 41652 0
7499 49844 0
11595 49844 0
13643 49844 0
22859 9908 0
39243 9908 0
14667 18100 0
39243 18100 0
14667 34484 0
22859 34484 0
26955 5812 0
43339 5812 0
43339 18100 0
26955 34484 0
51531 5812 0
51531 9908 0
43339 21172 0
26955 37556 0
51531 12980 0
39243 25268 0
22859 41652 0
14667 49844 0
29003 3764 0
45387 3764 0
45387 18100 0
29003 34484 0
53579 3764 0
53579 9908 0
45387 19124 0
29003 35508 0
53579 10932 0
57675 3764 0
57675 5812 0
57675 6836 0
25419 7348 0
41803 7348 0
41803 19636 0
25419 36020 0
49995 7348 0
49995 11444 0
19275 13492 0
35659 13492 0
11083 21684 0
35659 21684 0
11083 38068 0
19275 38068 0
41803 21684 0
25419 38068 0
49995 13492 0
35659 25780 0
19275 42164 0
11083 50356 0
43339 21684 0
26955 38068 0
51531 13492 0
39243 25780 0
22859 42164 0
14667 50356 0
45387 19636 0
29003 36020 0
53579 11444 0
57675 7348 0
18251 14516 0
34635 14516 0
10059 22708 0
34635 22708 0
10059 39092 0
18251 39092 0
41803 22708 0
25419 39092 0
49995 14516 0
34635 26804 0
18251 43188 0
10059 51380 0
42315 22708 0
25931 39092 0
50507 14516 0
38219 26804 0
21835 43188 0
13643 51380 0
34635 28852 0
18251 45236 0
35659 28852 0
19275 45236 0
10059 53428 0
11083 53428 0
36171 28852 0
19787 45236 0
11595 53428 0
7499 57524 0
26187 6580 0
42571 6580 0
42571 18868 0
26187 35252 0
50763 6580 0
50763 10676 0
20043 12724 0
36427 12724 0
11851 20916 0
36427 20916 0
11851 37300 0
20043 37300 0
42571 20916 0
26187 37300 0
50763 12724 0
36427 25012 0
20043 41396 0
11851 49588 0
27211 5556 0
43595 5556 0
43595 17844 0
27211 34228 0
51787 5556 0
51787 9652 0
43595 20916 0
27211 37300 0
51787 12724 0
57931 3508 0
57931 5556 0
57931 6580 0
43595 21684 0
27211 38068 0
51787 13492 0
57931 7348 0
42571 22708 0
26187 39092 0
50763 14516 0
36427 28852 0
20043 45236 0
11851 53428 0
23627 9140 0
40011 9140 0
15435 17332 0
40011 17332 0
15435 33716 0
23627 33716 0
27723 5044 0
44107 5044 0
44107 17332 0
27723 33716 0
52299 5044 0
52299 9140 0
44107 20916 0
27723 37300 0
52299 12724 0
40011 25012 0
23627 41396 0
15435 49588 0
29771 2996 0
46155 2996 0
46155 17332 0
29771 33716 0
54347 2996 0
54347 9140 0
46155 18868 0
29771 35252 0
54347 10676 0
58443 2996 0
58443 5044 0
58443 6580 0
44107 21172 0
27723 37556 0
52299 12980 0
40011 25268 0
23627 41652 0
15435 49844 0
46155 19124 0
29771 35508 0
54347 10932 0
58443 6836 0
30795 1972 0
47179 1972 0
47179 17332 0
30795 33716 0
55371 1972 0
55371 9140 0
47179 17844 0
30795 34228 0
55371 9652 0
59467 1972 0
59467 5044 0
59467 5556 0
47179 18100 0
30795 34484 0
55371 9908 0
59467 5812 0
21707 11060 0
38091 11060 0
13515 19252 0
38091 19252 0
13515 35636 0
21707 35636 0
25803 6964 0
42187 6964 0
42187 19252 0
25803 35636 0
50379 6964 0
50379 11060 0
19659 13108 0
11467 21300 0
11467 37684 0
19659 37684 0
42187 21300 0
25803 37684 0
50379 13108 0
7371 25396 0
7371 41780 0
19659 41780 0
38091 25396 0
21707 41780 0
7371 49972 0
11467 49972 0
13515 49972 0
22731 10036 0
14539 18228 0
14539 34612 0
22731 34612 0
26827 5940 0
26827 34612 0
26827 37684 0
22731 41780 0
14539 49972 0
45259 18228 1
28875 34612 1
53451 10036 1
45259 19252 1
28875 35636 1
53451 11060 1
57547 5940 1
57547 6964 1
25291 7476 0
41675 7476 0
41675 19764 0
25291 36148 0
49867 7476 0
49867 11572 0
19147 13620 0
10955 21812 0
10955 38196 0
19147 38196 0
41675 21812 0
25291 38196 0
49867 13620 0
19147 42292 0
10955 50484 0
26827 38196 0
22731 42292 0
14539 50484 0
45259 19764 1
28875 36148 1
53451 11572 1
57547 7476 1
18123 14644 0
34507 14644 0
9931 22836 0
34507 22836 0
9931 39220 0
18123 39220 0
41675 22836 0
25291 39220 0
49867 14644 0
34507 26932 0
18123 43316 0
9931 51508 0
42187 22836 0
25803 39220 0
50379 14644 0
38091 26932 0
21707 43316 0
13515 51508 0
3787 28980 1
34507 28980 0
3787 45364 1
18123 45364 0
19147 45364 0
3787 53556 1
9931 53556 0
10955 53556 0
19659 45364 0
11467 53556 0
3787 57652 1
7371 57652 0
43595 21812 0
27211 38196 0
51787 13620 0
57931 7476 0
42571 22836 0
26187 39220 0
50763 14644 0
36427 28980 0
20043 45364 0
11851 53556 0
44107 21300 0
27723 37684 0
52299 13108 0
40011 25396 0
23627 41780 0
15435 49972 0
46155 19252 0
29771 35636 0
54347 11060 0
58443 6964 0
47179 18228 0
30795 34612 0
55371 10036 0
59467 5940 0
20939 11828 0
37323 11828 0
12747 20020 0
37323 20020 0
12747 36404 0
20939 36404 0
25035 7732 0
41419 7732 0
41419 20020 0
25035 36404 0
49611 7732 0
49611 11828 0
18891 13876 0
10699 22068 0
10699 38452 0
18891 38452 0
41419 22068 0
25035 38452 0
49611 13876 0
6603 26164 0
6603 42548 0
18891 42548 0
37323 26164 0
20939 42548 0
6603 50740 0
10699 50740 0
12747 50740 0
26827 38452 0
22731 42548 0
14539 50740 0
45259 20020 1
28875 36404 1
53451 11828 1
57547 7732 1
17867 14900 0
34251 14900 0
9675 23092 0
34251 23092 0
9675 39476 0
17867 39476 0
41419 23092 0
25035 39476 0
49611 14900 0
5579 27188 0
34251 27188 0
5579 43572 0
17867 43572 0
37323 27188 0
20939 43572 0
5579 51764 0
9675 51764 0
12747 51764 0
42187 23092 0
25803 39476 0
50379 14900 0
38091 27188 0
21707 43572 0
13515 51764 0
3531 29236 1
34251 29236 0
3531 45620 1
17867 45620 0
18891 45620 0
3531 53812 1
9675 53812 0
10699 53812 0
19659 45620 0
11467 53812 0
3531 57908 1
5579 57908 0
6603 57908 0
7371 57908 0
43339 22068 0
26955 38452 0
51531 13876 0
39243 26164 0
22859 42548 0
14667 50740 0
45387 20020 0
29003 36404 0
53579 11828 0
57675 7732 0
42315 23092 0
25931 39476 0
50507 14900 0
38219 27188 0
21835 43572 0
13643 51764 0
36171 29236 0
19787 45620 0
11595 53812 0
7499 57908 0
17355 15412 0
33739 15412 0
9163 23604 0
33739 23604 0
9163 39988 0
17355 39988 0
41419 23604 0
25035 39988 0
49611 15412 0
33739 27700 0
17355 44084 0
37323 27700 0
20939 44084 0
9163 52276 0
12747 52276 0
41675 23604 0
25291 39988 0
49867 15412 0
3019 29748 1
33739 29748 0
3019 46132 1
17355 46132 0
18891 46132 0
3019 54324 1
9163 54324 0
10699 54324 0
19147 46132 0
10955 54324 0
3019 58420 1
6603 58420 0
41803 23604 0
25419 39988 0
49995 15412 0
35659 29748 0
19275 46132 0
11083 54324 0
1995 30772 1
33739 30772 0
1995 47156 1
17355 47156 0
34251 30772 0
17867 47156 0
1995 55348 1
9163 55348 0
9675 55348 0
34507 30772 0
18123 47156 0
9931 55348 0
1995 59444 1
5579 59444 0
34635 30772 0
18251 47156 0
10059 55348 0
21899 10868 0
38283 10868 0
13707 19060 0
38283 19060 0
13707 35444 0
21899 35444 0
25995 6772 0
42379 6772 0
42379 19060 0
25995 35444 0
50571 6772 0
50571 10868 0
19851 12916 0
11659 21108 0
11659 37492 0
19851 37492 0
42379 21108 0
25995 37492 0
50571 12916 0
7563 25204 0
7563 41588 0
19851 41588 0
38283 25204 0
21899 41588 0
7563 49780 0
11659 49780 0
13707 49780 0
22923 9844 0
14731 34420 1
22923 34420 0
27019 5748 0
27019 34420 0
27019 37492 0
22923 41588 0
14731 49780 1
29067 3700 0
45451 3700 1
29067 34420 0
53643 3700 0
53643 9844 0
45451 19060 1
29067 35444 0
53643 10868 0
57739 3700 0
57739 5748 0
57739 6772 0
21387 11380 0
37771 11380 1
13195 35956 1
21387 35956 0
25483 7284 0
41867 7284 1
25483 35956 0
50059 7284 0
50059 11380 0
19339 13428 0
11147 38004 1
19339 38004 0
25483 38004 0
50059 13428 0
7051 42100 1
19339 42100 0
21387 42100 0
27019 38004 0
22923 42100 0
29067 35956 0
53643 11380 0
57739 7284 0
18315 14452 0
34699 14452 0
10123 22644 0
34699 22644 0
10123 39028 0
18315 39028 0
41867 22644 1
25483 39028 0
50059 14452 0
6027 26740 0
34699 26740 0
6027 43124 0
18315 43124 0
37771 26740 1
21387 43124 0
6027 51316 0
10123 51316 0
13195 51316 1
42379 22644 0
25995 39028 0
50571 14452 0
38283 26740 0
21899 43124 0
13707 51316 0
34699 28788 0
18315 45172 0
19339 45172 0
10123 53364 0
11147 53364 1
19851 45172 0
11659 53364 0
6027 57460 0
7051 57460 1
7563 57460 0
22155 10612 0
38539 10612 0
13963 18804 0
38539 18804 0
13963 35188 0
22155 35188 0
26251 6516 0
42635 6516 0
42635 18804 0
26251 35188 0
50827 6516 0
50827 10612 0
20107 12660 0
11915 20852 0
11915 37236 0
20107 37236 0
42635 20852 0
26251 37236 0
50827 12660 0
7819 24948 0
7819 41332 0
20107 41332 0
38539 24948 0
22155 41332 0
7819 49524 0
11915 49524 0
13963 49524 0
23179 9588 0
14987 34164 1
23179 34164 0
27275 5492 0
27275 34164 0
27275 37236 0
23179 41332 0
14987 49524 1
29323 3444 0
45707 3444 1
29323 34164 0
53899 3444 0
53899 9588 0
45707 18804 1
29323 35188 0
53899 10612 0
57995 3444 0
57995 5492 0
57995 6516 0
27275 38004 0
23179 42100 0
29323 35956 0
53899 11380 0
57995 7284 0
42635 22644 0
26251 39028 0
50827 14452 0
38539 26740 0
22155 43124 0
13963 51316 0
20107 45172 0
11915 53364 0
7819 57460 0
23691 9076 0
15499 17268 0
15499 33652 0
23691 33652 0
27787 4980 0
27787 33652 0
27787 37236 0
23691 41332 0
15499 49524 0
29835 2932 0
46219 2932 0
46219 17268 0
29835 33652 0
54411 2932 0
54411 9076 0
46219 18804 0
29835 35188 0
54411 10612 0
58507 2932 0
58507 4980 0
58507 6516 0
27787 37492 0
23691 41588 0
15499 49780 0
46219 19060 0
29835 35444 0
54411 10868 0
58507 6772 0
30859 1908 0
30859 33652 0
30859 34164 0
30859 34420 0
27275 38196 0
23179 42292 0
14987 50484 1
45707 19764 1
29323 36148 0
53899 11572 0
57995 7476 0
42635 22836 0
26251 39220 0
50827 14644 0
38539 26932 0
22155 43316 0
13963 51508 0
20107 45364 0
11915 53556 0
7819 57652 0
27787 37684 0
23691 41780 0
15499 49972 0
46219 19252 0
29835 35636 0
54411 11060 0
58507 6964 0
30859 34612 0
27019 38452 0
22923 42548 0
14731 50740 1
45451 20020 1
29067 36404 0
53643 11828 0
57739 7732 0
42379 23092 0
25995 39476 0
50571 14900 0
38283 27188 0
21899 43572 0
13707 51764 0
19851 45620 0
11659 53812 0
7563 57908 0
41867 23604 1
25483 39988 0
50059 15412 0
37771 27700 1
21387 44084 0
13195 52276 1
19339 46132 0
11147 54324 1
7051 58420 1
34699 30772 0
18315 47156 0
10123 55348 0
6027 59444 0
27403 38004 1
51979 13428 1
23307 42100 1
29451 35956 1
54027 11380 1
58123 7284 1
42763 22644 1
26379 39028 1
50955 14452 1
38667 26740 1
22283 43124 1
14091 51316 1
44299 21108 1
27915 37492 1
52491 12916 1
40203 25204 1
23819 41588 1
15627 49780 1
46347 19060 1
29963 35444 1
54539 10868 1
58635 6772 1
30987 34420 1
55563 9844 1
59659 5748 1
43787 21684 1
27403 38068 1
51979 13492 1
39691 25780 1
23307 42164 1
15115 50356 1
45835 19636 1
29451 36020 1
54027 11444 1
58123 7348 1
42763 22708 1
26379 39092 1
50955 14516 1
38667 26804 1
22283 43188 1
14091 51380 1
44299 21172 1
27915 37556 1
52491 12980 1
40203 25268 1
23819 41652 1
15627 49844 1
46347 19124 1
29963 35508 1
54539 10932 1
58635 6836 1
47371 18100 1
30987 34484 1
55563 9908 1
59659 5812 1
44555 20852 1
28171 37236 1
52747 12660 1
40459 24948 1
24075 41332 1
15883 49524 1
46603 18804 1
30219 35188 1
54795 10612 1
58891 6516 1
31243 34164 1
55819 9588 1
59915 5492 1
44555 20916 1
28171 37300 1
52747 12724 1
40459 25012 1
24075 41396 1
15883 49588 1
46603 18868 1
30219 35252 1
54795 10676 1
58891 6580 1
47627 17844 1
31243 34228 1
55819 9652 1
59915 5556 1
48139 17268 1
31755 33652 1
56331 9076 1
60427 4980 1
48139 17332 1
31755 33716 1
56331 9140 1
60427 5044 1
21803 10964 0
13611 19156 0
13611 35540 0
21803 35540 0
25899 6868 0
25899 35540 0
19755 13012 0
11563 21204 0
11563 37588 0
19755 37588 0
25899 37588 0
7467 25300 0
7467 41684 0
19755 41684 0
21803 41684 0
7467 49876 0
11563 49876 0
13611 49876 0
22827 9940 0
39211 9940 1
14635 34516 1
22827 34516 0
26923 5844 0
43307 5844 1
26923 34516 0
51499 5844 0
51499 9940 0
43307 21204 1
26923 37588 0
51499 13012 0
39211 25300 1
22827 41684 0
14635 49876 1
28971 3796 0
45355 3796 1
28971 34516 0
53547 3796 0
53547 9940 0
45355 19156 1
28971 35540 0
53547 10964 0
57643 3796 0
57643 5844 0
57643 6868 0
21291 11476 0
37675 11476 1
21291 36052 0
49963 7380 0
49963 11476 0
19243 13524 0
35627 13524 1
19243 38100 0
49963 13524 0
6955 42196 1
19243 42196 0
21291 42196 0
26923 38100 0
51499 13524 0
22827 42196 0
28971 36052 0
53547 11476 0
57643 7380 0
18219 14548 0
18219 39124 0
49963 14548 0
5931 26836 0
5931 43220 0
18219 43220 0
37675 26836 1
21291 43220 0
5931 51412 0
25899 39124 0
21803 43220 0
13611 51412 0
18219 45268 0
35627 28884 1
19243 45268 0
19755 45268 0
11563 53460 0
5931 57556 0
6955 57556 1
7467 57556 0
22059 10708 0
22059 35284 0
20011 12756 0
20011 37332 0
7723 25044 0
7723 41428 0
20011 41428 0
22059 41428 0
7723 49620 0
23083 9684 0
39467 9684 1
23083 34260 0
51755 5588 0
51755 9684 0
51755 12756 0
39467 25044 1
23083 41428 0
53803 3540 0
53803 9684 0
53803 10708 0
51755 13524 0
23083 42196 0
53803 11476 0
22059 43220 0
20011 45268 0
7723 57556 0
23595 9172 0
15403 17364 0
15403 33748 0
23595 33748 0
27691 5076 0
27691 33748 0
27691 37332 0
23595 41428 0
15403 49620 0
29739 3028 0
29739 33748 0
29739 35284 0
27691 37588 0
23595 41684 0
15403 49876 0
29739 35540 0
30763 2004 0
47147 2004 1
47147 17364 1
30763 33748 0
55339 2004 0
55339 9172 0
30763 34260 0
55339 9684 0
59435 2004 0
59435 5076 0
59435 5588 0
30763 34516 0
55339 9940 0
59435 5844 0
21675 11092 0
13483 19284 0
13483 35668 0
21675 35668 0
25771 6996 0
25771 35668 0
19627 13140 0
11435 21332 0
11435 37716 0
19627 37716 0
25771 37716 0
7339 25428 0
7339 41812 0
19627 41812 0
21675 41812 0
7339 50004 0
11435 50004 0
13483 50004 0
22699 10068 0
14507 34644 1
22699 34644 0
26795 5972 0
26795 34644 0
26795 37716 0
22699 41812 0
14507 50004 1
28843 34644 1
53419 10068 1
45227 19284 1
28843 35668 1
53419 11092 1
57515 5972 1
57515 6996 1
21163 11604 0
37547 11604 1
21163 36180 0
49835 7508 0
49835 11604 0
19115 13652 0
19115 38228 0
49835 13652 0
6827 42324 1
19115 42324 0
21163 42324 0
26795 38228 0
22699 42324 0
28843 36180 1
53419 11604 1
57515 7508 1
18091 14676 0
18091 39252 0
49835 14676 0
5803 26964 0
5803 43348 0
18091 43348 0
37547 26964 1
21163 43348 0
5803 51540 0
25771 39252 0
21675 43348 0
13483 51540 0
3755 29012 1
3755 45396 1
18091 45396 0
19115 45396 0
3755 53588 1
19627 45396 0
11435 53588 0
3755 57684 1
5803 57684 0
6827 57684 1
7339 57684 0
51755 13652 0
23083 42324 0
53803 11604 0
22059 43348 0
20011 45396 0
7723 57684 0
27691 37716 0
23595 41812 0
15403 50004 0
29739 35668 0
30763 34644 0
55339 10068 0
59435 5972 0
20907 11860 0
37291 11860 1
12715 36436 1
20907 36436 0
25003 7764 0
41387 7764 1
25003 36436 0
49579 7764 0
49579 11860 0
18859 13908 0
10667 38484 1
18859 38484 0
25003 38484 0
49579 13908 0
6571 42580 1
18859 42580 0
20907 42580 0
26795 38484 0
22699 42580 0
28843 36436 1
53419 11860 1
57515 7764 1
17835 14932 0
9643 23124 0
9643 39508 0
17835 39508 0
41387 23124 1
25003 39508 0
49579 14932 0
5547 27220 0
5547 43604 0
17835 43604 0
37291 27220 1
20907 43604 0
5547 51796 0
9643 51796 0
12715 51796 1
25771 39508 0
21675 43604 0
13483 51796 0
3499 29268 1
3499 45652 1
17835 45652 0
18859 45652 0
3499 53844 1
9643 53844 0
10667 53844 1
19627 45652 0
11435 53844 0
3499 57940 1
5547 57940 0
6571 57940 1
7339 57940 0
26923 38484 0
51499 13908 0
22827 42580 0
28971 36436 0
53547 11860 0
57643 7764 0
25899 39508 0
21803 43604 0
13611 51796 0
19755 45652 0
11563 53844 0
7467 57940 0
17323 15444 0
33707 15444 1
17323 40020 0
25003 40020 0
49579 15444 0
5035 44116 1
17323 44116 0
20907 44116 0
49835 15444 0
21163 44116 0
2987 46164 1
17323 46164 0
18859 46164 0
19115 46164 0
49963 15444 0
21291 44116 0
19243 46164 0
1963 30804 1
33707 30804 1
1963 47188 1
17323 47188 0
17835 47188 0
1963 55380 1
9643 55380 0
18091 47188 0
1963 59476 1
5035 59476 1
5547 59476 0
5803 59476 0
18219 47188 0
5931 59476 0
27275 38228 0
23179 42324 0
29323 36180 0
53899 11604 0
57995 7508 0
42635 22868 0
26251 39252 0
50827 14676 0
38539 26964 0
22155 43348 0
13963 51540 0
20107 45396 0
11915 53588 0
7819 57684 0
27787 37716 0
23691 41812 0
15499 50004 0
46219 19284 0
29835 35668 0
54411 11092 0
58507 6996 0
30859 34644 0
27019 38484 0
22923 42580 0
29067 36436 0
53643 11860 0
57739 7764 0
42379 23124 0
25995 39508 0
50571 14932 0
38283 27220 0
21899 43604 0
13707 51796 0
19851 45652 0
11659 53844 0
7563 57940 0
25483 40020 0
50059 15444 0
21387 44116 0
19339 46164 0
34699 30804 0
18315 47188 0
10123 55380 0
6027 59476 0
27403 38100 1
51979 13524 1
23307 42196 1
29451 36052 1
54027 11476 1
58123 7380 1
42763 22740 1
26379 39124 1
50955 14548 1
38667 26836 1
22283 43220 1
14091 51412 1
44299 21204 1
27915 37588 1
52491 13012 1
40203 25300 1
23819 41684 1
15627 49876 1
46347 19156 1
29963 35540 1
54539 10964 1
58635 6868 1
30987 34516 1
55563 9940 1
59659 5844 1
44555 20948 1
28171 37332 1
52747 12756 1
40459 25044 1
24075 41428 1
15883 49620 1
46603 18900 1
30219 35284 1
54795 10708 1
58891 6612 1
31243 34260 1
55819 9684 1
59915 5588 1
48139 17364 1
31755 33748 1
56331 9172 1
60427 5076 1
21611 11156 0
13419 19348 0
13419 35732 0
21611 35732 0
25707 7060 0
25707 35732 0
19563 13204 0
11371 21396 0
11371 37780 0
19563 37780 0
25707 37780 0
7275 25492 0
7275 41876 0
19563 41876 0
21611 41876 0
7275 50068 0
11371 50068 0
13419 50068 0
22635 10132 0
39019 10132 0
14443 18324 0
39019 18324 0
14443 34708 0
22635 34708 0
26731 6036 0
43115 6036 0
43115 18324 0
26731 34708 0
51307 6036 0
51307 10132 0
43115 21396 0
26731 37780 0
51307 13204 0
39019 25492 0
22635 41876 0
14443 50068 0
45163 18324 1
28779 34708 1
53355 10132 1
45163 19348 1
28779 35732 1
53355 11156 1
57451 6036 1
57451 7060 1
49771 7572 0
49771 11668 0
19051 13716 0
35435 13716 0
35435 21908 0
19051 38292 0
49771 13716 0
35435 26004 0
19051 42388 0
43115 21908 0
26731 38292 0
51307 13716 0
39019 26004 0
22635 42388 0
14443 50580 0
45163 19860 1
28779 36244 1
53355 11668 1
57451 7572 1
18027 14740 0
18027 39316 0
49771 14740 0
18027 43412 0
25707 39316 0
21611 43412 0
13419 51604 0
3691 29076 1
3691 45460 1
18027 45460 0
35435 29076 0
19051 45460 0
3691 53652 1
19563 45460 0
11371 53652 0
3691 57748 1
7275 57748 0
51755 13716 0
39467 26004 1
23083 42388 0
53803 11668 0
22059 43412 0
20011 45460 0
7723 57748 0
27691 37780 0
23595 41876 0
15403 50068 0
29739 35732 0
47147 18324 1
30763 34708 0
55339 10132 0
59435 6036 0
20843 11924 0
37227 11924 0
12651 20116 0
37227 20116 0
12651 36500 0
20843 36500 0
24939 7828 0
41323 7828 0
41323 20116 0
24939 36500 0
49515 7828 0
49515 11924 0
18795 13972 0
35179 13972 0
10603 22164 0
35179 22164 0
10603 38548 0
18795 38548 0
41323 22164 0
24939 38548 0
49515 13972 0
6507 26260 0
35179 26260 0
6507 42644 0
18795 42644 0
37227 26260 0
20843 42644 0
6507 50836 0
10603 50836 0
12651 50836 0
43115 22164 0
26731 38548 0
51307 13972 0
39019 26260 0
22635 42644 0
14443 50836 0
45163 20116 1
28779 36500 1
53355 11924 1
57451 7828 1
17771 14996 0
9579 23188 0
9579 39572 0
17771 39572 0
41323 23188 0
24939 39572 0
49515 14996 0
5483 27284 0
5483 43668 0
17771 43668 0
37227 27284 0
20843 43668 0
5483 51860 0
9579 51860 0
12651 51860 0
25707 39572 0
21611 43668 0
13419 51860 0
3435 29332 1
3435 45716 1
17771 45716 0
35179 29332 0
18795 45716 0
3435 53908 1
9579 53908 0
10603 53908 0
19563 45716 0
11371 53908 0
3435 58004 1
5483 58004 0
6507 58004 0
7275 58004 0
43307 22164 1
26923 38548 0
51499 13972 0
39211 26260 1
22827 42644 0
14635 50836 1
45355 20116 1
28971 36500 0
53547 11924 0
57643 7828 0
25899 39572 0
21803 43668 0
13611 51860 0
19755 45716 0
11563 53908 0
7467 58004 0
17259 15508 0
33643 15508 0
33643 23700 0
17259 40084 0
41323 23700 0
24939 40084 0
49515 15508 0
33643 27796 0
17259 44180 0
37227 27796 0
20843 44180 0
12651 52372 0
49771 15508 0
2923 29844 1
33643 29844 0
2923 46228 1
17259 46228 0
35179 29844 0
18795 46228 0
2923 54420 1
10603 54420 0
35435 29844 0
19051 46228 0
2923 58516 1
6507 58516 0
49963 15508 0
37675 27796 1
21291 44180 0
35627 29844 1
19243 46228 0
6955 58516 1
1899 30868 1
33643 30868 0
1899 47252 1
17259 47252 0
17771 47252 0
1899 55444 1
9579 55444 0
18027 47252 0
1899 59540 1
5483 59540 0
18219 47252 0
5931 59540 0
43595 21908 0
27211 38292 0
51787 13716 0
57931 7572 0
42571 22932 0
26187 39316 0
50763 14740 0
36427 29076 0
20043 45460 0
11851 53652 0
44107 21396 0
27723 37780 0
52299 13204 0
40011 25492 0
23627 41876 0
15435 50068 0
46155 19348 0
29771 35732 0
54347 11156 0
58443 7060 0
47179 18324 0
30795 34708 0
55371 10132 0
59467 6036 0
43339 22164 0
26955 38548 0
51531 13972 0
39243 26260 0
22859 42644 0
14667 50836 0
45387 20116 0
29003 36500 0
53579 11924 0
57675 7828 0
42315 23188 0
25931 39572 0
50507 14996 0
38219 27284 0
21835 43668 0
13643 51860 0
36171 29332 0
19787 45716 0
11595 53908 0
7499 58004 0
41803 23700 0
25419 40084 0
49995 15508 0
35659 29844 0
19275 46228 0
11083 54420 0
34635 30868 0
18251 47252 0
10059 55444 0
18667 14100 0
10475 22292 0
10475 38676 0
18667 38676 0
41195 22292 1
24811 38676 1
49387 14100 1
6379 26388 0
6379 42772 0
18667 42772 0
37099 26388 1
20715 42772 1
6379 50964 0
10475 50964 0
12523 50964 1
43115 22292 0
26731 38676 0
51307 14100 0
39019 26388 0
22635 42772 0
14443 50964 0
17643 15124 0
9451 23316 0
9451 39700 0
17643 39700 0
41195 23316 1
24811 39700 1
49387 15124 1
5355 27412 0
5355 43796 0
17643 43796 0
37099 27412 1
20715 43796 1
5355 51988 0
9451 51988 0
12523 51988 1
25707 39700 0
21611 43796 0
13419 51988 0
3307 29460 1
3307 45844 1
17643 45844 0
18667 45844 0
3307 54036 1
9451 54036 0
10475 54036 0
19563 45844 0
11371 54036 0
3307 58132 1
5355 58132 0
6379 58132 0
7275 58132 0
26795 38676 0
22699 42772 0
14507 50964 1
25771 39700 0
21675 43796 0
13483 51988 0
19627 45844 0
11435 54036 0
7339 58132 0
17131 15636 0
33515 15636 0
33515 23828 0
17131 40212 0
41195 23828 1
24811 40212 1
49387 15636 1
33515 27924 0
17131 44308 0
37099 27924 1
20715 44308 1
12523 52500 1
49771 15636 0
2795 29972 1
33515 29972 0
2795 46356 1
17131 46356 0
18667 46356 0
2795 54548 1
10475 54548 0
35435 29972 0
19051 46356 0
2795 58644 1
6379 58644 0
49835 15636 0
37547 27924 1
21163 44308 0
19115 46356 0
6827 58644 1
1771 30996 1
33515 30996 0
1771 47380 1
17131 47380 0
17643 47380 0
1771 55572 1
9451 55572 0
18027 47380 0
1771 59668 1
5355 59668 0
18091 47380 0
5803 59668 0
26827 38676 0
22731 42772 0
14539 50964 0
42187 23316 0
25803 39700 0
50379 15124 0
38091 27412 0
21707 43796 0
13515 51988 0
19659 45844 0
11467 54036 0
7371 58132 0
41675 23828 0
25291 40212 0
49867 15636 0
19147 46356 0
10955 54548 0
34507 30996 0
18123 47380 0
9931 55572 0
16875 15892 0
33259 15892 0
8683 24084 0
33259 24084 0
8683 40468 0
16875 40468 0
41195 24084 1
24811 40468 1
49387 15892 1
4587 28180 0
33259 28180 0
4587 44564 0
16875 44564 0
37099 28180 1
20715 44564 1
4587 52756 0
8683 52756 0
12523 52756 1
41323 24084 0
24939 40468 0
49515 15892 0
37227 28180 0
20843 44564 0
12651 52756 0
2539 30228 1
33259 30228 0
2539 46612 1
16875 46612 0
18667 46612 0
2539 54804 1
8683 54804 0
10475 54804 0
35179 30228 0
18795 46612 0
10603 54804 0
2539 58900 1
4587 58900 0
6379 58900 0
6507 58900 0
41387 24084 1
25003 40468 0
49579 15892 0
37291 28180 1
20907 44564 0
12715 52756 1
18859 46612 0
10667 54804 1
6571 58900 1
1515 31252 1
33259 31252 0
1515 47636 1
16875 47636 0
17643 47636 0
1515 55828 1
8683 55828 0
9451 55828 0
17771 47636 0
9579 55828 0
1515 59924 1
4587 59924 0
5355 59924 0
5483 59924 0
17835 47636 0
9643 55828 0
5547 59924 0
41419 24084 0
25035 40468 0
49611 15892 0
37323 28180 0
20939 44564 0
12747 52756 0
18891 46612 0
10699 54804 0
6603 58900 0
34251 31252 0
17867 47636 0
9675 55828 0
5579 59924 0
1003 31764 1
33259 31764 0
1003 48148 1
16875 48148 0
33515 31764 0
17131 48148 0
1003 56340 1
8683 56340 0
33643 31764 0
17259 48148 0
1003 60436 1
4587 60436 0
33707 31764 1
17323 48148 0
5035 60436 1
33739 31764 0
17355 48148 0
9163 56340 0
51875 13652 0
23203 42324 0
53923 11604 0
22179 43348 0
20131 45396 0
7843 57684 0
27811 37716 1
23715 41812 0
15523 50004 0
29859 35668 0
30883 34644 0
55459 10068 0
59555 5972 1
27043 38484 1
51619 13908 1
22947 42580 0
29091 36436 0
53667 11860 0
57763 7764 1
26019 39508 1
21923 43604 0
13731 51796 0
19875 45652 1
11683 53844 1
7587 57940 0
50083 15444 0
21411 44116 0
19363 46164 0
18339 47188 0
6051 59476 0
52003 13524 0
23331 42196 0
54051 11476 0
22307 43220 1
27939 37588 1
23843 41684 0
15651 49876 0
29987 35540 1
31011 34516 0
55587 9940 0
59683 5844 1
24099 41428 0
55843 9684 0
31779 33748 0
51811 13716 0
39523 26004 0
23139 42388 0
53859 11668 0
22115 43412 1
20067 45460 0
7779 57748 0
27747 37780 0
23651 41876 0
15459 50068 0
29795 35732 1
47203 18324 0
30819 34708 0
55395 10132 0
59491 6036 0
43363 22164 0
26979 38548 0
51555 13972 0
39267 26260 0
22883 42644 0
14691 50836 0
45411 20116 0
29027 36500 1
53603 11924 0
57699 7828 0
25955 39572 1
21859 43668 1
13667 51860 1
19811 45716 0
11619 53908 0
7523 58004 0
50019 15508 0
37731 27796 0
21347 44180 1
35683 29844 0
19299 46228 0
7011 58516 0
18275 47252 1
5987 59540 1
43235 22292 0
26851 38676 0
51427 14100 0
39139 26388 0
22755 42772 0
14563 50964 0
25827 39700 0
21731 43796 0
13539 51988 0
19683 45844 0
11491 54036 0
7395 58132 0
49891 15636 0
37603 27924 0
21219 44308 0
35555 29972 0
19171 46356 0
6883 58644 0
18147 47380 0
5859 59668 0
41443 24084 0
25059 40468 0
49635 15892 0
37347 28180 0
20963 44564 0
12771 52756 0
35299 30228 0
18915 46612 0
10723 54804 0
6627 58900 0
17891 47636 0
9699 55828 0
5603 59924 0
33763 31764 0
17379 48148 0
5091 60436 0
43715 21812 0
27331 38196 0
51907 13620 0
39619 25908 0
23235 42292 0
15043 50484 0
45763 19764 0
29379 36148 0
53955 11572 0
58051 7476 0
42691 22836 0
26307 39220 0
50883 14644 0
38595 26932 0
22211 43316 0
14019 51508 0
36547 28980 0
20163 45364 0
11971 53556 0
7875 57652 0
44227 21300 0
27843 37684 0
52419 13108 0
40131 25396 0
23747 41780 0
15555 49972 0
46275 19252 0
29891 35636 0
54467 11060 0
58563 6964 0
47299 18228 0
30915 34612 0
55491 10036 0
59587 5940 0
43459 22068 0
27075 38452 0
51651 13876 0
39363 26164 0
22979 42548 0
14787 50740 0
45507 20020 0
29123 36404 0
53699 11828 0
57795 7732 0
42435 23092 0
26051 39476 0
50627 14900 0
38339 27188 0
21955 43572 0
13763 51764 0
36291 29236 0
19907 45620 0
11715 53812 0
7619 57908 0
41923 23604 0
25539 39988 0
50115 15412 0
37827 27700 0
21443 44084 0
13251 52276 0
35779 29748 0
19395 46132 0
11203 54324 0
7107 58420 0
34755 30772 0
18371 47156 0
10179 55348 0
6083 59444 0
43843 21684 0
27459 38068 0
52035 13492 0
39747 25780 0
23363 42164 0
15171 50356 0
45891 19636 0
29507 36020 1
54083 11444 0
58179 7348 0
42819 22708 0
26435 39092 1
51011 14516 0
38723 26804 0
22339 43188 1
14147 51380 1
44355 21172 0
27971 37556 0
52547 12980 0
40259 25268 0
23875 41652 0
15683 49844 0
46403 19124 0
30019 35508 1
54595 10932 0
58691 6836 0
47427 18100 0
31043 34484 0
55619 9908 0
59715 5812 0
44611 20916 0
28227 37300 0
52803 12724 0
40515 25012 0
24131 41396 0
15939 49588 0
46659 18868 0
30275 35252 1
54851 10676 0
58947 6580 0
47683 17844 0
31299 34228 0
55875 9652 0
59971 5556 0
48195 17332 0
31811 33716 0
56387 9140 0
60483 5044 0
27523 38004 0
52099 13428 0
23427 42100 0
29571 35956 0
54147 11380 0
58243 7284 0
42883 22644 0
26499 39028 0
51075 14452 0
38787 26740 0
22403 43124 0
14211 51316 0
44419 21108 1
28035 37492 1
52611 12916 1
40323 25204 0
23939 41588 0
15747 49780 0
46467 19060 0
30083 35444 0
54659 10868 0
58755 6772 1
31107 34420 0
55683 9844 0
59779 5748 1
44675 20852 0
28291 37236 0
52867 12660 0
40579 24948 0
24195 41332 0
16003 49524 0
46723 18804 0
30339 35188 0
54915 10612 0
59011 6516 0
31363 34164 0
55939 9588 0
60035 5492 0
48259 17268 0
31875 33652 0
56451 9076 0
60547 4980 1
25883 6884 0
42267 6884 0
42267 19172 0
25883 35556 0
50459 6884 0
50459 10980 0
19739 13028 0
36123 13028 0
11547 21220 0
36123 21220 0
11547 37604 0
19739 37604 0
42267 21220 0
25883 37604 0
50459 13028 0
36123 25316 0
19739 41700 0
11547 49892 0
26907 5860 0
43291 5860 1
26907 34532 0
51483 5860 0
51483 9956 0
43291 21220 1
26907 37604 0
51483 13028 0
57627 3812 0
57627 5860 0
57627 6884 0
25371 7396 0
41755 7396 1
25371 36068 0
49947 7396 0
49947 11492 0
19227 13540 0
35611 13540 1
11035 38116 1
19227 38116 0
25371 38116 0
49947 13540 0
19227 42212 0
26907 38116 0
51483 13540 0
57627 7396 0
18203 14564 0
34587 14564 0
10011 22756 0
34587 22756 0
10011 39140 0
18203 39140 0
41755 22756 1
25371 39140 0
49947 14564 0
34587 26852 0
18203 43236 0
10011 51428 0
42267 22756 0
25883 39140 0
50459 14564 0
34587 28900 0
18203 45284 0
35611 28900 1
19227 45284 0
10011 53476 0
11035 53476 1
36123 28900 0
19739 45284 0
11547 53476 0
22043 10724 0
38427 10724 0
13851 18916 0
38427 18916 0
13851 35300 0
22043 35300 0
26139 6628 0
42523 6628 0
42523 18916 0
26139 35300 0
50715 6628 0
50715 10724 0
19995 12772 0
36379 12772 0
11803 20964 0
36379 20964 0
11803 37348 0
19995 37348 0
42523 20964 0
26139 37348 0
50715 12772 0
7707 25060 0
36379 25060 0
7707 41444 0
19995 41444 0
38427 25060 0
22043 41444 0
7707 49636 0
11803 49636 0
13851 49636 0
23067 9700 0
39451 9700 1
14875 34276 1
23067 34276 0
27163 5604 0
43547 5604 1
27163 34276 0
51739 5604 0
51739 9700 0
43547 20964 1
27163 37348 0
51739 12772 0
39451 25060 1
23067 41444 0
14875 49636 1
29211 3556 0
45595 3556 1
29211 34276 0
53787 3556 0
53787 9700 0
45595 18916 1
29211 35300 0
53787 10724 0
57883 3556 0
57883 5604 0
57883 6628 0
27163 38116 0
51739 13540 0
23067 42212 0
29211 36068 0
53787 11492 0
57883 7396 0
42523 22756 0
26139 39140 0
50715 14564 0
38427 26852 0
22043 43236 0
13851 51428 0
36379 28900 0
19995 45284 0
11803 53476 0
7707 57572 0
23579 9188 0
39963 9188 0
15387 17380 0
39963 17380 0
15387 33764 0
23579 33764 0
27675 5092 0
44059 5092 0
44059 17380 0
27675 33764 0
52251 5092 0
52251 9188 0
44059 20964 0
27675 37348 0
52251 12772 0
39963 25060 0
23579 41444 0
15387 49636 0
29723 3044 0
46107 3044 0
46107 17380 0
29723 33764 0
54299 3044 0
54299 9188 0
46107 18916 0
29723 35300 0
54299 10724 0
58395 3044 0
58395 5092 0
58395 6628 0
44059 21220 0
27675 37604 0
52251 13028 0
39963 25316 0
23579 41700 0
15387 49892 0
46107 19172 0
29723 35556 0
54299 10980 0
58395 6884 0
30747 2020 0
47131 2020 1
47131 17380 1
30747 33764 0
55323 2020 0
55323 9188 0
30747 34276 0
55323 9700 0
59419 2020 0
59419 5092 0
59419 5604 0
30747 34532 0
55323 9956 0
59419 5860 0
21659 11108 0
38043 11108 0
13467 19300 0
38043 19300 0
13467 35684 0
21659 35684 0
25755 7012 0
42139 7012 0
42139 19300 0
25755 35684 0
50331 7012 0
50331 11108 0
19611 13156 0
11419 21348 0
11419 37732 0
19611 37732 0
42139 21348 0
25755 37732 0
50331 13156 0
7323 25444 0
7323 41828 0
19611 41828 0
38043 25444 0
21659 41828 0
7323 50020 0
11419 50020 0
13467 50020 0
22683 10084 0
14491 34660 1
22683 34660 0
26779 5988 0
26779 34660 0
26779 37732 0
22683 41828 0
14491 50020 1
28827 34660 1
53403 10084 1
45211 19300 1
28827 35684 1
53403 11108 1
57499 5988 1
57499 7012 1
21147 11620 0
37531 11620 1
12955 36196 1
21147 36196 0
25243 7524 0
41627 7524 1
25243 36196 0
49819 7524 0
49819 11620 0
19099 13668 0
10907 38244 1
19099 38244 0
25243 38244 0
49819 13668 0
6811 42340 1
19099 42340 0
21147 42340 0
26779 38244 0
22683 42340 0
28827 36196 1
53403 11620 1
57499 7524 1
18075 14692 0
34459 14692 0
9883 22884 0
34459 22884 0
9883 39268 0
18075 39268 0
41627 22884 1
25243 39268 0
49819 14692 0
5787 26980 0
34459 26980 0
5787 43364 0
18075 43364 0
37531 26980 1
21147 43364 0
5787 51556 0
9883 51556 0
12955 51556 1
42139 22884 0
25755 39268 0
50331 14692 0
38043 26980 0
21659 43364 0
13467 51556 0
3739 29028 1
34459 29028 0
3739 45412 1
18075 45412 0
19099 45412 0
3739 53604 1
9883 53604 0
10907 53604 1
19611 45412 0
11419 53604 0
3739 57700 1
5787 57700 0
6811 57700 1
7323 57700 0
27163 38244 0
51739 13668 0
23067 42340 0
29211 36196 0
53787 11620 0
57883 7524 0
42523 22884 0
26139 39268 0
50715 14692 0
38427 26980 0
22043 43364 0
13851 51556 0
36379 29028 0
19995 45412 0
11803 53604 0
7707 57700 0
44059 21348 0
27675 37732 0
52251 13156 0
39963 25444 0
23579 41828 0
15387 50020 0
46107 19300 0
29723 35684 0
54299 11108 0
58395 7012 0
30747 34660 0
55323 10084 0
59419 5988 0
24987 7780 0
41371 7780 1
24987 36452 0
49563 7780 0
49563 11876 0
18843 13924 0
10651 38500 1
18843 38500 0
24987 38500 0
49563 13924 0
18843 42596 0
26779 38500 0
22683 42596 0
28827 36452 1
53403 11876 1
57499 7780 1
17819 14948 0
34203 14948 0
9627 23140 0
34203 23140 0
9627 39524 0
17819 39524 0
41371 23140 1
24987 39524 0
49563 14948 0
34203 27236 0
17819 43620 0
9627 51812 0
42139 23140 0
25755 39524 0
50331 14948 0
38043 27236 0
21659 43620 0
13467 51812 0
3483 29284 1
34203 29284 0
3483 45668 1
17819 45668 0
18843 45668 0
3483 53860 1
9627 53860 0
10651 53860 1
19611 45668 0
11419 53860 0
3483 57956 1
7323 57956 0
26907 38500 0
51483 13924 0
57627 7780 0
42267 23140 0
25883 39524 0
50459 14948 0
36123 29284 0
19739 45668 0
11547 53860 0
17307 15460 0
33691 15460 1
9115 40036 1
17307 40036 0
24987 40036 0
49563 15460 0
17307 44132 0
25243 40036 0
49819 15460 0
21147 44132 0
2971 46180 1
17307 46180 0
18843 46180 0
19099 46180 0
25371 40036 0
49947 15460 0
19227 46180 0
1947 30820 1
33691 30820 1
1947 47204 1
17307 47204 0
34203 30820 0
17819 47204 0
1947 55396 1
9115 55396 1
9627 55396 0
34459 30820 0
18075 47204 0
9883 55396 0
1947 59492 1
5787 59492 0
34587 30820 0
18203 47204 0
10011 55396 0
27275 38244 0
23179 42340 0
29323 36196 0
53899 11620 0
57995 7524 0
42635 22884 0
26251 39268 0
50827 14692 0
38539 26980 0
22155 43364 0
13963 51556 0
20107 45412 0
11915 53604 0
7819 57700 0
27787 37732 0
23691 41828 0
15499 50020 0
46219 19300 0
29835 35684 0
54411 11108 0
58507 7012 0
30859 34660 0
27019 38500 0
22923 42596 0
29067 36452 0
53643 11876 0
57739 7780 0
42379 23140 0
25995 39524 0
50571 14948 0
38283 27236 0
21899 43620 0
13707 51812 0
19851 45668 0
11659 53860 0
7563 57956 0
25483 40036 0
50059 15460 0
21387 44132 0
19339 46180 0
34699 30820 0
18315 47204 0
10123 55396 0
6027 59492 0
27403 38116 1
51979 13540 1
23307 42212 1
29451 36068 1
54027 11492 1
58123 7396 1
42763 22756 1
26379 39140 1
50955 14564 1
38667 26852 1
22283 43236 1
14091 51428 1
44299 21220 1
27915 37604 1
52491 13028 1
40203 25316 1
23819 41700 1
15627 49892 1
46347 19172 1
29963 35556 1
54539 10980 1
58635 6884 1
30987 34532 1
55563 9956 1
59659 5860 1
44555 20964 1
28171 37348 1
52747 12772 1
40459 25060 1
24075 41444 1
15883 49636 1
46603 18916 1
30219 35300 1
54795 10724 1
58891 6628 1
31243 34276 1
55819 9700 1
59915 5604 1
48139 17380 1
31755 33764 1
56331 9188 1
60427 5092 1
21595 11172 0
37979 11172 0
13403 19364 0
37979 19364 0
13403 35748 0
21595 35748 0
25691 7076 0
42075 7076 0
42075 19364 0
25691 35748 0
50267 7076 0
50267 11172 0
19547 13220 0
35931 13220 0
11355 21412 0
35931 21412 0
11355 37796 0
19547 37796 0
42075 21412 0
25691 37796 0
50267 13220 0
7259 25508 0
35931 25508 0
7259 41892 0
19547 41892 0
37979 25508 0
21595 41892 0
7259 50084 0
11355 50084 0
13403 50084 0
22619 10148 0
39003 10148 0
14427 18340 0
39003 18340 0
14427 34724 0
22619 34724 0
26715 6052 0
43099 6052 0
43099 18340 0
26715 34724 0
51291 6052 0
51291 10148 0
43099 21412 0
26715 37796 0
51291 13220 0
39003 25508 0
22619 41892 0
14427 50084 0
45147 18340 1
28763 34724 1
53339 10148 1
45147 19364 1
28763 35748 1
53339 11172 1
57435 6052 1
57435 7076 1
25179 7588 0
41563 7588 0
41563 19876 0
25179 36260 0
49755 7588 0
49755 11684 0
19035 13732 0
35419 13732 0
10843 21924 0
35419 21924 0
10843 38308 0
19035 38308 0
41563 21924 0
25179 38308 0
49755 13732 0
35419 26020 0
19035 42404 0
10843 50596 0
43099 21924 0
26715 38308 0
51291 13732 0
39003 26020 0
22619 42404 0
14427 50596 0
45147 19876 1
28763 36260 1
53339 11684 1
57435 7588 1
18011 14756 0
34395 14756 0
9819 22948 0
34395 22948 0
9819 39332 0
18011 39332 0
41563 22948 0
25179 39332 0
49755 14756 0
34395 27044 0
18011 43428 0
9819 51620 0
42075 22948 0
25691 39332 0
50267 14756 0
37979 27044 0
21595 43428 0
13403 51620 0
3675 29092 1
34395 29092 0
3675 45476 1
18011 45476 0
35419 29092 0
19035 45476 0
3675 53668 1
9819 53668 0
10843 53668 0
35931 29092 0
19547 45476 0
11355 53668 0
3675 57764 1
7259 57764 0
43547 21924 1
27163 38308 0
51739 13732 0
39451 26020 1
23067 42404 0
14875 50596 1
45595 19876 1
29211 36260 0
53787 11684 0
57883 7588 0
42523 22948 0
26139 39332 0
50715 14756 0
38427 27044 0
22043 43428 0
13851 51620 0
36379 29092 0
19995 45476 0
11803 53668 0
7707 57764 0
44059 21412 0
27675 37796 0
52251 13220 0
39963 25508 0
23579 41892 0
15387 50084 0
46107 19364 0
29723 35748 0
54299 11172 0
58395 7076 0
47131 18340 1
30747 34724 0
55323 10148 0
59419 6052 0
24923 7844 0
41307 7844 0
41307 20132 0
24923 36516 0
49499 7844 0
49499 11940 0
18779 13988 0
35163 13988 0
10587 22180 0
35163 22180 0
10587 38564 0
18779 38564 0
41307 22180 0
24923 38564 0
49499 13988 0
35163 26276 0
18779 42660 0
10587 50852 0
43099 22180 0
26715 38564 0
51291 13988 0
39003 26276 0
22619 42660 0
14427 50852 0
45147 20132 1
28763 36516 1
53339 11940 1
57435 7844 1
17755 15012 0
34139 15012 0
9563 23204 0
34139 23204 0
9563 39588 0
17755 39588 0
41307 23204 0
24923 39588 0
49499 15012 0
34139 27300 0
17755 43684 0
9563 51876 0
42075 23204 0
25691 39588 0
50267 15012 0
37979 27300 0
21595 43684 0
13403 51876 0
3419 29348 1
34139 29348 0
3419 45732 1
17755 45732 0
35163 29348 0
18779 45732 0
3419 53924 1
9563 53924 0
10587 53924 0
35931 29348 0
19547 45732 0
11355 53924 0
3419 58020 1
7259 58020 0
43291 22180 1
26907 38564 0
51483 13988 0
57627 7844 0
42267 23204 0
25883 39588 0
50459 15012 0
36123 29348 0
19739 45732 0
11547 53924 0
17243 15524 0
33627 15524 0
9051 23716 0
33627 23716 0
9051 40100 0
17243 40100 0
41307 23716 0
24923 40100 0
49499 15524 0
33627 27812 0
17243 44196 0
9051 52388 0
41563 23716 0
25179 40100 0
49755 15524 0
2907 29860 1
33627 29860 0
2907 46244 1
17243 46244 0
35163 29860 0
18779 46244 0
2907 54436 1
9051 54436 0
10587 54436 0
35419 29860 0
19035 46244 0
10843 54436 0
2907 58532 1
41755 23716 1
25371 40100 0
49947 15524 0
35611 29860 1
19227 46244 0
11035 54436 1
1883 30884 1
33627 30884 0
1883 47268 1
17243 47268 0
34139 30884 0
17755 47268 0
1883 55460 1
9051 55460 0
9563 55460 0
34395 30884 0
18011 47268 0
9819 55460 0
1883 59556 1
34587 30884 0
18203 47268 0
10011 55460 0
43595 21924 0
27211 38308 0
51787 13732 0
57931 7588 0
42571 22948 0
26187 39332 0
50763 14756 0
36427 29092 0
20043 45476 0
11851 53668 0
44107 21412 0
27723 37796 0
52299 13220 0
40011 25508 0
23627 41892 0
15435 50084 0
46155 19364 0
29771 35748 0
54347 11172 0
58443 7076 0
47179 18340 0
30795 34724 0
55371 10148 0
59467 6052 0
43339 22180 0
26955 38564 0
51531 13988 0
39243 26276 0
22859 42660 0
14667 50852 0
45387 20132 0
29003 36516 0
53579 11940 0
57675 7844 0
42315 23204 0
25931 39588 0
50507 15012 0
38219 27300 0
21835 43684 0
13643 51876 0
36171 29348 0
19787 45732 0
11595 53924 0
7499 58020 0
41803 23716 0
25419 40100 0
49995 15524 0
35659 29860 0
19275 46244 0
11083 54436 0
34635 30884 0
18251 47268 0
10059 55460 0
18651 14116 0
10459 22308 0
10459 38692 0
18651 38692 0
41179 22308 1
24795 38692 1
49371 14116 1
6363 26404 0
6363 42788 0
18651 42788 0
37083 26404 1
20699 42788 1
6363 50980 0
10459 50980 0
12507 50980 1
43099 22308 0
26715 38692 0
51291 14116 0
39003 26404 0
22619 42788 0
14427 50980 0
17627 15140 0
34011 15140 0
9435 23332 0
34011 23332 0
9435 39716 0
17627 39716 0
41179 23332 1
24795 39716 1
49371 15140 1
5339 27428 0
34011 27428 0
5339 43812 0
17627 43812 0
37083 27428 1
20699 43812 1
5339 52004 0
9435 52004 0
12507 52004 1
42075 23332 0
25691 39716 0
50267 15140 0
37979 27428 0
21595 43812 0
13403 52004 0
3291 29476 1
34011 29476 0
3291 45860 1
17627 45860 0
18651 45860 0
3291 54052 1
9435 54052 0
10459 54052 0
35931 29476 0
19547 45860 0
11355 54052 0
3291 58148 1
5339 58148 0
6363 58148 0
7259 58148 0
26779 38692 0
22683 42788 0
14491 50980 1
42139 23332 0
25755 39716 0
50331 15140 0
38043 27428 0
21659 43812 0
13467 52004 0
19611 45860 0
11419 54052 0
7323 58148 0
17115 15652 0
33499 15652 0
8923 23844 0
33499 23844 0
8923 40228 0
17115 40228 0
41179 23844 1
24795 40228 1
49371 15652 1
33499 27940 0
17115 44324 0
37083 27940 1
20699 44324 1
8923 52516 0
12507 52516 1
41563 23844 0
25179 40228 0
49755 15652 0
2779 29988 1
33499 29988 0
2779 46372 1
17115 46372 0
18651 46372 0
2779 54564 1
8923 54564 0
10459 54564 0
35419 29988 0
19035 46372 0
10843 54564 0
2779 58660 1
6363 58660 0
41627 23844 1
25243 40228 0
49819 15652 0
37531 27940 1
21147 44324 0
12955 52516 1
19099 46372 0
10907 54564 1
6811 58660 1
1755 31012 1
33499 31012 0
1755 47396 1
17115 47396 0
34011 31012 0
17627 47396 0
1755 55588 1
8923 55588 0
9435 55588 0
34395 31012 0
18011 47396 0
9819 55588 0
1755 59684 1
5339 59684 0
34459 31012 0
18075 47396 0
9883 55588 0
5787 59684 0
26827 38692 0
22731 42788 0
14539 50980 0
42187 23332 0
25803 39716 0
50379 15140 0
38091 27428 0
21707 43812 0
13515 52004 0
19659 45860 0
11467 54052 0
7371 58148 0
41675 23844 0
25291 40228 0
49867 15652 0
19147 46372 0
10955 54564 0
34507 31012 0
18123 47396 0
9931 55588 0
16859 15908 0
33243 15908 0
8667 24100 0
33243 24100 0
8667 40484 0
16859 40484 0
41179 24100 1
24795 40484 1
49371 15908 1
33243 28196 0
16859 44580 0
37083 28196 1
20699 44580 1
8667 52772 0
12507 52772 1
41307 24100 0
24923 40484 0
49499 15908 0
2523 30244 1
33243 30244 0
2523 46628 1
16859 46628 0
18651 46628 0
2523 54820 1
8667 54820 0
10459 54820 0
35163 30244 0
18779 46628 0
10587 54820 0
2523 58916 1
6363 58916 0
41371 24100 1
24987 40484 0
49563 15908 0
18843 46628 0
10651 54820 1
1499 31268 1
33243 31268 0
1499 47652 1
16859 47652 0
34011 31268 0
17627 47652 0
1499 55844 1
8667 55844 0
9435 55844 0
34139 31268 0
17755 47652 0
9563 55844 0
1499 59940 1
5339 59940 0
34203 31268 0
17819 47652 0
9627 55844 0
41419 24100 0
25035 40484 0
49611 15908 0
37323 28196 0
20939 44580 0
12747 52772 0
18891 46628 0
10699 54820 0
6603 58916 0
34251 31268 0
17867 47652 0
9675 55844 0
5579 59940 0
987 31780 1
33243 31780 0
987 48164 1
16859 48164 0
33499 31780 0
17115 48164 0
987 56356 1
8667 56356 0
8923 56356 0
33627 31780 0
17243 48164 0
9051 56356 0
987 60452 1
33691 31780 1
17307 48164 0
9115 56356 1
33739 31780 0
17355 48164 0
9163 56356 0
27283 38244 0
51859 13668 0
23187 42340 0
29331 36196 0
53907 11620 0
58003 7524 0
42643 22884 0
26259 39268 0
50835 14692 0
38547 26980 0
22163 43364 0
13971 51556 0
36499 29028 0
20115 45412 0
11923 53604 0
7827 57700 0
44179 21348 1
27795 37732 1
52371 13156 1
40083 25444 0
23699 41828 0
15507 50020 0
46227 19300 0
29843 35684 0
54419 11108 0
58515 7012 1
30867 34660 0
55443 10084 0
59539 5988 1
27027 38500 1
51603 13924 1
57747 7780 1
42387 23140 1
26003 39524 1
50579 14948 1
36243 29284 1
19859 45668 1
11667 53860 1
25491 40036 0
50067 15460 0
19347 46180 0
34707 30820 0
18323 47204 0
10131 55396 0
27411 38116 0
51987 13540 0
58131 7396 0
42771 22756 0
26387 39140 1
50963 14564 0
44307 21220 1
27923 37604 1
52499 13028 1
58643 6884 1
59667 5860 1
44563 20964 0
28179 37348 0
52755 12772 0
40467 25060 0
24083 41444 0
15891 49636 0
46611 18916 0
30227 35300 1
54803 10724 0
58899 6628 0
31251 34276 0
55827 9700 0
59923 5604 0
48147 17380 0
31763 33764 0
56339 9188 0
60435 5092 1
43603 21924 0
27219 38308 0
51795 13732 0
39507 26020 0
23123 42404 0
14931 50596 0
45651 19876 0
29267 36260 1
53843 11684 0
57939 7588 0
42579 22948 0
26195 39332 1
50771 14756 0
38483 27044 0
22099 43428 1
13907 51620 1
36435 29092 0
20051 45476 0
11859 53668 0
7763 57764 0
44115 21412 0
27731 37796 0
52307 13220 0
40019 25508 0
23635 41892 0
15443 50084 0
46163 19364 0
29779 35748 1
54355 11172 0
58451 7076 0
47187 18340 0
30803 34724 0
55379 10148 0
59475 6052 0
43347 22180 0
26963 38564 0
51539 13988 0
57683 7844 0
42323 23204 0
25939 39588 1
50515 15012 0
36179 29348 0
19795 45732 0
11603 53924 0
41811 23716 0
25427 40100 1
50003 15524 0
35667 29860 0
19283 46244 0
11091 54436 0
34643 30884 0
18259 47268 1
10067 55460 1
43219 22308 0
26835 38692 0
51411 14116 0
39123 26404 0
22739 42788 0
14547 50980 0
42195 23332 0
25811 39716 0
50387 15140 0
38099 27428 0
21715 43812 0
13523 52004 0
36051 29476 0
19667 45860 0
11475 54052 0
7379 58148 0
41683 23844 0
25299 40228 0
49875 15652 0
37587 27940 0
21203 44324 0
13011 52516 0
35539 29988 0
19155 46372 0
10963 54564 0
6867 58660 0
34515 31012 0
18131 47396 0
9939 55588 0
5843 59684 0
41427 24100 0
25043 40484 0
49619 15908 0
35283 30244 0
18899 46628 0
10707 54820 0
34259 31268 0
17875 47652 0
9683 55844 0
33747 31780 0
17363 48164 0
9171 56356 0
21563 11204 0
13371 19396 0
13371 35780 0
21563 35780 0
25659 7108 0
25659 35780 0
19515 13252 0
11323 21444 0
11323 37828 0
19515 37828 0
25659 37828 0
7227 25540 0
7227 41924 0
19515 41924 0
21563 41924 0
7227 50116 0
11323 50116 0
13371 50116 0
22587 10180 0
38971 10180 1
14395 34756 1
22587 34756 0
26683 6084 0
43067 6084 1
26683 34756 0
51259 6084 0
51259 10180 0
43067 21444 1
26683 37828 0
51259 13252 0
38971 25540 1
22587 41924 0
14395 50116 1
28731 34756 1
53307 10180 1
45115 19396 1
28731 35780 1
53307 11204 1
57403 6084 1
57403 7108 1
21051 11716 0
37435 11716 1
21051 36292 0
49723 7620 0
49723 11716 0
19003 13764 0
35387 13764 1
19003 38340 0
49723 13764 0
6715 42436 1
19003 42436 0
21051 42436 0
26683 38340 0
51259 13764 0
22587 42436 0
28731 36292 1
53307 11716 1
57403 7620 1
17979 14788 0
17979 39364 0
49723 14788 0
5691 27076 0
5691 43460 0
17979 43460 0
37435 27076 1
21051 43460 0
5691 51652 0
25659 39364 0
21563 43460 0
13371 51652 0
3643 29124 1
3643 45508 1
17979 45508 0
35387 29124 1
19003 45508 0
3643 53700 1
19515 45508 0
11323 53700 0
3643 57796 1
5691 57796 0
6715 57796 1
7227 57796 0
27163 38340 0
51739 13764 0
23067 42436 0
29211 36292 0
53787 11716 0
57883 7620 0
42523 22980 0
26139 39364 0
50715 14788 0
38427 27076 0
22043 43460 0
13851 51652 0
36379 29124 0
19995 45508 0
11803 53700 0
7707 57796 0
44059 21444 0
27675 37828 0
52251 13252 0
39963 25540 0
23579 41924 0
15387 50116 0
46107 19396 0
29723 35780 0
54299 11204 0
58395 7108 0
30747 34756 0
55323 10180 0
59419 6084 0
24891 7876 0
41275 7876 1
24891 36548 0
49467 7876 0
49467 11972 0
18747 14020 0
35131 14020 1
10555 38596 1
18747 38596 0
24891 38596 0
49467 14020 0
18747 42692 0
26683 38596 0
51259 14020 0
22587 42692 0
28731 36548 1
53307 11972 1
57403 7876 1
17723 15044 0
9531 23236 0
9531 39620 0
17723 39620 0
41275 23236 1
24891 39620 0
49467 15044 0
17723 43716 0
9531 51908 0
25659 39620 0
21563 43716 0
13371 51908 0
3387 29380 1
3387 45764 1
17723 45764 0
35131 29380 1
18747 45764 0
3387 53956 1
9531 53956 0
10555 53956 1
19515 45764 0
11323 53956 0
3387 58052 1
7227 58052 0
26907 38596 0
51483 14020 0
57627 7876 0
42267 23236 0
25883 39620 0
50459 15044 0
36123 29380 0
19739 45764 0
11547 53956 0
17211 15556 0
33595 15556 1
17211 40132 0
24891 40132 0
49467 15556 0
17211 44228 0
49723 15556 0
21051 44228 0
2875 46276 1
17211 46276 0
18747 46276 0
19003 46276 0
25371 40132 0
49947 15556 0
19227 46276 0
1851 30916 1
33595 30916 1
1851 47300 1
17211 47300 0
17723 47300 0
1851 55492 1
9531 55492 0
17979 47300 0
1851 59588 1
5691 59588 0
34587 30916 0
18203 47300 0
10011 55492 0
51755 13764 0
23083 42436 0
53803 11716 0
22059 43460 0
20011 45508 0
7723 57796 0
27691 37828 0
23595 41924 0
15403 50116 0
29739 35780 0
30763 34756 0
55339 10180 0
59435 6084 0
26923 38596 0
51499 14020 0
22827 42692 0
28971 36548 0
53547 11972 0
57643 7876 0
25899 39620 0
21803 43716 0
13611 51908 0
19755 45764 0
11563 53956 0
7467 58052 0
49963 15556 0
21291 44228 0
19243 46276 0
18219 47300 0
5931 59588 0
18619 14148 0
10427 38724 1
18619 38724 0
24763 38724 1
49339 14148 1
6331 42820 1
18619 42820 0
20667 42820 1
26683 38724 0
51259 14148 0
22587 42820 0
17595 15172 0
9403 23364 0
9403 39748 0
17595 39748 0
41147 23364 1
24763 39748 1
49339 15172 1
5307 27460 0
5307 43844 0
17595 43844 0
37051 27460 1
20667 43844 1
5307 52036 0
9403 52036 0
12475 52036 1
25659 39748 0
21563 43844 0
13371 52036 0
3259 29508 1
3259 45892 1
17595 45892 0
18619 45892 0
3259 54084 1
9403 54084 0
10427 54084 1
19515 45892 0
11323 54084 0
3259 58180 1
5307 58180 0
6331 58180 1
7227 58180 0
26779 38724 0
22683 42820 0
42139 23364 0
25755 39748 0
50331 15172 0
38043 27460 0
21659 43844 0
13467 52036 0
19611 45892 0
11419 54084 0
7323 58180 0
17083 15684 0
33467 15684 1
17083 40260 0
24763 40260 1
49339 15684 1
4795 44356 1
17083 44356 0
20667 44356 1
49723 15684 0
21051 44356 0
2747 46404 1
17083 46404 0
18619 46404 0
19003 46404 0
25243 40260 0
49819 15684 0
21147 44356 0
19099 46404 0
1723 31044 1
33467 31044 1
1723 47428 1
17083 47428 0
17595 47428 0
1723 55620 1
9403 55620 0
17979 47428 0
1723 59716 1
4795 59716 1
5307 59716 0
5691 59716 0
34459 31044 0
18075 47428 0
9883 55620 0
5787 59716 0
26795 38724 0
22699 42820 0
25771 39748 0
21675 43844 0
13483 52036 0
19627 45892 0
11435 54084 0
7339 58180 0
49835 15684 0
21163 44356 0
19115 46404 0
18091 47428 0
5803 59716 0
16827 15940 0
33211 15940 1
8635 40516 1
16827 40516 0
24763 40516 1
49339 15940 1
16827 44612 0
20667 44612 1
24891 40516 0
49467 15940 0
2491 46660 1
16827 46660 0
18619 46660 0
18747 46660 0
24987 40516 0
49563 15940 0
18843 46660 0
1467 31300 1
33211 31300 1
1467 47684 1
16827 47684 0
17595 47684 0
1467 55876 1
8635 55876 1
9403 55876 0
17723 47684 0
9531 55876 0
1467 59972 1
5307 59972 0
34203 31300 0
17819 47684 0
9627 55876 0
25003 40516 0
49579 15940 0
20907 44612 0
18859 46660 0
17835 47684 0
9643 55876 0
5547 59972 0
955 48196 1
16827 48196 0
17083 48196 0
17211 48196 0
17307 48196 0
17323 48196 0
51763 13764 0
23091 42436 0
53811 11716 0
22067 43460 1
20019 45508 0
7731 57796 0
27699 37828 1
23603 41924 0
15411 50116 0
29747 35780 1
30771 34756 0
55347 10180 0
59443 6084 1
26931 38596 1
51507 14020 1
57651 7876 1
25907 39620 1
19763 45764 1
11571 53956 1
49971 15556 0
19251 46276 0
18227 47300 1
26803 38724 1
51379 14148 1
22707 42820 0
25779 39748 1
21683 43844 0
13491 52036 0
19635 45892 1
11443 54084 1
7347 58180 0
49843 15684 0
21171 44356 0
19123 46404 0
18099 47428 0
5811 59716 0
25011 40516 1
49587 15940 1
18867 46660 1
17843 47684 1
9651 55876 1
17331 48196 0
18555 14212 0
34939 14212 0
10363 22404 0
34939 22404 0
10363 38788 0
18555 38788 0
41083 22404 1
24699 38788 1
49275 14212 1
6267 26500 0
34939 26500 0
6267 42884 0
18555 42884 0
36987 26500 1
20603 42884 1
6267 51076 0
10363 51076 0
12411 51076 1
43067 22404 1
26683 38788 0
51259 14212 0
38971 26500 1
22587 42884 0
14395 51076 1
17531 15236 0
9339 23428 0
9339 39812 0
17531 39812 0
41083 23428 1
24699 39812 1
49275 15236 1
5243 27524 0
5243 43908 0
17531 43908 0
36987 27524 1
20603 43908 1
5243 52100 0
9339 52100 0
12411 52100 1
25659 39812 0
21563 43908 0
13371 52100 0
3195 29572 1
3195 45956 1
17531 45956 0
34939 29572 0
18555 45956 0
3195 54148 1
9339 54148 0
10363 54148 0
19515 45956 0
11323 54148 0
3195 58244 1
5243 58244 0
6267 58244 0
7227 58244 0
43099 22404 0
26715 38788 0
51291 14212 0
39003 26500 0
22619 42884 0
14427 51076 0
42075 23428 0
25691 39812 0
50267 15236 0
37979 27524 0
21595 43908 0
13403 52100 0
35931 29572 0
19547 45956 0
11355 54148 0
7259 58244 0
17019 15748 0
33403 15748 0
33403 23940 0
17019 40324 0
41083 23940 1
24699 40324 1
49275 15748 1
33403 28036 0
17019 44420 0
36987 28036 1
20603 44420 1
12411 52612 1
49723 15748 0
37435 28036 1
21051 44420 0
2683 30084 1
33403 30084 0
2683 46468 1
17019 46468 0
34939 30084 0
18555 46468 0
2683 54660 1
10363 54660 0
35387 30084 1
19003 46468 0
2683 58756 1
6267 58756 0
6715 58756 1
41563 23940 0
25179 40324 0
49755 15748 0
35419 30084 0
19035 46468 0
10843 54660 0
1659 31108 1
33403 31108 0
1659 47492 1
17019 47492 0
17531 47492 0
1659 55684 1
9339 55684 0
17979 47492 0
1659 59780 1
5243 59780 0
5691 59780 0
34395 31108 0
18011 47492 0
9819 55684 0
43115 22404 0
26731 38788 0
51307 14212 0
39019 26500 0
22635 42884 0
14443 51076 0
25707 39812 0
21611 43908 0
13419 52100 0
19563 45956 0
11371 54148 0
7275 58244 0
49771 15748 0
35435 30084 0
19051 46468 0
18027 47492 0
16763 16004 0
33147 16004 0
8571 24196 0
33147 24196 0
8571 40580 0
16763 40580 0
41083 24196 1
24699 40580 1
49275 16004 1
33147 28292 0
16763 44676 0
36987 28292 1
20603 44676 1
8571 52868 0
12411 52868 1
41275 24196 1
24891 40580 0
49467 16004 0
2427 30340 1
33147 30340 0
2427 46724 1
16763 46724 0
34939 30340 0
18555 46724 0
2427 54916 1
8571 54916 0
10363 54916 0
35131 30340 1
18747 46724 0
10555 54916 1
2427 59012 1
6267 59012 0
41307 24196 0
24923 40580 0
49499 16004 0
35163 30340 0
18779 46724 0
10587 54916 0
1403 31364 1
33147 31364 0
1403 47748 1
16763 47748 0
17531 47748 0
1403 55940 1
8571 55940 0
9339 55940 0
17723 47748 0
9531 55940 0
1403 60036 1
5243 60036 0
34139 31364 0
17755 47748 0
9563 55940 0
41323 24196 0
24939 40580 0
49515 16004 0
37227 28292 0
20843 44676 0
12651 52868 0
35179 30340 0
18795 46724 0
10603 54916 0
6507 59012 0
17771 47748 0
9579 55940 0
5483 60036 0
891 31876 1
33147 31876 0
891 48260 1
16763 48260 0
33403 31876 0
17019 48260 0
891 56452 1
8571 56452 0
33595 31876 1
17211 48260 0
891 60548 1
33627 31876 0
17243 48260 0
9051 56452 0
33643 31876 0
17259 48260 0
43123 22404 0
26739 38788 0
51315 14212 0
39027 26500 0
22643 42884 0
14451 51076 0
25715 39812 1
21619 43908 1
13427 52100 1
19571 45956 0
11379 54148 0
7283 58244 0
49779 15748 0
37491 28036 0
21107 44420 1
35443 30084 0
19059 46468 0
6771 58756 0
18035 47492 1
5747 59780 1
41331 24196 0
24947 40580 1
49523 16004 0
35187 30340 0
18803 46724 0
10611 54916 0
17779 47748 1
9587 55940 1
33651 31876 0
17267 48260 1
34939 30468 0
18555 46852 0
10363 55044 0
18619 46852 0
10427 55044 1
6267 59140 0
6331 59140 1
18651 46852 0
10459 55044 0
6363 59140 0
17531 47876 0
9339 56068 0
17595 47876 0
9403 56068 0
5243 60164 0
5307 60164 0
34011 31492 0
17627 47876 0
9435 56068 0
5339 60164 0
18667 46852 0
10475 55044 0
6379 59140 0
17643 47876 0
9451 56068 0
5355 60164 0
33403 32004 0
17019 48388 0
33467 32004 1
17083 48388 0
4795 60676 1
33499 32004 0
17115 48388 0
8923 56580 0
33515 32004 0
17131 48388 0
33147 32260 0
16763 48644 0
8571 56836 0
33211 32260 1
16827 48644 0
8635 56836 1
33243 32260 0
16859 48644 0
8667 56836 0
33259 32260 0
16875 48644 0
8683 56836 0
4587 60932 0
27305 38228 0
23209 42324 0
29353 36180 0
53929 11604 0
58025 7508 0
26281 39252 0
22185 43348 0
13993 51540 0
20137 45396 0
11945 53588 0
7849 57684 0
27817 37716 0
23721 41812 0
15529 50004 0
29865 35668 0
30889 34644 0
27049 38484 0
22953 42580 0
29097 36436 0
53673 11860 0
57769 7764 0
26025 39508 0
21929 43604 0
13737 51796 0
19881 45652 0
11689 53844 0
7593 57940 0
25513 40020 0
50089 15444 0
21417 44116 0
19369 46164 0
18345 47188 0
10153 55380 0
6057 59476 0
27433 38100 0
52009 13524 0
23337 42196 0
29481 36052 0
54057 11476 0
58153 7380 0
26409 39124 0
22313 43220 0
14121 51412 0
27945 37588 0
23849 41684 0
15657 49876 0
29993 35540 0
31017 34516 0
55593 9940 0
59689 5844 0
28201 37332 0
24105 41428 0
15913 49620 0
30249 35284 0
31273 34260 0
55849 9684 0
59945 5588 0
31785 33748 0
43625 21908 0
27241 38292 0
51817 13716 0
57961 7572 0
26217 39316 0
20073 45460 0
11881 53652 0
27753 37780 0
23657 41876 0
15465 50068 0
29801 35732 0
47209 18324 0
30825 34708 0
55401 10132 0
59497 6036 0
43369 22164 0
26985 38548 0
51561 13972 0
39273 26260 0
22889 42644 0
14697 50836 0
45417 20116 0
29033 36500 0
53609 11924 0
57705 7828 0
25961 39572 0
21865 43668 0
13673 51860 0
19817 45716 0
11625 53908 0
7529 58004 0
41833 23700 0
25449 40084 0
50025 15508 0
35689 29844 0
19305 46228 0
11113 54420 0
18281 47252 0
10089 55444 0
26857 38676 0
22761 42772 0
14569 50964 0
25833 39700 0
21737 43796 0
13545 51988 0
19689 45844 0
11497 54036 0
7401 58132 0
41705 23828 0
25321 40212 0
49897 15636 0
19177 46356 0
10985 54548 0
18153 47380 0
9961 55572 0
41449 24084 0
25065 40468 0
49641 15892 0
37353 28180 0
20969 44564 0
12777 52756 0
18921 46612 0
10729 54804 0
6633 58900 0
17897 47636 0
9705 55828 0
5609 59924 0
33769 31764 0
17385 48148 0
9193 56340 0
27337 38196 0
58057 7476 0
42697 22836 0
26313 39220 0
50889 14644 0
20169 45364 0
11977 53556 0
27849 37684 0
23753 41780 1
15561 49972 0
46281 19252 0
29897 35636 0
54473 11060 1
58569 6964 0
30921 34612 0
27081 38452 0
22985 42548 1
14793 50740 0
45513 20020 0
29129 36404 0
53705 11828 1
57801 7732 0
42441 23092 0
26057 39476 0
50633 14900 1
38345 27188 1
21961 43572 1
13769 51764 0
19913 45620 1
11721 53812 0
7625 57908 1
41929 23604 0
25545 39988 0
50121 15412 0
19401 46132 0
11209 54324 0
34761 30772 0
18377 47156 0
10185 55348 0
43849 21684 0
27465 38068 0
52041 13492 0
58185 7348 0
42825 22708 0
26441 39092 0
51017 14516 0
44361 21172 0
27977 37556 0
52553 12980 1
40265 25268 1
23881 41652 1
15689 49844 0
46409 19124 0
30025 35508 0
54601 10932 1
58697 6836 0
47433 18100 0
31049 34484 0
55625 9908 1
59721 5812 0
44617 20916 0
28233 37300 0
52809 12724 0
58953 6580 0
59977 5556 0
48201 17332 0
31817 33716 0
56393 9140 1
60489 5044 0
27529 38004 0
23433 42100 0
29577 35956 0
54153 11380 0
58249 7284 0
42889 22644 0
26505 39028 0
51081 14452 0
38793 26740 0
22409 43124 0
14217 51316 0
28041 37492 0
23945 41588 1
15753 49780 0
46473 19060 0
30089 35444 0
54665 10868 1
58761 6772 0
31113 34420 0
28297 37236 0
24201 41332 0
16009 49524 0
46729 18804 0
30345 35188 0
54921 10612 0
59017 6516 0
31369 34164 0
31881 33652 0
27289 38244 0
23193 42340 0
29337 36196 0
53913 11620 0
58009 7524 0
42649 22884 0
26265 39268 0
50841 14692 0
38553 26980 0
22169 43364 0
13977 51556 0
20121 45412 0
11929 53604 0
7833 57700 0
27801 37732 0
23705 41828 1
15513 50020 0
46233 19300 0
29849 35684 0
54425 11108 1
58521 7012 0
30873 34660 0
27033 38500 0
57753 7780 0
42393 23140 0
26009 39524 0
50585 14948 1
19865 45668 1
11673 53860 0
25497 40036 0
50073 15460 0
19353 46180 0
34713 30820 0
18329 47204 0
10137 55396 0
27417 38116 0
51993 13540 0
58137 7396 0
42777 22756 0
26393 39140 0
50969 14564 0
44313 21220 0
27929 37604 0
52505 13028 1
58649 6884 0
59673 5860 0
44569 20964 0
28185 37348 0
52761 12772 0
40473 25060 0
24089 41444 0
15897 49636 0
46617 18916 0
30233 35300 0
54809 10724 0
58905 6628 0
31257 34276 0
55833 9700 0
59929 5604 0
48153 17380 0
31769 33764 0
56345 9188 1
60441 5092 0
43609 21924 0
27225 38308 0
51801 13732 0
57945 7588 0
42585 22948 0
26201 39332 0
50777 14756 0
36441 29092 0
20057 45476 0
11865 53668 0
44121 21412 0
27737 37796 0
52313 13220 1
40025 25508 1
23641 41892 1
15449 50084 0
46169 19364 0
29785 35748 0
54361 11172 1
58457 7076 0
47193 18340 0
30809 34724 0
55385 10148 1
59481 6052 0
43353 22180 0
26969 38564 0
51545 13988 1
57689 7844 0
42329 23204 0
25945 39588 0
50521 15012 1
36185 29348 1
19801 45732 1
11609 53924 0
41817 23716 0
25433 40100 0
50009 15524 0
35673 29860 0
19289 46244 0
11097 54436 0
34649 30884 0
18265 47268 0
10073 55460 0
26841 38692 0
22745 42788 1
14553 50980 0
42201 23332 0
25817 39716 0
50393 15140 1
38105 27428 1
21721 43812 1
13529 52004 0
19673 45860 1
11481 54052 0
7385 58148 1
41689 23844 0
25305 40228 0
49881 15652 0
19161 46372 0
10969 54564 0
34521 31012 0
18137 47396 0
9945 55588 0
41433 24100 0
25049 40484 0
49625 15908 1
18905 46628 1
10713 54820 0
34265 31268 1
17881 47652 1
9689 55844 0
33753 31780 0
17369 48164 0
9177 56356 0
27193 38340 0
51769 13764 0
23097 42436 0
29241 36292 0
53817 11716 0
57913 7620 0
26169 39364 0
22073 43460 0
13881 51652 0
20025 45508 0
11833 53700 0
7737 57796 0
27705 37828 0
23609 41924 0
15417 50116 0
29753 35780 0
30777 34756 0
55353 10180 0
59449 6084 0
26937 38596 0
51513 14020 0
57657 7876 0
25913 39620 0
19769 45764 0
11577 53956 0
25401 40132 0
49977 15556 0
19257 46276 0
18233 47300 0
10041 55492 0
26809 38724 0
22713 42820 0
25785 39748 0
21689 43844 0
13497 52036 0
19641 45892 0
11449 54084 0
7353 58180 0
25273 40260 0
49849 15684 0
21177 44356 0
19129 46404 0
18105 47428 0
9913 55620 0
5817 59716 0
25017 40516 0
49593 15940 0
18873 46660 0
17849 47684 0
9657 55876 0
17337 48196 0
43129 22404 0
26745 38788 0
51321 14212 0
39033 26500 0
22649 42884 0
14457 51076 0
25721 39812 0
21625 43908 0
13433 52100 0
19577 45956 0
11385 54148 0
7289 58244 0
41593 23940 0
25209 40324 0
49785 15748 0
35449 30084 0
19065 46468 0
10873 54660 0
18041 47492 0
9849 55684 0
41337 24196 0
24953 40580 0
49529 16004 0
35193 30340 0
18809 46724 0
10617 54916 0
17785 47748 0
9593 55940 0
33657 31876 0
17273 48260 0
9081 56452 0
27313 38220 0
51889 13644 0
23217 42316 0
29361 36172 0
53937 11596 0
58033 7500 0
26289 39244 0
22193 43340 0
14001 51532 0
20145 45388 0
11953 53580 0
7857 57676 0
23729 41804 0
15537 49996 0
29873 35660 0
30897 34636 0
55473 10060 0
25521 40012 0
50097 15436 0
19377 46156 0
18353 47180 0
10161 55372 0
27441 38092 0
52017 13516 0
58161 7372 0
28209 37324 0
24113 41420 0
15921 49612 0
31281 34252 0
55857 9676 0
59953 5580 0
31793 33740 0
43633 21900 0
27249 38284 0
51825 13708 0
39537 25996 0
23153 42380 0
14961 50572 0
45681 19852 0
53873 11660 0
57969 7564 0
20081 45452 0
11889 53644 0
7793 57740 0
27761 37772 0
23665 41868 0
15473 50060 0
47217 18316 0
30833 34700 0
55409 10124 0
59505 6028 0
43377 22156 0
26993 38540 0
51569 13964 0
57713 7820 0
19825 45708 0
11633 53900 0
41841 23692 0
50033 15500 0
35697 29836 0
19313 46220 0
11121 54412 0
43729 21804 0
27345 38188 0
51921 13612 0
39633 25900 0
23249 42284 0
15057 50476 0
45777 19756 0
29393 36140 0
53969 11564 0
58065 7468 0
42705 22828 0
26321 39212 0
50897 14636 0
38609 26924 0
22225 43308 0
14033 51500 0
36561 28972 0
20177 45356 0
11985 53548 0
7889 57644 0
44241 21292 0
27857 37676 0
52433 13100 1
40145 25388 1
23761 41772 1
15569 49964 0
46289 19244 0
29905 35628 0
54481 11052 1
58577 6956 0
47313 18220 0
30929 34604 0
55505 10028 1
59601 5932 0
43473 22060 0
27089 38444 0
51665 13868 1
57809 7724 0
42449 23084 0
26065 39468 0
50641 14892 1
36305 29228 1
19921 45612 1
11729 53804 0
41937 23596 0
25553 39980 0
50129 15404 0
35793 29740 0
19409 46124 0
11217 54316 0
34769 30764 0
18385 47148 0
10193 55340 0
43857 21676 0
27473 38060 0
52049 13484 0
58193 7340 0
42833 22700 0
51025 14508 0
44369 21164 0
27985 37548 0
52561 12972 1
58705 6828 0
59729 5804 0
44625 20908 0
28241 37292 0
52817 12716 0
40529 25004 0
24145 41388 0
15953 49580 0
46673 18860 0
54865 10668 0
58961 6572 0
47697 17836 0
31313 34220 0
55889 9644 0
59985 5548 0
48209 17324 0
31825 33708 0
56401 9132 1
60497 5036 0
27537 37996 0
52113 13420 0
58257 7276 0
42897 22636 0
26513 39020 0
51089 14444 0
44689 20844 0
28305 37228 0
52881 12652 0
40593 24940 0
24209 41324 0
16017 49516 0
46737 18796 0
30353 35180 0
54929 10604 0
59025 6508 0
31377 34156 0
55953 9580 0
60049 5484 0
48273 17260 0
31889 33644 0
56465 9068 1
59153 6380 0
60177 5356 0
48657 16876 0
32273 33260 0
56849 8684 0
60945 4588 0
43745 21788 0
27361 38172 0
51937 13596 0
39649 25884 0
23265 42268 0
15073 50460 0
45793 19740 0
29409 36124 0
53985 11548 0
58081 7452 0
26337 39196 0
22241 43292 0
14049 51484 0
20193 45340 0
12001 53532 0
7905 57628 0
27873 37660 0
23777 41756 0
15585 49948 0
29921 35612 0
47329 18204 0
30945 34588 0
55521 10012 0
59617 5916 0
43489 22044 0
27105 38428 0
51681 13852 0
39393 26140 0
23009 42524 0
14817 50716 0
45537 19996 0
29153 36380 0
53729 11804 0
57825 7708 0
26081 39452 0
21985 43548 0
13793 51740 0
19937 45596 0
11745 53788 0
7649 57884 0
41953 23580 0
25569 39964 0
50145 15388 0
37857 27676 0
21473 44060 0
13281 52252 0
35809 29724 0
19425 46108 0
11233 54300 0
7137 58396 0
18401 47132 0
10209 55324 0
6113 59420 0
43873 21660 0
27489 38044 0
52065 13468 0
39777 25756 0
23393 42140 0
15201 50332 0
45921 19612 0
54113 11420 0
58209 7324 0
28001 37532 0
23905 41628 0
15713 49820 0
47457 18076 0
31073 34460 0
55649 9884 0
59745 5788 0
28257 37276 0
24161 41372 0
15969 49564 0
47713 17820 0
31329 34204 0
55905 9628 0
60001 5532 0
31841 33692 0
27553 37980 0
52129 13404 0
23457 42076 0
29601 35932 0
54177 11356 0
58273 7260 0
26529 39004 0
22433 43100 0
14241 51292 0
23969 41564 0
15777 49756 0
30113 35420 0
31137 34396 0
55713 9820 0
28321 37212 0
24225 41308 0
16033 49500 0
30369 35164 0
31393 34140 0
55969 9564 0
60065 5468 0
31905 33628 0
31521 34012 0
56097 9436 0
60193 5340 0
32033 33500 0
32289 33244 0
43969 21564 0
27585 37948 0
52161 13372 0
39873 25660 0
23489 42044 0
15297 50236 0
46017 19516 0
29633 35900 0
54209 11324 0
58305 7228 0
42945 22588 0
26561 38972 0
51137 14396 0
38849 26684 0
22465 43068 0
14273 51260 0
44481 21052 0
28097 37436 0
52673 12860 1
40385 25148 1
24001 41532 1
15809 49724 0
46529 19004 0
30145 35388 0
54721 10812 1
58817 6716 0
47553 17980 0
31169 34364 0
55745 9788 1
59841 5692 0
44737 20796 0
28353 37180 0
52929 12604 0
40641 24892 0
24257 41276 0
16065 49468 0
46785 18748 0
30401 35132 0
54977 10556 0
59073 6460 0
47809 17724 0
31425 34108 0
56001 9532 0
60097 5436 0
48321 17212 0
31937 33596 0
56513 9020 1
60609 4924 0
46913 18620 0
55105 10428 0
59201 6332 0
47937 17596 0
31553 33980 0
56129 9404 0
60225 5308 0
48449 17084 0
32065 33468 0
56641 8892 1
60737 4796 0
48705 16828 0
32321 33212 0
56897 8636 0
60993 4540 0
46977 18556 0
30593 34940 0
55169 10364 0
59265 6268 0
31617 33916 0
56193 9340 0
60289 5244 0
48513 17020 0
32129 33404 0
56705 8828 1
48769 16764 0
32385 33148 0
56961 8572 0
61057 4476 0
38215 10936 0
13639 19128 1
38215 19128 0
42311 6840 0
42311 19128 0
36167 12984 0
11591 21176 0
36167 21176 0
11591 37560 0
42311 21176 0
7495 25272 0
36167 25272 0
7495 41656 0
38215 25272 0
7495 49848 0
11591 49848 0
13639 49848 1
22855 9912 0
39239 9912 0
14663 18104 0
39239 18104 0
14663 34488 0
22855 34488 0
26951 5816 0
43335 5816 0
43335 18104 0
26951 34488 0
51527 5816 0
51527 9912 0
43335 21176 0
26951 37560 0
51527 12984 0
39239 25272 0
22855 41656 0
14663 49848 0
28999 3768 1
45383 3768 0
45383 18104 0
28999 34488 1
53575 3768 0
53575 9912 0
45383 19128 0
53575 10936 0
57671 3768 0
57671 5816 0
57671 6840 0
21319 11448 1
37703 11448 0
13127 19640 1
37703 19640 0
25415 7352 1
41799 7352 0
41799 19640 0
49991 7352 0
49991 11448 0
19271 13496 0
35655 13496 0
11079 21688 0
35655 21688 0
11079 38072 0
19271 38072 0
41799 21688 0
25415 38072 1
49991 13496 0
6983 25784 0
35655 25784 0
6983 42168 0
19271 42168 0
37703 25784 0
21319 42168 1
6983 50360 0
11079 50360 0
13127 50360 1
43335 21688 0
26951 38072 0
51527 13496 0
39239 25784 0
22855 42168 0
14663 50360 0
45383 19640 0
53575 11448 0
57671 7352 0
34631 14520 0
10055 22712 1
34631 22712 0
41799 22712 0
49991 14520 0
5959 26808 1
34631 26808 0
37703 26808 0
42311 22712 0
38215 26808 0
34631 28856 0
35655 28856 0
19271 45240 0
10055 53432 1
11079 53432 0
36167 28856 0
11591 53432 0
5959 57528 1
6983 57528 0
7495 57528 0
38471 10680 0
13895 18872 1
38471 18872 0
42567 6584 0
42567 18872 0
36423 12728 0
11847 20920 0
36423 20920 0
11847 37304 0
42567 20920 0
7751 25016 0
36423 25016 0
7751 41400 0
38471 25016 0
7751 49592 0
11847 49592 0
13895 49592 1
23111 9656 0
39495 9656 0
14919 17848 0
39495 17848 0
14919 34232 0
23111 34232 0
27207 5560 0
43591 5560 0
43591 17848 0
27207 34232 0
51783 5560 0
51783 9656 0
43591 20920 0
27207 37304 0
51783 12728 0
39495 25016 0
23111 41400 0
14919 49592 0
29255 3512 1
45639 3512 0
45639 17848 0
29255 34232 1
53831 3512 0
53831 9656 0
45639 18872 0
53831 10680 0
57927 3512 0
57927 5560 0
57927 6584 0
43591 21688 0
27207 38072 0
51783 13496 0
39495 25784 0
23111 42168 0
14919 50360 0
45639 19640 0
53831 11448 0
57927 7352 0
42567 22712 0
38471 26808 0
36423 28856 0
11847 53432 0
7751 57528 0
40007 9144 0
15431 17336 0
40007 17336 0
15431 33720 0
44103 5048 0
44103 17336 0
44103 20920 0
40007 25016 0
15431 49592 0
46151 3000 0
46151 17336 0
46151 18872 0
44103 21176 0
40007 25272 0
15431 49848 0
46151 19128 0
30791 1976 0
47175 1976 0
47175 17336 0
30791 33720 0
55367 1976 0
55367 9144 0
47175 17848 0
30791 34232 0
55367 9656 0
59463 1976 0
59463 5048 0
59463 5560 0
47175 18104 0
30791 34488 0
55367 9912 0
59463 5816 0
38087 11064 0
13511 19256 0
38087 19256 0
13511 35640 0
42183 6968 0
42183 19256 0
36039 13112 0
11463 21304 0
36039 21304 0
11463 37688 0
42183 21304 0
7367 25400 0
36039 25400 0
7367 41784 0
38087 25400 0
7367 49976 0
11463 49976 0
13511 49976 0
22727 10040 0
39111 10040 0
14535 18232 0
39111 18232 0
14535 34616 0
22727 34616 0
26823 5944 0
43207 5944 0
43207 18232 0
26823 34616 0
51399 5944 0
51399 10040 0
43207 21304 0
26823 37688 0
51399 13112 0
39111 25400 0
22727 41784 0
14535 49976 0
45255 18232 1
28871 34616 1
53447 10040 1
45255 19256 1
28871 35640 1
53447 11064 1
57543 5944 1
57543 6968 1
21191 11576 0
37575 11576 0
12999 19768 0
37575 19768 0
12999 36152 0
21191 36152 0
25287 7480 0
41671 7480 0
41671 19768 0
25287 36152 0
49863 7480 0
49863 11576 0
19143 13624 0
35527 13624 0
10951 21816 0
35527 21816 0
10951 38200 0
19143 38200 0
41671 21816 0
25287 38200 0
49863 13624 0
6855 25912 0
35527 25912 0
6855 42296 0
19143 42296 0
37575 25912 0
21191 42296 0
6855 50488 0
10951 50488 0
12999 50488 0
43207 21816 0
26823 38200 0
51399 13624 0
39111 25912 0
22727 42296 0
14535 50488 0
45255 19768 1
28871 36152 1
53447 11576 1
57543 7480 1
34503 14648 0
9927 22840 0
34503 22840 0
9927 39224 0
41671 22840 0
25287 39224 0
49863 14648 0
5831 26936 0
34503 26936 0
5831 43320 0
37575 26936 0
21191 43320 0
5831 51512 0
9927 51512 0
12999 51512 0
42183 22840 0
38087 26936 0
13511 51512 0
3783 28984 1
34503 28984 0
3783 45368 1
35527 28984 0
19143 45368 0
3783 53560 1
9927 53560 0
10951 53560 0
36039 28984 0
11463 53560 0
3783 57656 1
5831 57656 0
6855 57656 0
7367 57656 0
43591 21816 0
27207 38200 0
51783 13624 0
39495 25912 0
23111 42296 0
14919 50488 0
45639 19768 0
29255 36152 1
53831 11576 0
57927 7480 0
42567 22840 0
38471 26936 0
13895 51512 1
36423 28984 0
11847 53560 0
7751 57656 0
44103 21304 0
40007 25400 0
15431 49976 0
46151 19256 0
47175 18232 0
30791 34616 0
55367 10040 0
59463 5944 0
20935 11832 0
37319 11832 0
12743 20024 0
37319 20024 0
12743 36408 0
20935 36408 0
25031 7736 0
41415 7736 0
41415 20024 0
25031 36408 0
49607 7736 0
49607 11832 0
18887 13880 0
35271 13880 0
10695 22072 0
35271 22072 0
10695 38456 0
18887 38456 0
41415 22072 0
25031 38456 0
49607 13880 0
6599 26168 0
35271 26168 0
6599 42552 0
18887 42552 0
37319 26168 0
20935 42552 0
6599 50744 0
10695 50744 0
12743 50744 0
43207 22072 0
26823 38456 0
51399 13880 0
39111 26168 0
22727 42552 0
14535 50744 0
45255 20024 1
28871 36408 1
53447 11832 1
57543 7736 1
34247 14904 0
9671 23096 0
34247 23096 0
9671 39480 0
41415 23096 0
25031 39480 0
49607 14904 0
5575 27192 0
34247 27192 0
5575 43576 0
37319 27192 0
20935 43576 0
5575 51768 0
9671 51768 0
12743 51768 0
42183 23096 0
38087 27192 0
13511 51768 0
3527 29240 1
34247 29240 0
3527 45624 1
35271 29240 0
18887 45624 0
3527 53816 1
9671 53816 0
10695 53816 0
36039 29240 0
11463 53816 0
3527 57912 1
5575 57912 0
6599 57912 0
7367 57912 0
43335 22072 0
26951 38456 0
51527 13880 0
39239 26168 0
22855 42552 0
14663 50744 0
45383 20024 0
28999 36408 1
53575 11832 0
57671 7736 0
42311 23096 0
38215 27192 0
13639 51768 1
36167 29240 0
11591 53816 0
7495 57912 0
17351 15416 0
33735 15416 0
9159 23608 0
33735 23608 0
9159 39992 0
17351 39992 0
41415 23608 0
25031 39992 0
49607 15416 0
5063 27704 0
33735 27704 0
5063 44088 0
17351 44088 0
37319 27704 0
20935 44088 0
5063 52280 0
9159 52280 0
12743 52280 0
41671 23608 0
25287 39992 0
49863 15416 0
37575 27704 0
21191 44088 0
12999 52280 0
3015 29752 1
33735 29752 0
3015 46136 1
17351 46136 0
35271 29752 0
18887 46136 0
3015 54328 1
9159 54328 0
10695 54328 0
35527 29752 0
19143 46136 0
10951 54328 0
3015 58424 1
5063 58424 0
6599 58424 0
6855 58424 0
41799 23608 0
25415 39992 1
49991 15416 0
37703 27704 0
21319 44088 1
13127 52280 1
35655 29752 0
19271 46136 0
11079 54328 0
6983 58424 0
1991 30776 1
33735 30776 0
1991 47160 1
17351 47160 0
34247 30776 0
1991 55352 1
9159 55352 0
9671 55352 0
34503 30776 0
9927 55352 0
1991 59448 1
5063 59448 0
5575 59448 0
5831 59448 0
34631 30776 0
10055 55352 1
5959 59448 1
21895 10872 0
38279 10872 0
13703 19064 0
38279 19064 0
13703 35448 0
21895 35448 0
42375 19064 1
25991 35448 1
50567 10872 1
7559 25208 0
36231 25208 1
7559 41592 0
19847 41592 1
38279 25208 0
21895 41592 0
7559 49784 0
11655 49784 1
13703 49784 0
22919 9848 0
39303 9848 0
14727 18040 0
39303 18040 0
14727 34424 0
22919 34424 0
43399 18040 1
27015 34424 1
51591 9848 1
39303 25208 0
22919 41592 0
14727 49784 0
29063 3704 0
45447 3704 0
45447 18040 0
29063 34424 0
53639 3704 0
53639 9848 0
45447 19064 0
29063 35448 0
53639 10872 0
57735 3704 1
21383 11384 0
37767 11384 0
13191 19576 0
37767 19576 0
13191 35960 0
21383 35960 0
25479 7288 0
41863 7288 0
41863 19576 0
25479 35960 0
50055 7288 0
50055 11384 0
19335 13432 0
35719 13432 0
11143 21624 0
35719 21624 0
11143 38008 0
19335 38008 0
41863 21624 0
25479 38008 0
50055 13432 0
7047 25720 0
35719 25720 0
7047 42104 0
19335 42104 0
37767 25720 0
21383 42104 0
7047 50296 0
11143 50296 0
13191 50296 0
43399 21624 1
27015 38008 1
51591 13432 1
39303 25720 0
22919 42104 0
14727 50296 0
45447 19576 0
29063 35960 0
53639 11384 0
57735 7288 1
18311 14456 0
34695 14456 0
10119 22648 0
34695 22648 0
10119 39032 0
18311 39032 0
41863 22648 0
25479 39032 0
50055 14456 0
6023 26744 0
34695 26744 0
6023 43128 0
18311 43128 0
37767 26744 0
21383 43128 0
6023 51320 0
10119 51320 0
13191 51320 0
42375 22648 1
25991 39032 1
50567 14456 1
38279 26744 0
21895 43128 0
13703 51320 0
34695 28792 0
18311 45176 0
35719 28792 0
19335 45176 0
10119 53368 0
11143 53368 0
36231 28792 1
19847 45176 1
11655 53368 1
6023 57464 0
7047 57464 0
7559 57464 0
22151 10616 0
38535 10616 0
13959 18808 0
38535 18808 0
13959 35192 0
22151 35192 0
26247 6520 0
42631 6520 0
42631 18808 0
26247 35192 0
50823 6520 0
50823 10616 0
20103 12664 0
36487 12664 0
11911 20856 0
36487 20856 0
11911 37240 0
20103 37240 0
42631 20856 0
26247 37240 0
50823 12664 0
7815 24952 0
36487 24952 0
7815 41336 0
20103 41336 0
38535 24952 0
22151 41336 0
7815 49528 0
11911 49528 0
13959 49528 0
23175 9592 0
39559 9592 0
14983 17784 0
39559 17784 0
14983 34168 0
23175 34168 0
27271 5496 0
43655 5496 0
43655 17784 0
27271 34168 0
51847 5496 0
51847 9592 0
43655 20856 0
27271 37240 0
51847 12664 0
39559 24952 0
23175 41336 0
14983 49528 0
29319 3448 0
45703 3448 0
45703 17784 0
29319 34168 0
53895 3448 0
53895 9592 0
45703 18808 0
29319 35192 0
53895 10616 0
57991 3448 0
57991 5496 0
57991 6520 0
43655 21624 0
27271 38008 0
51847 13432 0
39559 25720 0
23175 42104 0
14983 50296 0
45703 19576 0
29319 35960 0
53895 11384 0
57991 7288 0
42631 22648 0
26247 39032 0
50823 14456 0
38535 26744 0
22151 43128 0
13959 51320 0
36487 28792 0
20103 45176 0
11911 53368 0
7815 57464 0
23687 9080 0
40071 9080 0
15495 17272 0
40071 17272 0
15495 33656 0
23687 33656 0
44167 17272 1
27783 33656 1
52359 9080 1
44167 20856 1
27783 37240 1
52359 12664 1
40071 24952 0
23687 41336 0
15495 49528 0
29831 2936 0
46215 2936 0
46215 17272 0
29831 33656 0
54407 2936 0
54407 9080 0
46215 18808 0
29831 35192 0
54407 10616 0
58503 2936 1
58503 6520 1
40071 25208 0
23687 41592 0
15495 49784 0
46215 19064 0
29831 35448 0
54407 10872 0
30855 1912 0
47239 1912 0
47239 17272 0
30855 33656 0
55431 1912 0
55431 9080 0
47239 17784 0
30855 34168 0
55431 9592 0
59527 1912 1
59527 5496 1
47239 18040 0
30855 34424 0
55431 9848 0
43655 21816 0
27271 38200 0
51847 13624 0
39559 25912 0
23175 42296 0
14983 50488 0
45703 19768 0
29319 36152 0
53895 11576 0
57991 7480 0
42631 22840 0
26247 39224 0
50823 14648 0
38535 26936 0
22151 43320 0
13959 51512 0
36487 28984 0
20103 45368 0
11911 53560 0
7815 57656 0
44167 21304 1
27783 37688 1
52359 13112 1
40071 25400 0
23687 41784 0
15495 49976 0
46215 19256 0
29831 35640 0
54407 11064 0
58503 6968 1
47239 18232 0
30855 34616 0
55431 10040 0
59527 5944 1
43399 22072 1
27015 38456 1
51591 13880 1
39303 26168 0
22919 42552 0
14727 50744 0
45447 20024 0
29063 36408 0
53639 11832 0
57735 7736 1
42375 23096 1
25991 39480 1
50567 14904 1
38279 27192 0
21895 43576 0
13703 51768 0
36231 29240 1
19847 45624 1
11655 53816 1
7559 57912 0
41863 23608 0
25479 39992 0
50055 15416 0
37767 27704 0
21383 44088 0
13191 52280 0
35719 29752 0
19335 46136 0
11143 54328 0
7047 58424 0
34695 30776 0
18311 47160 0
10119 55352 0
6023 59448 0
43783 21624 1
27399 38008 1
51975 13432 1
39687 25720 1
23303 42104 1
15111 50296 1
45831 19576 1
29447 35960 1
54023 11384 1
58119 7288 1
42759 22648 1
26375 39032 1
50951 14456 1
38663 26744 1
22279 43128 1
14087 51320 1
40199 25208 1
23815 41592 1
15623 49784 1
46343 19064 1
29959 35448 1
54535 10872 1
47367 18040 1
30983 34424 1
55559 9848 1
43783 21688 1
27399 38072 1
51975 13496 1
39687 25784 1
23303 42168 1
15111 50360 1
45831 19640 1
54023 11448 1
58119 7352 1
42759 22712 1
50951 14520 1
38663 26808 1
44295 21176 1
27911 37560 1
52487 12984 1
40199 25272 1
23815 41656 1
15623 49848 1
46343 19128 1
54535 10936 1
58631 6840 1
47367 18104 1
30983 34488 1
55559 9912 1
59655 5816 1
44551 20856 1
28167 37240 1
52743 12664 1
40455 24952 1
24071 41336 1
15879 49528 1
46599 18808 1
30215 35192 1
54791 10616 1
58887 6520 1
47623 17784 1
31239 34168 1
55815 9592 1
59911 5496 1
44551 20920 1
28167 37304 1
52743 12728 1
40455 25016 1
24071 41400 1
15879 49592 1
46599 18872 1
54791 10680 1
58887 6584 1
47623 17848 1
31239 34232 1
55815 9656 1
59911 5560 1
48135 17272 1
31751 33656 1
56327 9080 1
48135 17336 1
31751 33720 1
56327 9144 1
60423 5048 1
21799 10968 1
13607 19160 1
7463 25304 0
7463 41688 0
19751 41688 1
21799 41688 1
7463 49880 0
11559 49880 1
13607 49880 1
22823 9944 0
39207 9944 0
14631 18136 0
39207 18136 0
14631 34520 0
22823 34520 0
43303 18136 1
26919 34520 1
51495 9944 1
39207 25304 0
22823 41688 0
14631 49880 0
28967 3800 1
45351 3800 0
45351 18136 0
28967 34520 1
53543 3800 0
53543 9944 0
45351 19160 0
53543 10968 0
57639 3800 1
21287 11480 1
37671 11480 0
37671 19672 0
49959 7384 0
49959 11480 0
19239 13528 0
35623 13528 0
35623 21720 0
19239 38104 0
49959 13528 0
6951 25816 0
35623 25816 0
6951 42200 0
19239 42200 0
37671 25816 0
21287 42200 1
6951 50392 0
43303 21720 1
26919 38104 1
51495 13528 1
39207 25816 0
22823 42200 0
14631 50392 0
45351 19672 0
53543 11480 0
57639 7384 1
18215 14552 1
49959 14552 0
5927 26840 1
37671 26840 0
18215 45272 1
35623 28888 0
19239 45272 0
19751 45272 1
11559 53464 1
5927 57560 1
6951 57560 0
7463 57560 0
22055 10712 1
20007 12760 0
20007 37336 0
7719 25048 0
7719 41432 0
20007 41432 0
22055 41432 1
7719 49624 0
23079 9688 0
39463 9688 0
39463 17880 0
23079 34264 0
51751 5592 0
51751 9688 0
51751 12760 0
39463 25048 0
23079 41432 0
53799 3544 0
53799 9688 0
53799 10712 0
51751 13528 0
39463 25816 0
23079 42200 0
53799 11480 0
20007 45272 0
7719 57560 0
23591 9176 0
15399 17368 0
15399 33752 0
23591 33752 0
27687 33752 1
27687 37336 1
23591 41432 0
15399 49624 0
29735 3032 1
29735 33752 1
23591 41688 0
15399 49880 0
30759 2008 0
47143 2008 0
47143 17368 0
30759 33752 0
55335 2008 0
55335 9176 0
47143 17880 0
30759 34264 0
55335 9688 0
59431 2008 1
59431 5592 1
47143 18136 0
30759 34520 0
55335 9944 0
21671 11096 0
13479 19288 0
13479 35672 0
21671 35672 0
25767 35672 1
7335 25432 0
7335 41816 0
19623 41816 1
21671 41816 0
7335 50008 0
11431 50008 1
13479 50008 0
22695 10072 0
39079 10072 0
14503 18264 0
39079 18264 0
14503 34648 0
22695 34648 0
43175 18264 1
26791 34648 1
51367 10072 1
39079 25432 0
22695 41816 0
14503 50008 0
45223 18264 1
28839 34648 1
53415 10072 1
45223 19288 1
28839 35672 1
53415 11096 1
21159 11608 0
37543 11608 0
37543 19800 0
21159 36184 0
49831 7512 0
49831 11608 0
19111 13656 0
35495 13656 0
35495 21848 0
19111 38232 0
49831 13656 0
6823 25944 0
35495 25944 0
6823 42328 0
19111 42328 0
37543 25944 0
21159 42328 0
6823 50520 0
43175 21848 1
26791 38232 1
51367 13656 1
39079 25944 0
22695 42328 0
14503 50520 0
45223 19800 1
28839 36184 1
53415 11608 1
57511 7512 1
18087 14680 0
18087 39256 0
49831 14680 0
5799 26968 0
5799 43352 0
18087 43352 0
37543 26968 0
21159 43352 0
5799 51544 0
25767 39256 1
21671 43352 0
13479 51544 0
3751 29016 1
3751 45400 1
18087 45400 0
35495 29016 0
19111 45400 0
3751 53592 1
19623 45400 1
11431 53592 1
3751 57688 1
5799 57688 0
6823 57688 0
7335 57688 0
51751 13656 0
39463 25944 0
23079 42328 0
53799 11608 0
22055 43352 1
20007 45400 0
7719 57688 0
23591 41816 0
15399 50008 0
29735 35672 1
47143 18264 0
30759 34648 0
55335 10072 0
20903 11864 0
37287 11864 0
12711 20056 0
37287 20056 0
12711 36440 0
20903 36440 0
41383 20056 1
24999 36440 1
49575 11864 1
6567 26200 0
35239 26200 1
6567 42584 0
18855 42584 1
37287 26200 0
20903 42584 0
6567 50776 0
10663 50776 1
12711 50776 0
39079 26200 0
22695 42584 0
14503 50776 0
45223 20056 1
28839 36440 1
53415 11864 1
5543 27224 0
5543 43608 0
17831 43608 1
37287 27224 0
20903 43608 0
5543 51800 0
9639 51800 1
12711 51800 0
21671 43608 0
13479 51800 0
3495 57944 1
5543 57944 0
6567 57944 0
7335 57944 0
39207 26200 0
22823 42584 0
14631 50776 0
45351 20056 0
28967 36440 1
53543 11864 0
21799 43608 1
13607 51800 1
7463 57944 0
17319 15448 0
33703 15448 0
33703 23640 0
17319 40024 0
41383 23640 1
24999 40024 1
49575 15448 1
5031 27736 0
33703 27736 0
5031 44120 0
17319 44120 0
37287 27736 0
20903 44120 0
5031 52312 0
12711 52312 0
49831 15448 0
37543 27736 0
21159 44120 0
2983 29784 1
33703 29784 0
2983 46168 1
17319 46168 0
35239 29784 1
18855 46168 1
2983 54360 1
10663 54360 1
35495 29784 0
19111 46168 0
2983 58456 1
5031 58456 0
6567 58456 0
6823 58456 0
49959 15448 0
37671 27736 0
21287 44120 1
35623 29784 0
19239 46168 0
6951 58456 0
1959 30808 1
33703 30808 0
1959 47192 1
17319 47192 0
17831 47192 1
1959 55384 1
9639 55384 1
18087 47192 0
1959 59480 1
5031 59480 0
5543 59480 0
5799 59480 0
18215 47192 1
5927 59480 1
43655 21848 0
27271 38232 0
51847 13656 0
39559 25944 0
23175 42328 0
14983 50520 0
45703 19800 0
29319 36184 0
53895 11608 0
57991 7512 0
42631 22872 0
26247 39256 0
50823 14680 0
38535 26968 0
22151 43352 0
13959 51544 0
36487 29016 0
20103 45400 0
11911 53592 0
7815 57688 0
40071 25432 0
23687 41816 0
15495 50008 0
46215 19288 0
29831 35672 0
54407 11096 0
47239 18264 0
30855 34648 0
55431 10072 0
39303 26200 0
22919 42584 0
14727 50776 0
45447 20056 0
29063 36440 0
53639 11864 0
38279 27224 0
21895 43608 0
13703 51800 0
7559 57944 0
41863 23640 0
25479 40024 0
50055 15448 0
37767 27736 0
21383 44120 0
13191 52312 0
35719 29784 0
19335 46168 0
11143 54360 0
7047 58456 0
34695 30808 0
18311 47192 0
10119 55384 0
6023 59480 0
43783 21720 1
27399 38104 1
51975 13528 1
39687 25816 1
23303 42200 1
15111 50392 1
45831 19672 1
54023 11480 1
58119 7384 1
42759 22744 1
50951 14552 1
38663 26840 1
40199 25304 1
23815 41688 1
15623 49880 1
46343 19160 1
54535 10968 1
47367 18136 1
30983 34520 1
55559 9944 1
44551 20952 1
28167 37336 1
52743 12760 1
40455 25048 1
24071 41432 1
15879 49624 1
46599 18904 1
54791 10712 1
58887 6616 1
47623 17880 1
31239 34264 1
55815 9688 1
59911 5592 1
48135 17368 1
31751 33752 1
56327 9176 1
13415 19352 1
11367 21400 0
11367 37784 0
7271 25496 0
7271 41880 0
7271 50072 0
11367 50072 0
13415 50072 1
22631 10136 0
39015 10136 0
14439 18328 0
39015 18328 0
14439 34712 0
22631 34712 0
26727 6040 0
43111 6040 0
43111 18328 0
26727 34712 0
51303 6040 0
51303 10136 0
43111 21400 0
26727 37784 0
51303 13208 0
39015 25496 0
22631 41880 0
14439 50072 0
45159 18328 1
28775 34712 1
53351 10136 1
45159 19352 1
53351 11160 1
57447 6040 1
57447 7064 1
21095 11672 1
37479 11672 0
37479 19864 0
49767 7576 0
49767 11672 0
19047 13720 0
35431 13720 0
35431 21912 0
19047 38296 0
49767 13720 0
6759 26008 0
35431 26008 0
6759 42392 0
19047 42392 0
37479 26008 0
21095 42392 1
6759 50584 0
43111 21912 0
26727 38296 0
51303 13720 0
39015 26008 0
22631 42392 0
14439 50584 0
45159 19864 1
53351 11672 1
57447 7576 1
49767 14744 0
5735 27032 1
37479 27032 0
3687 29080 1
3687 45464 1
35431 29080 0
19047 45464 0
3687 53656 1
11367 53656 0
3687 57752 1
5735 57752 1
6759 57752 0
7271 57752 0
51751 13720 0
39463 26008 0
23079 42392 0
53799 11672 0
20007 45464 0
7719 57752 0
27687 37784 1
23591 41880 0
15399 50072 0
47143 18328 0
30759 34712 0
55335 10136 0
59431 6040 1
20839 11928 1
37223 11928 0
12647 20120 1
37223 20120 0
24935 7832 1
41319 7832 0
41319 20120 0
49511 7832 0
49511 11928 0
18791 13976 0
35175 13976 0
10599 22168 0
35175 22168 0
10599 38552 0
18791 38552 0
41319 22168 0
24935 38552 1
49511 13976 0
6503 26264 0
35175 26264 0
6503 42648 0
18791 42648 0
37223 26264 0
20839 42648 1
6503 50840 0
10599 50840 0
12647 50840 1
43111 22168 0
26727 38552 0
51303 13976 0
39015 26264 0
22631 42648 0
14439 50840 0
45159 20120 1
53351 11928 1
57447 7832 1
9575 23192 1
41319 23192 0
49511 15000 0
5479 27288 1
37223 27288 0
3431 29336 1
3431 45720 1
35175 29336 0
18791 45720 0
3431 53912 1
9575 53912 1
10599 53912 0
11367 53912 0
3431 58008 1
5479 58008 1
6503 58008 0
7271 58008 0
43303 22168 1
26919 38552 1
51495 13976 1
39207 26264 0
22823 42648 0
14631 50840 0
45351 20120 0
53543 11928 0
57639 7832 1
19751 45720 1
11559 53912 1
7463 58008 0
17255 15512 1
33639 15512 0
33639 23704 0
41319 23704 0
49511 15512 0
4967 27800 1
33639 27800 0
37223 27800 0
49767 15512 0
37479 27800 0
2919 29848 1
33639 29848 0
2919 46232 1
17255 46232 1
35175 29848 0
18791 46232 0
2919 54424 1
10599 54424 0
35431 29848 0
19047 46232 0
2919 58520 1
4967 58520 1
6503 58520 0
6759 58520 0
49959 15512 0
37671 27800 0
35623 29848 0
19239 46232 0
6951 58520 0
1895 30872 1
33639 30872 0
43591 21912 0
27207 38296 0
51783 13720 0
39495 26008 0
23111 42392 0
14919 50584 0
45639 19864 0
53831 11672 0
57927 7576 0
42567 22936 0
38471 27032 0
36423 29080 0
11847 53656 0
7751 57752 0
44103 21400 0
40007 25496 0
15431 50072 0
46151 19352 0
47175 18328 0
30791 34712 0
55367 10136 0
59463 6040 0
43335 22168 0
26951 38552 0
51527 13976 0
39239 26264 0
22855 42648 0
14663 50840 0
45383 20120 0
53575 11928 0
57671 7832 0
42311 23192 0
38215 27288 0
36167 29336 0
11591 53912 0
7495 58008 0
41799 23704 0
49991 15512 0
37703 27800 0
35655 29848 0
19271 46232 0
11079 54424 0
6983 58520 0
34631 30872 0
18663 14104 0
35047 14104 0
10471 22296 0
35047 22296 0
10471 38680 0
18663 38680 0
41191 22296 1
24807 38680 1
49383 14104 1
6375 26392 0
35047 26392 0
6375 42776 0
18663 42776 0
37095 26392 1
20711 42776 1
6375 50968 0
10471 50968 0
12519 50968 1
43111 22296 0
26727 38680 0
51303 14104 0
39015 26392 0
22631 42776 0
14439 50968 0
9447 23320 0
9447 39704 0
41191 23320 1
24807 39704 1
49383 15128 1
5351 27416 0
5351 43800 0
37095 27416 1
20711 43800 1
5351 51992 0
9447 51992 0
12519 51992 1
13415 51992 1
3303 29464 1
3303 45848 1
35047 29464 0
18663 45848 0
3303 54040 1
9447 54040 0
10471 54040 0
11367 54040 0
3303 58136 1
5351 58136 0
6375 58136 0
7271 58136 0
43175 22296 1
26791 38680 1
51367 14104 1
39079 26392 0
22695 42776 0
14503 50968 0
25767 39704 1
21671 43800 0
13479 51992 0
19623 45848 1
11431 54040 1
7335 58136 0
17127 15640 0
33511 15640 0
33511 23832 0
17127 40216 0
41191 23832 1
24807 40216 1
49383 15640 1
4839 27928 0
33511 27928 0
4839 44312 0
17127 44312 0
37095 27928 1
20711 44312 1
4839 52504 0
12519 52504 1
49767 15640 0
37479 27928 0
21095 44312 1
2791 29976 1
33511 29976 0
2791 46360 1
17127 46360 0
35047 29976 0
18663 46360 0
2791 54552 1
10471 54552 0
35431 29976 0
19047 46360 0
2791 58648 1
4839 58648 0
6375 58648 0
6759 58648 0
49831 15640 0
37543 27928 0
21159 44312 0
35495 29976 0
19111 46360 0
6823 58648 0
1767 31000 1
33511 31000 0
1767 47384 1
17127 47384 0
1767 55576 1
9447 55576 0
1767 59672 1
4839 59672 0
5351 59672 0
5735 59672 1
18087 47384 0
5799 59672 0
43207 22296 0
26823 38680 0
51399 14104 0
39111 26392 0
22727 42776 0
14535 50968 0
42183 23320 0
38087 27416 0
13511 51992 0
36039 29464 0
11463 54040 0
7367 58136 0
41671 23832 0
25287 40216 0
49863 15640 0
37575 27928 0
21191 44312 0
12999 52504 0
35527 29976 0
19143 46360 0
10951 54552 0
6855 58648 0
34503 31000 0
9927 55576 0
5831 59672 0
16871 15896 0
33255 15896 0
8679 24088 0
33255 24088 0
8679 40472 0
16871 40472 0
41191 24088 1
24807 40472 1
49383 15896 1
4583 28184 0
33255 28184 0
4583 44568 0
16871 44568 0
37095 28184 1
20711 44568 1
4583 52760 0
8679 52760 0
12519 52760 1
41319 24088 0
24935 40472 1
49511 15896 0
37223 28184 0
20839 44568 1
12647 52760 1
2535 30232 1
33255 30232 0
2535 46616 1
16871 46616 0
35047 30232 0
18663 46616 0
2535 54808 1
8679 54808 0
10471 54808 0
35175 30232 0
18791 46616 0
10599 54808 0
2535 58904 1
4583 58904 0
6375 58904 0
6503 58904 0
41383 24088 1
24999 40472 1
49575 15896 1
37287 28184 0
20903 44568 0
12711 52760 0
35239 30232 1
18855 46616 1
10663 54808 1
6567 58904 0
1511 31256 1
33255 31256 0
1511 47640 1
16871 47640 0
1511 55832 1
8679 55832 0
9447 55832 0
9575 55832 1
1511 59928 1
4583 59928 0
5351 59928 0
5479 59928 1
17831 47640 1
9639 55832 1
5543 59928 0
41415 24088 0
25031 40472 0
49607 15896 0
37319 28184 0
20935 44568 0
12743 52760 0
35271 30232 0
18887 46616 0
10695 54808 0
6599 58904 0
34247 31256 0
9671 55832 0
5575 59928 0
999 31768 1
33255 31768 0
999 48152 1
16871 48152 0
33511 31768 0
17127 48152 0
999 56344 1
8679 56344 0
33639 31768 0
17255 48152 1
999 60440 1
4583 60440 0
4839 60440 0
4967 60440 1
33703 31768 0
17319 48152 0
5031 60440 0
33735 31768 0
17351 48152 0
9159 56344 0
5063 60440 0
51875 13656 0
39587 25944 1
23203 42328 0
53923 11608 0
22179 43352 0
20131 45400 0
7843 57688 0
23715 41816 0
15523 50008 0
29859 35672 0
47267 18264 1
30883 34648 0
55459 10072 0
39331 26200 1
22947 42584 0
14755 50776 1
45475 20056 1
29091 36440 0
53667 11864 0
21923 43608 0
13731 51800 0
7587 57944 0
50083 15448 0
37795 27736 1
21411 44120 0
35747 29784 1
19363 46168 0
7075 58456 1
18339 47192 0
6051 59480 0
52003 13528 0
39715 25816 1
23331 42200 0
54051 11480 0
23843 41688 0
15651 49880 0
47395 18136 1
31011 34520 0
55587 9944 0
24099 41432 0
55843 9688 0
31779 33752 0
51811 13720 0
39523 26008 0
23139 42392 0
53859 11672 0
20067 45464 0
7779 57752 0
27747 37784 0
23651 41880 0
15459 50072 0
47203 18328 0
30819 34712 0
55395 10136 0
59491 6040 0
43363 22168 0
26979 38552 0
51555 13976 0
39267 26264 0
22883 42648 0
14691 50840 0
45411 20120 0
53603 11928 0
57699 7832 0
19811 45720 0
11619 53912 0
7523 58008 0
50019 15512 0
37731 27800 0
35683 29848 0
19299 46232 0
7011 58520 0
43235 22296 0
26851 38680 0
51427 14104 0
39139 26392 0
22755 42776 0
14563 50968 0
25827 39704 0
21731 43800 0
13539 51992 0
19683 45848 0
11491 54040 0
7395 58136 0
49891 15640 0
37603 27928 0
21219 44312 0
35555 29976 0
19171 46360 0
6883 58648 0
18147 47384 0
5859 59672 0
41443 24088 0
25059 40472 0
49635 15896 0
37347 28184 0
20963 44568 0
12771 52760 0
35299 30232 0
18915 46616 0
10723 54808 0
6627 58904 0
17891 47640 0
9699 55832 0
5603 59928 0
33763 31768 0
17379 48152 0
5091 60440 0
43715 21816 0
27331 38200 0
51907 13624 0
39619 25912 0
23235 42296 0
15043 50488 0
45763 19768 0
29379 36152 0
53955 11576 0
58051 7480 0
42691 22840 0
26307 39224 0
50883 14648 0
38595 26936 0
22211 43320 0
14019 51512 0
36547 28984 0
20163 45368 0
11971 53560 0
7875 57656 0
44227 21304 0
27843 37688 0
52419 13112 0
40131 25400 0
23747 41784 0
15555 49976 0
46275 19256 0
29891 35640 0
54467 11064 0
58563 6968 0
47299 18232 0
30915 34616 0
55491 10040 0
59587 5944 0
43459 22072 0
27075 38456 0
51651 13880 0
39363 26168 0
22979 42552 0
14787 50744 0
45507 20024 0
29123 36408 0
53699 11832 0
57795 7736 0
42435 23096 0
26051 39480 0
50627 14904 0
38339 27192 0
21955 43576 0
13763 51768 0
36291 29240 0
19907 45624 0
11715 53816 0
7619 57912 0
41923 23608 0
25539 39992 0
50115 15416 0
37827 27704 0
21443 44088 0
13251 52280 0
35779 29752 0
19395 46136 0
11203 54328 0
7107 58424 0
34755 30776 0
18371 47160 0
10179 55352 0
6083 59448 0
43843 21688 0
27459 38072 0
52035 13496 0
39747 25784 0
23363 42168 0
15171 50360 0
45891 19640 0
54083 11448 0
58179 7352 0
42819 22712 0
51011 14520 0
38723 26808 0
44355 21176 0
27971 37560 0
52547 12984 0
40259 25272 0
23875 41656 0
15683 49848 0
46403 19128 0
54595 10936 0
58691 6840 0
47427 18104 0
31043 34488 0
55619 9912 0
59715 5816 0
44611 20920 0
28227 37304 0
52803 12728 0
40515 25016 0
24131 41400 0
15939 49592 0
46659 18872 0
54851 10680 0
58947 6584 0
47683 17848 0
31299 34232 0
55875 9656 0
59971 5560 0
48195 17336 0
31811 33720 0
56387 9144 0
60483 5048 0
43907 21624 1
27523 38008 0
52099 13432 0
39811 25720 1
23427 42104 0
15235 50296 1
45955 19576 1
29571 35960 0
54147 11384 0
58243 7288 0
42883 22648 0
26499 39032 0
51075 14456 0
38787 26744 0
22403 43128 0
14211 51320 0
40323 25208 0
23939 41592 0
15747 49784 0
46467 19064 0
30083 35448 0
54659 10872 0
47491 18040 1
31107 34424 0
55683 9848 0
44675 20856 0
28291 37240 0
52867 12664 0
40579 24952 0
24195 41336 0
16003 49528 0
46723 18808 0
30339 35192 0
54915 10616 0
59011 6520 0
47747 17784 1
31363 34168 0
55939 9592 0
60035 5496 0
48259 17272 0
31875 33656 0
56451 9080 0
42263 19176 1
50455 10984 1
36119 25320 1
19735 41704 1
11543 49896 1
43287 18152 1
26903 34536 1
51479 9960 1
57623 3816 1
25367 7400 1
41751 7400 0
41751 19688 0
49943 7400 0
49943 11496 0
19223 13544 0
35607 13544 0
11031 21736 0
35607 21736 0
11031 38120 0
19223 38120 0
41751 21736 0
25367 38120 1
49943 13544 0
35607 25832 0
19223 42216 0
11031 50408 0
43287 21736 1
26903 38120 1
51479 13544 1
57623 7400 1
18199 14568 1
34583 14568 0
10007 22760 1
34583 22760 0
41751 22760 0
49943 14568 0
34583 26856 0
42263 22760 1
50455 14568 1
34583 28904 0
18199 45288 1
35607 28904 0
19223 45288 0
10007 53480 1
11031 53480 0
36119 28904 1
19735 45288 1
11543 53480 1
22039 10728 1
38423 10728 0
13847 18920 1
38423 18920 0
26135 6632 1
42519 6632 0
42519 18920 0
50711 6632 0
50711 10728 0
19991 12776 0
36375 12776 0
11799 20968 0
36375 20968 0
11799 37352 0
19991 37352 0
42519 20968 0
26135 37352 1
50711 12776 0
7703 25064 0
36375 25064 0
7703 41448 0
19991 41448 0
38423 25064 0
22039 41448 1
7703 49640 0
11799 49640 0
13847 49640 1
23063 9704 0
39447 9704 0
14871 17896 0
39447 17896 0
14871 34280 0
23063 34280 0
27159 5608 0
43543 5608 0
43543 17896 0
27159 34280 0
51735 5608 0
51735 9704 0
43543 20968 0
27159 37352 0
51735 12776 0
39447 25064 0
23063 41448 0
14871 49640 0
29207 3560 1
45591 3560 0
45591 17896 0
29207 34280 1
53783 3560 0
53783 9704 0
45591 18920 0
53783 10728 0
57879 3560 0
57879 5608 0
57879 6632 0
43543 21736 0
27159 38120 0
51735 13544 0
39447 25832 0
23063 42216 0
14871 50408 0
45591 19688 0
53783 11496 0
57879 7400 0
42519 22760 0
50711 14568 0
38423 26856 0
36375 28904 0
19991 45288 0
11799 53480 0
7703 57576 0
23575 9192 0
39959 9192 0
15383 17384 0
39959 17384 0
15383 33768 0
23575 33768 0
44055 17384 1
27671 33768 1
52247 9192 1
44055 20968 1
27671 37352 1
52247 12776 1
39959 25064 0
23575 41448 0
15383 49640 0
29719 3048 1
46103 3048 0
46103 17384 0
29719 33768 1
54295 3048 0
54295 9192 0
46103 18920 0
54295 10728 0
58391 3048 1
58391 6632 1
39959 25320 0
23575 41704 0
15383 49896 0
46103 19176 0
54295 10984 0
30743 2024 0
47127 2024 0
47127 17384 0
30743 33768 0
55319 2024 0
55319 9192 0
47127 17896 0
30743 34280 0
55319 9704 0
59415 2024 1
59415 5608 1
47127 18152 0
30743 34536 0
55319 9960 0
21655 11112 0
38039 11112 0
13463 19304 0
38039 19304 0
13463 35688 0
21655 35688 0
42135 19304 1
25751 35688 1
50327 11112 1
7319 25448 0
35991 25448 1
7319 41832 0
19607 41832 1
38039 25448 0
21655 41832 0
7319 50024 0
11415 50024 1
13463 50024 0
22679 10088 0
39063 10088 0
14487 18280 0
39063 18280 0
14487 34664 0
22679 34664 0
43159 18280 1
26775 34664 1
51351 10088 1
39063 25448 0
22679 41832 0
14487 50024 0
45207 18280 1
28823 34664 1
53399 10088 1
45207 19304 1
28823 35688 1
53399 11112 1
21143 11624 0
37527 11624 0
12951 19816 0
37527 19816 0
12951 36200 0
21143 36200 0
25239 7528 0
41623 7528 0
41623 19816 0
25239 36200 0
49815 7528 0
49815 11624 0
19095 13672 0
35479 13672 0
10903 21864 0
35479 21864 0
10903 38248 0
19095 38248 0
41623 21864 0
25239 38248 0
49815 13672 0
6807 25960 0
35479 25960 0
6807 42344 0
19095 42344 0
37527 25960 0
21143 42344 0
6807 50536 0
10903 50536 0
12951 50536 0
43159 21864 1
26775 38248 1
51351 13672 1
39063 25960 0
22679 42344 0
14487 50536 0
45207 19816 1
28823 36200 1
53399 11624 1
57495 7528 1
18071 14696 0
34455 14696 0
9879 22888 0
34455 22888 0
9879 39272 0
18071 39272 0
41623 22888 0
25239 39272 0
49815 14696 0
5783 26984 0
34455 26984 0
5783 43368 0
18071 43368 0
37527 26984 0
21143 43368 0
5783 51560 0
9879 51560 0
12951 51560 0
42135 22888 1
25751 39272 1
50327 14696 1
38039 26984 0
21655 43368 0
13463 51560 0
3735 29032 1
34455 29032 0
3735 45416 1
18071 45416 0
35479 29032 0
19095 45416 0
3735 53608 1
9879 53608 0
10903 53608 0
35991 29032 1
19607 45416 1
11415 53608 1
3735 57704 1
5783 57704 0
6807 57704 0
7319 57704 0
43543 21864 0
27159 38248 0
51735 13672 0
39447 25960 0
23063 42344 0
14871 50536 0
45591 19816 0
29207 36200 1
53783 11624 0
57879 7528 0
42519 22888 0
26135 39272 1
50711 14696 0
38423 26984 0
22039 43368 1
13847 51560 1
36375 29032 0
19991 45416 0
11799 53608 0
7703 57704 0
39959 25448 0
23575 41832 0
15383 50024 0
46103 19304 0
29719 35688 1
54295 11112 0
47127 18280 0
30743 34664 0
55319 10088 0
41367 20072 1
24983 36456 1
49559 11880 1
35223 26216 1
18839 42600 1
10647 50792 1
39063 26216 0
22679 42600 0
14487 50792 0
45207 20072 1
28823 36456 1
53399 11880 1
34199 27240 1
17815 43624 1
9623 51816 1
38039 27240 0
21655 43624 0
13463 51816 0
3479 57960 1
7319 57960 0
17303 15464 0
33687 15464 0
9111 23656 0
33687 23656 0
9111 40040 0
17303 40040 0
41367 23656 1
24983 40040 1
49559 15464 1
33687 27752 0
17303 44136 0
9111 52328 0
41623 23656 0
25239 40040 0
49815 15464 0
37527 27752 0
21143 44136 0
12951 52328 0
2967 29800 1
33687 29800 0
2967 46184 1
17303 46184 0
35223 29800 1
18839 46184 1
2967 54376 1
9111 54376 0
10647 54376 1
35479 29800 0
19095 46184 0
10903 54376 0
2967 58472 1
6807 58472 0
41751 23656 0
25367 40040 1
49943 15464 0
35607 29800 0
19223 46184 0
11031 54376 0
1943 30824 1
33687 30824 0
1943 47208 1
17303 47208 0
34199 30824 1
17815 47208 1
1943 55400 1
9111 55400 0
9623 55400 1
34455 30824 0
18071 47208 0
9879 55400 0
1943 59496 1
5783 59496 0
34583 30824 0
18199 47208 1
10007 55400 1
43655 21864 0
27271 38248 0
51847 13672 0
39559 25960 0
23175 42344 0
14983 50536 0
45703 19816 0
29319 36200 0
53895 11624 0
57991 7528 0
42631 22888 0
26247 39272 0
50823 14696 0
38535 26984 0
22151 43368 0
13959 51560 0
36487 29032 0
20103 45416 0
11911 53608 0
7815 57704 0
40071 25448 0
23687 41832 0
15495 50024 0
46215 19304 0
29831 35688 0
54407 11112 0
47239 18280 0
30855 34664 0
55431 10088 0
39303 26216 0
22919 42600 0
14727 50792 0
45447 20072 0
29063 36456 0
53639 11880 0
38279 27240 0
21895 43624 0
13703 51816 0
7559 57960 0
41863 23656 0
25479 40040 0
50055 15464 0
37767 27752 0
21383 44136 0
13191 52328 0
35719 29800 0
19335 46184 0
11143 54376 0
7047 58472 0
34695 30824 0
18311 47208 0
10119 55400 0
6023 59496 0
43783 21736 1
27399 38120 1
51975 13544 1
39687 25832 1
23303 42216 1
15111 50408 1
45831 19688 1
54023 11496 1
58119 7400 1
42759 22760 1
50951 14568 1
38663 26856 1
40199 25320 1
23815 41704 1
15623 49896 1
46343 19176 1
54535 10984 1
47367 18152 1
30983 34536 1
55559 9960 1
44551 20968 1
28167 37352 1
52743 12776 1
40455 25064 1
24071 41448 1
15879 49640 1
46599 18920 1
54791 10728 1
58887 6632 1
47623 17896 1
31239 34280 1
55815 9704 1
59911 5608 1
48135 17384 1
31751 33768 1
56327 9192 1
37975 11176 0
13399 19368 1
37975 19368 0
42071 7080 0
42071 19368 0
35927 13224 0
11351 21416 0
35927 21416 0
11351 37800 0
42071 21416 0
7255 25512 0
35927 25512 0
7255 41896 0
37975 25512 0
7255 50088 0
11351 50088 0
13399 50088 1
22615 10152 0
38999 10152 0
14423 18344 0
38999 18344 0
14423 34728 0
22615 34728 0
26711 6056 0
43095 6056 0
43095 18344 0
26711 34728 0
51287 6056 0
51287 10152 0
43095 21416 0
26711 37800 0
51287 13224 0
38999 25512 0
22615 41896 0
14423 50088 0
45143 18344 1
28759 34728 1
53335 10152 1
45143 19368 1
53335 11176 1
57431 6056 1
57431 7080 1
21079 11688 1
37463 11688 0
12887 19880 1
37463 19880 0
25175 7592 1
41559 7592 0
41559 19880 0
49751 7592 0
49751 11688 0
19031 13736 0
35415 13736 0
10839 21928 0
35415 21928 0
10839 38312 0
19031 38312 0
41559 21928 0
25175 38312 1
49751 13736 0
6743 26024 0
35415 26024 0
6743 42408 0
19031 42408 0
37463 26024 0
21079 42408 1
6743 50600 0
10839 50600 0
12887 50600 1
43095 21928 0
26711 38312 0
51287 13736 0
38999 26024 0
22615 42408 0
14423 50600 0
45143 19880 1
53335 11688 1
57431 7592 1
34391 14760 0
9815 22952 1
34391 22952 0
41559 22952 0
49751 14760 0
5719 27048 1
34391 27048 0
37463 27048 0
42071 22952 0
37975 27048 0
3671 29096 1
34391 29096 0
3671 45480 1
35415 29096 0
19031 45480 0
3671 53672 1
9815 53672 1
10839 53672 0
35927 29096 0
11351 53672 0
3671 57768 1
5719 57768 1
6743 57768 0
7255 57768 0
43543 21928 0
27159 38312 0
51735 13736 0
39447 26024 0
23063 42408 0
14871 50600 0
45591 19880 0
53783 11688 0
57879 7592 0
42519 22952 0
50711 14760 0
38423 27048 0
36375 29096 0
19991 45480 0
11799 53672 0
7703 57768 0
44055 21416 1
27671 37800 1
52247 13224 1
39959 25512 0
23575 41896 0
15383 50088 0
46103 19368 0
54295 11176 0
58391 7080 1
47127 18344 0
30743 34728 0
55319 10152 0
59415 6056 1
24919 7848 1
41303 7848 0
41303 20136 0
49495 7848 0
49495 11944 0
18775 13992 0
35159 13992 0
10583 22184 0
35159 22184 0
10583 38568 0
18775 38568 0
41303 22184 0
24919 38568 1
49495 13992 0
35159 26280 0
18775 42664 0
10583 50856 0
43095 22184 0
26711 38568 0
51287 13992 0
38999 26280 0
22615 42664 0
14423 50856 0
45143 20136 1
53335 11944 1
57431 7848 1
34135 15016 0
9559 23208 1
34135 23208 0
41303 23208 0
49495 15016 0
34135 27304 0
42071 23208 0
37975 27304 0
3415 29352 1
34135 29352 0
3415 45736 1
35159 29352 0
18775 45736 0
3415 53928 1
9559 53928 1
10583 53928 0
35927 29352 0
11351 53928 0
3415 58024 1
7255 58024 0
43287 22184 1
26903 38568 1
51479 13992 1
57623 7848 1
42263 23208 1
50455 15016 1
36119 29352 1
19735 45736 1
11543 53928 1
17239 15528 1
33623 15528 0
9047 23720 1
33623 23720 0
41303 23720 0
49495 15528 0
33623 27816 0
41559 23720 0
49751 15528 0
37463 27816 0
2903 29864 1
33623 29864 0
2903 46248 1
17239 46248 1
35159 29864 0
18775 46248 0
2903 54440 1
9047 54440 1
10583 54440 0
35415 29864 0
19031 46248 0
10839 54440 0
2903 58536 1
6743 58536 0
41751 23720 0
49943 15528 0
35607 29864 0
19223 46248 0
11031 54440 0
1879 30888 1
33623 30888 0
34135 30888 0
34391 30888 0
34583 30888 0
43591 21928 0
27207 38312 0
51783 13736 0
39495 26024 0
23111 42408 0
14919 50600 0
45639 19880 0
53831 11688 0
57927 7592 0
42567 22952 0
38471 27048 0
36423 29096 0
11847 53672 0
7751 57768 0
44103 21416 0
40007 25512 0
15431 50088 0
46151 19368 0
47175 18344 0
30791 34728 0
55367 10152 0
59463 6056 0
43335 22184 0
26951 38568 0
51527 13992 0
39239 26280 0
22855 42664 0
14663 50856 0
45383 20136 0
53575 11944 0
57671 7848 0
42311 23208 0
38215 27304 0
36167 29352 0
11591 53928 0
7495 58024 0
41799 23720 0
49991 15528 0
37703 27816 0
35655 29864 0
19271 46248 0
11079 54440 0
6983 58536 0
34631 30888 0
18647 14120 0
35031 14120 0
10455 22312 0
35031 22312 0
10455 38696 0
18647 38696 0
41175 22312 1
24791 38696 1
49367 14120 1
6359 26408 0
35031 26408 0
6359 42792 0
18647 42792 0
37079 26408 1
20695 42792 1
6359 50984 0
10455 50984 0
12503 50984 1
43095 22312 0
26711 38696 0
51287 14120 0
38999 26408 0
22615 42792 0
14423 50984 0
34007 15144 0
9431 23336 0
34007 23336 0
9431 39720 0
41175 23336 1
24791 39720 1
49367 15144 1
5335 27432 0
34007 27432 0
5335 43816 0
37079 27432 1
20695 43816 1
5335 52008 0
9431 52008 0
12503 52008 1
42071 23336 0
37975 27432 0
13399 52008 1
3287 29480 1
34007 29480 0
3287 45864 1
35031 29480 0
18647 45864 0
3287 54056 1
9431 54056 0
10455 54056 0
35927 29480 0
11351 54056 0
3287 58152 1
5335 58152 0
6359 58152 0
7255 58152 0
43159 22312 1
26775 38696 1
51351 14120 1
39063 26408 0
22679 42792 0
14487 50984 0
42135 23336 1
25751 39720 1
50327 15144 1
38039 27432 0
21655 43816 0
13463 52008 0
35991 29480 1
19607 45864 1
11415 54056 1
7319 58152 0
17111 15656 0
33495 15656 0
8919 23848 0
33495 23848 0
8919 40232 0
17111 40232 0
41175 23848 1
24791 40232 1
49367 15656 1
4823 27944 0
33495 27944 0
4823 44328 0
17111 44328 0
37079 27944 1
20695 44328 1
4823 52520 0
8919 52520 0
12503 52520 1
41559 23848 0
25175 40232 1
49751 15656 0
37463 27944 0
21079 44328 1
12887 52520 1
2775 29992 1
33495 29992 0
2775 46376 1
17111 46376 0
35031 29992 0
18647 46376 0
2775 54568 1
8919 54568 0
10455 54568 0
35415 29992 0
19031 46376 0
10839 54568 0
2775 58664 1
4823 58664 0
6359 58664 0
6743 58664 0
41623 23848 0
25239 40232 0
49815 15656 0
37527 27944 0
21143 44328 0
12951 52520 0
35479 29992 0
19095 46376 0
10903 54568 0
6807 58664 0
1751 31016 1
33495 31016 0
1751 47400 1
17111 47400 0
34007 31016 0
1751 55592 1
8919 55592 0
9431 55592 0
34391 31016 0
9815 55592 1
1751 59688 1
4823 59688 0
5335 59688 0
5719 59688 1
34455 31016 0
18071 47400 0
9879 55592 0
5783 59688 0
43207 22312 0
26823 38696 0
51399 14120 0
39111 26408 0
22727 42792 0
14535 50984 0
42183 23336 0
38087 27432 0
13511 52008 0
36039 29480 0
11463 54056 0
7367 58152 0
41671 23848 0
25287 40232 0
49863 15656 0
37575 27944 0
21191 44328 0
12999 52520 0
35527 29992 0
19143 46376 0
10951 54568 0
6855 58664 0
34503 31016 0
9927 55592 0
5831 59688 0
16855 15912 0
33239 15912 0
8663 24104 0
33239 24104 0
8663 40488 0
16855 40488 0
41175 24104 1
24791 40488 1
49367 15912 1
33239 28200 0
16855 44584 0
37079 28200 1
20695 44584 1
8663 52776 0
12503 52776 1
41303 24104 0
24919 40488 1
49495 15912 0
2519 30248 1
33239 30248 0
2519 46632 1
16855 46632 0
35031 30248 0
18647 46632 0
2519 54824 1
8663 54824 0
10455 54824 0
35159 30248 0
18775 46632 0
10583 54824 0
2519 58920 1
6359 58920 0
41367 24104 1
24983 40488 1
49559 15912 1
35223 30248 1
18839 46632 1
10647 54824 1
1495 31272 1
33239 31272 0
1495 47656 1
16855 47656 0
34007 31272 0
1495 55848 1
8663 55848 0
9431 55848 0
34135 31272 0
9559 55848 1
1495 59944 1
5335 59944 0
34199 31272 1
17815 47656 1
9623 55848 1
41415 24104 0
25031 40488 0
49607 15912 0
37319 28200 0
20935 44584 0
12743 52776 0
35271 30248 0
18887 46632 0
10695 54824 0
6599 58920 0
34247 31272 0
9671 55848 0
5575 59944 0
983 31784 1
33239 31784 0
983 48168 1
16855 48168 0
33495 31784 0
17111 48168 0
983 56360 1
8663 56360 0
8919 56360 0
33623 31784 0
17239 48168 1
9047 56360 1
983 60456 1
4823 60456 0
33687 31784 0
17303 48168 0
9111 56360 0
33735 31784 0
17351 48168 0
9159 56360 0
5063 60456 0
43667 21864 1
27283 38248 0
51859 13672 0
39571 25960 1
23187 42344 0
14995 50536 1
45715 19816 1
29331 36200 0
53907 11624 0
58003 7528 0
42643 22888 0
26259 39272 0
50835 14696 0
38547 26984 0
22163 43368 0
13971 51560 0
36499 29032 0
20115 45416 0
11923 53608 0
7827 57704 0
40083 25448 0
23699 41832 0
15507 50024 0
46227 19304 0
29843 35688 0
54419 11112 0
47251 18280 1
30867 34664 0
55443 10088 0
41875 23656 1
25491 40040 0
50067 15464 0
35731 29800 1
19347 46184 0
11155 54376 1
34707 30824 0
18323 47208 0
10131 55400 0
43795 21736 1
27411 38120 0
51987 13544 0
58131 7400 0
42771 22760 0
50963 14568 0
44563 20968 0
28179 37352 0
52755 12776 0
40467 25064 0
24083 41448 0
15891 49640 0
46611 18920 0
54803 10728 0
58899 6632 0
47635 17896 1
31251 34280 0
55827 9704 0
59923 5608 0
48147 17384 0
31763 33768 0
56339 9192 0
43603 21928 0
27219 38312 0
51795 13736 0
39507 26024 0
23123 42408 0
14931 50600 0
45651 19880 0
53843 11688 0
57939 7592 0
42579 22952 0
50771 14760 0
38483 27048 0
36435 29096 0
20051 45480 0
11859 53672 0
7763 57768 0
44115 21416 0
27731 37800 0
52307 13224 0
40019 25512 0
23635 41896 0
15443 50088 0
46163 19368 0
54355 11176 0
58451 7080 0
47187 18344 0
30803 34728 0
55379 10152 0
59475 6056 0
43347 22184 0
26963 38568 0
51539 13992 0
57683 7848 0
42323 23208 0
50515 15016 0
36179 29352 0
19795 45736 0
11603 53928 0
41811 23720 0
50003 15528 0
35667 29864 0
19283 46248 0
11091 54440 0
34643 30888 0
43219 22312 0
26835 38696 0
51411 14120 0
39123 26408 0
22739 42792 0
14547 50984 0
42195 23336 0
25811 39720 0
50387 15144 0
38099 27432 0
21715 43816 0
13523 52008 0
36051 29480 0
19667 45864 0
11475 54056 0
7379 58152 0
41683 23848 0
25299 40232 0
49875 15656 0
37587 27944 0
21203 44328 0
13011 52520 0
35539 29992 0
19155 46376 0
10963 54568 0
6867 58664 0
34515 31016 0
18131 47400 0
9939 55592 0
5843 59688 0
41427 24104 0
25043 40488 0
49619 15912 0
35283 30248 0
18899 46632 0
10707 54824 0
34259 31272 0
17875 47656 0
9683 55848 0
33747 31784 0
17363 48168 0
9171 56360 0
21559 11208 1
13367 19400 1
7223 25544 0
7223 41928 0
19511 41928 1
21559 41928 1
7223 50120 0
11319 50120 1
13367 50120 1
22583 10184 0
38967 10184 0
14391 18376 0
38967 18376 0
14391 34760 0
22583 34760 0
43063 18376 1
26679 34760 1
51255 10184 1
38967 25544 0
22583 41928 0
14391 50120 0
45111 18376 1
28727 34760 1
53303 10184 1
45111 19400 1
53303 11208 1
21047 11720 1
37431 11720 0
37431 19912 0
49719 7624 0
49719 11720 0
18999 13768 0
35383 13768 0
35383 21960 0
18999 38344 0
49719 13768 0
6711 26056 0
35383 26056 0
6711 42440 0
18999 42440 0
37431 26056 0
21047 42440 1
6711 50632 0
43063 21960 1
26679 38344 1
51255 13768 1
38967 26056 0
22583 42440 0
14391 50632 0
45111 19912 1
53303 11720 1
57399 7624 1
17975 14792 1
49719 14792 0
5687 27080 1
37431 27080 0
3639 29128 1
3639 45512 1
17975 45512 1
35383 29128 0
18999 45512 0
3639 53704 1
19511 45512 1
11319 53704 1
3639 57800 1
5687 57800 1
6711 57800 0
7223 57800 0
43543 21960 0
27159 38344 0
51735 13768 0
39447 26056 0
23063 42440 0
14871 50632 0
45591 19912 0
53783 11720 0
57879 7624 0
42519 22984 0
50711 14792 0
38423 27080 0
36375 29128 0
19991 45512 0
11799 53704 0
7703 57800 0
39959 25544 0
23575 41928 0
15383 50120 0
46103 19400 0
54295 11208 0
47127 18376 0
30743 34760 0
55319 10184 0
41271 20168 1
49463 11976 1
35127 26312 1
18743 42696 1
10551 50888 1
38967 26312 0
22583 42696 0
14391 50888 0
45111 20168 1
53303 11976 1
3383 58056 1
7223 58056 0
17207 15560 1
33591 15560 0
33591 23752 0
41271 23752 1
49463 15560 1
33591 27848 0
49719 15560 0
37431 27848 0
2871 29896 1
33591 29896 0
2871 46280 1
17207 46280 1
35127 29896 1
18743 46280 1
2871 54472 1
10551 54472 1
35383 29896 0
18999 46280 0
2871 58568 1
6711 58568 0
41751 23752 0
49943 15560 0
35607 29896 0
19223 46280 0
11031 54472 0
1847 30920 1
33591 30920 0
34583 30920 0
51751 13768 0
39463 26056 0
23079 42440 0
53799 11720 0
20007 45512 0
7719 57800 0
23591 41928 0
15399 50120 0
47143 18376 0
30759 34760 0
55335 10184 0
39207 26312 0
22823 42696 0
14631 50888 0
45351 20168 0
53543 11976 0
7463 58056 0
49959 15560 0
37671 27848 0
35623 29896 0
19239 46280 0
6951 58568 0
6327 26440 0
34999 26440 1
6327 42824 0
18615 42824 1
37047 26440 1
20663 42824 1
6327 51016 0
10423 51016 1
12471 51016 1
38967 26440 0
22583 42824 0
14391 51016 0
5303 27464 0
5303 43848 0
17591 43848 1
37047 27464 1
20663 43848 1
5303 52040 0
9399 52040 1
12471 52040 1
21559 43848 1
13367 52040 1
3255 58184 1
5303 58184 0
6327 58184 0
7223 58184 0
39063 26440 0
22679 42824 0
14487 51016 0
38039 27464 0
21655 43848 0
13463 52040 0
7319 58184 0
17079 15688 0
33463 15688 0
33463 23880 0
17079 40264 0
41143 23880 1
24759 40264 1
49335 15688 1
4791 27976 0
33463 27976 0
4791 44360 0
17079 44360 0
37047 27976 1
20663 44360 1
4791 52552 0
12471 52552 1
49719 15688 0
37431 27976 0
21047 44360 1
2743 30024 1
33463 30024 0
2743 46408 1
17079 46408 0
34999 30024 1
18615 46408 1
2743 54600 1
10423 54600 1
35383 30024 0
18999 46408 0
2743 58696 1
4791 58696 0
6327 58696 0
6711 58696 0
41623 23880 0
25239 40264 0
49815 15688 0
37527 27976 0
21143 44360 0
12951 52552 0
35479 30024 0
19095 46408 0
10903 54600 0
6807 58696 0
1719 31048 1
33463 31048 0
1719 47432 1
17079 47432 0
17591 47432 1
1719 55624 1
9399 55624 1
17975 47432 1
1719 59720 1
4791 59720 0
5303 59720 0
5687 59720 1
34455 31048 0
18071 47432 0
9879 55624 0
5783 59720 0
39079 26440 0
22695 42824 0
14503 51016 0
21671 43848 0
13479 52040 0
7335 58184 0
49831 15688 0
37543 27976 0
21159 44360 0
35495 30024 0
19111 46408 0
6823 58696 0
18087 47432 0
5799 59720 0
33207 28232 1
16823 44616 1
37047 28232 1
20663 44616 1
8631 52808 1
12471 52808 1
2487 58952 1
6327 58952 0
1463 59976 1
5303 59976 0
37287 28232 0
20903 44616 0
12711 52808 0
6567 58952 0
5543 59976 0
951 31816 1
33207 31816 1
951 48200 1
16823 48200 1
33463 31816 0
17079 48200 0
951 56392 1
8631 56392 1
33591 31816 0
17207 48200 1
951 60488 1
4791 60488 0
33687 31816 0
17303 48200 0
9111 56392 0
33703 31816 0
17319 48200 0
5031 60488 0
51763 13768 0
39475 26056 1
23091 42440 0
53811 11720 0
20019 45512 0
7731 57800 0
23603 41928 0
15411 50120 0
47155 18376 1
30771 34760 0
55347 10184 0
49971 15560 0
35635 29896 1
19251 46280 0
39091 26440 1
22707 42824 0
14515 51016 1
21683 43848 0
13491 52040 0
7347 58184 0
49843 15688 0
37555 27976 1
21171 44360 0
35507 30024 1
19123 46408 0
6835 58696 1
18099 47432 0
5811 59720 0
33715 31816 1
17331 48200 0
18551 14216 0
34935 14216 0
10359 22408 0
34935 22408 0
10359 38792 0
18551 38792 0
41079 22408 1
24695 38792 1
49271 14216 1
6263 26504 0
34935 26504 0
6263 42888 0
18551 42888 0
36983 26504 1
20599 42888 1
6263 51080 0
10359 51080 0
12407 51080 1
43063 22408 1
26679 38792 1
51255 14216 1
38967 26504 0
22583 42888 0
14391 51080 0
9335 23432 1
41079 23432 1
49271 15240 1
5239 27528 1
36983 27528 1
3191 29576 1
3191 45960 1
34935 29576 0
18551 45960 0
3191 54152 1
9335 54152 1
10359 54152 0
19511 45960 1
11319 54152 1
3191 58248 1
5239 58248 1
6263 58248 0
7223 58248 0
43095 22408 0
26711 38792 0
51287 14216 0
38999 26504 0
22615 42888 0
14423 51080 0
42071 23432 0
37975 27528 0
35927 29576 0
11351 54152 0
7255 58248 0
17015 15752 1
33399 15752 0
33399 23944 0
41079 23944 1
49271 15752 1
4727 28040 1
33399 28040 0
36983 28040 1
49719 15752 0
37431 28040 0
2679 30088 1
33399 30088 0
2679 46472 1
17015 46472 1
34935 30088 0
18551 46472 0
2679 54664 1
10359 54664 0
35383 30088 0
18999 46472 0
2679 58760 1
4727 58760 1
6263 58760 0
6711 58760 0
41559 23944 0
49751 15752 0
37463 28040 0
35415 30088 0
19031 46472 0
10839 54664 0
6743 58760 0
1655 31112 1
33399 31112 0
34391 31112 0
43111 22408 0
26727 38792 0
51303 14216 0
39015 26504 0
22631 42888 0
14439 51080 0
11367 54152 0
7271 58248 0
49767 15752 0
37479 28040 0
35431 30088 0
19047 46472 0
6759 58760 0
16759 16008 1
33143 16008 0
8567 24200 1
33143 24200 0
41079 24200 1
49271 16008 1
33143 28296 0
36983 28296 1
41271 24200 1
49463 16008 1
2423 30344 1
33143 30344 0
2423 46728 1
16759 46728 1
34935 30344 0
18551 46728 0
2423 54920 1
8567 54920 1
10359 54920 0
35127 30344 1
18743 46728 1
10551 54920 1
2423 59016 1
6263 59016 0
41303 24200 0
49495 16008 0
35159 30344 0
18775 46728 0
10583 54920 0
1399 31368 1
33143 31368 0
34135 31368 0
41319 24200 0
49511 16008 0
37223 28296 0
35175 30344 0
18791 46728 0
10599 54920 0
6503 59016 0
887 31880 1
33143 31880 0
33399 31880 0
33591 31880 0
33623 31880 0
33639 31880 0
43123 22408 0
26739 38792 0
51315 14216 0
39027 26504 0
22643 42888 0
14451 51080 0
19571 45960 0
11379 54152 0
7283 58248 0
49779 15752 0
37491 28040 0
35443 30088 0
19059 46472 0
6771 58760 0
41331 24200 0
49523 16008 0
35187 30344 0
18803 46728 0
10611 54920 0
33651 31880 0
34935 30472 0
18551 46856 0
10359 55048 0
34999 30472 1
18615 46856 1
10423 55048 1
6263 59144 0
6327 59144 0
35031 30472 0
18647 46856 0
10455 55048 0
6359 59144 0
9335 56072 1
17591 47880 1
9399 56072 1
5239 60168 1
5303 60168 0
34007 31496 0
9431 56072 0
5335 60168 0
35047 30472 0
18663 46856 0
10471 55048 0
6375 59144 0
9447 56072 0
5351 60168 0
33399 32008 0
17015 48392 1
33463 32008 0
17079 48392 0
4727 60680 1
4791 60680 0
33495 32008 0
17111 48392 0
8919 56584 0
4823 60680 0
33511 32008 0
17127 48392 0
4839 60680 0
33143 32264 0
16759 48648 1
8567 56840 1
33207 32264 1
16823 48648 1
8631 56840 1
33239 32264 0
16855 48648 0
8663 56840 0
33255 32264 0
16871 48648 0
8679 56840 0
4583 60936 0
43685 21848 0
27301 38232 0
51877 13656 0
39589 25944 0
23205 42328 0
15013 50520 0
45733 19800 0
29349 36184 0
53925 11608 0
58021 7512 0
26277 39256 0
22181 43352 0
13989 51544 0
20133 45400 0
11941 53592 0
7845 57688 0
23717 41816 0
15525 50008 0
29861 35672 0
47269 18264 0
30885 34648 0
55461 10072 0
39333 26200 0
22949 42584 0
14757 50776 0
45477 20056 0
29093 36440 0
53669 11864 0
21925 43608 0
13733 51800 0
7589 57944 0
41893 23640 0
25509 40024 0
50085 15448 0
37797 27736 0
21413 44120 0
13221 52312 0
35749 29784 0
19365 46168 0
11173 54360 0
7077 58456 0
18341 47192 0
10149 55384 0
6053 59480 0
43813 21720 0
27429 38104 0
52005 13528 0
39717 25816 0
23333 42200 0
15141 50392 0
45861 19672 0
54053 11480 0
58149 7384 0
23845 41688 0
15653 49880 0
47397 18136 0
31013 34520 0
55589 9944 0
28197 37336 0
24101 41432 0
15909 49624 0
47653 17880 0
31269 34264 0
55845 9688 0
59941 5592 0
31781 33752 0
43621 21912 0
27237 38296 0
51813 13720 0
39525 26008 0
23141 42392 0
14949 50584 0
45669 19864 0
53861 11672 0
57957 7576 0
11877 53656 0
7781 57752 0
15461 50072 0
47205 18328 0
30821 34712 0
55397 10136 0
59493 6040 0
43365 22168 0
26981 38552 0
51557 13976 0
39269 26264 0
22885 42648 0
14693 50840 0
45413 20120 0
53605 11928 0
57701 7832 0
11621 53912 0
7525 58008 0
41829 23704 0
50021 15512 0
37733 27800 0
35685 29848 0
19301 46232 0
11109 54424 0
7013 58520 0
43237 22296 0
26853 38680 0
51429 14104 0
39141 26392 0
22757 42776 0
14565 50968 0
13541 51992 0
11493 54040 0
7397 58136 0
41701 23832 0
25317 40216 0
49893 15640 0
37605 27928 0
21221 44312 0
13029 52504 0
35557 29976 0
19173 46360 0
10981 54552 0
6885 58648 0
9957 55576 0
5861 59672 0
41445 24088 0
25061 40472 0
49637 15896 0
37349 28184 0
20965 44568 0
12773 52760 0
35301 30232 0
18917 46616 0
10725 54808 0
6629 58904 0
9701 55832 0
5605 59928 0
33765 31768 0
17381 48152 0
9189 56344 0
5093 60440 0
43717 21816 0
27333 38200 0
51909 13624 0
39621 25912 0
23237 42296 0
15045 50488 0
45765 19768 0
29381 36152 0
53957 11576 0
58053 7480 0
42693 22840 0
38597 26936 0
14021 51512 0
36549 28984 0
11973 53560 0
7877 57656 0
44229 21304 0
40133 25400 1
15557 49976 0
46277 19256 0
47301 18232 0
30917 34616 0
55493 10040 1
59589 5944 0
43461 22072 0
27077 38456 0
51653 13880 1
39365 26168 1
22981 42552 1
14789 50744 0
45509 20024 0
29125 36408 0
53701 11832 1
57797 7736 0
42437 23096 0
38341 27192 1
13765 51768 0
36293 29240 1
11717 53816 0
7621 57912 1
41925 23608 0
25541 39992 0
50117 15416 0
37829 27704 0
21445 44088 0
13253 52280 0
35781 29752 0
19397 46136 0
11205 54328 0
7109 58424 0
34757 30776 0
10181 55352 0
6085 59448 0
43845 21688 0
27461 38072 0
52037 13496 0
39749 25784 0
23365 42168 0
15173 50360 0
45893 19640 0
54085 11448 0
58181 7352 0
42821 22712 0
38725 26808 0
44357 21176 0
40261 25272 1
15685 49848 0
46405 19128 0
47429 18104 0
31045 34488 0
55621 9912 1
59717 5816 0
44613 20920 0
40517 25016 0
15941 49592 0
46661 18872 0
47685 17848 0
31301 34232 0
55877 9656 0
59973 5560 0
48197 17336 0
43909 21624 0
27525 38008 0
52101 13432 0
39813 25720 0
23429 42104 0
15237 50296 0
45957 19576 0
29573 35960 0
54149 11384 0
58245 7288 0
42885 22648 0
26501 39032 0
51077 14456 0
38789 26744 0
22405 43128 0
14213 51320 0
40325 25208 1
23941 41592 1
15749 49784 0
46469 19064 0
30085 35448 0
54661 10872 1
47493 18040 0
31109 34424 0
55685 9848 1
44677 20856 0
28293 37240 0
52869 12664 0
40581 24952 0
24197 41336 0
16005 49528 0
46725 18808 0
30341 35192 0
54917 10616 0
59013 6520 0
47749 17784 0
31365 34168 0
55941 9592 0
60037 5496 0
48261 17272 0
31877 33656 0
56453 9080 1
43669 21864 0
27285 38248 0
51861 13672 0
39573 25960 0
23189 42344 0
14997 50536 0
45717 19816 0
29333 36200 0
53909 11624 0
58005 7528 0
42645 22888 0
26261 39272 0
50837 14696 0
38549 26984 0
22165 43368 0
13973 51560 0
36501 29032 0
20117 45416 0
11925 53608 0
7829 57704 0
40085 25448 1
23701 41832 1
15509 50024 0
46229 19304 0
29845 35688 0
54421 11112 1
47253 18280 0
30869 34664 0
55445 10088 1
41877 23656 0
25493 40040 0
50069 15464 0
35733 29800 0
19349 46184 0
11157 54376 0
34709 30824 0
18325 47208 0
10133 55400 0
43797 21736 0
27413 38120 0
51989 13544 0
58133 7400 0
42773 22760 0
50965 14568 0
44565 20968 0
28181 37352 0
52757 12776 0
40469 25064 0
24085 41448 0
15893 49640 0
46613 18920 0
54805 10728 0
58901 6632 0
47637 17896 0
31253 34280 0
55829 9704 0
59925 5608 0
48149 17384 0
31765 33768 0
56341 9192 1
43605 21928 0
27221 38312 0
51797 13736 0
39509 26024 0
23125 42408 0
14933 50600 0
45653 19880 0
53845 11688 0
57941 7592 0
42581 22952 0
38485 27048 0
36437 29096 0
11861 53672 0
7765 57768 0
44117 21416 0
40021 25512 1
15445 50088 0
46165 19368 0
47189 18344 0
30805 34728 0
55381 10152 1
59477 6056 0
43349 22184 0
26965 38568 0
51541 13992 1
57685 7848 0
42325 23208 0
36181 29352 1
11605 53928 0
41813 23720 0
50005 15528 0
35669 29864 0
19285 46248 0
11093 54440 0
34645 30888 0
43221 22312 0
26837 38696 0
51413 14120 1
39125 26408 1
22741 42792 1
14549 50984 0
42197 23336 0
38101 27432 1
13525 52008 0
36053 29480 1
11477 54056 0
7381 58152 1
41685 23848 0
25301 40232 0
49877 15656 0
37589 27944 0
21205 44328 0
13013 52520 0
35541 29992 0
19157 46376 0
10965 54568 0
6869 58664 0
34517 31016 0
9941 55592 0
5845 59688 0
41429 24104 0
25045 40488 0
49621 15912 1
35285 30248 1
18901 46632 1
10709 54824 0
34261 31272 1
9685 55848 0
33749 31784 0
17365 48168 0
9173 56360 0
43573 21960 0
27189 38344 0
51765 13768 0
39477 26056 0
23093 42440 0
14901 50632 0
45621 19912 0
53813 11720 0
57909 7624 0
20021 45512 0
11829 53704 0
7733 57800 0
23605 41928 0
15413 50120 0
47157 18376 0
30773 34760 0
55349 10184 0
41781 23752 0
49973 15560 0
35637 29896 0
19253 46280 0
11061 54472 0
39093 26440 0
22709 42824 0
14517 51016 0
21685 43848 0
13493 52040 0
7349 58184 0
41653 23880 0
25269 40264 0
49845 15688 0
37557 27976 0
21173 44360 0
12981 52552 0
35509 30024 0
19125 46408 0
10933 54600 0
6837 58696 0
18101 47432 0
9909 55624 0
5813 59720 0
33717 31816 0
17333 48200 0
9141 56392 0
43125 22408 0
26741 38792 0
51317 14216 0
39029 26504 0
22645 42888 0
14453 51080 0
11381 54152 0
7285 58248 0
41589 23944 0
49781 15752 0
37493 28040 0
35445 30088 0
19061 46472 0
10869 54664 0
6773 58760 0
41333 24200 0
49525 16008 0
35189 30344 0
18805 46728 0
10613 54920 0
33653 31880 0
43655 21872 0
27271 38256 0
51847 13680 0
39559 25968 0
23175 42352 0
14983 50544 0
45703 19824 0
29319 36208 0
53895 11632 0
57991 7536 0
42631 22896 0
26247 39280 0
50823 14704 0
38535 26992 0
22151 43376 0
13959 51568 0
36487 29040 0
20103 45424 0
11911 53616 0
7815 57712 0
44167 21360 1
27783 37744 1
52359 13168 1
40071 25456 0
23687 41840 0
15495 50032 0
46215 19312 0
29831 35696 0
54407 11120 0
58503 7024 1
47239 18288 0
30855 34672 0
55431 10096 0
59527 6000 1
43399 22128 1
27015 38512 1
51591 13936 1
39303 26224 0
22919 42608 0
14727 50800 0
45447 20080 0
29063 36464 0
53639 11888 0
57735 7792 1
42375 23152 1
25991 39536 1
50567 14960 1
38279 27248 0
21895 43632 0
13703 51824 0
36231 29296 1
19847 45680 1
11655 53872 1
7559 57968 0
41863 23664 0
25479 40048 0
50055 15472 0
37767 27760 0
21383 44144 0
13191 52336 0
35719 29808 0
19335 46192 0
11143 54384 0
7047 58480 0
34695 30832 0
18311 47216 0
10119 55408 0
6023 59504 0
43591 21936 0
27207 38320 0
51783 13744 0
39495 26032 0
23111 42416 0
14919 50608 0
45639 19888 0
29255 36272 1
53831 11696 0
57927 7600 0
42567 22960 0
38471 27056 0
13895 51632 1
36423 29104 0
11847 53680 0
7751 57776 0
44103 21424 0
40007 25520 0
15431 50096 0
46151 19376 0
47175 18352 0
30791 34736 0
55367 10160 0
59463 6064 0
43335 22192 0
26951 38576 0
51527 14000 0
39239 26288 0
22855 42672 0
14663 50864 0
45383 20144 0
28999 36528 1
53575 11952 0
57671 7856 0
42311 23216 0
38215 27312 0
13639 51888 1
36167 29360 0
11591 53936 0
7495 58032 0
41799 23728 0
25415 40112 1
49991 15536 0
37703 27824 0
21319 44208 1
13127 52400 1
35655 29872 0
19271 46256 0
11079 54448 0
6983 58544 0
34631 30896 0
10055 55472 1
5959 59568 1
43207 22320 0
26823 38704 0
51399 14128 0
39111 26416 0
22727 42800 0
14535 50992 0
42183 23344 0
38087 27440 0
13511 52016 0
36039 29488 0
11463 54064 0
7367 58160 0
41671 23856 0
25287 40240 0
49863 15664 0
37575 27952 0
21191 44336 0
12999 52528 0
35527 30000 0
19143 46384 0
10951 54576 0
6855 58672 0
34503 31024 0
9927 55600 0
5831 59696 0
41415 24112 0
25031 40496 0
49607 15920 0
37319 28208 0
20935 44592 0
12743 52784 0
35271 30256 0
18887 46640 0
10695 54832 0
6599 58928 0
34247 31280 0
9671 55856 0
5575 59952 0
33735 31792 0
17351 48176 0
9159 56368 0
5063 60464 0
27275 38256 0
23179 42352 0
14987 50544 1
45707 19824 1
29323 36208 0
53899 11632 0
57995 7536 0
42635 22896 0
26251 39280 0
50827 14704 0
38539 26992 0
22155 43376 0
13963 51568 0
20107 45424 0
11915 53616 0
7819 57712 0
27787 37744 0
23691 41840 0
15499 50032 0
46219 19312 0
29835 35696 0
54411 11120 0
58507 7024 0
30859 34672 0
27019 38512 0
22923 42608 0
14731 50800 1
45451 20080 1
29067 36464 0
53643 11888 0
57739 7792 0
42379 23152 0
25995 39536 0
50571 14960 0
38283 27248 0
21899 43632 0
13707 51824 0
19851 45680 0
11659 53872 0
7563 57968 0
41867 23664 1
25483 40048 0
50059 15472 0
37771 27760 1
21387 44144 0
13195 52336 1
19339 46192 0
11147 54384 1
7051 58480 1
34699 30832 0
18315 47216 0
10123 55408 0
6027 59504 0
43595 21936 0
27211 38320 0
51787 13744 0
57931 7600 0
42571 22960 0
26187 39344 0
50763 14768 0
36427 29104 0
20043 45488 0
11851 53680 0
44107 21424 0
27723 37808 0
52299 13232 0
40011 25520 0
23627 41904 0
15435 50096 0
46155 19376 0
29771 35760 0
54347 11184 0
58443 7088 0
47179 18352 0
30795 34736 0
55371 10160 0
59467 6064 0
43339 22192 0
26955 38576 0
51531 14000 0
39243 26288 0
22859 42672 0
14667 50864 0
45387 20144 0
29003 36528 0
53579 11952 0
57675 7856 0
42315 23216 0
25931 39600 0
50507 15024 0
38219 27312 0
21835 43696 0
13643 51888 0
36171 29360 0
19787 45744 0
11595 53936 0
7499 58032 0
41803 23728 0
25419 40112 0
49995 15536 0
35659 29872 0
19275 46256 0
11083 54448 0
34635 30896 0
18251 47280 0
10059 55472 0
26827 38704 0
22731 42800 0
14539 50992 0
42187 23344 0
25803 39728 0
50379 15152 0
38091 27440 0
21707 43824 0
13515 52016 0
19659 45872 0
11467 54064 0
7371 58160 0
41675 23856 0
25291 40240 0
49867 15664 0
19147 46384 0
10955 54576 0
34507 31024 0
18123 47408 0
9931 55600 0
41419 24112 0
25035 40496 0
49611 15920 0
37323 28208 0
20939 44592 0
12747 52784 0
18891 46640 0
10699 54832 0
6603 58928 0
34251 31280 0
17867 47664 0
9675 55856 0
5579 59952 0
33739 31792 0
17355 48176 0
9163 56368 0
51751 13776 0
39463 26064 0
23079 42448 0
53799 11728 0
22055 43472 1
20007 45520 0
7719 57808 0
27687 37840 1
23591 41936 0
15399 50128 0
29735 35792 1
47143 18384 0
30759 34768 0
55335 10192 0
59431 6096 1
43303 22224 1
26919 38608 1
51495 14032 1
39207 26320 0
22823 42704 0
14631 50896 0
45351 20176 0
28967 36560 1
53543 11984 0
57639 7888 1
25895 39632 1
21799 43728 1
13607 51920 1
19751 45776 1
11559 53968 1
7463 58064 0
49959 15568 0
37671 27856 0
21287 44240 1
35623 29904 0
19239 46288 0
6951 58576 0
18215 47312 1
5927 59600 1
43175 22352 1
26791 38736 1
51367 14160 1
39079 26448 0
22695 42832 0
14503 51024 0
25767 39760 1
21671 43856 0
13479 52048 0
19623 45904 1
11431 54096 1
7335 58192 0
49831 15696 0
37543 27984 0
21159 44368 0
35495 30032 0
19111 46416 0
6823 58704 0
18087 47440 0
5799 59728 0
41383 24144 1
24999 40528 1
49575 15952 1
37287 28240 0
20903 44624 0
12711 52816 0
35239 30288 1
18855 46672 1
10663 54864 1
6567 58960 0
17831 47696 1
9639 55888 1
5543 59984 0
33703 31824 0
17319 48208 0
5031 60496 0
51755 13776 0
39467 26064 1
23083 42448 0
53803 11728 0
22059 43472 0
20011 45520 0
7723 57808 0
27691 37840 0
23595 41936 0
15403 50128 0
29739 35792 0
47147 18384 1
30763 34768 0
55339 10192 0
59435 6096 0
43307 22224 1
26923 38608 0
51499 14032 0
39211 26320 1
22827 42704 0
14635 50896 1
45355 20176 1
28971 36560 0
53547 11984 0
57643 7888 0
25899 39632 0
21803 43728 0
13611 51920 0
19755 45776 0
11563 53968 0
7467 58064 0
49963 15568 0
37675 27856 1
21291 44240 0
35627 29904 1
19243 46288 0
6955 58576 1
18219 47312 0
5931 59600 0
26795 38736 0
22699 42832 0
14507 51024 1
25771 39760 0
21675 43856 0
13483 52048 0
19627 45904 0
11435 54096 0
7339 58192 0
49835 15696 0
37547 27984 1
21163 44368 0
19115 46416 0
6827 58704 1
18091 47440 0
5803 59728 0
41387 24144 1
25003 40528 0
49579 15952 0
37291 28240 1
20907 44624 0
12715 52816 1
18859 46672 0
10667 54864 1
6571 58960 1
17835 47696 0
9643 55888 0
5547 59984 0
33707 31824 1
17323 48208 0
5035 60496 1
43111 22416 0
26727 38800 0
51303 14224 0
39015 26512 0
22631 42896 0
14439 51088 0
13415 52112 1
11367 54160 0
7271 58256 0
49767 15760 0
37479 28048 0
21095 44432 1
35431 30096 0
19047 46480 0
6759 58768 0
5735 59792 1
41319 24208 0
24935 40592 1
49511 16016 0
37223 28304 0
20839 44688 1
12647 52880 1
35175 30352 0
18791 46736 0
10599 54928 0
6503 59024 0
9575 55952 1
5479 60048 1
33639 31888 0
17255 48272 1
4967 60560 1
43115 22416 0
26731 38800 0
51307 14224 0
39019 26512 0
22635 42896 0
14443 51088 0
25707 39824 0
21611 43920 0
13419 52112 0
19563 45968 0
11371 54160 0
7275 58256 0
49771 15760 0
35435 30096 0
19051 46480 0
18027 47504 0
41323 24208 0
24939 40592 0
49515 16016 0
37227 28304 0
20843 44688 0
12651 52880 0
35179 30352 0
18795 46736 0
10603 54928 0
6507 59024 0
17771 47760 0
9579 55952 0
5483 60048 0
33643 31888 0
17259 48272 0
35047 30480 0
18663 46864 0
10471 55056 0
6375 59152 0
9447 56080 0
5351 60176 0
33511 32016 0
17127 48400 0
4839 60688 0
18667 46864 0
10475 55056 0
6379 59152 0
17643 47888 0
9451 56080 0
5355 60176 0
33515 32016 0
17131 48400 0
33255 32272 0
16871 48656 0
8679 56848 0
4583 60944 0
33259 32272 0
16875 48656 0
8683 56848 0
4587 60944 0
27277 38256 0
23181 42352 0
14989 50544 0
45709 19824 0
29325 36208 0
53901 11632 0
57997 7536 0
42637 22896 0
26253 39280 0
50829 14704 0
38541 26992 0
22157 43376 0
13965 51568 0
20109 45424 0
11917 53616 0
7821 57712 0
27789 37744 0
23693 41840 1
15501 50032 0
46221 19312 0
29837 35696 0
54413 11120 1
58509 7024 0
30861 34672 0
27021 38512 0
22925 42608 1
14733 50800 0
45453 20080 0
29069 36464 0
53645 11888 1
57741 7792 0
42381 23152 0
25997 39536 0
50573 14960 1
38285 27248 1
21901 43632 1
13709 51824 0
19853 45680 1
11661 53872 0
7565 57968 1
41869 23664 0
25485 40048 0
50061 15472 0
37773 27760 0
21389 44144 0
13197 52336 0
19341 46192 0
11149 54384 0
7053 58480 0
34701 30832 0
18317 47216 0
10125 55408 0
6029 59504 0
43597 21936 0
27213 38320 0
51789 13744 0
57933 7600 0
42573 22960 0
36429 29104 0
11853 53680 0
44109 21424 0
40013 25520 1
15437 50096 0
46157 19376 0
47181 18352 0
30797 34736 0
55373 10160 1
59469 6064 0
43341 22192 0
26957 38576 0
51533 14000 1
39245 26288 1
22861 42672 1
14669 50864 0
45389 20144 0
29005 36528 0
53581 11952 1
57677 7856 0
42317 23216 0
38221 27312 1
13645 51888 0
36173 29360 1
11597 53936 0
7501 58032 1
41805 23728 0
25421 40112 0
49997 15536 0
35661 29872 0
19277 46256 0
11085 54448 0
34637 30896 0
10061 55472 0
26829 38704 0
22733 42800 1
14541 50992 0
42189 23344 0
38093 27440 1
13517 52016 0
11469 54064 0
7373 58160 1
41677 23856 0
25293 40240 0
49869 15664 0
19149 46384 0
10957 54576 0
34509 31024 0
9933 55600 0
41421 24112 0
25037 40496 0
49613 15920 1
37325 28208 1
20941 44592 1
12749 52784 0
18893 46640 1
10701 54832 0
6605 58928 1
34253 31280 1
9677 55856 0
5581 59952 1
33741 31792 0
17357 48176 0
9165 56368 0
43565 21968 0
27181 38352 0
51757 13776 0
39469 26064 0
23085 42448 0
14893 50640 0
45613 19920 0
29229 36304 0
53805 11728 0
57901 7632 0
26157 39376 0
22061 43472 0
13869 51664 0
20013 45520 0
11821 53712 0
7725 57808 0
27693 37840 0
23597 41936 0
15405 50128 0
29741 35792 0
47149 18384 0
30765 34768 0
55341 10192 0
59437 6096 0
43309 22224 0
26925 38608 0
51501 14032 0
39213 26320 0
22829 42704 0
14637 50896 0
45357 20176 0
28973 36560 0
53549 11984 0
57645 7888 0
25901 39632 0
21805 43728 0
13613 51920 0
19757 45776 0
11565 53968 0
7469 58064 0
41773 23760 0
25389 40144 0
49965 15568 0
37677 27856 0
21293 44240 0
13101 52432 0
35629 29904 0
19245 46288 0
11053 54480 0
6957 58576 0
18221 47312 0
10029 55504 0
5933 59600 0
26797 38736 0
22701 42832 0
14509 51024 0
25773 39760 0
21677 43856 0
13485 52048 0
19629 45904 0
11437 54096 0
7341 58192 0
41645 23888 0
25261 40272 0
49837 15696 0
37549 27984 0
21165 44368 0
12973 52560 0
19117 46416 0
10925 54608 0
6829 58704 0
18093 47440 0
9901 55632 0
5805 59728 0
41389 24144 0
25005 40528 0
49581 15952 0
37293 28240 0
20909 44624 0
12717 52816 0
18861 46672 0
10669 54864 0
6573 58960 0
17837 47696 0
9645 55888 0
5549 59984 0
33709 31824 0
17325 48208 0
9133 56400 0
5037 60496 0
43117 22416 0
26733 38800 0
51309 14224 0
39021 26512 0
22637 42896 0
14445 51088 0
13421 52112 0
11373 54160 0
7277 58256 0
41581 23952 0
25197 40336 0
49773 15760 0
35437 30096 0
19053 46480 0
10861 54672 0
9837 55696 0
41325 24208 0
24941 40592 0
49517 16016 0
37229 28304 0
20845 44688 0
12653 52880 0
35181 30352 0
18797 46736 0
10605 54928 0
6509 59024 0
9581 55952 0
5485 60048 0
33645 31888 0
17261 48272 0
9069 56464 0
18669 46864 0
10477 55056 0
6381 59152 0
9453 56080 0
5357 60176 0
33517 32016 0
17133 48400 0
8941 56592 0
33261 32272 0
16877 48656 0
8685 56848 0
4589 60944 0
43543 21984 0
27159 38368 0
51735 13792 0
39447 26080 0
23063 42464 0
14871 50656 0
45591 19936 0
29207 36320 1
53783 11744 0
57879 7648 0
42519 23008 0
26135 39392 1
50711 14816 0
38423 27104 0
22039 43488 1
13847 51680 1
36375 29152 0
19991 45536 0
11799 53728 0
7703 57824 0
44055 21472 1
27671 37856 1
52247 13280 1
39959 25568 0
23575 41952 0
15383 50144 0
46103 19424 0
29719 35808 1
54295 11232 0
58391 7136 1
47127 18400 0
30743 34784 0
55319 10208 0
59415 6112 1
43287 22240 1
26903 38624 1
51479 14048 1
57623 7904 1
42263 23264 1
25879 39648 1
50455 15072 1
36119 29408 1
19735 45792 1
11543 53984 1
41751 23776 0
25367 40160 1
49943 15584 0
35607 29920 0
19223 46304 0
11031 54496 0
34583 30944 0
18199 47328 1
10007 55520 1
43159 22368 1
26775 38752 1
51351 14176 1
39063 26464 0
22679 42848 0
14487 51040 0
42135 23392 1
25751 39776 1
50327 15200 1
38039 27488 0
21655 43872 0
13463 52064 0
35991 29536 1
19607 45920 1
11415 54112 1
7319 58208 0
41623 23904 0
25239 40288 0
49815 15712 0
37527 28000 0
21143 44384 0
12951 52576 0
35479 30048 0
19095 46432 0
10903 54624 0
6807 58720 0
34455 31072 0
18071 47456 0
9879 55648 0
5783 59744 0
41367 24160 1
24983 40544 1
49559 15968 1
35223 30304 1
18839 46688 1
10647 54880 1
34199 31328 1
17815 47712 1
9623 55904 1
33687 31840 0
17303 48224 0
9111 56416 0
43547 21984 1
27163 38368 0
51739 13792 0
39451 26080 1
23067 42464 0
14875 50656 1
45595 19936 1
29211 36320 0
53787 11744 0
57883 7648 0
42523 23008 0
26139 39392 0
50715 14816 0
38427 27104 0
22043 43488 0
13851 51680 0
36379 29152 0
19995 45536 0
11803 53728 0
7707 57824 0
44059 21472 0
27675 37856 0
52251 13280 0
39963 25568 0
23579 41952 0
15387 50144 0
46107 19424 0
29723 35808 0
54299 11232 0
58395 7136 0
47131 18400 1
30747 34784 0
55323 10208 0
59419 6112 0
43291 22240 1
26907 38624 0
51483 14048 0
57627 7904 0
42267 23264 0
25883 39648 0
50459 15072 0
36123 29408 0
19739 45792 0
11547 53984 0
41755 23776 1
25371 40160 0
49947 15584 0
35611 29920 1
19227 46304 0
11035 54496 1
34587 30944 0
18203 47328 0
10011 55520 0
26779 38752 0
22683 42848 0
14491 51040 1
42139 23392 0
25755 39776 0
50331 15200 0
38043 27488 0
21659 43872 0
13467 52064 0
19611 45920 0
11419 54112 0
7323 58208 0
41627 23904 1
25243 40288 0
49819 15712 0
37531 28000 1
21147 44384 0
12955 52576 1
19099 46432 0
10907 54624 1
6811 58720 1
34459 31072 0
18075 47456 0
9883 55648 0
5787 59744 0
41371 24160 1
24987 40544 0
49563 15968 0
18843 46688 0
10651 54880 1
34203 31328 0
17819 47712 0
9627 55904 0
33691 31840 1
17307 48224 0
9115 56416 1
43095 22432 0
26711 38816 0
51287 14240 0
38999 26528 0
22615 42912 0
14423 51104 0
42071 23456 0
37975 27552 0
13399 52128 1
35927 29600 0
11351 54176 0
7255 58272 0
41559 23968 0
25175 40352 1
49751 15776 0
37463 28064 0
21079 44448 1
12887 52640 1
35415 30112 0
19031 46496 0
10839 54688 0
6743 58784 0
34391 31136 0
9815 55712 1
5719 59808 1
41303 24224 0
24919 40608 1
49495 16032 0
35159 30368 0
18775 46752 0
10583 54944 0
34135 31392 0
9559 55968 1
33623 31904 0
17239 48288 1
9047 56480 1
43099 22432 0
26715 38816 0
51291 14240 0
39003 26528 0
22619 42912 0
14427 51104 0
42075 23456 0
25691 39840 0
50267 15264 0
37979 27552 0
21595 43936 0
13403 52128 0
35931 29600 0
19547 45984 0
11355 54176 0
7259 58272 0
41563 23968 0
25179 40352 0
49755 15776 0
35419 30112 0
19035 46496 0
10843 54688 0
34395 31136 0
18011 47520 0
9819 55712 0
41307 24224 0
24923 40608 0
49499 16032 0
35163 30368 0
18779 46752 0
10587 54944 0
34139 31392 0
17755 47776 0
9563 55968 0
33627 31904 0
17243 48288 0
9051 56480 0
35031 30496 0
18647 46880 0
10455 55072 0
6359 59168 0
34007 31520 0
9431 56096 0
5335 60192 0
33495 32032 0
17111 48416 0
8919 56608 0
4823 60704 0
18651 46880 0
10459 55072 0
6363 59168 0
34011 31520 0
17627 47904 0
9435 56096 0
5339 60192 0
33499 32032 0
17115 48416 0
8923 56608 0
33239 32288 0
16855 48672 0
8663 56864 0
33243 32288 0
16859 48672 0
8667 56864 0
43549 21984 0
27165 38368 0
51741 13792 0
39453 26080 0
23069 42464 0
14877 50656 0
45597 19936 0
29213 36320 0
53789 11744 0
57885 7648 0
42525 23008 0
26141 39392 0
50717 14816 0
38429 27104 0
22045 43488 0
13853 51680 0
36381 29152 0
19997 45536 0
11805 53728 0
7709 57824 0
44061 21472 0
27677 37856 0
52253 13280 1
39965 25568 1
23581 41952 1
15389 50144 0
46109 19424 0
29725 35808 0
54301 11232 1
58397 7136 0
47133 18400 0
30749 34784 0
55325 10208 1
59421 6112 0
43293 22240 0
26909 38624 0
51485 14048 1
57629 7904 0
42269 23264 0
25885 39648 0
50461 15072 1
36125 29408 1
19741 45792 1
11549 53984 0
41757 23776 0
25373 40160 0
49949 15584 0
35613 29920 0
19229 46304 0
11037 54496 0
34589 30944 0
18205 47328 0
10013 55520 0
26781 38752 0
22685 42848 1
14493 51040 0
42141 23392 0
25757 39776 0
50333 15200 1
38045 27488 1
21661 43872 1
13469 52064 0
19613 45920 1
11421 54112 0
7325 58208 1
41629 23904 0
25245 40288 0
49821 15712 0
37533 28000 0
21149 44384 0
12957 52576 0
19101 46432 0
10909 54624 0
6813 58720 0
34461 31072 0
18077 47456 0
9885 55648 0
5789 59744 0
41373 24160 0
24989 40544 0
49565 15968 1
18845 46688 1
10653 54880 0
34205 31328 1
17821 47712 1
9629 55904 0
33693 31840 0
17309 48224 0
9117 56416 0
43101 22432 0
26717 38816 0
51293 14240 1
39005 26528 1
22621 42912 1
14429 51104 0
42077 23456 0
37981 27552 1
13405 52128 0
35933 29600 1
11357 54176 0
7261 58272 1
41565 23968 0
25181 40352 0
49757 15776 0
35421 30112 0
19037 46496 0
10845 54688 0
34397 31136 0
9821 55712 0
41309 24224 0
24925 40608 0
49501 16032 1
35165 30368 1
18781 46752 1
10589 54944 0
34141 31392 1
9565 55968 0
33629 31904 0
17245 48288 0
9053 56480 0
18653 46880 1
10461 55072 0
6365 59168 1
34013 31520 1
9437 56096 0
5341 60192 1
33501 32032 0
17117 48416 0
8925 56608 0
33245 32288 1
16861 48672 1
8669 56864 0
43063 22464 1
26679 38848 1
51255 14272 1
38967 26560 0
22583 42944 0
14391 51136 0
25655 39872 1
21559 43968 1
13367 52160 1
19511 46016 1
11319 54208 1
7223 58304 0
49719 15808 0
37431 28096 0
21047 44480 1
35383 30144 0
18999 46528 0
6711 58816 0
17975 47552 1
5687 59840 1
41271 24256 1
24887 40640 1
49463 16064 1
35127 30400 1
18743 46784 1
10551 54976 1
17719 47808 1
9527 56000 1
33591 31936 0
17207 48320 1
43067 22464 1
26683 38848 0
51259 14272 0
38971 26560 1
22587 42944 0
14395 51136 1
25659 39872 0
21563 43968 0
13371 52160 0
19515 46016 0
11323 54208 0
7227 58304 0
49723 15808 0
37435 28096 1
21051 44480 0
35387 30144 1
19003 46528 0
6715 58816 1
17979 47552 0
5691 59840 0
41275 24256 1
24891 40640 0
49467 16064 0
35131 30400 1
18747 46784 0
10555 54976 1
17723 47808 0
9531 56000 0
33595 31936 1
17211 48320 0
34999 30528 1
18615 46912 1
10423 55104 1
6327 59200 0
17591 47936 1
9399 56128 1
5303 60224 0
33463 32064 0
17079 48448 0
4791 60736 0
18619 46912 0
10427 55104 1
6331 59200 1
17595 47936 0
9403 56128 0
5307 60224 0
33467 32064 1
17083 48448 0
4795 60736 1
33207 32320 1
16823 48704 1
8631 56896 1
33211 32320 1
16827 48704 0
8635 56896 1
43069 22464 0
26685 38848 0
51261 14272 0
38973 26560 0
22589 42944 0
14397 51136 0
25661 39872 0
21565 43968 0
13373 52160 0
19517 46016 0
11325 54208 0
7229 58304 0
41533 24000 0
25149 40384 0
49725 15808 0
37437 28096 0
21053 44480 0
12861 52672 0
35389 30144 0
19005 46528 0
10813 54720 0
6717 58816 0
17981 47552 0
9789 55744 0
5693 59840 0
41277 24256 0
24893 40640 0
49469 16064 0
35133 30400 0
18749 46784 0
10557 54976 0
17725 47808 0
9533 56000 0
33597 31936 0
17213 48320 0
9021 56512 0
18621 46912 0
10429 55104 0
6333 59200 0
17597 47936 0
9405 56128 0
5309 60224 0
33469 32064 0
17085 48448 0
8893 56640 0
4797 60736 0
33213 32320 0
16829 48704 0
8637 56896 0
34935 30592 0
18551 46976 0
10359 55168 0
6263 59264 0
9335 56192 1
5239 60288 1
33399 32128 0
17015 48512 1
4727 60800 1
34939 30592 0
18555 46976 0
10363 55168 0
6267 59264 0
17531 48000 0
9339 56192 0
5243 60288 0
33403 32128 0
17019 48512 0
33143 32384 0
16759 48768 1
8567 56960 1
33147 32384 0
16763 48768 0
8571 56960 0
34941 30592 0
18557 46976 0
10365 55168 0
6269 59264 0
9341 56192 0
5245 60288 0
33405 32128 0
17021 48512 0
8829 56704 0
33149 32384 0
16765 48768 0
8573 56960 0
38230 10921 0
13654 19113 1
38230 19113 0
42326 6825 0
42326 19113 0
36182 12969 0
11606 21161 0
36182 21161 0
11606 37545 0
42326 21161 0
7510 25257 0
36182 25257 0
7510 41641 0
38230 25257 0
7510 49833 0
11606 49833 0
13654 49833 1
22870 9897 1
39254 9897 0
14678 18089 1
39254 18089 0
26966 5801 1
43350 5801 0
43350 18089 0
51542 5801 0
51542 9897 0
43350 21161 0
26966 37545 1
51542 12969 0
39254 25257 0
22870 41641 1
14678 49833 1
29014 3753 1
45398 3753 0
45398 18089 0
53590 3753 0
53590 9897 0
45398 19113 0
53590 10921 0
57686 3753 0
57686 5801 0
57686 6825 0
21334 11433 1
37718 11433 0
13142 19625 1
37718 19625 0
25430 7337 1
41814 7337 0
41814 19625 0
50006 7337 0
50006 11433 0
19286 13481 1
35670 13481 0
11094 21673 1
35670 21673 0
41814 21673 0
50006 13481 0
6998 25769 1
35670 25769 0
37718 25769 0
43350 21673 0
51542 13481 0
39254 25769 0
45398 19625 0
53590 11433 0
57686 7337 0
34646 14505 0
10070 22697 1
34646 22697 0
41814 22697 0
50006 14505 0
5974 26793 1
34646 26793 0
37718 26793 0
42326 22697 0
38230 26793 0
34646 28841 0
35670 28841 0
19286 45225 1
10070 53417 1
11094 53417 1
36182 28841 0
11606 53417 0
5974 57513 1
6998 57513 1
7510 57513 0
38486 10665 0
13910 18857 1
38486 18857 0
42582 6569 0
42582 18857 0
36438 12713 0
11862 20905 0
36438 20905 0
11862 37289 0
42582 20905 0
7766 25001 0
36438 25001 0
7766 41385 0
38486 25001 0
7766 49577 0
11862 49577 0
13910 49577 1
23126 9641 1
39510 9641 0
14934 17833 1
39510 17833 0
27222 5545 1
43606 5545 0
43606 17833 0
51798 5545 0
51798 9641 0
43606 20905 0
27222 37289 1
51798 12713 0
39510 25001 0
23126 41385 1
14934 49577 1
29270 3497 1
45654 3497 0
45654 17833 0
53846 3497 0
53846 9641 0
45654 18857 0
53846 10665 0
57942 3497 0
57942 5545 0
57942 6569 0
43606 21673 0
51798 13481 0
39510 25769 0
45654 19625 0
53846 11433 0
57942 7337 0
42582 22697 0
38486 26793 0
36438 28841 0
11862 53417 0
7766 57513 0
40022 9129 0
15446 17321 0
40022 17321 0
15446 33705 0
44118 5033 0
44118 17321 0
44118 20905 0
40022 25001 0
15446 49577 0
46166 2985 0
46166 17321 0
46166 18857 0
44118 21161 0
40022 25257 0
15446 49833 0
46166 19113 0
30806 1961 1
47190 1961 0
47190 17321 0
30806 33705 1
55382 1961 0
55382 9129 0
47190 17833 0
55382 9641 0
59478 1961 0
59478 5033 0
59478 5545 0
47190 18089 0
55382 9897 0
59478 5801 0
38102 11049 0
13526 19241 0
38102 19241 0
13526 35625 0
42198 6953 0
42198 19241 0
36054 13097 0
11478 21289 0
36054 21289 0
11478 37673 0
42198 21289 0
7382 25385 0
36054 25385 0
7382 41769 0
38102 25385 0
7382 49961 0
11478 49961 0
13526 49961 0
22742 10025 1
39126 10025 0
14550 18217 1
39126 18217 0
26838 5929 1
43222 5929 0
43222 18217 0
51414 5929 0
51414 10025 0
43222 21289 0
26838 37673 1
51414 13097 0
39126 25385 0
22742 41769 1
14550 49961 1
45270 18217 1
53462 10025 1
45270 19241 1
28886 35625 1
53462 11049 1
57558 5929 1
57558 6953 1
21206 11561 1
37590 11561 0
13014 19753 1
37590 19753 0
25302 7465 1
41686 7465 0
41686 19753 0
49878 7465 0
49878 11561 0
19158 13609 1
35542 13609 0
10966 21801 1
35542 21801 0
41686 21801 0
49878 13609 0
6870 25897 1
35542 25897 0
37590 25897 0
43222 21801 0
51414 13609 0
39126 25897 0
45270 19753 1
53462 11561 1
57558 7465 1
34518 14633 0
9942 22825 0
34518 22825 0
9942 39209 0
41686 22825 0
25302 39209 1
49878 14633 0
5846 26921 0
34518 26921 0
5846 43305 0
37590 26921 0
21206 43305 1
5846 51497 0
9942 51497 0
13014 51497 1
42198 22825 0
38102 26921 0
13526 51497 0
3798 28969 1
34518 28969 0
3798 45353 1
35542 28969 0
19158 45353 1
3798 53545 1
9942 53545 0
10966 53545 1
36054 28969 0
11478 53545 0
3798 57641 1
5846 57641 0
6870 57641 1
7382 57641 0
43606 21801 0
51798 13609 0
39510 25897 0
45654 19753 0
53846 11561 0
57942 7465 0
42582 22825 0
38486 26921 0
13910 51497 1
36438 28969 0
11862 53545 0
7766 57641 0
44118 21289 0
40022 25385 0
15446 49961 0
46166 19241 0
47190 18217 0
55382 10025 0
59478 5929 0
20950 11817 1
37334 11817 0
12758 20009 1
37334 20009 0
25046 7721 1
41430 7721 0
41430 20009 0
49622 7721 0
49622 11817 0
18902 13865 1
35286 13865 0
10710 22057 1
35286 22057 0
41430 22057 0
49622 13865 0
6614 26153 1
35286 26153 0
37334 26153 0
43222 22057 0
51414 13865 0
39126 26153 0
45270 20009 1
53462 11817 1
57558 7721 1
34262 14889 0
9686 23081 0
34262 23081 0
9686 39465 0
41430 23081 0
25046 39465 1
49622 14889 0
5590 27177 0
34262 27177 0
5590 43561 0
37334 27177 0
20950 43561 1
5590 51753 0
9686 51753 0
12758 51753 1
42198 23081 0
38102 27177 0
13526 51753 0
3542 29225 1
34262 29225 0
3542 45609 1
35286 29225 0
18902 45609 1
3542 53801 1
9686 53801 0
10710 53801 1
36054 29225 0
11478 53801 0
3542 57897 1
5590 57897 0
6614 57897 1
7382 57897 0
43350 22057 0
51542 13865 0
39254 26153 0
45398 20009 0
53590 11817 0
57686 7721 0
42326 23081 0
38230 27177 0
13654 51753 1
36182 29225 0
11606 53801 0
7510 57897 0
17366 15401 1
33750 15401 0
9174 23593 1
33750 23593 0
41430 23593 0
49622 15401 0
5078 27689 1
33750 27689 0
37334 27689 0
41686 23593 0
49878 15401 0
37590 27689 0
3030 29737 1
33750 29737 0
35286 29737 0
35542 29737 0
41814 23593 0
50006 15401 0
37718 27689 0
35670 29737 0
2006 30761 1
33750 30761 0
2006 47145 1
17366 47145 1
34262 30761 0
2006 55337 1
9174 55337 1
9686 55337 0
34518 30761 0
9942 55337 0
2006 59433 1
5078 59433 1
5590 59433 0
5846 59433 0
34646 30761 0
10070 55337 1
5974 59433 1
21910 10857 0
38294 10857 0
13718 19049 0
38294 19049 0
13718 35433 0
21910 35433 0
42390 19049 1
26006 35433 1
50582 10857 1
7574 25193 0
36246 25193 1
7574 41577 0
19862 41577 1
38294 25193 0
21910 41577 0
7574 49769 0
11670 49769 1
13718 49769 0
22934 9833 1
39318 9833 0
14742 18025 1
39318 18025 0
43414 18025 1
51606 9833 1
39318 25193 0
22934 41577 1
14742 49769 1
29078 3689 1
45462 3689 0
45462 18025 0
53654 3689 0
53654 9833 0
45462 19049 0
29078 35433 1
53654 10857 0
57750 3689 1
21398 11369 1
37782 11369 0
13206 19561 1
37782 19561 0
25494 7273 1
41878 7273 0
41878 19561 0
50070 7273 0
50070 11369 0
19350 13417 1
35734 13417 0
11158 21609 1
35734 21609 0
41878 21609 0
50070 13417 0
7062 25705 1
35734 25705 0
37782 25705 0
43414 21609 1
51606 13417 1
39318 25705 0
45462 19561 0
53654 11369 0
57750 7273 1
18326 14441 0
34710 14441 0
10134 22633 0
34710 22633 0
10134 39017 0
18326 39017 0
41878 22633 0
25494 39017 1
50070 14441 0
6038 26729 0
34710 26729 0
6038 43113 0
18326 43113 0
37782 26729 0
21398 43113 1
6038 51305 0
10134 51305 0
13206 51305 1
42390 22633 1
26006 39017 1
50582 14441 1
38294 26729 0
21910 43113 0
13718 51305 0
34710 28777 0
18326 45161 0
35734 28777 0
19350 45161 1
10134 53353 0
11158 53353 1
36246 28777 1
19862 45161 1
11670 53353 1
6038 57449 0
7062 57449 1
7574 57449 0
22166 10601 0
38550 10601 0
13974 18793 0
38550 18793 0
13974 35177 0
22166 35177 0
26262 6505 0
42646 6505 0
42646 18793 0
26262 35177 0
50838 6505 0
50838 10601 0
20118 12649 0
36502 12649 0
11926 20841 0
36502 20841 0
11926 37225 0
20118 37225 0
42646 20841 0
26262 37225 0
50838 12649 0
7830 24937 0
36502 24937 0
7830 41321 0
20118 41321 0
38550 24937 0
22166 41321 0
7830 49513 0
11926 49513 0
13974 49513 0
23190 9577 1
39574 9577 0
14998 17769 1
39574 17769 0
27286 5481 1
43670 5481 0
43670 17769 0
51862 5481 0
51862 9577 0
43670 20841 0
27286 37225 1
51862 12649 0
39574 24937 0
23190 41321 1
14998 49513 1
29334 3433 1
45718 3433 0
45718 17769 0
53910 3433 0
53910 9577 0
45718 18793 0
29334 35177 1
53910 10601 0
58006 3433 0
58006 5481 0
58006 6505 0
43670 21609 0
51862 13417 0
39574 25705 0
45718 19561 0
53910 11369 0
58006 7273 0
42646 22633 0
26262 39017 0
50838 14441 0
38550 26729 0
22166 43113 0
13974 51305 0
36502 28777 0
20118 45161 0
11926 53353 0
7830 57449 0
23702 9065 0
40086 9065 0
15510 17257 0
40086 17257 0
15510 33641 0
23702 33641 0
44182 17257 1
27798 33641 1
52374 9065 1
44182 20841 1
27798 37225 1
52374 12649 1
40086 24937 0
23702 41321 0
15510 49513 0
29846 2921 0
46230 2921 0
46230 17257 0
29846 33641 0
54422 2921 0
54422 9065 0
46230 18793 0
29846 35177 0
54422 10601 0
58518 2921 1
58518 6505 1
40086 25193 0
23702 41577 0
15510 49769 0
46230 19049 0
29846 35433 0
54422 10857 0
30870 1897 1
47254 1897 0
47254 17257 0
30870 33641 1
55446 1897 0
55446 9065 0
47254 17769 0
55446 9577 0
59542 1897 1
59542 5481 1
47254 18025 0
55446 9833 0
43670 21801 0
51862 13609 0
39574 25897 0
45718 19753 0
53910 11561 0
58006 7465 0
42646 22825 0
26262 39209 0
50838 14633 0
38550 26921 0
22166 43305 0
13974 51497 0
36502 28969 0
20118 45353 0
11926 53545 0
7830 57641 0
44182 21289 1
27798 37673 1
52374 13097 1
40086 25385 0
23702 41769 0
15510 49961 0
46230 19241 0
29846 35625 0
54422 11049 0
58518 6953 1
47254 18217 0
55446 10025 0
59542 5929 1
43414 22057 1
51606 13865 1
39318 26153 0
45462 20009 0
53654 11817 0
57750 7721 1
42390 23081 1
26006 39465 1
50582 14889 1
38294 27177 0
21910 43561 0
13718 51753 0
36246 29225 1
19862 45609 1
11670 53801 1
7574 57897 0
41878 23593 0
50070 15401 0
37782 27689 0
35734 29737 0
34710 30761 0
18326 47145 0
10134 55337 0
6038 59433 0
22294 10473 1
38678 10473 0
14102 18665 1
38678 18665 0
26390 6377 1
42774 6377 0
42774 18665 0
50966 6377 0
50966 10473 0
42774 20713 0
26390 37097 1
50966 12521 0
38678 24809 0
22294 41193 1
14102 49385 1
23318 9449 1
39702 9449 0
15126 17641 1
39702 17641 0
27414 5353 1
43798 5353 0
43798 17641 0
51990 5353 0
51990 9449 0
43798 20713 0
27414 37097 1
51990 12521 0
39702 24809 0
23318 41193 1
15126 49385 1
29462 3305 1
45846 3305 0
45846 17641 0
54038 3305 0
54038 9449 0
45846 18665 0
54038 10473 0
58134 3305 0
58134 5353 0
58134 6377 0
43798 21609 0
51990 13417 0
39702 25705 0
45846 19561 0
54038 11369 0
58134 7273 0
42774 22633 0
26390 39017 1
50966 14441 0
38678 26729 0
22294 43113 1
14102 51305 1
23830 8937 0
40214 8937 0
15638 17129 0
40214 17129 0
15638 33513 0
23830 33513 0
44310 17129 1
27926 33513 1
52502 8937 1
44310 20713 1
27926 37097 1
52502 12521 1
40214 24809 0
23830 41193 0
15638 49385 0
29974 2793 1
46358 2793 0
46358 17129 0
29974 33513 1
54550 2793 0
54550 8937 0
46358 18665 0
54550 10473 0
58646 2793 1
58646 6377 1
40214 25193 0
23830 41577 0
15638 49769 0
46358 19049 0
29974 35433 1
54550 10857 0
30998 1769 1
47382 1769 0
47382 17129 0
30998 33513 1
55574 1769 0
55574 8937 0
47382 17641 0
55574 9449 0
59670 1769 1
59670 5353 1
47382 18025 0
55574 9833 0
43798 21673 0
51990 13481 0
39702 25769 0
45846 19625 0
54038 11433 0
58134 7337 0
42774 22697 0
50966 14505 0
38678 26793 0
44310 21161 1
27926 37545 1
52502 12969 1
40214 25257 0
23830 41641 0
15638 49833 0
46358 19113 0
54550 10921 0
58646 6825 1
47382 18089 0
55574 9897 0
59670 5801 1
24086 8681 0
40470 8681 0
15894 16873 0
40470 16873 0
15894 33257 0
24086 33257 0
28182 4585 0
44566 4585 0
44566 16873 0
28182 33257 0
52758 4585 0
52758 8681 0
44566 20713 0
28182 37097 0
52758 12521 0
40470 24809 0
24086 41193 0
15894 49385 0
30230 2537 1
46614 2537 0
46614 16873 0
30230 33257 1
54806 2537 0
54806 8681 0
46614 18665 0
54806 10473 0
58902 2537 0
58902 4585 0
58902 6377 0
44566 20841 0
28182 37225 0
52758 12649 0
40470 24937 0
24086 41321 0
15894 49513 0
46614 18793 0
30230 35177 1
54806 10601 0
58902 6505 0
31254 1513 1
47638 1513 0
47638 16873 0
31254 33257 1
55830 1513 0
55830 8681 0
47638 17641 0
55830 9449 0
59926 1513 0
59926 4585 0
59926 5353 0
47638 17769 0
55830 9577 0
59926 5481 0
44566 20905 0
28182 37289 0
52758 12713 0
40470 25001 0
24086 41385 0
15894 49577 0
46614 18857 0
54806 10665 0
58902 6569 0
47638 17833 0
55830 9641 0
59926 5545 0
31766 1001 0
48150 1001 0
48150 16873 0
31766 33257 0
56342 1001 0
56342 8681 0
48150 17129 0
31766 33513 0
56342 8937 0
60438 1001 1
60438 4585 1
48150 17257 0
31766 33641 0
56342 9065 0
48150 17321 0
31766 33705 0
56342 9129 0
60438 5033 1
21814 10953 1
38198 10953 0
13622 19145 1
38198 19145 0
42294 19145 1
50486 10953 1
7478 25289 0
36150 25289 1
7478 41673 0
19766 41673 1
38198 25289 0
21814 41673 1
7478 49865 0
11574 49865 1
13622 49865 1
22838 9929 0
39222 9929 0
14646 18121 0
39222 18121 0
14646 34505 0
22838 34505 0
43318 18121 1
26934 34505 1
51510 9929 1
39222 25289 0
22838 41673 0
14646 49865 0
28982 3785 1
45366 3785 0
45366 18121 0
28982 34505 1
53558 3785 0
53558 9929 0
45366 19145 0
53558 10953 0
57654 3785 1
21302 11465 1
37686 11465 0
37686 19657 0
49974 7369 0
49974 11465 0
19254 13513 0
35638 13513 0
35638 21705 0
19254 38089 0
49974 13513 0
6966 25801 0
35638 25801 0
6966 42185 0
19254 42185 0
37686 25801 0
21302 42185 1
6966 50377 0
43318 21705 1
26934 38089 1
51510 13513 1
39222 25801 0
22838 42185 0
14646 50377 0
45366 19657 0
53558 11465 0
57654 7369 1
18230 14537 1
34614 14537 0
34614 22729 0
49974 14537 0
5942 26825 1
34614 26825 0
37686 26825 0
42294 22729 1
50486 14537 1
38198 26825 0
34614 28873 0
18230 45257 1
35638 28873 0
19254 45257 0
36150 28873 1
19766 45257 1
11574 53449 1
5942 57545 1
6966 57545 0
7478 57545 0
22070 10697 1
38454 10697 0
38454 18889 0
50742 6601 0
50742 10697 0
20022 12745 0
36406 12745 0
36406 20937 0
20022 37321 0
50742 12745 0
7734 25033 0
36406 25033 0
7734 41417 0
20022 41417 0
38454 25033 0
22070 41417 1
7734 49609 0
23094 9673 0
39478 9673 0
39478 17865 0
23094 34249 0
51766 5577 0
51766 9673 0
51766 12745 0
39478 25033 0
23094 41417 0
53814 3529 0
53814 9673 0
53814 10697 0
51766 13513 0
39478 25801 0
23094 42185 0
53814 11465 0
50742 14537 0
38454 26825 0
36406 28873 0
20022 45257 0
7734 57545 0
23606 9161 0
39990 9161 0
15414 17353 0
39990 17353 0
15414 33737 0
23606 33737 0
44086 17353 1
27702 33737 1
52278 9161 1
44086 20937 1
27702 37321 1
52278 12745 1
39990 25033 0
23606 41417 0
15414 49609 0
29750 3017 1
46134 3017 0
46134 17353 0
29750 33737 1
54326 3017 0
54326 9161 0
46134 18889 0
54326 10697 0
58422 3017 1
58422 6601 1
39990 25289 0
23606 41673 0
15414 49865 0
46134 19145 0
54326 10953 0
30774 1993 0
47158 1993 0
47158 17353 0
30774 33737 0
55350 1993 0
55350 9161 0
47158 17865 0
30774 34249 0
55350 9673 0
59446 1993 1
59446 5577 1
47158 18121 0
30774 34505 0
55350 9929 0
21686 11081 0
38070 11081 0
13494 19273 0
38070 19273 0
13494 35657 0
21686 35657 0
42166 19273 1
25782 35657 1
50358 11081 1
7350 25417 0
36022 25417 1
7350 41801 0
19638 41801 1
38070 25417 0
21686 41801 0
7350 49993 0
11446 49993 1
13494 49993 0
22710 10057 0
39094 10057 0
14518 18249 0
39094 18249 0
14518 34633 0
22710 34633 0
43190 18249 1
26806 34633 1
51382 10057 1
39094 25417 0
22710 41801 0
14518 49993 0
45238 18249 1
28854 34633 1
53430 10057 1
45238 19273 1
28854 35657 1
53430 11081 1
21174 11593 0
37558 11593 0
37558 19785 0
21174 36169 0
49846 7497 0
49846 11593 0
19126 13641 0
35510 13641 0
35510 21833 0
19126 38217 0
49846 13641 0
6838 25929 0
35510 25929 0
6838 42313 0
19126 42313 0
37558 25929 0
21174 42313 0
6838 50505 0
43190 21833 1
26806 38217 1
51382 13641 1
39094 25929 0
22710 42313 0
14518 50505 0
45238 19785 1
28854 36169 1
53430 11593 1
57526 7497 1
18102 14665 0
34486 14665 0
34486 22857 0
18102 39241 0
49846 14665 0
5814 26953 0
34486 26953 0
5814 43337 0
18102 43337 0
37558 26953 0
21174 43337 0
5814 51529 0
42166 22857 1
25782 39241 1
50358 14665 1
38070 26953 0
21686 43337 0
13494 51529 0
3766 29001 1
34486 29001 0
3766 45385 1
18102 45385 0
35510 29001 0
19126 45385 0
3766 53577 1
36022 29001 1
19638 45385 1
11446 53577 1
3766 57673 1
5814 57673 0
6838 57673 0
7350 57673 0
51766 13641 0
39478 25929 0
23094 42313 0
53814 11593 0
50742 14665 0
38454 26953 0
22070 43337 1
36406 29001 0
20022 45385 0
7734 57673 0
39990 25417 0
23606 41801 0
15414 49993 0
46134 19273 0
29750 35657 1
54326 11081 0
47158 18249 0
30774 34633 0
55350 10057 0
20918 11849 0
37302 11849 0
12726 20041 0
37302 20041 0
12726 36425 0
20918 36425 0
41398 20041 1
25014 36425 1
49590 11849 1
6582 26185 0
35254 26185 1
6582 42569 0
18870 42569 1
37302 26185 0
20918 42569 0
6582 50761 0
10678 50761 1
12726 50761 0
39094 26185 0
22710 42569 0
14518 50761 0
45238 20041 1
28854 36425 1
53430 11849 1
5558 27209 0
34230 27209 1
5558 43593 0
17846 43593 1
37302 27209 0
20918 43593 0
5558 51785 0
9654 51785 1
12726 51785 0
38070 27209 0
21686 43593 0
13494 51785 0
3510 57929 1
5558 57929 0
6582 57929 0
7350 57929 0
39222 26185 0
22838 42569 0
14646 50761 0
45366 20041 0
28982 36425 1
53558 11849 0
38198 27209 0
21814 43593 1
13622 51785 1
7478 57929 0
17334 15433 0
33718 15433 0
33718 23625 0
17334 40009 0
41398 23625 1
25014 40009 1
49590 15433 1
5046 27721 0
33718 27721 0
5046 44105 0
17334 44105 0
37302 27721 0
20918 44105 0
5046 52297 0
12726 52297 0
49846 15433 0
37558 27721 0
21174 44105 0
2998 29769 1
33718 29769 0
2998 46153 1
17334 46153 0
35254 29769 1
18870 46153 1
2998 54345 1
10678 54345 1
35510 29769 0
19126 46153 0
2998 58441 1
5046 58441 0
6582 58441 0
6838 58441 0
49974 15433 0
37686 27721 0
21302 44105 1
35638 29769 0
19254 46153 0
6966 58441 0
1974 30793 1
33718 30793 0
1974 47177 1
17334 47177 0
34230 30793 1
17846 47177 1
1974 55369 1
9654 55369 1
34486 30793 0
18102 47177 0
1974 59465 1
5046 59465 0
5558 59465 0
5814 59465 0
34614 30793 0
18230 47177 1
5942 59465 1
43670 21833 0
27286 38217 1
51862 13641 0
39574 25929 0
23190 42313 1
14998 50505 1
45718 19785 0
29334 36169 1
53910 11593 0
58006 7497 0
42646 22857 0
26262 39241 0
50838 14665 0
38550 26953 0
22166 43337 0
13974 51529 0
36502 29001 0
20118 45385 0
11926 53577 0
7830 57673 0
40086 25417 0
23702 41801 0
15510 49993 0
46230 19273 0
29846 35657 0
54422 11081 0
47254 18249 0
30870 34633 1
55446 10057 0
39318 26185 0
22934 42569 1
14742 50761 1
45462 20041 0
29078 36425 1
53654 11849 0
38294 27209 0
21910 43593 0
13718 51785 0
7574 57929 0
41878 23625 0
25494 40009 1
50070 15433 0
37782 27721 0
21398 44105 1
13206 52297 1
35734 29769 0
19350 46153 1
11158 54345 1
7062 58441 1
34710 30793 0
18326 47177 0
10134 55369 0
6038 59465 0
43798 21705 0
27414 38089 1
51990 13513 0
39702 25801 0
23318 42185 1
15126 50377 1
45846 19657 0
54038 11465 0
58134 7369 0
42774 22729 0
50966 14537 0
38678 26825 0
40214 25289 0
23830 41673 0
15638 49865 0
46358 19145 0
54550 10953 0
47382 18121 0
30998 34505 1
55574 9929 0
44566 20937 0
28182 37321 0
52758 12745 0
40470 25033 0
24086 41417 0
15894 49609 0
46614 18889 0
54806 10697 0
58902 6601 0
47638 17865 0
31254 34249 1
55830 9673 0
59926 5577 0
48150 17353 0
31766 33737 0
56342 9161 0
38006 11145 0
13430 19337 1
38006 19337 0
42102 7049 0
42102 19337 0
35958 13193 0
11382 21385 0
35958 21385 0
11382 37769 0
42102 21385 0
7286 25481 0
35958 25481 0
7286 41865 0
38006 25481 0
7286 50057 0
11382 50057 0
13430 50057 1
22646 10121 0
39030 10121 0
14454 18313 0
39030 18313 0
14454 34697 0
22646 34697 0
26742 6025 0
43126 6025 0
43126 18313 0
26742 34697 0
51318 6025 0
51318 10121 0
43126 21385 0
26742 37769 0
51318 13193 0
39030 25481 0
22646 41865 0
14454 50057 0
45174 18313 1
28790 34697 1
53366 10121 1
45174 19337 1
53366 11145 1
57462 6025 1
57462 7049 1
21110 11657 1
37494 11657 0
37494 19849 0
49782 7561 0
49782 11657 0
19062 13705 0
35446 13705 0
35446 21897 0
19062 38281 0
49782 13705 0
6774 25993 0
35446 25993 0
6774 42377 0
19062 42377 0
37494 25993 0
21110 42377 1
6774 50569 0
43126 21897 0
26742 38281 0
51318 13705 0
39030 25993 0
22646 42377 0
14454 50569 0
45174 19849 1
53366 11657 1
57462 7561 1
34422 14729 0
34422 22921 0
49782 14729 0
5750 27017 1
34422 27017 0
37494 27017 0
42102 22921 0
38006 27017 0
3702 29065 1
34422 29065 0
3702 45449 1
35446 29065 0
19062 45449 0
3702 53641 1
35958 29065 0
11382 53641 0
3702 57737 1
5750 57737 1
6774 57737 0
7286 57737 0
51766 13705 0
39478 25993 0
23094 42377 0
53814 11657 0
50742 14729 0
38454 27017 0
36406 29065 0
20022 45449 0
7734 57737 0
44086 21385 1
27702 37769 1
52278 13193 1
39990 25481 0
23606 41865 0
15414 50057 0
46134 19337 0
54326 11145 0
58422 7049 1
47158 18313 0
30774 34697 0
55350 10121 0
59446 6025 1
20854 11913 1
37238 11913 0
12662 20105 1
37238 20105 0
24950 7817 1
41334 7817 0
41334 20105 0
49526 7817 0
49526 11913 0
18806 13961 0
35190 13961 0
10614 22153 0
35190 22153 0
10614 38537 0
18806 38537 0
41334 22153 0
24950 38537 1
49526 13961 0
6518 26249 0
35190 26249 0
6518 42633 0
18806 42633 0
37238 26249 0
20854 42633 1
6518 50825 0
10614 50825 0
12662 50825 1
43126 22153 0
26742 38537 0
51318 13961 0
39030 26249 0
22646 42633 0
14454 50825 0
45174 20105 1
53366 11913 1
57462 7817 1
34166 14985 0
9590 23177 1
34166 23177 0
41334 23177 0
49526 14985 0
5494 27273 1
34166 27273 0
37238 27273 0
42102 23177 0
38006 27273 0
3446 29321 1
34166 29321 0
3446 45705 1
35190 29321 0
18806 45705 0
3446 53897 1
9590 53897 1
10614 53897 0
35958 29321 0
11382 53897 0
3446 57993 1
5494 57993 1
6518 57993 0
7286 57993 0
43318 22153 1
26934 38537 1
51510 13961 1
39222 26249 0
22838 42633 0
14646 50825 0
45366 20105 0
53558 11913 0
57654 7817 1
42294 23177 1
50486 14985 1
38198 27273 0
36150 29321 1
19766 45705 1
11574 53897 1
7478 57993 0
17270 15497 1
33654 15497 0
33654 23689 0
41334 23689 0
49526 15497 0
4982 27785 1
33654 27785 0
37238 27785 0
49782 15497 0
37494 27785 0
2934 29833 1
33654 29833 0
2934 46217 1
17270 46217 1
35190 29833 0
18806 46217 0
2934 54409 1
10614 54409 0
35446 29833 0
19062 46217 0
2934 58505 1
4982 58505 1
6518 58505 0
6774 58505 0
49974 15497 0
37686 27785 0
35638 29833 0
19254 46217 0
6966 58505 0
1910 30857 1
33654 30857 0
34166 30857 0
34422 30857 0
34614 30857 0
43606 21897 0
27222 38281 1
51798 13705 0
39510 25993 0
23126 42377 1
14934 50569 1
45654 19849 0
53846 11657 0
57942 7561 0
42582 22921 0
38486 27017 0
36438 29065 0
11862 53641 0
7766 57737 0
44118 21385 0
40022 25481 0
15446 50057 0
46166 19337 0
47190 18313 0
30806 34697 1
55382 10121 0
59478 6025 0
43350 22153 0
26966 38537 1
51542 13961 0
39254 26249 0
22870 42633 1
14678 50825 1
45398 20105 0
53590 11913 0
57686 7817 0
42326 23177 0
38230 27273 0
36182 29321 0
11606 53897 0
7510 57993 0
41814 23689 0
50006 15497 0
37718 27785 0
35670 29833 0
19286 46217 1
11094 54409 1
6998 58505 1
34646 30857 0
43126 22281 0
26742 38665 0
51318 14089 0
39030 26377 0
22646 42761 0
14454 50953 0
42102 23305 0
38006 27401 0
13430 51977 1
35958 29449 0
11382 54025 0
7286 58121 0
43190 22281 1
26806 38665 1
51382 14089 1
39094 26377 0
22710 42761 0
14518 50953 0
42166 23305 1
25782 39689 1
50358 15113 1
38070 27401 0
21686 43785 0
13494 51977 0
36022 29449 1
19638 45833 1
11446 54025 1
7350 58121 0
49782 15625 0
37494 27913 0
21110 44297 1
35446 29961 0
19062 46345 0
6774 58633 0
49846 15625 0
37558 27913 0
21174 44297 0
35510 29961 0
19126 46345 0
6838 58633 0
34422 30985 0
5750 59657 1
34486 30985 0
18102 47369 0
5814 59657 0
43222 22281 0
26838 38665 1
51414 14089 0
39126 26377 0
22742 42761 1
14550 50953 1
42198 23305 0
38102 27401 0
13526 51977 0
36054 29449 0
11478 54025 0
7382 58121 0
41686 23817 0
25302 40201 1
49878 15625 0
37590 27913 0
21206 44297 1
13014 52489 1
35542 29961 0
19158 46345 1
10966 54537 1
6870 58633 1
34518 30985 0
9942 55561 0
5846 59657 0
41334 24073 0
24950 40457 1
49526 15881 0
37238 28169 0
20854 44553 1
12662 52745 1
35190 30217 0
18806 46601 0
10614 54793 0
6518 58889 0
41398 24073 1
25014 40457 1
49590 15881 1
37302 28169 0
20918 44553 0
12726 52745 0
35254 30217 1
18870 46601 1
10678 54793 1
6582 58889 0
34166 31241 0
9590 55817 1
5494 59913 1
34230 31241 1
17846 47625 1
9654 55817 1
5558 59913 0
41430 24073 0
25046 40457 1
49622 15881 0
37334 28169 0
20950 44553 1
12758 52745 1
35286 30217 0
18902 46601 1
10710 54793 1
6614 58889 1
34262 31241 0
9686 55817 0
5590 59913 0
33654 31753 0
17270 48137 1
4982 60425 1
33718 31753 0
17334 48137 0
5046 60425 0
33750 31753 0
17366 48137 1
9174 56329 1
5078 60425 1
38246 10905 0
13670 19097 1
38246 19097 0
42342 6809 0
42342 19097 0
36198 12953 0
11622 21145 0
36198 21145 0
11622 37529 0
42342 21145 0
7526 25241 0
36198 25241 0
7526 41625 0
38246 25241 0
7526 49817 0
11622 49817 0
13670 49817 1
22886 9881 0
39270 9881 0
14694 18073 0
39270 18073 0
14694 34457 0
22886 34457 0
26982 5785 0
43366 5785 0
43366 18073 0
26982 34457 0
51558 5785 0
51558 9881 0
43366 21145 0
26982 37529 0
51558 12953 0
39270 25241 0
22886 41625 0
14694 49817 0
29030 3737 1
45414 3737 0
45414 18073 0
29030 34457 1
53606 3737 0
53606 9881 0
45414 19097 0
53606 10905 0
57702 3737 0
57702 5785 0
57702 6809 0
21350 11417 1
37734 11417 0
37734 19609 0
50022 7321 0
50022 11417 0
19302 13465 0
35686 13465 0
35686 21657 0
19302 38041 0
50022 13465 0
7014 25753 0
35686 25753 0
7014 42137 0
19302 42137 0
37734 25753 0
21350 42137 1
7014 50329 0
43366 21657 0
26982 38041 0
51558 13465 0
39270 25753 0
22886 42137 0
14694 50329 0
45414 19609 0
53606 11417 0
57702 7321 0
34662 14489 0
34662 22681 0
50022 14489 0
5990 26777 1
34662 26777 0
37734 26777 0
42342 22681 0
38246 26777 0
34662 28825 0
35686 28825 0
19302 45209 0
36198 28825 0
11622 53401 0
5990 57497 1
7014 57497 0
7526 57497 0
38502 10649 0
38502 18841 0
7782 24985 0
36454 24985 1
7782 41369 0
38502 24985 0
7782 49561 0
23142 9625 0
39526 9625 0
39526 17817 0
23142 34201 0
51814 9625 1
39526 24985 0
23142 41369 0
53862 3481 0
53862 9625 0
53862 10649 0
51814 13465 1
39526 25753 0
23142 42137 0
53862 11417 0
38502 26777 0
36454 28825 1
7782 57497 0
40038 9113 0
15462 17305 0
40038 17305 0
15462 33689 0
44134 17305 1
40038 24985 0
15462 49561 0
46182 2969 0
46182 17305 0
46182 18841 0
44134 21145 1
40038 25241 0
15462 49817 0
46182 19097 0
30822 1945 0
47206 1945 0
47206 17305 0
30822 33689 0
55398 1945 0
55398 9113 0
47206 17817 0
30822 34201 0
55398 9625 0
59494 1945 1
47206 18073 0
30822 34457 0
55398 9881 0
59494 5785 1
38118 11033 0
13542 19225 0
38118 19225 0
13542 35609 0
42214 19225 1
7398 25369 0
36070 25369 1
7398 41753 0
38118 25369 0
7398 49945 0
11494 49945 1
13542 49945 0
22758 10009 0
39142 10009 0
14566 18201 0
39142 18201 0
14566 34585 0
22758 34585 0
43238 18201 1
26854 34585 1
51430 10009 1
39142 25369 0
22758 41753 0
14566 49945 0
45286 18201 1
28902 34585 1
53478 10009 1
45286 19225 1
28902 35609 1
53478 11033 1
21222 11545 0
37606 11545 0
37606 19737 0
21222 36121 0
49894 11545 1
6886 25881 0
35558 25881 1
6886 42265 0
19174 42265 1
37606 25881 0
21222 42265 0
6886 50457 0
39142 25881 0
22758 42265 0
14566 50457 0
45286 19737 1
28902 36121 1
53478 11545 1
5862 26905 0
34534 26905 1
5862 43289 0
37606 26905 0
21222 43289 0
5862 51481 0
38118 26905 0
13542 51481 0
3814 57625 1
5862 57625 0
6886 57625 0
7398 57625 0
39526 25881 0
23142 42265 0
53862 11545 0
38502 26905 0
7782 57625 0
40038 25369 0
15462 49945 0
46182 19225 0
47206 18201 0
30822 34585 0
55398 10009 0
20966 11801 0
37350 11801 0
12774 19993 0
37350 19993 0
12774 36377 0
20966 36377 0
25062 7705 0
41446 7705 0
41446 19993 0
25062 36377 0
49638 7705 0
49638 11801 0
18918 13849 0
35302 13849 0
10726 22041 0
35302 22041 0
10726 38425 0
18918 38425 0
41446 22041 0
25062 38425 0
49638 13849 0
6630 26137 0
35302 26137 0
6630 42521 0
18918 42521 0
37350 26137 0
20966 42521 0
6630 50713 0
10726 50713 0
12774 50713 0
43238 22041 1
26854 38425 1
51430 13849 1
39142 26137 0
22758 42521 0
14566 50713 0
45286 19993 1
28902 36377 1
53478 11801 1
57574 7705 1
34278 14873 0
9702 23065 0
34278 23065 0
9702 39449 0
41446 23065 0
25062 39449 0
49638 14873 0
5606 27161 0
34278 27161 0
5606 43545 0
37350 27161 0
20966 43545 0
5606 51737 0
9702 51737 0
12774 51737 0
42214 23065 1
38118 27161 0
13542 51737 0
3558 29209 1
34278 29209 0
3558 45593 1
35302 29209 0
18918 45593 0
3558 53785 1
9702 53785 0
10726 53785 0
36070 29209 1
11494 53785 1
3558 57881 1
5606 57881 0
6630 57881 0
7398 57881 0
43366 22041 0
26982 38425 0
51558 13849 0
39270 26137 0
22886 42521 0
14694 50713 0
45414 19993 0
29030 36377 1
53606 11801 0
57702 7705 0
42342 23065 0
38246 27161 0
13670 51737 1
36198 29209 0
11622 53785 0
7526 57881 0
17382 15385 0
33766 15385 0
33766 23577 0
17382 39961 0
41446 23577 0
25062 39961 0
49638 15385 0
5094 27673 0
33766 27673 0
5094 44057 0
17382 44057 0
37350 27673 0
20966 44057 0
5094 52249 0
12774 52249 0
49894 15385 1
37606 27673 0
21222 44057 0
3046 29721 1
33766 29721 0
3046 46105 1
17382 46105 0
35302 29721 0
18918 46105 0
3046 54297 1
10726 54297 0
35558 29721 1
19174 46105 1
3046 58393 1
5094 58393 0
6630 58393 0
6886 58393 0
50022 15385 0
37734 27673 0
21350 44057 1
35686 29721 0
19302 46105 0
7014 58393 0
2022 30745 1
33766 30745 0
2022 47129 1
17382 47129 0
34278 30745 0
2022 55321 1
9702 55321 0
34534 30745 1
2022 59417 1
5094 59417 0
5606 59417 0
5862 59417 0
34662 30745 0
5990 59417 1
21926 10841 0
38310 10841 0
13734 19033 0
38310 19033 0
13734 35417 0
21926 35417 0
42406 19033 1
26022 35417 1
50598 10841 1
7590 25177 0
36262 25177 1
7590 41561 0
19878 41561 1
38310 25177 0
21926 41561 0
7590 49753 0
11686 49753 1
13734 49753 0
22950 9817 0
39334 9817 0
14758 18009 0
39334 18009 0
14758 34393 0
22950 34393 0
43430 18009 1
27046 34393 1
51622 9817 1
39334 25177 0
22950 41561 0
14758 49753 0
29094 3673 0
45478 3673 0
45478 18009 0
29094 34393 0
53670 3673 0
53670 9817 0
45478 19033 0
29094 35417 0
53670 10841 0
57766 3673 1
21414 11353 0
37798 11353 0
37798 19545 0
21414 35929 0
50086 7257 0
50086 11353 0
19366 13401 0
35750 13401 0
35750 21593 0
19366 37977 0
50086 13401 0
7078 25689 0
35750 25689 0
7078 42073 0
19366 42073 0
37798 25689 0
21414 42073 0
7078 50265 0
43430 21593 1
27046 37977 1
51622 13401 1
39334 25689 0
22950 42073 0
14758 50265 0
45478 19545 0
29094 35929 0
53670 11353 0
57766 7257 1
18342 14425 0
34726 14425 0
34726 22617 0
18342 39001 0
50086 14425 0
6054 26713 0
34726 26713 0
6054 43097 0
18342 43097 0
37798 26713 0
21414 43097 0
6054 51289 0
42406 22617 1
26022 39001 1
50598 14425 1
38310 26713 0
21926 43097 0
13734 51289 0
34726 28761 0
18342 45145 0
35750 28761 0
19366 45145 0
36262 28761 1
19878 45145 1
11686 53337 1
6054 57433 0
7078 57433 0
7590 57433 0
22182 10585 0
38566 10585 0
38566 18777 0
22182 35161 0
50854 10585 1
7846 24921 0
36518 24921 1
7846 41305 0
20134 41305 1
38566 24921 0
22182 41305 0
7846 49497 0
23206 9561 0
39590 9561 0
39590 17753 0
23206 34137 0
51878 9561 1
39590 24921 0
23206 41305 0
53926 3417 0
53926 9561 0
53926 10585 0
51878 13401 1
39590 25689 0
23206 42073 0
53926 11353 0
50854 14425 1
38566 26713 0
22182 43097 0
36518 28761 1
20134 45145 1
7846 57433 0
23718 9049 0
40102 9049 0
15526 17241 0
40102 17241 0
15526 33625 0
23718 33625 0
44198 17241 1
27814 33625 1
52390 9049 1
40102 24921 0
23718 41305 0
15526 49497 0
29862 2905 0
46246 2905 0
46246 17241 0
29862 33625 0
54438 2905 0
54438 9049 0
46246 18777 0
29862 35161 0
54438 10585 0
58534 2905 1
40102 25177 0
23718 41561 0
15526 49753 0
46246 19033 0
29862 35417 0
54438 10841 0
30886 1881 0
47270 1881 0
47270 17241 0
30886 33625 0
55462 1881 0
55462 9049 0
47270 17753 0
30886 34137 0
55462 9561 0
59558 1881 1
47270 18009 0
30886 34393 0
55462 9817 0
39590 25881 0
23206 42265 0
53926 11545 0
38566 26905 0
22182 43289 0
7846 57625 0
40102 25369 0
23718 41753 0
15526 49945 0
46246 19225 0
29862 35609 0
54438 11033 0
47270 18201 0
30886 34585 0
55462 10009 0
43430 22041 1
27046 38425 1
51622 13849 1
39334 26137 0
22950 42521 0
14758 50713 0
45478 19993 0
29094 36377 0
53670 11801 0
57766 7705 1
42406 23065 1
26022 39449 1
50598 14873 1
38310 27161 0
21926 43545 0
13734 51737 0
36262 29209 1
19878 45593 1
11686 53785 1
7590 57881 0
50086 15385 0
37798 27673 0
21414 44057 0
35750 29721 0
19366 46105 0
7078 58393 0
34726 30745 0
18342 47129 0
6054 59417 0
22310 10457 1
38694 10457 0
38694 18649 0
50982 6361 0
50982 10457 0
50982 12505 0
38694 24793 0
22310 41177 1
23334 9433 0
39718 9433 0
39718 17625 0
23334 34009 0
52006 5337 0
52006 9433 0
52006 12505 0
39718 24793 0
23334 41177 0
54054 3289 0
54054 9433 0
54054 10457 0
52006 13401 0
39718 25689 0
23334 42073 0
54054 11353 0
50982 14425 0
38694 26713 0
22310 43097 1
23846 8921 0
40230 8921 0
15654 17113 0
40230 17113 0
15654 33497 0
23846 33497 0
44326 17113 1
27942 33497 1
52518 8921 1
44326 20697 1
27942 37081 1
52518 12505 1
40230 24793 0
23846 41177 0
15654 49369 0
29990 2777 1
46374 2777 0
46374 17113 0
29990 33497 1
54566 2777 0
54566 8921 0
46374 18649 0
54566 10457 0
58662 2777 1
58662 6361 1
40230 25177 0
23846 41561 0
15654 49753 0
46374 19033 0
29990 35417 1
54566 10841 0
31014 1753 0
47398 1753 0
47398 17113 0
31014 33497 0
55590 1753 0
55590 8921 0
47398 17625 0
31014 34009 0
55590 9433 0
59686 1753 1
59686 5337 1
47398 18009 0
31014 34393 0
55590 9817 0
52006 13465 0
39718 25753 0
23334 42137 0
54054 11417 0
50982 14489 0
38694 26777 0
44326 21145 1
27942 37529 1
52518 12953 1
40230 25241 0
23846 41625 0
15654 49817 0
46374 19097 0
54566 10905 0
58662 6809 1
47398 18073 0
31014 34457 0
55590 9881 0
59686 5785 1
24102 8665 0
40486 8665 0
40486 16857 0
24102 33241 0
52774 8665 1
52774 12505 1
40486 24793 0
24102 41177 0
54822 2521 0
54822 8665 0
54822 10457 0
40486 24921 0
24102 41305 0
54822 10585 0
55846 1497 0
55846 8665 0
55846 9433 0
55846 9561 0
40486 24985 0
24102 41369 0
54822 10649 0
55846 9625 0
31782 985 0
48166 985 0
48166 16857 0
31782 33241 0
56358 985 0
56358 8665 0
48166 17113 0
31782 33497 0
56358 8921 0
60454 985 1
48166 17241 0
31782 33625 0
56358 9049 0
48166 17305 0
31782 33689 0
56358 9113 0
51878 13641 1
39590 25929 0
23206 42313 0
53926 11593 0
50854 14665 1
38566 26953 0
22182 43337 0
36518 29001 1
20134 45385 1
7846 57673 0
40102 25417 0
23718 41801 0
15526 49993 0
46246 19273 0
29862 35657 0
54438 11081 0
47270 18249 0
30886 34633 0
55462 10057 0
39334 26185 0
22950 42569 0
14758 50761 0
45478 20041 0
29094 36425 0
53670 11849 0
38310 27209 0
21926 43593 0
13734 51785 0
7590 57929 0
50086 15433 0
37798 27721 0
21414 44105 0
35750 29769 0
19366 46153 0
7078 58441 0
34726 30793 0
18342 47177 0
6054 59465 0
52006 13513 0
39718 25801 0
23334 42185 0
54054 11465 0
50982 14537 0
38694 26825 0
40230 25289 0
23846 41673 0
15654 49865 0
46374 19145 0
54566 10953 0
47398 18121 0
31014 34505 0
55590 9929 0
52774 12745 1
40486 25033 0
24102 41417 0
54822 10697 0
55846 9673 0
48166 17353 0
31782 33737 0
56358 9161 0
51814 13705 1
39526 25993 0
23142 42377 0
53862 11657 0
38502 27017 0
36454 29065 1
7782 57737 0
44134 21385 1
40038 25481 0
15462 50057 0
46182 19337 0
47206 18313 0
30822 34697 0
55398 10121 0
59494 6025 1
43366 22153 0
26982 38537 0
51558 13961 0
39270 26249 0
22886 42633 0
14694 50825 0
45414 20105 0
53606 11913 0
57702 7817 0
42342 23177 0
38246 27273 0
36198 29321 0
11622 53897 0
7526 57993 0
50022 15497 0
37734 27785 0
35686 29833 0
19302 46217 0
7014 58505 0
34662 30857 0
43238 22281 1
26854 38665 1
51430 14089 1
39142 26377 0
22758 42761 0
14566 50953 0
42214 23305 1
38118 27401 0
13542 51977 0
36070 29449 1
11494 54025 1
7398 58121 0
49894 15625 1
37606 27913 0
21222 44297 0
35558 29961 1
19174 46345 1
6886 58633 0
34534 30985 1
5862 59657 0
41446 24073 0
25062 40457 0
49638 15881 0
37350 28169 0
20966 44553 0
12774 52745 0
35302 30217 0
18918 46601 0
10726 54793 0
6630 58889 0
34278 31241 0
9702 55817 0
5606 59913 0
33766 31753 0
17382 48137 0
5094 60425 0
38342 10809 0
13766 19001 0
38342 19001 0
13766 35385 0
42438 6713 0
42438 19001 0
36294 12857 0
11718 21049 0
36294 21049 0
11718 37433 0
42438 21049 0
7622 25145 0
36294 25145 0
7622 41529 0
38342 25145 0
7622 49721 0
11718 49721 0
13766 49721 0
22982 9785 1
39366 9785 0
14790 17977 1
39366 17977 0
27078 5689 1
43462 5689 0
43462 17977 0
51654 5689 0
51654 9785 0
43462 21049 0
27078 37433 1
51654 12857 0
39366 25145 0
22982 41529 1
14790 49721 1
29126 3641 1
45510 3641 0
45510 17977 0
53702 3641 0
53702 9785 0
45510 19001 0
29126 35385 1
53702 10809 0
57798 3641 0
57798 5689 0
57798 6713 0
21446 11321 1
37830 11321 0
13254 19513 1
37830 19513 0
25542 7225 1
41926 7225 0
41926 19513 0
50118 7225 0
50118 11321 0
19398 13369 1
35782 13369 0
11206 21561 1
35782 21561 0
41926 21561 0
50118 13369 0
7110 25657 1
35782 25657 0
37830 25657 0
43462 21561 0
51654 13369 0
39366 25657 0
45510 19513 0
53702 11321 0
57798 7225 0
34758 14393 0
10182 22585 0
34758 22585 0
10182 38969 0
41926 22585 0
25542 38969 1
50118 14393 0
6086 26681 0
34758 26681 0
6086 43065 0
37830 26681 0
21446 43065 1
6086 51257 0
10182 51257 0
13254 51257 1
42438 22585 0
38342 26681 0
13766 51257 0
34758 28729 0
35782 28729 0
19398 45113 1
10182 53305 0
11206 53305 1
36294 28729 0
11718 53305 0
6086 57401 0
7110 57401 1
7622 57401 0
38598 10553 0
14022 18745 0
38598 18745 0
14022 35129 0
42694 18745 1
7878 24889 0
36550 24889 1
7878 41273 0
38598 24889 0
7878 49465 0
11974 49465 1
14022 49465 0
23238 9529 1
39622 9529 0
15046 17721 1
39622 17721 0
43718 17721 1
51910 9529 1
39622 24889 0
23238 41273 1
15046 49465 1
29382 3385 1
45766 3385 0
45766 17721 0
53958 3385 0
53958 9529 0
45766 18745 0
29382 35129 1
53958 10553 0
58054 3385 1
43718 21561 1
51910 13369 1
39622 25657 0
45766 19513 0
53958 11321 0
58054 7225 1
42694 22585 1
38598 26681 0
14022 51257 0
36550 28729 1
11974 53305 1
7878 57401 0
40134 9017 0
15558 17209 0
40134 17209 0
15558 33593 0
44230 17209 1
40134 24889 0
15558 49465 0
46278 2873 0
46278 17209 0
46278 18745 0
44230 21049 1
40134 25145 0
15558 49721 0
46278 19001 0
30918 1849 1
47302 1849 0
47302 17209 0
30918 33593 1
55494 1849 0
55494 9017 0
47302 17721 0
55494 9529 0
59590 1849 1
47302 17977 0
55494 9785 0
59590 5689 1
39622 25881 0
23238 42265 1
15046 50457 1
45766 19737 0
29382 36121 1
53958 11545 0
38598 26905 0
14022 51481 0
7878 57625 0
40134 25369 0
15558 49945 0
46278 19225 0
47302 18201 0
30918 34585 1
55494 10009 0
43462 22041 0
27078 38425 1
51654 13849 0
39366 26137 0
22982 42521 1
14790 50713 1
45510 19993 0
29126 36377 1
53702 11801 0
57798 7705 0
42438 23065 0
38342 27161 0
13766 51737 0
36294 29209 0
11718 53785 0
7622 57881 0
41926 23577 0
25542 39961 1
50118 15385 0
37830 27673 0
21446 44057 1
13254 52249 1
35782 29721 0
19398 46105 1
11206 54297 1
7110 58393 1
34758 30745 0
10182 55321 0
6086 59417 0
38726 10425 0
14150 18617 1
38726 18617 0
42822 6329 0
42822 18617 0
42822 20665 0
38726 24761 0
14150 49337 1
23366 9401 1
39750 9401 0
15174 17593 1
39750 17593 0
27462 5305 1
43846 5305 0
43846 17593 0
52038 5305 0
52038 9401 0
43846 20665 0
27462 37049 1
52038 12473 0
39750 24761 0
23366 41145 1
15174 49337 1
29510 3257 1
45894 3257 0
45894 17593 0
54086 3257 0
54086 9401 0
45894 18617 0
54086 10425 0
58182 3257 0
58182 5305 0
58182 6329 0
43846 21561 0
52038 13369 0
39750 25657 0
45894 19513 0
54086 11321 0
58182 7225 0
42822 22585 0
38726 26681 0
14150 51257 1
40262 8889 0
15686 17081 0
40262 17081 0
15686 33465 0
44358 4793 0
44358 17081 0
44358 20665 0
40262 24761 0
15686 49337 0
46406 2745 0
46406 17081 0
46406 18617 0
44358 21049 0
40262 25145 0
15686 49721 0
46406 19001 0
31046 1721 1
47430 1721 0
47430 17081 0
31046 33465 1
55622 1721 0
55622 8889 0
47430 17593 0
55622 9401 0
59718 1721 0
59718 4793 0
59718 5305 0
47430 17977 0
55622 9785 0
59718 5689 0
43846 21657 0
27462 38041 1
52038 13465 0
39750 25753 0
23366 42137 1
15174 50329 1
45894 19609 0
54086 11417 0
58182 7321 0
42822 22681 0
38726 26777 0
44358 21145 0
40262 25241 0
15686 49817 0
46406 19097 0
47430 18073 0
31046 34457 1
55622 9881 0
59718 5785 0
40518 8633 0
15942 16825 0
40518 16825 0
15942 33209 0
44614 16825 1
44614 20665 1
40518 24761 0
15942 49337 0
46662 2489 0
46662 16825 0
46662 18617 0
40518 24889 0
15942 49465 0
46662 18745 0
31302 1465 1
47686 1465 0
47686 16825 0
31302 33209 1
55878 1465 0
55878 8633 0
47686 17593 0
55878 9401 0
59974 1465 1
59974 5305 1
47686 17721 0
55878 9529 0
40518 24985 0
15942 49561 0
46662 18841 0
47686 17817 0
31302 34201 1
55878 9625 0
48198 953 0
48198 16825 0
48198 17081 0
48198 17209 0
48198 17305 0
43718 21801 1
51910 13609 1
39622 25897 0
45766 19753 0
53958 11561 0
58054 7465 1
42694 22825 1
38598 26921 0
14022 51497 0
36550 28969 1
11974 53545 1
7878 57641 0
44230 21289 1
40134 25385 0
15558 49961 0
46278 19241 0
47302 18217 0
55494 10025 0
59590 5929 1
43462 22057 0
51654 13865 0
39366 26153 0
45510 20009 0
53702 11817 0
57798 7721 0
42438 23081 0
38342 27177 0
13766 51753 0
36294 29225 0
11718 53801 0
7622 57897 0
41926 23593 0
50118 15401 0
37830 27689 0
35782 29737 0
34758 30761 0
10182 55337 0
6086 59433 0
43846 21673 0
52038 13481 0
39750 25769 0
45894 19625 0
54086 11433 0
58182 7337 0
42822 22697 0
38726 26793 0
44358 21161 0
40262 25257 0
15686 49833 0
46406 19113 0
47430 18089 0
55622 9897 0
59718 5801 0
44614 20905 1
40518 25001 0
15942 49577 0
46662 18857 0
47686 17833 0
55878 9641 0
59974 5545 1
48198 17321 0
22406 10361 0
38790 10361 0
14214 18553 0
38790 18553 0
14214 34937 0
22406 34937 0
26502 6265 0
42886 6265 0
42886 18553 0
26502 34937 0
51078 6265 0
51078 10361 0
42886 20601 0
26502 36985 0
51078 12409 0
38790 24697 0
22406 41081 0
14214 49273 0
23430 9337 1
39814 9337 0
15238 17529 1
39814 17529 0
27526 5241 1
43910 5241 0
43910 17529 0
52102 5241 0
52102 9337 0
43910 20601 0
27526 36985 1
52102 12409 0
39814 24697 0
23430 41081 1
15238 49273 1
29574 3193 1
45958 3193 0
45958 17529 0
54150 3193 0
54150 9337 0
45958 18553 0
29574 34937 1
54150 10361 0
58246 3193 0
58246 5241 0
58246 6265 0
43910 21561 0
52102 13369 0
39814 25657 0
45958 19513 0
54150 11321 0
58246 7225 0
42886 22585 0
26502 38969 0
51078 14393 0
38790 26681 0
22406 43065 0
14214 51257 0
23942 8825 0
40326 8825 0
15750 17017 0
40326 17017 0
15750 33401 0
23942 33401 0
44422 17017 1
28038 33401 1
52614 8825 1
44422 20601 1
28038 36985 1
52614 12409 1
40326 24697 0
23942 41081 0
15750 49273 0
30086 2681 0
46470 2681 0
46470 17017 0
30086 33401 0
54662 2681 0
54662 8825 0
46470 18553 0
30086 34937 0
54662 10361 0
58758 2681 1
58758 6265 1
44422 21049 1
28038 37433 1
52614 12857 1
40326 25145 0
23942 41529 0
15750 49721 0
46470 19001 0
30086 35385 0
54662 10809 0
58758 6713 1
31110 1657 1
47494 1657 0
47494 17017 0
31110 33401 1
55686 1657 0
55686 8825 0
47494 17529 0
55686 9337 0
59782 1657 1
59782 5241 1
47494 17977 0
55686 9785 0
59782 5689 1
43910 21593 0
27526 37977 1
52102 13401 0
39814 25689 0
23430 42073 1
15238 50265 1
45958 19545 0
29574 35929 1
54150 11353 0
58246 7257 0
42886 22617 0
26502 39001 0
51078 14425 0
38790 26713 0
22406 43097 0
14214 51289 0
40326 25177 0
23942 41561 0
15750 49753 0
46470 19033 0
30086 35417 0
54662 10841 0
47494 18009 0
31110 34393 1
55686 9817 0
24198 8569 0
40582 8569 0
16006 16761 0
40582 16761 0
16006 33145 0
24198 33145 0
44678 16761 1
28294 33145 1
52870 8569 1
44678 20601 1
28294 36985 1
52870 12409 1
40582 24697 0
24198 41081 0
16006 49273 0
30342 2425 0
46726 2425 0
46726 16761 0
30342 33145 0
54918 2425 0
54918 8569 0
46726 18553 0
30342 34937 0
54918 10361 0
59014 2425 1
59014 6265 1
40582 24889 0
24198 41273 0
16006 49465 0
46726 18745 0
30342 35129 0
54918 10553 0
31366 1401 1
47750 1401 0
47750 16761 0
31366 33145 1
55942 1401 0
55942 8569 0
47750 17529 0
55942 9337 0
60038 1401 1
60038 5241 1
47750 17721 0
55942 9529 0
40582 24921 0
24198 41305 0
16006 49497 0
46726 18777 0
30342 35161 0
54918 10585 0
47750 17753 0
31366 34137 1
55942 9561 0
31878 889 0
48262 889 0
48262 16761 0
31878 33145 0
56454 889 0
56454 8569 0
48262 17017 0
31878 33401 0
56454 8825 0
60550 889 1
48262 17209 0
31878 33593 0
56454 9017 0
48262 17241 0
31878 33625 0
56454 9049 0
43910 21609 0
52102 13417 0
39814 25705 0
45958 19561 0
54150 11369 0
58246 7273 0
42886 22633 0
26502 39017 0
51078 14441 0
38790 26729 0
22406 43113 0
14214 51305 0
40326 25193 0
23942 41577 0
15750 49769 0
46470 19049 0
30086 35433 0
54662 10857 0
47494 18025 0
55686 9833 0
44678 20841 1
28294 37225 1
52870 12649 1
40582 24937 0
24198 41321 0
16006 49513 0
46726 18793 0
30342 35177 0
54918 10601 0
59014 6505 1
47750 17769 0
55942 9577 0
60038 5481 1
48262 17257 0
31878 33641 0
56454 9065 0
46854 18553 1
30470 34937 1
55046 10361 1
59142 6265 1
46854 18617 1
55046 10425 1
59142 6329 1
47878 17529 1
56070 9337 1
60166 5241 1
47878 17593 1
56070 9401 1
60166 5305 1
46854 18649 1
55046 10457 1
59142 6361 1
47878 17625 1
31494 34009 1
56070 9433 1
60166 5337 1
48390 17017 1
32006 33401 1
56582 8825 1
48390 17081 1
32006 33465 1
56582 8889 1
60678 4793 1
48390 17113 1
32006 33497 1
56582 8921 1
46854 18665 1
55046 10473 1
59142 6377 1
47878 17641 1
56070 9449 1
60166 5353 1
48390 17129 1
32006 33513 1
56582 8937 1
48646 16761 1
32262 33145 1
56838 8569 1
48646 16825 1
32262 33209 1
56838 8633 1
48646 16857 1
32262 33241 1
56838 8665 1
48646 16873 1
32262 33257 1
56838 8681 1
60934 4585 1
38222 10929 0
13646 19121 0
38222 19121 0
13646 35505 0
42318 6833 0
42318 19121 0
36174 12977 0
11598 21169 0
36174 21169 0
11598 37553 0
42318 21169 0
7502 25265 0
36174 25265 0
7502 41649 0
38222 25265 0
7502 49841 0
11598 49841 0
13646 49841 0
22862 9905 1
39246 9905 0
14670 18097 1
39246 18097 0
26958 5809 1
43342 5809 0
43342 18097 0
51534 5809 0
51534 9905 0
43342 21169 0
26958 37553 1
51534 12977 0
39246 25265 0
22862 41649 1
14670 49841 1
29006 3761 1
45390 3761 0
45390 18097 0
53582 3761 0
53582 9905 0
45390 19121 0
29006 35505 1
53582 10929 0
57678 3761 0
57678 5809 0
57678 6833 0
25422 7345 1
41806 7345 0
41806 19633 0
49998 7345 0
49998 11441 0
19278 13489 1
35662 13489 0
11086 21681 1
35662 21681 0
41806 21681 0
49998 13489 0
35662 25777 0
43342 21681 0
51534 13489 0
39246 25777 0
45390 19633 0
53582 11441 0
57678 7345 0
34638 14513 0
10062 22705 0
34638 22705 0
10062 39089 0
41806 22705 0
25422 39089 1
49998 14513 0
34638 26801 0
10062 51377 0
42318 22705 0
38222 26801 0
13646 51377 0
34638 28849 0
35662 28849 0
19278 45233 1
10062 53425 0
11086 53425 1
36174 28849 0
11598 53425 0
7502 57521 0
42574 18865 1
36430 25009 1
11854 49585 1
43598 17841 1
51790 9649 1
57934 3505 1
43598 21681 1
51790 13489 1
57934 7345 1
42574 22705 1
36430 28849 1
11854 53425 1
40014 9137 0
15438 17329 0
40014 17329 0
15438 33713 0
44110 17329 1
40014 25009 0
15438 49585 0
46158 2993 0
46158 17329 0
46158 18865 0
44110 21169 1
40014 25265 0
15438 49841 0
46158 19121 0
30798 1969 1
47182 1969 0
47182 17329 0
30798 33713 1
55374 1969 0
55374 9137 0
47182 17841 0
55374 9649 0
59470 1969 1
47182 18097 0
55374 9905 0
59470 5809 1
38094 11057 0
13518 19249 0
38094 19249 0
13518 35633 0
42190 19249 1
7374 25393 0
7374 41777 0
38094 25393 0
7374 49969 0
11470 49969 1
13518 49969 0
22734 10033 1
14542 18225 1
22734 41777 1
14542 49969 1
45262 18225 1
53454 10033 1
45262 19249 1
28878 35633 1
53454 11057 1
41678 19761 1
49870 11569 1
45262 19761 1
53454 11569 1
34510 26929 1
9934 51505 1
38094 26929 0
13518 51505 0
3790 57649 1
7374 57649 0
40014 25393 0
15438 49969 0
46158 19249 0
47182 18225 0
55374 10033 0
20942 11825 1
37326 11825 0
12750 20017 1
37326 20017 0
25038 7729 1
41422 7729 0
41422 20017 0
49614 7729 0
49614 11825 0
18894 13873 1
10702 22065 1
41422 22065 0
49614 13873 0
6606 26161 1
37326 26161 0
45262 20017 1
53454 11825 1
57550 7729 1
34254 14897 0
9678 23089 0
34254 23089 0
9678 39473 0
41422 23089 0
25038 39473 1
49614 14897 0
5582 27185 0
34254 27185 0
5582 43569 0
37326 27185 0
20942 43569 1
5582 51761 0
9678 51761 0
12750 51761 1
42190 23089 1
38094 27185 0
13518 51761 0
3534 29233 1
34254 29233 0
3534 45617 1
18894 45617 1
3534 53809 1
9678 53809 0
10702 53809 1
11470 53809 1
3534 57905 1
5582 57905 0
6606 57905 1
7374 57905 0
43342 22065 0
51534 13873 0
39246 26161 0
45390 20017 0
53582 11825 0
57678 7729 0
42318 23089 0
38222 27185 0
13646 51761 0
36174 29233 0
11598 53809 0
7502 57905 0
17358 15409 1
33742 15409 0
9166 23601 1
33742 23601 0
41422 23601 0
49614 15409 0
33742 27697 0
37326 27697 0
41678 23601 1
49870 15409 1
3022 29745 1
33742 29745 0
41806 23601 0
49998 15409 0
35662 29745 0
1998 30769 1
33742 30769 0
1998 47153 1
17358 47153 1
34254 30769 0
1998 55345 1
9166 55345 1
9678 55345 0
34510 30769 1
9934 55345 1
1998 59441 1
5582 59441 0
34638 30769 0
10062 55345 0
21902 10865 0
38286 10865 0
13710 19057 0
38286 19057 0
13710 35441 0
21902 35441 0
25998 6769 0
42382 6769 0
42382 19057 0
25998 35441 0
50574 6769 0
50574 10865 0
19854 12913 0
11662 21105 0
11662 37489 0
19854 37489 0
42382 21105 0
25998 37489 0
50574 12913 0
7566 25201 0
7566 41585 0
19854 41585 0
38286 25201 0
21902 41585 0
7566 49777 0
11662 49777 0
13710 49777 0
22926 9841 1
14734 18033 1
27022 5745 1
27022 37489 1
22926 41585 1
14734 49777 1
29070 3697 1
45454 3697 0
45454 18033 0
53646 3697 0
53646 9841 0
45454 19057 0
29070 35441 1
53646 10865 0
57742 3697 0
57742 5745 0
57742 6769 0
21390 11377 1
37774 11377 0
13198 19569 1
37774 19569 0
25486 7281 1
41870 7281 0
41870 19569 0
50062 7281 0
50062 11377 0
19342 13425 1
11150 21617 1
41870 21617 0
50062 13425 0
7054 25713 1
37774 25713 0
45454 19569 0
53646 11377 0
57742 7281 0
18318 14449 0
34702 14449 0
10126 22641 0
34702 22641 0
10126 39025 0
18318 39025 0
41870 22641 0
25486 39025 1
50062 14449 0
6030 26737 0
34702 26737 0
6030 43121 0
18318 43121 0
37774 26737 0
21390 43121 1
6030 51313 0
10126 51313 0
13198 51313 1
42382 22641 0
25998 39025 0
50574 14449 0
38286 26737 0
21902 43121 0
13710 51313 0
34702 28785 0
18318 45169 0
19342 45169 1
10126 53361 0
11150 53361 1
19854 45169 0
11662 53361 0
6030 57457 0
7054 57457 1
7566 57457 0
22158 10609 0
38542 10609 0
13966 18801 0
38542 18801 0
13966 35185 0
22158 35185 0
42638 18801 1
26254 35185 1
50830 10609 1
7822 24945 0
7822 41329 0
20110 41329 1
38542 24945 0
22158 41329 0
7822 49521 0
11918 49521 1
13966 49521 0
23182 9585 1
14990 17777 1
23182 41329 1
14990 49521 1
29326 3441 1
45710 3441 0
45710 17777 0
53902 3441 0
53902 9585 0
45710 18801 0
29326 35185 1
53902 10609 0
57998 3441 1
45710 19569 0
53902 11377 0
57998 7281 1
42638 22641 1
26254 39025 1
50830 14449 1
38542 26737 0
22158 43121 0
13966 51313 0
20110 45169 1
11918 53361 1
7822 57457 0
23694 9073 0
15502 17265 0
15502 33649 0
23694 33649 0
27790 33649 1
23694 41329 0
15502 49521 0
29838 2929 0
46222 2929 0
46222 17265 0
29838 33649 0
54414 2929 0
54414 9073 0
46222 18801 0
29838 35185 0
54414 10609 0
58510 2929 1
27790 37489 1
23694 41585 0
15502 49777 0
46222 19057 0
29838 35441 0
54414 10865 0
58510 6769 1
30862 1905 1
30862 33649 1
45710 19761 0
53902 11569 0
38542 26929 0
22158 43313 0
13966 51505 0
7822 57649 0
23694 41777 0
15502 49969 0
46222 19249 0
29838 35633 0
54414 11057 0
45454 20017 0
53646 11825 0
57742 7729 0
42382 23089 0
25998 39473 0
50574 14897 0
38286 27185 0
21902 43569 0
13710 51761 0
19854 45617 0
11662 53809 0
7566 57905 0
41870 23601 0
50062 15409 0
37774 27697 0
34702 30769 0
18318 47153 0
10126 55345 0
6030 59441 0
43790 21617 1
51982 13425 1
39694 25713 1
45838 19569 1
54030 11377 1
58126 7281 1
42766 22641 1
26382 39025 1
50958 14449 1
38670 26737 1
22286 43121 1
14094 51313 1
44302 21105 1
27918 37489 1
52494 12913 1
40206 25201 1
23822 41585 1
15630 49777 1
46350 19057 1
29966 35441 1
54542 10865 1
58638 6769 1
47374 18033 1
55566 9841 1
59662 5745 1
43790 21681 1
51982 13489 1
39694 25777 1
45838 19633 1
54030 11441 1
58126 7345 1
42766 22705 1
26382 39089 1
50958 14513 1
38670 26801 1
22286 43185 1
14094 51377 1
44302 21169 1
27918 37553 1
52494 12977 1
40206 25265 1
23822 41649 1
15630 49841 1
46350 19121 1
29966 35505 1
54542 10929 1
58638 6833 1
47374 18097 1
55566 9905 1
59662 5809 1
40462 24945 1
24078 41329 1
15886 49521 1
46606 18801 1
30222 35185 1
54798 10609 1
47630 17777 1
55822 9585 1
40462 25009 1
24078 41393 1
15886 49585 1
46606 18865 1
30222 35249 1
54798 10673 1
47630 17841 1
55822 9649 1
48142 17265 1
31758 33649 1
56334 9073 1
48142 17329 1
31758 33713 1
56334 9137 1
21806 10961 0
38190 10961 0
13614 19153 0
38190 19153 0
13614 35537 0
21806 35537 0
25902 6865 0
42286 6865 0
42286 19153 0
25902 35537 0
50478 6865 0
50478 10961 0
19758 13009 0
36142 13009 0
11566 21201 0
36142 21201 0
11566 37585 0
19758 37585 0
42286 21201 0
25902 37585 0
50478 13009 0
7470 25297 0
36142 25297 0
7470 41681 0
19758 41681 0
38190 25297 0
21806 41681 0
7470 49873 0
11566 49873 0
13614 49873 0
22830 9937 0
39214 9937 0
14638 18129 0
39214 18129 0
14638 34513 0
22830 34513 0
26926 5841 0
43310 5841 0
43310 18129 0
26926 34513 0
51502 5841 0
51502 9937 0
43310 21201 0
26926 37585 0
51502 13009 0
39214 25297 0
22830 41681 0
14638 49873 0
28974 3793 0
45358 3793 0
45358 18129 0
28974 34513 0
53550 3793 0
53550 9937 0
45358 19153 0
28974 35537 0
53550 10961 0
57646 3793 0
57646 5841 0
57646 6865 0
21294 11473 0
37678 11473 0
37678 19665 0
21294 36049 0
49966 7377 0
49966 11473 0
19246 13521 0
35630 13521 0
35630 21713 0
19246 38097 0
49966 13521 0
6958 25809 0
35630 25809 0
6958 42193 0
19246 42193 0
37678 25809 0
21294 42193 0
6958 50385 0
43310 21713 0
26926 38097 0
51502 13521 0
39214 25809 0
22830 42193 0
14638 50385 0
45358 19665 0
28974 36049 0
53550 11473 0
57646 7377 0
18222 14545 0
34606 14545 0
34606 22737 0
18222 39121 0
49966 14545 0
5934 26833 0
34606 26833 0
5934 43217 0
18222 43217 0
37678 26833 0
21294 43217 0
5934 51409 0
42286 22737 0
25902 39121 0
50478 14545 0
38190 26833 0
21806 43217 0
13614 51409 0
34606 28881 0
18222 45265 0
35630 28881 0
19246 45265 0
36142 28881 0
19758 45265 0
11566 53457 0
5934 57553 0
6958 57553 0
7470 57553 0
22062 10705 0
38446 10705 0
38446 18897 0
22062 35281 0
50734 10705 1
7726 25041 0
36398 25041 1
7726 41425 0
20014 41425 1
38446 25041 0
22062 41425 0
7726 49617 0
23086 9681 0
39470 9681 0
39470 17873 0
23086 34257 0
51758 9681 1
39470 25041 0
23086 41425 0
53806 3537 0
53806 9681 0
53806 10705 0
51758 13521 1
39470 25809 0
23086 42193 0
53806 11473 0
50734 14545 1
38446 26833 0
22062 43217 0
36398 28881 1
20014 45265 1
7726 57553 0
23598 9169 0
39982 9169 0
15406 17361 0
39982 17361 0
15406 33745 0
23598 33745 0
44078 17361 1
27694 33745 1
52270 9169 1
39982 25041 0
23598 41425 0
15406 49617 0
29742 3025 0
46126 3025 0
46126 17361 0
29742 33745 0
54318 3025 0
54318 9169 0
46126 18897 0
29742 35281 0
54318 10705 0
58414 3025 1
44078 21201 1
27694 37585 1
52270 13009 1
39982 25297 0
23598 41681 0
15406 49873 0
46126 19153 0
29742 35537 0
54318 10961 0
58414 6865 1
30766 2001 0
47150 2001 0
47150 17361 0
30766 33745 0
55342 2001 0
55342 9169 0
47150 17873 0
30766 34257 0
55342 9681 0
59438 2001 1
47150 18129 0
30766 34513 0
55342 9937 0
59438 5841 1
21678 11089 0
38062 11089 0
13486 19281 0
38062 19281 0
13486 35665 0
21678 35665 0
42158 19281 1
25774 35665 1
50350 11089 1
7342 25425 0
7342 41809 0
19630 41809 1
38062 25425 0
21678 41809 0
7342 50001 0
11438 50001 1
13486 50001 0
22702 10065 0
14510 18257 0
14510 34641 0
22702 34641 0
26798 34641 1
22702 41809 0
14510 50001 0
45230 18257 1
28846 34641 1
53422 10065 1
45230 19281 1
28846 35665 1
53422 11089 1
21166 11601 0
37550 11601 0
37550 19793 0
21166 36177 0
49838 11601 1
6830 25937 0
6830 42321 0
19118 42321 1
37550 25937 0
21166 42321 0
6830 50513 0
22702 42321 0
14510 50513 0
45230 19793 1
28846 36177 1
53422 11601 1
5806 26961 0
34478 26961 1
5806 43345 0
18094 43345 1
37550 26961 0
21166 43345 0
5806 51537 0
38062 26961 0
21678 43345 0
13486 51537 0
3758 57681 1
5806 57681 0
6830 57681 0
7342 57681 0
39470 25937 0
23086 42321 0
53806 11601 0
38446 26961 0
22062 43345 0
7726 57681 0
39982 25425 0
23598 41809 0
15406 50001 0
46126 19281 0
29742 35665 0
54318 11089 0
47150 18257 0
30766 34641 0
55342 10065 0
20910 11857 0
37294 11857 0
12718 20049 0
37294 20049 0
12718 36433 0
20910 36433 0
25006 7761 0
41390 7761 0
41390 20049 0
25006 36433 0
49582 7761 0
49582 11857 0
18862 13905 0
10670 22097 0
10670 38481 0
18862 38481 0
41390 22097 0
25006 38481 0
49582 13905 0
6574 26193 0
6574 42577 0
18862 42577 0
37294 26193 0
20910 42577 0
6574 50769 0
10670 50769 0
12718 50769 0
26798 38481 1
22702 42577 0
14510 50769 0
45230 20049 1
28846 36433 1
53422 11857 1
57518 7761 1
17838 14929 0
34222 14929 0
9646 23121 0
34222 23121 0
9646 39505 0
17838 39505 0
41390 23121 0
25006 39505 0
49582 14929 0
5550 27217 0
34222 27217 0
5550 43601 0
17838 43601 0
37294 27217 0
20910 43601 0
5550 51793 0
9646 51793 0
12718 51793 0
42158 23121 1
25774 39505 1
50350 14929 1
38062 27217 0
21678 43601 0
13486 51793 0
3502 29265 1
34222 29265 0
3502 45649 1
17838 45649 0
18862 45649 0
3502 53841 1
9646 53841 0
10670 53841 0
19630 45649 1
11438 53841 1
3502 57937 1
5550 57937 0
6574 57937 0
7342 57937 0
43310 22097 0
26926 38481 0
51502 13905 0
39214 26193 0
22830 42577 0
14638 50769 0
45358 20049 0
28974 36433 0
53550 11857 0
57646 7761 0
42286 23121 0
25902 39505 0
50478 14929 0
38190 27217 0
21806 43601 0
13614 51793 0
36142 29265 0
19758 45649 0
11566 53841 0
7470 57937 0
17326 15441 0
33710 15441 0
33710 23633 0
17326 40017 0
41390 23633 0
25006 40017 0
49582 15441 0
5038 27729 0
33710 27729 0
5038 44113 0
17326 44113 0
37294 27729 0
20910 44113 0
5038 52305 0
12718 52305 0
49838 15441 1
37550 27729 0
21166 44113 0
2990 29777 1
33710 29777 0
2990 46161 1
17326 46161 0
18862 46161 0
2990 54353 1
10670 54353 0
19118 46161 1
2990 58449 1
5038 58449 0
6574 58449 0
6830 58449 0
49966 15441 0
37678 27729 0
21294 44113 0
35630 29777 0
19246 46161 0
6958 58449 0
1966 30801 1
33710 30801 0
1966 47185 1
17326 47185 0
34222 30801 0
17838 47185 0
1966 55377 1
9646 55377 0
34478 30801 1
18094 47185 1
1966 59473 1
5038 59473 0
5550 59473 0
5806 59473 0
34606 30801 0
18222 47185 0
5934 59473 0
23182 42321 1
14990 50513 1
45710 19793 0
29326 36177 1
53902 11601 0
38542 26961 0
22158 43345 0
13966 51537 0
7822 57681 0
23694 41809 0
15502 50001 0
46222 19281 0
29838 35665 0
54414 11089 0
30862 34641 1
27022 38481 1
22926 42577 1
14734 50769 1
45454 20049 0
29070 36433 1
53646 11857 0
57742 7761 0
42382 23121 0
25998 39505 0
50574 14929 0
38286 27217 0
21902 43601 0
13710 51793 0
19854 45649 0
11662 53841 0
7566 57937 0
41870 23633 0
25486 40017 1
50062 15441 0
37774 27729 0
21390 44113 1
13198 52305 1
19342 46161 1
11150 54353 1
7054 58449 1
34702 30801 0
18318 47185 0
10126 55377 0
6030 59473 0
43790 21713 1
27406 38097 1
51982 13521 1
39694 25809 1
23310 42193 1
15118 50385 1
45838 19665 1
29454 36049 1
54030 11473 1
58126 7377 1
42766 22737 1
26382 39121 1
50958 14545 1
38670 26833 1
22286 43217 1
14094 51409 1
44302 21201 1
27918 37585 1
52494 13009 1
40206 25297 1
23822 41681 1
15630 49873 1
46350 19153 1
29966 35537 1
54542 10961 1
58638 6865 1
47374 18129 1
30990 34513 1
55566 9937 1
59662 5841 1
40462 25041 1
24078 41425 1
15886 49617 1
46606 18897 1
30222 35281 1
54798 10705 1
47630 17873 1
31246 34257 1
55822 9681 1
48142 17361 1
31758 33745 1
56334 9169 1
37998 11153 0
13422 19345 0
37998 19345 0
13422 35729 0
42094 19345 1
7278 25489 0
35950 25489 1
7278 41873 0
37998 25489 0
7278 50065 0
11374 50065 1
13422 50065 0
22638 10129 0
39022 10129 0
14446 18321 0
39022 18321 0
14446 34705 0
22638 34705 0
43118 18321 1
26734 34705 1
51310 10129 1
39022 25489 0
22638 41873 0
14446 50065 0
45166 18321 1
28782 34705 1
53358 10129 1
45166 19345 1
28782 35729 1
53358 11153 1
49774 11665 1
35438 26001 1
19054 42385 1
39022 26001 0
22638 42385 0
14446 50577 0
45166 19857 1
28782 36241 1
53358 11665 1
34414 27025 1
37998 27025 0
13422 51601 0
3694 57745 1
7278 57745 0
39470 26001 0
23086 42385 0
53806 11665 0
38446 27025 0
22062 43409 0
7726 57745 0
39982 25489 0
23598 41873 0
15406 50065 0
46126 19345 0
29742 35729 0
54318 11153 0
47150 18321 0
30766 34705 0
55342 10129 0
20846 11921 0
37230 11921 0
12654 20113 0
37230 20113 0
12654 36497 0
20846 36497 0
24942 7825 0
41326 7825 0
41326 20113 0
24942 36497 0
49518 7825 0
49518 11921 0
18798 13969 0
35182 13969 0
10606 22161 0
35182 22161 0
10606 38545 0
18798 38545 0
41326 22161 0
24942 38545 0
49518 13969 0
6510 26257 0
35182 26257 0
6510 42641 0
18798 42641 0
37230 26257 0
20846 42641 0
6510 50833 0
10606 50833 0
12654 50833 0
43118 22161 1
26734 38545 1
51310 13969 1
39022 26257 0
22638 42641 0
14446 50833 0
45166 20113 1
28782 36497 1
53358 11921 1
57454 7825 1
34158 14993 0
9582 23185 0
34158 23185 0
9582 39569 0
41326 23185 0
24942 39569 0
49518 14993 0
5486 27281 0
34158 27281 0
5486 43665 0
37230 27281 0
20846 43665 0
5486 51857 0
9582 51857 0
12654 51857 0
42094 23185 1
37998 27281 0
13422 51857 0
3438 29329 1
34158 29329 0
3438 45713 1
35182 29329 0
18798 45713 0
3438 53905 1
9582 53905 0
10606 53905 0
35950 29329 1
11374 53905 1
3438 58001 1
5486 58001 0
6510 58001 0
7278 58001 0
43310 22161 0
26926 38545 0
51502 13969 0
39214 26257 0
22830 42641 0
14638 50833 0
45358 20113 0
28974 36497 0
53550 11921 0
57646 7825 0
42286 23185 0
25902 39569 0
50478 14993 0
38190 27281 0
21806 43665 0
13614 51857 0
36142 29329 0
19758 45713 0
11566 53905 0
7470 58001 0
17262 15505 0
33646 15505 0
33646 23697 0
17262 40081 0
41326 23697 0
24942 40081 0
49518 15505 0
33646 27793 0
17262 44177 0
37230 27793 0
20846 44177 0
12654 52369 0
49774 15505 1
2926 29841 1
33646 29841 0
2926 46225 1
17262 46225 0
35182 29841 0
18798 46225 0
2926 54417 1
10606 54417 0
35438 29841 1
19054 46225 1
2926 58513 1
6510 58513 0
49966 15505 0
37678 27793 0
21294 44177 0
35630 29841 0
19246 46225 0
6958 58513 0
1902 30865 1
33646 30865 0
1902 47249 1
17262 47249 0
34158 30865 0
1902 55441 1
9582 55441 0
34414 30865 1
1902 59537 1
5486 59537 0
34606 30865 0
18222 47249 0
5934 59537 0
40014 25489 0
15438 50065 0
46158 19345 0
47182 18321 0
30798 34705 1
55374 10129 0
43342 22161 0
26958 38545 1
51534 13969 0
39246 26257 0
22862 42641 1
14670 50833 1
45390 20113 0
29006 36497 1
53582 11921 0
57678 7825 0
42318 23185 0
38222 27281 0
13646 51857 0
36174 29329 0
11598 53905 0
7502 58001 0
41806 23697 0
25422 40081 1
49998 15505 0
35662 29841 0
19278 46225 1
11086 54417 1
34638 30865 0
10062 55441 0
6382 26385 0
6382 42769 0
18670 42769 1
37102 26385 1
20718 42769 1
6382 50961 0
10478 50961 1
12526 50961 1
39022 26385 0
22638 42769 0
14446 50961 0
5358 27409 0
34030 27409 1
5358 43793 0
37102 27409 1
20718 43793 1
5358 51985 0
9454 51985 1
12526 51985 1
37998 27409 0
13422 51985 0
3310 58129 1
5358 58129 0
6382 58129 0
7278 58129 0
22702 42769 0
14510 50961 0
38062 27409 0
21678 43793 0
13486 51985 0
7342 58129 0
33518 27921 1
17134 44305 1
37102 27921 1
20718 44305 1
12526 52497 1
2798 58641 1
6382 58641 0
37550 27921 0
21166 44305 0
6830 58641 0
1774 59665 1
5358 59665 0
5806 59665 0
22734 42769 1
14542 50961 1
38094 27409 0
13518 51985 0
7374 58129 0
16878 15889 0
33262 15889 0
8686 24081 0
33262 24081 0
8686 40465 0
16878 40465 0
41198 24081 1
24814 40465 1
49390 15889 1
4590 28177 0
33262 28177 0
4590 44561 0
16878 44561 0
37102 28177 1
20718 44561 1
4590 52753 0
8686 52753 0
12526 52753 1
41326 24081 0
24942 40465 0
49518 15889 0
37230 28177 0
20846 44561 0
12654 52753 0
2542 30225 1
33262 30225 0
2542 46609 1
16878 46609 0
18670 46609 1
2542 54801 1
8686 54801 0
10478 54801 1
35182 30225 0
18798 46609 0
10606 54801 0
2542 58897 1
4590 58897 0
6382 58897 0
6510 58897 0
41390 24081 0
25006 40465 0
49582 15889 0
37294 28177 0
20910 44561 0
12718 52753 0
18862 46609 0
10670 54801 0
6574 58897 0
1518 31249 1
33262 31249 0
1518 47633 1
16878 47633 0
34030 31249 1
1518 55825 1
8686 55825 0
9454 55825 1
34158 31249 0
9582 55825 0
1518 59921 1
4590 59921 0
5358 59921 0
5486 59921 0
34222 31249 0
17838 47633 0
9646 55825 0
5550 59921 0
41422 24081 0
25038 40465 1
49614 15889 0
37326 28177 0
20942 44561 1
12750 52753 1
18894 46609 1
10702 54801 1
6606 58897 1
34254 31249 0
9678 55825 0
5582 59921 0
1006 31761 1
33262 31761 0
1006 48145 1
16878 48145 0
33518 31761 1
17134 48145 1
1006 56337 1
8686 56337 0
33646 31761 0
17262 48145 0
1006 60433 1
4590 60433 0
33710 31761 0
17326 48145 0
5038 60433 0
33742 31761 0
17358 48145 1
9166 56337 1
39590 25937 0
23206 42321 0
53926 11601 0
38566 26961 0
22182 43345 0
7846 57681 0
40102 25425 0
23718 41809 0
15526 50001 0
46246 19281 0
29862 35665 0
54438 11089 0
47270 18257 0
30886 34641 0
55462 10065 0
43430 22097 1
27046 38481 1
51622 13905 1
39334 26193 0
22950 42577 0
14758 50769 0
45478 20049 0
29094 36433 0
53670 11857 0
57766 7761 1
42406 23121 1
26022 39505 1
50598 14929 1
38310 27217 0
21926 43601 0
13734 51793 0
36262 29265 1
19878 45649 1
11686 53841 1
7590 57937 0
50086 15441 0
37798 27729 0
21414 44113 0
35750 29777 0
19366 46161 0
7078 58449 0
34726 30801 0
18342 47185 0
6054 59473 0
52006 13521 0
39718 25809 0
23334 42193 0
54054 11473 0
50982 14545 0
38694 26833 0
22310 43217 1
44326 21201 1
27942 37585 1
52518 13009 1
40230 25297 0
23846 41681 0
15654 49873 0
46374 19153 0
29990 35537 1
54566 10961 0
58662 6865 1
47398 18129 0
31014 34513 0
55590 9937 0
59686 5841 1
40486 25041 0
24102 41425 0
54822 10705 0
55846 9681 0
48166 17361 0
31782 33745 0
56358 9169 0
39526 26001 0
23142 42385 0
53862 11665 0
38502 27025 0
7782 57745 0
40038 25489 0
15462 50065 0
46182 19345 0
47206 18321 0
30822 34705 0
55398 10129 0
43366 22161 0
26982 38545 0
51558 13969 0
39270 26257 0
22886 42641 0
14694 50833 0
45414 20113 0
29030 36497 1
53606 11921 0
57702 7825 0
42342 23185 0
38246 27281 0
13670 51857 1
36198 29329 0
11622 53905 0
7526 58001 0
50022 15505 0
37734 27793 0
21350 44177 1
35686 29841 0
19302 46225 0
7014 58513 0
34662 30865 0
5990 59537 1
39142 26385 0
22758 42769 0
14566 50961 0
38118 27409 0
13542 51985 0
7398 58129 0
37606 27921 0
21222 44305 0
6886 58641 0
5862 59665 0
41446 24081 0
25062 40465 0
49638 15889 0
37350 28177 0
20966 44561 0
12774 52753 0
35302 30225 0
18918 46609 0
10726 54801 0
6630 58897 0
34278 31249 0
9702 55825 0
5606 59921 0
33766 31761 0
17382 48145 0
5094 60433 0
39622 25905 0
45766 19761 0
53958 11569 0
38598 26929 0
14022 51505 0
7878 57649 0
40134 25393 0
15558 49969 0
46278 19249 0
47302 18225 0
55494 10033 0
43462 22065 0
51654 13873 0
39366 26161 0
45510 20017 0
53702 11825 0
57798 7729 0
42438 23089 0
38342 27185 0
13766 51761 0
36294 29233 0
11718 53809 0
7622 57905 0
41926 23601 0
50118 15409 0
37830 27697 0
35782 29745 0
34758 30769 0
10182 55345 0
6086 59441 0
43846 21681 0
52038 13489 0
39750 25777 0
45894 19633 0
54086 11441 0
58182 7345 0
42822 22705 0
38726 26801 0
14150 51377 1
44358 21169 0
40262 25265 0
15686 49841 0
46406 19121 0
47430 18097 0
55622 9905 0
59718 5809 0
40518 25009 0
15942 49585 0
46662 18865 0
47686 17841 0
55878 9649 0
48198 17329 0
43910 21617 0
52102 13425 0
39814 25713 0
45958 19569 0
54150 11377 0
58246 7281 0
42886 22641 0
26502 39025 0
51078 14449 0
38790 26737 0
22406 43121 0
14214 51313 0
44422 21105 1
28038 37489 1
52614 12913 1
40326 25201 0
23942 41585 0
15750 49777 0
46470 19057 0
30086 35441 0
54662 10865 0
58758 6769 1
47494 18033 0
55686 9841 0
59782 5745 1
40582 24945 0
24198 41329 0
16006 49521 0
46726 18801 0
30342 35185 0
54918 10609 0
47750 17777 0
55942 9585 0
48262 17265 0
31878 33649 0
56454 9073 0
21790 10977 0
38174 10977 0
13598 19169 0
38174 19169 0
13598 35553 0
21790 35553 0
25886 6881 0
42270 6881 0
42270 19169 0
25886 35553 0
50462 6881 0
50462 10977 0
19742 13025 0
36126 13025 0
11550 21217 0
36126 21217 0
11550 37601 0
19742 37601 0
42270 21217 0
25886 37601 0
50462 13025 0
7454 25313 0
36126 25313 0
7454 41697 0
19742 41697 0
38174 25313 0
21790 41697 0
7454 49889 0
11550 49889 0
13598 49889 0
22814 9953 1
39198 9953 0
14622 18145 1
39198 18145 0
26910 5857 1
43294 5857 0
43294 18145 0
51486 5857 0
51486 9953 0
43294 21217 0
26910 37601 1
51486 13025 0
39198 25313 0
22814 41697 1
14622 49889 1
28958 3809 1
45342 3809 0
45342 18145 0
53534 3809 0
53534 9953 0
45342 19169 0
28958 35553 1
53534 10977 0
57630 3809 0
57630 5857 0
57630 6881 0
21278 11489 1
37662 11489 0
13086 19681 1
37662 19681 0
25374 7393 1
41758 7393 0
41758 19681 0
49950 7393 0
49950 11489 0
19230 13537 1
35614 13537 0
11038 21729 1
35614 21729 0
41758 21729 0
49950 13537 0
6942 25825 1
35614 25825 0
37662 25825 0
43294 21729 0
51486 13537 0
39198 25825 0
45342 19681 0
53534 11489 0
57630 7393 0
18206 14561 0
34590 14561 0
10014 22753 0
34590 22753 0
10014 39137 0
18206 39137 0
41758 22753 0
25374 39137 1
49950 14561 0
5918 26849 0
34590 26849 0
5918 43233 0
18206 43233 0
37662 26849 0
21278 43233 1
5918 51425 0
10014 51425 0
13086 51425 1
42270 22753 0
25886 39137 0
50462 14561 0
38174 26849 0
21790 43233 0
13598 51425 0
34590 28897 0
18206 45281 0
35614 28897 0
19230 45281 1
10014 53473 0
11038 53473 1
36126 28897 0
19742 45281 0
11550 53473 0
5918 57569 0
6942 57569 1
7454 57569 0
22046 10721 0
38430 10721 0
13854 18913 0
38430 18913 0
13854 35297 0
22046 35297 0
26142 6625 0
42526 6625 0
42526 18913 0
26142 35297 0
50718 6625 0
50718 10721 0
19998 12769 0
36382 12769 0
11806 20961 0
36382 20961 0
11806 37345 0
19998 37345 0
42526 20961 0
26142 37345 0
50718 12769 0
7710 25057 0
36382 25057 0
7710 41441 0
19998 41441 0
38430 25057 0
22046 41441 0
7710 49633 0
11806 49633 0
13854 49633 0
23070 9697 1
39454 9697 0
14878 17889 1
39454 17889 0
27166 5601 1
43550 5601 0
43550 17889 0
51742 5601 0
51742 9697 0
43550 20961 0
27166 37345 1
51742 12769 0
39454 25057 0
23070 41441 1
14878 49633 1
29214 3553 1
45598 3553 0
45598 17889 0
53790 3553 0
53790 9697 0
45598 18913 0
29214 35297 1
53790 10721 0
57886 3553 0
57886 5601 0
57886 6625 0
43550 21729 0
51742 13537 0
39454 25825 0
45598 19681 0
53790 11489 0
57886 7393 0
42526 22753 0
26142 39137 0
50718 14561 0
38430 26849 0
22046 43233 0
13854 51425 0
36382 28897 0
19998 45281 0
11806 53473 0
7710 57569 0
23582 9185 0
39966 9185 0
15390 17377 0
39966 17377 0
15390 33761 0
23582 33761 0
27678 5089 0
44062 5089 0
44062 17377 0
27678 33761 0
52254 5089 0
52254 9185 0
44062 20961 0
27678 37345 0
52254 12769 0
39966 25057 0
23582 41441 0
15390 49633 0
29726 3041 0
46110 3041 0
46110 17377 0
29726 33761 0
54302 3041 0
54302 9185 0
46110 18913 0
29726 35297 0
54302 10721 0
58398 3041 0
58398 5089 0
58398 6625 0
44062 21217 0
27678 37601 0
52254 13025 0
39966 25313 0
23582 41697 0
15390 49889 0
46110 19169 0
29726 35553 0
54302 10977 0
58398 6881 0
30750 2017 1
47134 2017 0
47134 17377 0
30750 33761 1
55326 2017 0
55326 9185 0
47134 17889 0
55326 9697 0
59422 2017 0
59422 5089 0
59422 5601 0
47134 18145 0
55326 9953 0
59422 5857 0
21662 11105 0
38046 11105 0
13470 19297 0
38046 19297 0
13470 35681 0
21662 35681 0
25758 7009 0
42142 7009 0
42142 19297 0
25758 35681 0
50334 7009 0
50334 11105 0
19614 13153 0
11422 21345 0
11422 37729 0
19614 37729 0
42142 21345 0
25758 37729 0
50334 13153 0
7326 25441 0
7326 41825 0
19614 41825 0
38046 25441 0
21662 41825 0
7326 50017 0
11422 50017 0
13470 50017 0
22686 10081 1
14494 18273 1
26782 5985 1
26782 37729 1
22686 41825 1
14494 50017 1
45214 18273 1
53406 10081 1
45214 19297 1
28830 35681 1
53406 11105 1
57502 5985 1
57502 7009 1
21150 11617 1
37534 11617 0
12958 19809 1
37534 19809 0
25246 7521 1
41630 7521 0
41630 19809 0
49822 7521 0
49822 11617 0
19102 13665 1
10910 21857 1
41630 21857 0
49822 13665 0
6814 25953 1
37534 25953 0
45214 19809 1
53406 11617 1
57502 7521 1
18078 14689 0
34462 14689 0
9886 22881 0
34462 22881 0
9886 39265 0
18078 39265 0
41630 22881 0
25246 39265 1
49822 14689 0
5790 26977 0
34462 26977 0
5790 43361 0
18078 43361 0
37534 26977 0
21150 43361 1
5790 51553 0
9886 51553 0
12958 51553 1
42142 22881 0
25758 39265 0
50334 14689 0
38046 26977 0
21662 43361 0
13470 51553 0
3742 29025 1
34462 29025 0
3742 45409 1
18078 45409 0
19102 45409 1
3742 53601 1
9886 53601 0
10910 53601 1
19614 45409 0
11422 53601 0
3742 57697 1
5790 57697 0
6814 57697 1
7326 57697 0
43550 21857 0
51742 13665 0
39454 25953 0
45598 19809 0
53790 11617 0
57886 7521 0
42526 22881 0
26142 39265 0
50718 14689 0
38430 26977 0
22046 43361 0
13854 51553 0
36382 29025 0
19998 45409 0
11806 53601 0
7710 57697 0
44062 21345 0
27678 37729 0
52254 13153 0
39966 25441 0
23582 41825 0
15390 50017 0
46110 19297 0
29726 35681 0
54302 11105 0
58398 7009 0
47134 18273 0
55326 10081 0
59422 5985 0
20894 11873 1
37278 11873 0
12702 20065 1
37278 20065 0
24990 7777 1
41374 7777 0
41374 20065 0
49566 7777 0
49566 11873 0
18846 13921 1
10654 22113 1
41374 22113 0
49566 13921 0
6558 26209 1
37278 26209 0
45214 20065 1
53406 11873 1
57502 7777 1
17822 14945 0
34206 14945 0
9630 23137 0
34206 23137 0
9630 39521 0
17822 39521 0
41374 23137 0
24990 39521 1
49566 14945 0
5534 27233 0
34206 27233 0
5534 43617 0
17822 43617 0
37278 27233 0
20894 43617 1
5534 51809 0
9630 51809 0
12702 51809 1
42142 23137 0
25758 39521 0
50334 14945 0
38046 27233 0
21662 43617 0
13470 51809 0
3486 29281 1
34206 29281 0
3486 45665 1
17822 45665 0
18846 45665 1
3486 53857 1
9630 53857 0
10654 53857 1
19614 45665 0
11422 53857 0
3486 57953 1
5534 57953 0
6558 57953 1
7326 57953 0
43294 22113 0
51486 13921 0
39198 26209 0
45342 20065 0
53534 11873 0
57630 7777 0
42270 23137 0
25886 39521 0
50462 14945 0
38174 27233 0
21790 43617 0
13598 51809 0
36126 29281 0
19742 45665 0
11550 53857 0
7454 57953 0
17310 15457 1
33694 15457 0
9118 23649 1
33694 23649 0
41374 23649 0
49566 15457 0
5022 27745 1
33694 27745 0
37278 27745 0
41630 23649 0
49822 15457 0
37534 27745 0
2974 29793 1
33694 29793 0
41758 23649 0
49950 15457 0
37662 27745 0
35614 29793 0
1950 30817 1
33694 30817 0
1950 47201 1
17310 47201 1
34206 30817 0
17822 47201 0
1950 55393 1
9118 55393 1
9630 55393 0
34462 30817 0
18078 47201 0
9886 55393 0
1950 59489 1
5022 59489 1
5534 59489 0
5790 59489 0
34590 30817 0
18206 47201 0
10014 55393 0
5918 59489 0
45710 19809 0
53902 11617 0
57998 7521 1
42638 22881 1
26254 39265 1
50830 14689 1
38542 26977 0
22158 43361 0
13966 51553 0
20110 45409 1
11918 53601 1
7822 57697 0
27790 37729 1
23694 41825 0
15502 50017 0
46222 19297 0
29838 35681 0
54414 11105 0
58510 7009 1
45454 20065 0
53646 11873 0
57742 7777 0
42382 23137 0
25998 39521 0
50574 14945 0
38286 27233 0
21902 43617 0
13710 51809 0
19854 45665 0
11662 53857 0
7566 57953 0
41870 23649 0
50062 15457 0
37774 27745 0
34702 30817 0
18318 47201 0
10126 55393 0
6030 59489 0
43790 21729 1
51982 13537 1
39694 25825 1
45838 19681 1
54030 11489 1
58126 7393 1
42766 22753 1
26382 39137 1
50958 14561 1
38670 26849 1
22286 43233 1
14094 51425 1
44302 21217 1
27918 37601 1
52494 13025 1
40206 25313 1
23822 41697 1
15630 49889 1
46350 19169 1
29966 35553 1
54542 10977 1
58638 6881 1
47374 18145 1
55566 9953 1
59662 5857 1
44558 20961 1
28174 37345 1
52750 12769 1
40462 25057 1
24078 41441 1
15886 49633 1
46606 18913 1
30222 35297 1
54798 10721 1
58894 6625 1
47630 17889 1
55822 9697 1
59918 5601 1
48142 17377 1
31758 33761 1
56334 9185 1
60430 5089 1
37982 11169 0
13406 19361 0
37982 19361 0
13406 35745 0
42078 7073 0
42078 19361 0
35934 13217 0
11358 21409 0
35934 21409 0
11358 37793 0
42078 21409 0
7262 25505 0
35934 25505 0
7262 41889 0
37982 25505 0
7262 50081 0
11358 50081 0
13406 50081 0
22622 10145 1
39006 10145 0
14430 18337 1
39006 18337 0
26718 6049 1
43102 6049 0
43102 18337 0
51294 6049 0
51294 10145 0
43102 21409 0
26718 37793 1
51294 13217 0
39006 25505 0
22622 41889 1
14430 50081 1
45150 18337 1
53342 10145 1
45150 19361 1
28766 35745 1
53342 11169 1
57438 6049 1
57438 7073 1
25182 7585 1
41566 7585 0
41566 19873 0
49758 7585 0
49758 11681 0
19038 13729 1
35422 13729 0
10846 21921 1
35422 21921 0
41566 21921 0
49758 13729 0
35422 26017 0
43102 21921 0
51294 13729 0
39006 26017 0
45150 19873 1
53342 11681 1
57438 7585 1
34398 14753 0
9822 22945 0
34398 22945 0
9822 39329 0
41566 22945 0
25182 39329 1
49758 14753 0
34398 27041 0
9822 51617 0
42078 22945 0
37982 27041 0
13406 51617 0
3678 29089 1
34398 29089 0
3678 45473 1
35422 29089 0
19038 45473 1
3678 53665 1
9822 53665 0
10846 53665 1
35934 29089 0
11358 53665 0
3678 57761 1
7262 57761 0
43550 21921 0
51742 13729 0
39454 26017 0
45598 19873 0
53790 11681 0
57886 7585 0
42526 22945 0
26142 39329 0
50718 14753 0
38430 27041 0
22046 43425 0
13854 51617 0
36382 29089 0
19998 45473 0
11806 53665 0
7710 57761 0
44062 21409 0
27678 37793 0
52254 13217 0
39966 25505 0
23582 41889 0
15390 50081 0
46110 19361 0
29726 35745 0
54302 11169 0
58398 7073 0
47134 18337 0
55326 10145 0
59422 6049 0
20830 11937 1
37214 11937 0
12638 20129 1
37214 20129 0
24926 7841 1
41310 7841 0
41310 20129 0
49502 7841 0
49502 11937 0
18782 13985 1
35166 13985 0
10590 22177 1
35166 22177 0
41310 22177 0
49502 13985 0
6494 26273 1
35166 26273 0
37214 26273 0
43102 22177 0
51294 13985 0
39006 26273 0
45150 20129 1
53342 11937 1
57438 7841 1
34142 15009 0
9566 23201 0
34142 23201 0
9566 39585 0
41310 23201 0
24926 39585 1
49502 15009 0
5470 27297 0
34142 27297 0
5470 43681 0
37214 27297 0
20830 43681 1
5470 51873 0
9566 51873 0
12638 51873 1
42078 23201 0
37982 27297 0
13406 51873 0
3422 29345 1
34142 29345 0
3422 45729 1
35166 29345 0
18782 45729 1
3422 53921 1
9566 53921 0
10590 53921 1
35934 29345 0
11358 53921 0
3422 58017 1
5470 58017 0
6494 58017 1
7262 58017 0
43294 22177 0
51486 13985 0
39198 26273 0
45342 20129 0
53534 11937 0
57630 7841 0
42270 23201 0
25886 39585 0
50462 15009 0
38174 27297 0
21790 43681 0
13598 51873 0
36126 29345 0
19742 45729 0
11550 53921 0
7454 58017 0
17246 15521 1
33630 15521 0
9054 23713 1
33630 23713 0
41310 23713 0
49502 15521 0
33630 27809 0
37214 27809 0
41566 23713 0
49758 15521 0
2910 29857 1
33630 29857 0
35166 29857 0
35422 29857 0
41758 23713 0
49950 15521 0
37662 27809 0
35614 29857 0
1886 30881 1
33630 30881 0
1886 47265 1
17246 47265 1
34142 30881 0
1886 55457 1
9054 55457 1
9566 55457 0
34398 30881 0
9822 55457 0
1886 59553 1
5470 59553 0
34590 30881 0
18206 47265 0
10014 55457 0
5918 59553 0
43598 21921 1
51790 13729 1
57934 7585 1
42574 22945 1
36430 29089 1
11854 53665 1
44110 21409 1
40014 25505 0
15438 50081 0
46158 19361 0
47182 18337 0
55374 10145 0
59470 6049 1
43342 22177 0
51534 13985 0
39246 26273 0
45390 20129 0
53582 11937 0
57678 7841 0
42318 23201 0
38222 27297 0
13646 51873 0
36174 29345 0
11598 53921 0
7502 58017 0
41806 23713 0
49998 15521 0
35662 29857 0
34638 30881 0
10062 55457 0
18654 14113 1
10462 22305 1
41182 22305 1
49374 14113 1
6366 26401 1
37086 26401 1
43102 22305 0
51294 14113 0
39006 26401 0
34014 15137 0
9438 23329 0
34014 23329 0
9438 39713 0
41182 23329 1
24798 39713 1
49374 15137 1
5342 27425 0
34014 27425 0
5342 43809 0
37086 27425 1
20702 43809 1
5342 52001 0
9438 52001 0
12510 52001 1
42078 23329 0
37982 27425 0
13406 52001 0
3294 29473 1
34014 29473 0
3294 45857 1
18654 45857 1
3294 54049 1
9438 54049 0
10462 54049 1
35934 29473 0
11358 54049 0
3294 58145 1
5342 58145 0
6366 58145 1
7262 58145 0
42142 23329 0
25758 39713 0
50334 15137 0
38046 27425 0
21662 43809 0
13470 52001 0
19614 45857 0
11422 54049 0
7326 58145 0
17118 15649 1
33502 15649 0
8926 23841 1
33502 23841 0
41182 23841 1
49374 15649 1
33502 27937 0
37086 27937 1
41566 23841 0
49758 15649 0
2782 29985 1
33502 29985 0
35422 29985 0
41630 23841 0
49822 15649 0
37534 27937 0
1758 31009 1
33502 31009 0
1758 47393 1
17118 47393 1
34014 31009 0
1758 55585 1
8926 55585 1
9438 55585 0
34398 31009 0
9822 55585 0
1758 59681 1
5342 59681 0
34462 31009 0
18078 47393 0
9886 55585 0
5790 59681 0
42190 23329 1
38094 27425 0
13518 52001 0
11470 54049 1
7374 58145 0
41678 23841 1
49870 15649 1
34510 31009 1
9934 55585 1
16862 15905 1
33246 15905 0
8670 24097 1
33246 24097 0
41182 24097 1
49374 15905 1
4574 28193 1
33246 28193 0
37086 28193 1
41310 24097 0
49502 15905 0
37214 28193 0
2526 30241 1
33246 30241 0
35166 30241 0
41374 24097 0
49566 15905 0
37278 28193 0
1502 31265 1
33246 31265 0
1502 47649 1
16862 47649 1
34014 31265 0
1502 55841 1
8670 55841 1
9438 55841 0
34142 31265 0
9566 55841 0
1502 59937 1
4574 59937 1
5342 59937 0
5470 59937 0
34206 31265 0
17822 47649 0
9630 55841 0
5534 59937 0
41422 24097 0
49614 15905 0
37326 28193 0
34254 31265 0
9678 55841 0
5582 59937 0
990 31777 1
33246 31777 0
33502 31777 0
33630 31777 0
33694 31777 0
33742 31777 0
43670 21857 0
51862 13665 0
39574 25953 0
45718 19809 0
53910 11617 0
58006 7521 0
42646 22881 0
26262 39265 0
50838 14689 0
38550 26977 0
22166 43361 0
13974 51553 0
36502 29025 0
20118 45409 0
11926 53601 0
7830 57697 0
44182 21345 1
27798 37729 1
52374 13153 1
40086 25441 0
23702 41825 0
15510 50017 0
46230 19297 0
29846 35681 0
54422 11105 0
58518 7009 1
47254 18273 0
55446 10081 0
59542 5985 1
43414 22113 1
51606 13921 1
39318 26209 0
45462 20065 0
53654 11873 0
57750 7777 1
42390 23137 1
26006 39521 1
50582 14945 1
38294 27233 0
21910 43617 0
13718 51809 0
36246 29281 1
19862 45665 1
11670 53857 1
7574 57953 0
41878 23649 0
50070 15457 0
37782 27745 0
35734 29793 0
34710 30817 0
18326 47201 0
10134 55393 0
6038 59489 0
43798 21729 0
51990 13537 0
39702 25825 0
45846 19681 0
54038 11489 0
58134 7393 0
42774 22753 0
26390 39137 1
50966 14561 0
38678 26849 0
22294 43233 1
14102 51425 1
44310 21217 1
27926 37601 1
52502 13025 1
40214 25313 0
23830 41697 0
15638 49889 0
46358 19169 0
29974 35553 1
54550 10977 0
58646 6881 1
47382 18145 0
55574 9953 0
59670 5857 1
44566 20961 0
28182 37345 0
52758 12769 0
40470 25057 0
24086 41441 0
15894 49633 0
46614 18913 0
30230 35297 1
54806 10721 0
58902 6625 0
47638 17889 0
55830 9697 0
59926 5601 0
48150 17377 0
31766 33761 0
56342 9185 0
60438 5089 1
43606 21921 0
51798 13729 0
39510 26017 0
45654 19873 0
53846 11681 0
57942 7585 0
42582 22945 0
38486 27041 0
13910 51617 1
36438 29089 0
11862 53665 0
7766 57761 0
44118 21409 0
40022 25505 0
15446 50081 0
46166 19361 0
47190 18337 0
55382 10145 0
59478 6049 0
43350 22177 0
51542 13985 0
39254 26273 0
45398 20129 0
53590 11937 0
57686 7841 0
42326 23201 0
38230 27297 0
13654 51873 1
36182 29345 0
11606 53921 0
7510 58017 0
41814 23713 0
50006 15521 0
37718 27809 0
35670 29857 0
34646 30881 0
10070 55457 1
5974 59553 1
43222 22305 0
51414 14113 0
39126 26401 0
42198 23329 0
38102 27425 0
13526 52001 0
36054 29473 0
11478 54049 0
7382 58145 0
41686 23841 0
49878 15649 0
37590 27937 0
35542 29985 0
34518 31009 0
9942 55585 0
5846 59681 0
41430 24097 0
49622 15905 0
37334 28193 0
35286 30241 0
34262 31265 0
9686 55841 0
5590 59937 0
33750 31777 0
21566 11201 0
37950 11201 0
13374 19393 0
37950 19393 0
13374 35777 0
21566 35777 0
25662 7105 0
42046 7105 0
42046 19393 0
25662 35777 0
50238 7105 0
50238 11201 0
19518 13249 0
35902 13249 0
11326 21441 0
35902 21441 0
11326 37825 0
19518 37825 0
42046 21441 0
25662 37825 0
50238 13249 0
7230 25537 0
35902 25537 0
7230 41921 0
19518 41921 0
37950 25537 0
21566 41921 0
7230 50113 0
11326 50113 0
13374 50113 0
22590 10177 0
38974 10177 0
14398 18369 0
38974 18369 0
14398 34753 0
22590 34753 0
26686 6081 0
43070 6081 0
43070 18369 0
26686 34753 0
51262 6081 0
51262 10177 0
43070 21441 0
26686 37825 0
51262 13249 0
38974 25537 0
22590 41921 0
14398 50113 0
45118 18369 1
28734 34753 1
53310 10177 1
45118 19393 1
28734 35777 1
53310 11201 1
57406 6081 1
57406 7105 1
21054 11713 0
37438 11713 0
37438 19905 0
21054 36289 0
49726 7617 0
49726 11713 0
19006 13761 0
35390 13761 0
35390 21953 0
19006 38337 0
49726 13761 0
6718 26049 0
35390 26049 0
6718 42433 0
19006 42433 0
37438 26049 0
21054 42433 0
6718 50625 0
43070 21953 0
26686 38337 0
51262 13761 0
38974 26049 0
22590 42433 0
14398 50625 0
45118 19905 1
28734 36289 1
53310 11713 1
57406 7617 1
17982 14785 0
34366 14785 0
34366 22977 0
17982 39361 0
49726 14785 0
5694 27073 0
34366 27073 0
5694 43457 0
17982 43457 0
37438 27073 0
21054 43457 0
5694 51649 0
42046 22977 0
25662 39361 0
50238 14785 0
37950 27073 0
21566 43457 0
13374 51649 0
3646 29121 1
34366 29121 0
3646 45505 1
17982 45505 0
35390 29121 0
19006 45505 0
3646 53697 1
35902 29121 0
19518 45505 0
11326 53697 0
3646 57793 1
5694 57793 0
6718 57793 0
7230 57793 0
43550 21953 0
27166 38337 1
51742 13761 0
39454 26049 0
23070 42433 1
14878 50625 1
45598 19905 0
29214 36289 1
53790 11713 0
57886 7617 0
42526 22977 0
26142 39361 0
50718 14785 0
38430 27073 0
22046 43457 0
13854 51649 0
36382 29121 0
19998 45505 0
11806 53697 0
7710 57793 0
44062 21441 0
27678 37825 0
52254 13249 0
39966 25537 0
23582 41921 0
15390 50113 0
46110 19393 0
29726 35777 0
54302 11201 0
58398 7105 0
47134 18369 0
30750 34753 1
55326 10177 0
59422 6081 0
20798 11969 0
37182 11969 0
12606 20161 0
37182 20161 0
12606 36545 0
20798 36545 0
24894 7873 0
41278 7873 0
41278 20161 0
24894 36545 0
49470 7873 0
49470 11969 0
18750 14017 0
35134 14017 0
10558 22209 0
35134 22209 0
10558 38593 0
18750 38593 0
41278 22209 0
24894 38593 0
49470 14017 0
6462 26305 0
35134 26305 0
6462 42689 0
18750 42689 0
37182 26305 0
20798 42689 0
6462 50881 0
10558 50881 0
12606 50881 0
43070 22209 0
26686 38593 0
51262 14017 0
38974 26305 0
22590 42689 0
14398 50881 0
45118 20161 1
28734 36545 1
53310 11969 1
57406 7873 1
17726 15041 0
34110 15041 0
9534 23233 0
34110 23233 0
9534 39617 0
17726 39617 0
41278 23233 0
24894 39617 0
49470 15041 0
5438 27329 0
34110 27329 0
5438 43713 0
17726 43713 0
37182 27329 0
20798 43713 0
5438 51905 0
9534 51905 0
12606 51905 0
42046 23233 0
25662 39617 0
50238 15041 0
37950 27329 0
21566 43713 0
13374 51905 0
3390 29377 1
34110 29377 0
3390 45761 1
17726 45761 0
35134 29377 0
18750 45761 0
3390 53953 1
9534 53953 0
10558 53953 0
35902 29377 0
19518 45761 0
11326 53953 0
3390 58049 1
5438 58049 0
6462 58049 0
7230 58049 0
43294 22209 0
26910 38593 1
51486 14017 0
39198 26305 0
22814 42689 1
14622 50881 1
45342 20161 0
28958 36545 1
53534 11969 0
57630 7873 0
42270 23233 0
25886 39617 0
50462 15041 0
38174 27329 0
21790 43713 0
13598 51905 0
36126 29377 0
19742 45761 0
11550 53953 0
7454 58049 0
17214 15553 0
33598 15553 0
33598 23745 0
17214 40129 0
41278 23745 0
24894 40129 0
49470 15553 0
4926 27841 0
33598 27841 0
4926 44225 0
17214 44225 0
37182 27841 0
20798 44225 0
4926 52417 0
12606 52417 0
49726 15553 0
37438 27841 0
21054 44225 0
2878 29889 1
33598 29889 0
2878 46273 1
17214 46273 0
35134 29889 0
18750 46273 0
2878 54465 1
10558 54465 0
35390 29889 0
19006 46273 0
2878 58561 1
4926 58561 0
6462 58561 0
6718 58561 0
41758 23745 0
25374 40129 1
49950 15553 0
37662 27841 0
21278 44225 1
13086 52417 1
35614 29889 0
19230 46273 1
11038 54465 1
6942 58561 1
1854 30913 1
33598 30913 0
1854 47297 1
17214 47297 0
34110 30913 0
17726 47297 0
1854 55489 1
9534 55489 0
34366 30913 0
17982 47297 0
1854 59585 1
4926 59585 0
5438 59585 0
5694 59585 0
34590 30913 0
18206 47297 0
10014 55489 0
5918 59585 0
51758 13761 1
39470 26049 0
23086 42433 0
53806 11713 0
50734 14785 1
38446 27073 0
22062 43457 0
36398 29121 1
20014 45505 1
7726 57793 0
44078 21441 1
27694 37825 1
52270 13249 1
39982 25537 0
23598 41921 0
15406 50113 0
46126 19393 0
29742 35777 0
54318 11201 0
58414 7105 1
47150 18369 0
30766 34753 0
55342 10177 0
59438 6081 1
43310 22209 0
26926 38593 0
51502 14017 0
39214 26305 0
22830 42689 0
14638 50881 0
45358 20161 0
28974 36545 0
53550 11969 0
57646 7873 0
42286 23233 0
25902 39617 0
50478 15041 0
38190 27329 0
21806 43713 0
13614 51905 0
36142 29377 0
19758 45761 0
11566 53953 0
7470 58049 0
49966 15553 0
37678 27841 0
21294 44225 0
35630 29889 0
19246 46273 0
6958 58561 0
34606 30913 0
18222 47297 0
5934 59585 0
18622 14145 0
10430 22337 0
10430 38721 0
18622 38721 0
41150 22337 1
24766 38721 1
49342 14145 1
6334 26433 0
6334 42817 0
18622 42817 0
37054 26433 1
20670 42817 1
6334 51009 0
10430 51009 0
12478 51009 1
43070 22337 0
26686 38721 0
51262 14145 0
38974 26433 0
22590 42817 0
14398 51009 0
17598 15169 0
33982 15169 0
9406 23361 0
33982 23361 0
9406 39745 0
17598 39745 0
41150 23361 1
24766 39745 1
49342 15169 1
5310 27457 0
33982 27457 0
5310 43841 0
17598 43841 0
37054 27457 1
20670 43841 1
5310 52033 0
9406 52033 0
12478 52033 1
42046 23361 0
25662 39745 0
50238 15169 0
37950 27457 0
21566 43841 0
13374 52033 0
3262 29505 1
33982 29505 0
3262 45889 1
17598 45889 0
18622 45889 0
3262 54081 1
9406 54081 0
10430 54081 0
35902 29505 0
19518 45889 0
11326 54081 0
3262 58177 1
5310 58177 0
6334 58177 0
7230 58177 0
26782 38721 1
22686 42817 1
14494 51009 1
42142 23361 0
25758 39745 0
50334 15169 0
38046 27457 0
21662 43841 0
13470 52033 0
19614 45889 0
11422 54081 0
7326 58177 0
17086 15681 0
33470 15681 0
33470 23873 0
17086 40257 0
41150 23873 1
24766 40257 1
49342 15681 1
4798 27969 0
33470 27969 0
4798 44353 0
17086 44353 0
37054 27969 1
20670 44353 1
4798 52545 0
12478 52545 1
49726 15681 0
37438 27969 0
21054 44353 0
2750 30017 1
33470 30017 0
2750 46401 1
17086 46401 0
18622 46401 0
2750 54593 1
10430 54593 0
35390 30017 0
19006 46401 0
2750 58689 1
4798 58689 0
6334 58689 0
6718 58689 0
41630 23873 0
25246 40257 1
49822 15681 0
37534 27969 0
21150 44353 1
12958 52545 1
19102 46401 1
10910 54593 1
6814 58689 1
1726 31041 1
33470 31041 0
1726 47425 1
17086 47425 0
33982 31041 0
17598 47425 0
1726 55617 1
9406 55617 0
34366 31041 0
17982 47425 0
1726 59713 1
4798 59713 0
5310 59713 0
5694 59713 0
34462 31041 0
18078 47425 0
9886 55617 0
5790 59713 0
26798 38721 1
22702 42817 0
14510 51009 0
42158 23361 1
25774 39745 1
50350 15169 1
38062 27457 0
21678 43841 0
13486 52033 0
19630 45889 1
11438 54081 1
7342 58177 0
49838 15681 1
37550 27969 0
21166 44353 0
19118 46401 1
6830 58689 0
34478 31041 1
18094 47425 1
5806 59713 0
16830 15937 0
33214 15937 0
8638 24129 0
33214 24129 0
8638 40513 0
16830 40513 0
41150 24129 1
24766 40513 1
49342 15937 1
4542 28225 0
33214 28225 0
4542 44609 0
16830 44609 0
37054 28225 1
20670 44609 1
4542 52801 0
8638 52801 0
12478 52801 1
41278 24129 0
24894 40513 0
49470 15937 0
37182 28225 0
20798 44609 0
12606 52801 0
2494 30273 1
33214 30273 0
2494 46657 1
16830 46657 0
18622 46657 0
2494 54849 1
8638 54849 0
10430 54849 0
35134 30273 0
18750 46657 0
10558 54849 0
2494 58945 1
4542 58945 0
6334 58945 0
6462 58945 0
41374 24129 0
24990 40513 1
49566 15937 0
37278 28225 0
20894 44609 1
12702 52801 1
18846 46657 1
10654 54849 1
6558 58945 1
1470 31297 1
33214 31297 0
1470 47681 1
16830 47681 0
33982 31297 0
17598 47681 0
1470 55873 1
8638 55873 0
9406 55873 0
34110 31297 0
17726 47681 0
9534 55873 0
1470 59969 1
4542 59969 0
5310 59969 0
5438 59969 0
34206 31297 0
17822 47681 0
9630 55873 0
5534 59969 0
41390 24129 0
25006 40513 0
49582 15937 0
37294 28225 0
20910 44609 0
12718 52801 0
18862 46657 0
10670 54849 0
6574 58945 0
34222 31297 0
17838 47681 0
9646 55873 0
5550 59969 0
958 31809 1
33214 31809 0
958 48193 1
16830 48193 0
33470 31809 0
17086 48193 0
958 56385 1
8638 56385 0
33598 31809 0
17214 48193 0
958 60481 1
4542 60481 0
4798 60481 0
4926 60481 0
33694 31809 0
17310 48193 1
9118 56385 1
5022 60481 1
33710 31809 0
17326 48193 0
5038 60481 0
51766 13761 0
39478 26049 0
23094 42433 0
53814 11713 0
50742 14785 0
38454 27073 0
22070 43457 1
36406 29121 0
20022 45505 0
7734 57793 0
44086 21441 1
27702 37825 1
52278 13249 1
39990 25537 0
23606 41921 0
15414 50113 0
46134 19393 0
29750 35777 1
54326 11201 0
58422 7105 1
47158 18369 0
30774 34753 0
55350 10177 0
59446 6081 1
43318 22209 1
26934 38593 1
51510 14017 1
39222 26305 0
22838 42689 0
14646 50881 0
45366 20161 0
28982 36545 1
53558 11969 0
57654 7873 1
42294 23233 1
25910 39617 1
50486 15041 1
38198 27329 0
21814 43713 1
13622 51905 1
36150 29377 1
19766 45761 1
11574 53953 1
7478 58049 0
49974 15553 0
37686 27841 0
21302 44225 1
35638 29889 0
19254 46273 0
6966 58561 0
34614 30913 0
18230 47297 1
5942 59585 1
43190 22337 1
26806 38721 1
51382 14145 1
39094 26433 0
22710 42817 0
14518 51009 0
42166 23361 1
25782 39745 1
50358 15169 1
38070 27457 0
21686 43841 0
13494 52033 0
36022 29505 1
19638 45889 1
11446 54081 1
7350 58177 0
49846 15681 0
37558 27969 0
21174 44353 0
35510 30017 0
19126 46401 0
6838 58689 0
34486 31041 0
18102 47425 0
5814 59713 0
41398 24129 1
25014 40513 1
49590 15937 1
37302 28225 0
20918 44609 0
12726 52801 0
35254 30273 1
18870 46657 1
10678 54849 1
6582 58945 0
34230 31297 1
17846 47681 1
9654 55873 1
5558 59969 0
33718 31809 0
17334 48193 0
5046 60481 0
18558 14209 0
34942 14209 0
10366 22401 0
34942 22401 0
10366 38785 0
18558 38785 0
41086 22401 1
24702 38785 1
49278 14209 1
6270 26497 0
34942 26497 0
6270 42881 0
18558 42881 0
36990 26497 1
20606 42881 1
6270 51073 0
10366 51073 0
12414 51073 1
43070 22401 0
26686 38785 0
51262 14209 0
38974 26497 0
22590 42881 0
14398 51073 0
33918 15233 0
9342 23425 0
33918 23425 0
9342 39809 0
41086 23425 1
24702 39809 1
49278 15233 1
5246 27521 0
33918 27521 0
5246 43905 0
36990 27521 1
20606 43905 1
5246 52097 0
9342 52097 0
12414 52097 1
42046 23425 0
25662 39809 0
50238 15233 0
37950 27521 0
21566 43905 0
13374 52097 0
3198 29569 1
33918 29569 0
3198 45953 1
34942 29569 0
18558 45953 0
3198 54145 1
9342 54145 0
10366 54145 0
35902 29569 0
19518 45953 0
11326 54145 0
3198 58241 1
5246 58241 0
6270 58241 0
7230 58241 0
43102 22401 0
26718 38785 1
51294 14209 0
39006 26497 0
22622 42881 1
14430 51073 1
42078 23425 0
37982 27521 0
13406 52097 0
35934 29569 0
11358 54145 0
7262 58241 0
17022 15745 0
33406 15745 0
33406 23937 0
17022 40321 0
41086 23937 1
24702 40321 1
49278 15745 1
33406 28033 0
17022 44417 0
36990 28033 1
20606 44417 1
12414 52609 1
49726 15745 0
37438 28033 0
21054 44417 0
2686 30081 1
33406 30081 0
2686 46465 1
17022 46465 0
34942 30081 0
18558 46465 0
2686 54657 1
10366 54657 0
35390 30081 0
19006 46465 0
2686 58753 1
6270 58753 0
6718 58753 0
41566 23937 0
25182 40321 1
49758 15745 0
35422 30081 0
19038 46465 1
10846 54657 1
1662 31105 1
33406 31105 0
1662 47489 1
17022 47489 0
33918 31105 0
1662 55681 1
9342 55681 0
34366 31105 0
17982 47489 0
1662 59777 1
5246 59777 0
5694 59777 0
34398 31105 0
9822 55681 0
43118 22401 1
26734 38785 1
51310 14209 1
39022 26497 0
22638 42881 0
14446 51073 0
42094 23425 1
37998 27521 0
13422 52097 0
35950 29569 1
11374 54145 1
7278 58241 0
49774 15745 1
35438 30081 1
19054 46465 1
34414 31105 1
16766 16001 0
33150 16001 0
8574 24193 0
33150 24193 0
8574 40577 0
16766 40577 0
41086 24193 1
24702 40577 1
49278 16001 1
4478 28289 0
33150 28289 0
4478 44673 0
16766 44673 0
36990 28289 1
20606 44673 1
4478 52865 0
8574 52865 0
12414 52865 1
41278 24193 0
24894 40577 0
49470 16001 0
37182 28289 0
20798 44673 0
12606 52865 0
2430 30337 1
33150 30337 0
2430 46721 1
16766 46721 0
34942 30337 0
18558 46721 0
2430 54913 1
8574 54913 0
10366 54913 0
35134 30337 0
18750 46721 0
10558 54913 0
2430 59009 1
4478 59009 0
6270 59009 0
6462 59009 0
41310 24193 0
24926 40577 1
49502 16001 0
37214 28289 0
20830 44673 1
12638 52865 1
35166 30337 0
18782 46721 1
10590 54913 1
6494 59009 1
1406 31361 1
33150 31361 0
1406 47745 1
16766 47745 0
33918 31361 0
1406 55937 1
8574 55937 0
9342 55937 0
34110 31361 0
17726 47745 0
9534 55937 0
1406 60033 1
4478 60033 0
5246 60033 0
5438 60033 0
34142 31361 0
9566 55937 0
5470 60033 0
41326 24193 0
24942 40577 0
49518 16001 0
37230 28289 0
20846 44673 0
12654 52865 0
35182 30337 0
18798 46721 0
10606 54913 0
6510 59009 0
34158 31361 0
9582 55937 0
5486 60033 0
894 31873 1
33150 31873 0
894 48257 1
16766 48257 0
33406 31873 0
17022 48257 0
894 56449 1
8574 56449 0
33598 31873 0
17214 48257 0
894 60545 1
4478 60545 0
4926 60545 0
33630 31873 0
17246 48257 1
9054 56449 1
33646 31873 0
17262 48257 0
43126 22401 0
26742 38785 0
51318 14209 0
39030 26497 0
22646 42881 0
14454 51073 0
42102 23425 0
38006 27521 0
13430 52097 1
35958 29569 0
11382 54145 0
7286 58241 0
49782 15745 0
37494 28033 0
21110 44417 1
35446 30081 0
19062 46465 0
6774 58753 0
34422 31105 0
5750 59777 1
41334 24193 0
24950 40577 1
49526 16001 0
37238 28289 0
20854 44673 1
12662 52865 1
35190 30337 0
18806 46721 0
10614 54913 0
6518 59009 0
34166 31361 0
9590 55937 1
5494 60033 1
33654 31873 0
17270 48257 1
4982 60545 1
34942 30465 0
18558 46849 0
10366 55041 0
18622 46849 0
10430 55041 0
6270 59137 0
6334 59137 0
18654 46849 1
10462 55041 1
6366 59137 1
33918 31489 0
9342 56065 0
33982 31489 0
17598 47873 0
9406 56065 0
5246 60161 0
5310 60161 0
34014 31489 0
9438 56065 0
5342 60161 0
18670 46849 1
10478 55041 1
6382 59137 0
34030 31489 1
9454 56065 1
5358 60161 0
33406 32001 0
17022 48385 0
33470 32001 0
17086 48385 0
4798 60673 0
33502 32001 0
17118 48385 1
8926 56577 1
33518 32001 1
17134 48385 1
33150 32257 0
16766 48641 0
8574 56833 0
33214 32257 0
16830 48641 0
8638 56833 0
4478 60929 0
4542 60929 0
33246 32257 0
16862 48641 1
8670 56833 1
4574 60929 1
33262 32257 0
16878 48641 0
8686 56833 0
4590 60929 0
21850 10917 0
38234 10917 0
13658 19109 0
38234 19109 0
13658 35493 0
21850 35493 0
25946 6821 0
42330 6821 0
42330 19109 0
25946 35493 0
50522 6821 0
50522 10917 0
19802 12965 0
36186 12965 0
11610 21157 0
36186 21157 0
11610 37541 0
19802 37541 0
42330 21157 0
25946 37541 0
50522 12965 0
7514 25253 0
36186 25253 0
7514 41637 0
19802 41637 0
38234 25253 0
21850 41637 0
7514 49829 0
11610 49829 0
13658 49829 0
22874 9893 1
39258 9893 0
14682 18085 1
39258 18085 0
26970 5797 1
43354 5797 0
43354 18085 0
51546 5797 0
51546 9893 0
43354 21157 0
26970 37541 1
51546 12965 0
39258 25253 0
22874 41637 1
14682 49829 1
29018 3749 1
45402 3749 0
45402 18085 0
53594 3749 0
53594 9893 0
45402 19109 0
29018 35493 1
53594 10917 0
57690 3749 0
57690 5797 0
57690 6821 0
25434 7333 1
41818 7333 0
41818 19621 0
50010 7333 0
50010 11429 0
19290 13477 1
35674 13477 0
11098 21669 1
35674 21669 0
41818 21669 0
50010 13477 0
35674 25765 0
43354 21669 0
51546 13477 0
39258 25765 0
45402 19621 0
53594 11429 0
57690 7333 0
18266 14501 0
34650 14501 0
10074 22693 0
34650 22693 0
10074 39077 0
18266 39077 0
41818 22693 0
25434 39077 1
50010 14501 0
34650 26789 0
18266 43173 0
10074 51365 0
42330 22693 0
25946 39077 0
50522 14501 0
38234 26789 0
21850 43173 0
13658 51365 0
34650 28837 0
18266 45221 0
35674 28837 0
19290 45221 1
10074 53413 0
11098 53413 1
36186 28837 0
19802 45221 0
11610 53413 0
7514 57509 0
26202 6565 0
42586 6565 0
42586 18853 0
26202 35237 0
50778 6565 0
50778 10661 0
20058 12709 0
36442 12709 0
11866 20901 0
36442 20901 0
11866 37285 0
20058 37285 0
42586 20901 0
26202 37285 0
50778 12709 0
36442 24997 0
20058 41381 0
11866 49573 0
27226 5541 1
43610 5541 0
43610 17829 0
51802 5541 0
51802 9637 0
43610 20901 0
27226 37285 1
51802 12709 0
57946 3493 0
57946 5541 0
57946 6565 0
43610 21669 0
51802 13477 0
57946 7333 0
42586 22693 0
26202 39077 0
50778 14501 0
36442 28837 0
20058 45221 0
11866 53413 0
23642 9125 0
40026 9125 0
15450 17317 0
40026 17317 0
15450 33701 0
23642 33701 0
27738 5029 0
44122 5029 0
44122 17317 0
27738 33701 0
52314 5029 0
52314 9125 0
44122 20901 0
27738 37285 0
52314 12709 0
40026 24997 0
23642 41381 0
15450 49573 0
29786 2981 0
46170 2981 0
46170 17317 0
29786 33701 0
54362 2981 0
54362 9125 0
46170 18853 0
29786 35237 0
54362 10661 0
58458 2981 0
58458 5029 0
58458 6565 0
44122 21157 0
27738 37541 0
52314 12965 0
40026 25253 0
23642 41637 0
15450 49829 0
46170 19109 0
29786 35493 0
54362 10917 0
58458 6821 0
30810 1957 1
47194 1957 0
47194 17317 0
30810 33701 1
55386 1957 0
55386 9125 0
47194 17829 0
55386 9637 0
59482 1957 0
59482 5029 0
59482 5541 0
47194 18085 0
55386 9893 0
59482 5797 0
21722 11045 0
38106 11045 0
13530 19237 0
38106 19237 0
13530 35621 0
21722 35621 0
25818 6949 0
42202 6949 0
42202 19237 0
25818 35621 0
50394 6949 0
50394 11045 0
19674 13093 0
11482 21285 0
11482 37669 0
19674 37669 0
42202 21285 0
25818 37669 0
50394 13093 0
7386 25381 0
7386 41765 0
19674 41765 0
38106 25381 0
21722 41765 0
7386 49957 0
11482 49957 0
13530 49957 0
22746 10021 1
14554 18213 1
26842 5925 1
26842 37669 1
22746 41765 1
14554 49957 1
45274 18213 1
53466 10021 1
45274 19237 1
28890 35621 1
53466 11045 1
57562 5925 1
57562 6949 1
25306 7461 1
41690 7461 0
41690 19749 0
49882 7461 0
49882 11557 0
19162 13605 1
10970 21797 1
41690 21797 0
49882 13605 0
45274 19749 1
53466 11557 1
57562 7461 1
18138 14629 0
34522 14629 0
9946 22821 0
34522 22821 0
9946 39205 0
18138 39205 0
41690 22821 0
25306 39205 1
49882 14629 0
34522 26917 0
18138 43301 0
9946 51493 0
42202 22821 0
25818 39205 0
50394 14629 0
38106 26917 0
21722 43301 0
13530 51493 0
3802 28965 1
34522 28965 0
3802 45349 1
18138 45349 0
19162 45349 1
3802 53541 1
9946 53541 0
10970 53541 1
19674 45349 0
11482 53541 0
3802 57637 1
7386 57637 0
43610 21797 0
51802 13605 0
57946 7461 0
42586 22821 0
26202 39205 0
50778 14629 0
36442 28965 0
20058 45349 0
11866 53541 0
44122 21285 0
27738 37669 0
52314 13093 0
40026 25381 0
23642 41765 0
15450 49957 0
46170 19237 0
29786 35621 0
54362 11045 0
58458 6949 0
47194 18213 0
55386 10021 0
59482 5925 0
20954 11813 1
37338 11813 0
12762 20005 1
37338 20005 0
25050 7717 1
41434 7717 0
41434 20005 0
49626 7717 0
49626 11813 0
18906 13861 1
10714 22053 1
41434 22053 0
49626 13861 0
6618 26149 1
37338 26149 0
45274 20005 1
53466 11813 1
57562 7717 1
17882 14885 0
34266 14885 0
9690 23077 0
34266 23077 0
9690 39461 0
17882 39461 0
41434 23077 0
25050 39461 1
49626 14885 0
5594 27173 0
34266 27173 0
5594 43557 0
17882 43557 0
37338 27173 0
20954 43557 1
5594 51749 0
9690 51749 0
12762 51749 1
42202 23077 0
25818 39461 0
50394 14885 0
38106 27173 0
21722 43557 0
13530 51749 0
3546 29221 1
34266 29221 0
3546 45605 1
17882 45605 0
18906 45605 1
3546 53797 1
9690 53797 0
10714 53797 1
19674 45605 0
11482 53797 0
3546 57893 1
5594 57893 0
6618 57893 1
7386 57893 0
43354 22053 0
51546 13861 0
39258 26149 0
45402 20005 0
53594 11813 0
57690 7717 0
42330 23077 0
25946 39461 0
50522 14885 0
38234 27173 0
21850 43557 0
13658 51749 0
36186 29221 0
19802 45605 0
11610 53797 0
7514 57893 0
17370 15397 1
33754 15397 0
9178 23589 1
33754 23589 0
41434 23589 0
49626 15397 0
33754 27685 0
37338 27685 0
41690 23589 0
49882 15397 0
3034 29733 1
33754 29733 0
41818 23589 0
50010 15397 0
35674 29733 0
2010 30757 1
33754 30757 0
2010 47141 1
17370 47141 1
34266 30757 0
17882 47141 0
2010 55333 1
9178 55333 1
9690 55333 0
34522 30757 0
18138 47141 0
9946 55333 0
2010 59429 1
5594 59429 0
34650 30757 0
18266 47141 0
10074 55333 0
21914 10853 0
38298 10853 0
13722 19045 0
38298 19045 0
13722 35429 0
21914 35429 0
26010 6757 0
42394 6757 0
42394 19045 0
26010 35429 0
50586 6757 0
50586 10853 0
19866 12901 0
11674 21093 0
11674 37477 0
19866 37477 0
42394 21093 0
26010 37477 0
50586 12901 0
7578 25189 0
7578 41573 0
19866 41573 0
38298 25189 0
21914 41573 0
7578 49765 0
11674 49765 0
13722 49765 0
22938 9829 1
27034 5733 1
27034 37477 1
22938 41573 1
14746 49765 1
29082 3685 1
45466 3685 1
53658 3685 0
53658 9829 0
45466 19045 1
29082 35429 1
53658 10853 0
57754 3685 0
57754 5733 0
57754 6757 0
21402 11365 1
37786 11365 1
25498 7269 1
41882 7269 1
50074 7269 0
50074 11365 0
19354 13413 1
50074 13413 0
53658 11365 0
57754 7269 0
18330 14437 0
34714 14437 0
10138 22629 0
34714 22629 0
10138 39013 0
18330 39013 0
41882 22629 1
25498 39013 1
50074 14437 0
6042 26725 0
34714 26725 0
6042 43109 0
18330 43109 0
37786 26725 1
21402 43109 1
6042 51301 0
10138 51301 0
13210 51301 1
42394 22629 0
26010 39013 0
50586 14437 0
38298 26725 0
21914 43109 0
13722 51301 0
34714 28773 0
18330 45157 0
19354 45157 1
10138 53349 0
11162 53349 1
19866 45157 0
11674 53349 0
6042 57445 0
7066 57445 1
7578 57445 0
22170 10597 0
38554 10597 0
13978 18789 0
38554 18789 0
13978 35173 0
22170 35173 0
26266 6501 0
42650 6501 0
42650 18789 0
26266 35173 0
50842 6501 0
50842 10597 0
20122 12645 0
11930 20837 0
11930 37221 0
20122 37221 0
42650 20837 0
26266 37221 0
50842 12645 0
7834 24933 0
7834 41317 0
20122 41317 0
38554 24933 0
22170 41317 0
7834 49509 0
11930 49509 0
13978 49509 0
23194 9573 1
27290 5477 1
27290 37221 1
23194 41317 1
15002 49509 1
29338 3429 1
45722 3429 1
53914 3429 0
53914 9573 0
45722 18789 1
29338 35173 1
53914 10597 0
58010 3429 0
58010 5477 0
58010 6501 0
53914 11365 0
58010 7269 0
42650 22629 0
26266 39013 0
50842 14437 0
38554 26725 0
22170 43109 0
13978 51301 0
20122 45157 0
11930 53349 0
7834 57445 0
23706 9061 0
15514 17253 0
15514 33637 0
23706 33637 0
27802 4965 0
27802 33637 0
27802 37221 0
23706 41317 0
15514 49509 0
29850 2917 0
46234 2917 0
46234 17253 0
29850 33637 0
54426 2917 0
54426 9061 0
46234 18789 0
29850 35173 0
54426 10597 0
58522 2917 0
58522 4965 0
58522 6501 0
27802 37477 0
23706 41573 0
15514 49765 0
46234 19045 0
29850 35429 0
54426 10853 0
58522 6757 0
30874 1893 1
30874 33637 1
45722 19749 1
53914 11557 0
58010 7461 0
42650 22821 0
26266 39205 0
50842 14629 0
38554 26917 0
22170 43301 0
13978 51493 0
20122 45349 0
11930 53541 0
7834 57637 0
27802 37669 0
23706 41765 0
15514 49957 0
46234 19237 0
29850 35621 0
54426 11045 0
58522 6949 0
45466 20005 1
53658 11813 0
57754 7717 0
42394 23077 0
26010 39461 0
50586 14885 0
38298 27173 0
21914 43557 0
13722 51749 0
19866 45605 0
11674 53797 0
7578 57893 0
41882 23589 1
50074 15397 0
37786 27685 1
34714 30757 0
18330 47141 0
10138 55333 0
6042 59429 0
22298 10469 0
38682 10469 0
14106 18661 0
38682 18661 0
14106 35045 0
22298 35045 0
26394 6373 0
42778 6373 0
42778 18661 0
26394 35045 0
50970 6373 0
50970 10469 0
42778 20709 0
26394 37093 0
50970 12517 0
38682 24805 0
22298 41189 0
14106 49381 0
23322 9445 1
39706 9445 1
27418 5349 1
43802 5349 1
51994 5349 0
51994 9445 0
43802 20709 1
27418 37093 1
51994 12517 0
39706 24805 1
23322 41189 1
15130 49381 1
29466 3301 1
45850 3301 1
54042 3301 0
54042 9445 0
45850 18661 1
29466 35045 1
54042 10469 0
58138 3301 0
58138 5349 0
58138 6373 0
51994 13413 0
54042 11365 0
58138 7269 0
42778 22629 0
26394 39013 0
50970 14437 0
38682 26725 0
22298 43109 0
14106 51301 0
23834 8933 0
40218 8933 0
15642 17125 0
40218 17125 0
15642 33509 0
23834 33509 0
27930 4837 0
44314 4837 0
44314 17125 0
27930 33509 0
52506 4837 0
52506 8933 0
44314 20709 0
27930 37093 0
52506 12517 0
40218 24805 0
23834 41189 0
15642 49381 0
29978 2789 0
46362 2789 0
46362 17125 0
29978 33509 0
54554 2789 0
54554 8933 0
46362 18661 0
29978 35045 0
54554 10469 0
58650 2789 0
58650 4837 0
58650 6373 0
44314 21093 0
27930 37477 0
52506 12901 0
40218 25189 0
23834 41573 0
15642 49765 0
46362 19045 0
29978 35429 0
54554 10853 0
58650 6757 0
31002 1765 1
47386 1765 1
47386 17125 1
31002 33509 1
55578 1765 0
55578 8933 0
55578 9445 0
59674 1765 0
59674 4837 0
59674 5349 0
55578 9829 0
59674 5733 0
43802 21669 1
51994 13477 0
39706 25765 1
45850 19621 1
54042 11429 0
58138 7333 0
42778 22693 0
26394 39077 0
50970 14501 0
38682 26789 0
22298 43173 0
14106 51365 0
44314 21157 0
27930 37541 0
52506 12965 0
40218 25253 0
23834 41637 0
15642 49829 0
46362 19109 0
29978 35493 0
54554 10917 0
58650 6821 0
47386 18085 1
55578 9893 0
59674 5797 0
24090 8677 0
40474 8677 0
15898 16869 0
40474 16869 0
15898 33253 0
24090 33253 0
28186 4581 0
44570 4581 0
44570 16869 0
28186 33253 0
52762 4581 0
52762 8677 0
44570 20709 0
28186 37093 0
52762 12517 0
40474 24805 0
24090 41189 0
15898 49381 0
30234 2533 0
46618 2533 0
46618 16869 0
30234 33253 0
54810 2533 0
54810 8677 0
46618 18661 0
30234 35045 0
54810 10469 0
58906 2533 0
58906 4581 0
58906 6373 0
44570 20837 0
28186 37221 0
52762 12645 0
40474 24933 0
24090 41317 0
15898 49509 0
46618 18789 0
30234 35173 0
54810 10597 0
58906 6501 0
31258 1509 1
47642 1509 1
47642 16869 1
31258 33253 1
55834 1509 0
55834 8677 0
55834 9445 0
59930 1509 0
59930 4581 0
59930 5349 0
55834 9573 0
59930 5477 0
44570 20901 0
28186 37285 0
52762 12709 0
40474 24997 0
24090 41381 0
15898 49573 0
46618 18853 0
30234 35237 0
54810 10661 0
58906 6565 0
47642 17829 1
55834 9637 0
59930 5541 0
31770 997 0
48154 997 0
48154 16869 0
31770 33253 0
56346 997 0
56346 8677 0
48154 17125 0
31770 33509 0
56346 8933 0
60442 997 0
60442 4581 0
60442 4837 0
48154 17253 0
31770 33637 0
56346 9061 0
60442 4965 0
48154 17317 0
31770 33701 0
56346 9125 0
60442 5029 0
21818 10949 0
38202 10949 0
13626 19141 0
38202 19141 0
13626 35525 0
21818 35525 0
25914 6853 0
42298 6853 0
42298 19141 0
25914 35525 0
50490 6853 0
50490 10949 0
19770 12997 0
36154 12997 0
11578 21189 0
36154 21189 0
11578 37573 0
19770 37573 0
42298 21189 0
25914 37573 0
50490 12997 0
7482 25285 0
36154 25285 0
7482 41669 0
19770 41669 0
38202 25285 0
21818 41669 0
7482 49861 0
11578 49861 0
13626 49861 0
22842 9925 0
39226 9925 1
14650 34501 1
22842 34501 0
26938 5829 0
43322 5829 1
26938 34501 0
51514 5829 0
51514 9925 0
43322 21189 1
26938 37573 0
51514 12997 0
39226 25285 1
22842 41669 0
14650 49861 1
28986 3781 0
45370 3781 1
28986 34501 0
53562 3781 0
53562 9925 0
45370 19141 1
28986 35525 0
53562 10949 0
57658 3781 0
57658 5829 0
57658 6853 0
21306 11461 0
37690 11461 1
21306 36037 0
49978 7365 0
49978 11461 0
19258 13509 0
35642 13509 1
19258 38085 0
49978 13509 0
6970 42181 1
19258 42181 0
21306 42181 0
26938 38085 0
51514 13509 0
22842 42181 0
28986 36037 0
53562 11461 0
57658 7365 0
18234 14533 0
34618 14533 0
34618 22725 0
18234 39109 0
49978 14533 0
5946 26821 0
34618 26821 0
5946 43205 0
18234 43205 0
37690 26821 1
21306 43205 0
5946 51397 0
42298 22725 0
25914 39109 0
50490 14533 0
38202 26821 0
21818 43205 0
13626 51397 0
34618 28869 0
18234 45253 0
35642 28869 1
19258 45253 0
36154 28869 0
19770 45253 0
11578 53445 0
5946 57541 0
6970 57541 1
7482 57541 0
22074 10693 0
38458 10693 0
38458 18885 0
22074 35269 0
50746 6597 0
50746 10693 0
20026 12741 0
36410 12741 0
36410 20933 0
20026 37317 0
50746 12741 0
7738 25029 0
36410 25029 0
7738 41413 0
20026 41413 0
38458 25029 0
22074 41413 0
7738 49605 0
23098 9669 0
39482 9669 1
23098 34245 0
51770 5573 0
51770 9669 0
51770 12741 0
39482 25029 1
23098 41413 0
53818 3525 0
53818 9669 0
53818 10693 0
51770 13509 0
23098 42181 0
53818 11461 0
50746 14533 0
38458 26821 0
22074 43205 0
36410 28869 0
20026 45253 0
7738 57541 0
23610 9157 0
39994 9157 0
15418 17349 0
39994 17349 0
15418 33733 0
23610 33733 0
27706 5061 0
44090 5061 0
44090 17349 0
27706 33733 0
52282 5061 0
52282 9157 0
44090 20933 0
27706 37317 0
52282 12741 0
39994 25029 0
23610 41413 0
15418 49605 0
29754 3013 0
46138 3013 0
46138 17349 0
29754 33733 0
54330 3013 0
54330 9157 0
46138 18885 0
29754 35269 0
54330 10693 0
58426 3013 0
58426 5061 0
58426 6597 0
44090 21189 0
27706 37573 0
52282 12997 0
39994 25285 0
23610 41669 0
15418 49861 0
46138 19141 0
29754 35525 0
54330 10949 0
58426 6853 0
30778 1989 0
47162 1989 1
47162 17349 1
30778 33733 0
55354 1989 0
55354 9157 0
30778 34245 0
55354 9669 0
59450 1989 0
59450 5061 0
59450 5573 0
30778 34501 0
55354 9925 0
59450 5829 0
21690 11077 0
38074 11077 0
13498 19269 0
38074 19269 0
13498 35653 0
21690 35653 0
25786 6981 0
42170 6981 0
42170 19269 0
25786 35653 0
50362 6981 0
50362 11077 0
19642 13125 0
11450 21317 0
11450 37701 0
19642 37701 0
42170 21317 0
25786 37701 0
50362 13125 0
7354 25413 0
7354 41797 0
19642 41797 0
38074 25413 0
21690 41797 0
7354 49989 0
11450 49989 0
13498 49989 0
22714 10053 0
14522 34629 1
22714 34629 0
26810 5957 0
26810 34629 0
26810 37701 0
22714 41797 0
14522 49989 1
28858 34629 1
53434 10053 1
45242 19269 1
28858 35653 1
53434 11077 1
57530 5957 1
57530 6981 1
21178 11589 0
37562 11589 1
21178 36165 0
49850 7493 0
49850 11589 0
19130 13637 0
19130 38213 0
49850 13637 0
6842 42309 1
19130 42309 0
21178 42309 0
26810 38213 0
22714 42309 0
28858 36165 1
53434 11589 1
57530 7493 1
18106 14661 0
34490 14661 0
34490 22853 0
18106 39237 0
49850 14661 0
5818 26949 0
34490 26949 0
5818 43333 0
18106 43333 0
37562 26949 1
21178 43333 0
5818 51525 0
42170 22853 0
25786 39237 0
50362 14661 0
38074 26949 0
21690 43333 0
13498 51525 0
3770 28997 1
34490 28997 0
3770 45381 1
18106 45381 0
19130 45381 0
3770 53573 1
19642 45381 0
11450 53573 0
3770 57669 1
5818 57669 0
6842 57669 1
7354 57669 0
51770 13637 0
23098 42309 0
53818 11589 0
50746 14661 0
38458 26949 0
22074 43333 0
36410 28997 0
20026 45381 0
7738 57669 0
44090 21317 0
27706 37701 0
52282 13125 0
39994 25413 0
23610 41797 0
15418 49989 0
46138 19269 0
29754 35653 0
54330 11077 0
58426 6981 0
30778 34629 0
55354 10053 0
59450 5957 0
20922 11845 0
37306 11845 1
12730 36421 1
20922 36421 0
25018 7749 0
41402 7749 1
25018 36421 0
49594 7749 0
49594 11845 0
18874 13893 0
10682 38469 1
18874 38469 0
25018 38469 0
49594 13893 0
6586 42565 1
18874 42565 0
20922 42565 0
26810 38469 0
22714 42565 0
28858 36421 1
53434 11845 1
57530 7749 1
17850 14917 0
34234 14917 0
9658 23109 0
34234 23109 0
9658 39493 0
17850 39493 0
41402 23109 1
25018 39493 0
49594 14917 0
5562 27205 0
34234 27205 0
5562 43589 0
17850 43589 0
37306 27205 1
20922 43589 0
5562 51781 0
9658 51781 0
12730 51781 1
42170 23109 0
25786 39493 0
50362 14917 0
38074 27205 0
21690 43589 0
13498 51781 0
3514 29253 1
34234 29253 0
3514 45637 1
17850 45637 0
18874 45637 0
3514 53829 1
9658 53829 0
10682 53829 1
19642 45637 0
11450 53829 0
3514 57925 1
5562 57925 0
6586 57925 1
7354 57925 0
26938 38469 0
51514 13893 0
22842 42565 0
28986 36421 0
53562 11845 0
57658 7749 0
42298 23109 0
25914 39493 0
50490 14917 0
38202 27205 0
21818 43589 0
13626 51781 0
36154 29253 0
19770 45637 0
11578 53829 0
7482 57925 0
17338 15429 0
33722 15429 1
17338 40005 0
25018 40005 0
49594 15429 0
5050 44101 1
17338 44101 0
20922 44101 0
49850 15429 0
21178 44101 0
3002 46149 1
17338 46149 0
18874 46149 0
19130 46149 0
49978 15429 0
21306 44101 0
19258 46149 0
1978 30789 1
33722 30789 1
1978 47173 1
17338 47173 0
34234 30789 0
17850 47173 0
1978 55365 1
9658 55365 0
34490 30789 0
18106 47173 0
1978 59461 1
5050 59461 1
5562 59461 0
5818 59461 0
34618 30789 0
18234 47173 0
5946 59461 0
27290 38213 1
23194 42309 1
29338 36165 1
53914 11589 0
58010 7493 0
42650 22853 0
26266 39237 0
50842 14661 0
38554 26949 0
22170 43333 0
13978 51525 0
20122 45381 0
11930 53573 0
7834 57669 0
27802 37701 0
23706 41797 0
15514 49989 0
46234 19269 0
29850 35653 0
54426 11077 0
58522 6981 0
30874 34629 1
27034 38469 1
22938 42565 1
29082 36421 1
53658 11845 0
57754 7749 0
42394 23109 0
26010 39493 0
50586 14917 0
38298 27205 0
21914 43589 0
13722 51781 0
19866 45637 0
11674 53829 0
7578 57925 0
25498 40005 1
50074 15429 0
21402 44101 1
19354 46149 1
34714 30789 0
18330 47173 0
10138 55365 0
6042 59461 0
27418 38085 1
51994 13509 0
23322 42181 1
29466 36037 1
54042 11461 0
58138 7365 0
42778 22725 0
26394 39109 0
50970 14533 0
38682 26821 0
22298 43205 0
14106 51397 0
44314 21189 0
27930 37573 0
52506 12997 0
40218 25285 0
23834 41669 0
15642 49861 0
46362 19141 0
29978 35525 0
54554 10949 0
58650 6853 0
31002 34501 1
55578 9925 0
59674 5829 0
44570 20933 0
28186 37317 0
52762 12741 0
40474 25029 0
24090 41413 0
15898 49605 0
46618 18885 0
30234 35269 0
54810 10693 0
58906 6597 0
31258 34245 1
55834 9669 0
59930 5573 0
48154 17349 0
31770 33733 0
56346 9157 0
60442 5061 0
21626 11141 0
38010 11141 0
13434 19333 0
38010 19333 0
13434 35717 0
21626 35717 0
25722 7045 0
42106 7045 0
42106 19333 0
25722 35717 0
50298 7045 0
50298 11141 0
19578 13189 0
35962 13189 0
11386 21381 0
35962 21381 0
11386 37765 0
19578 37765 0
42106 21381 0
25722 37765 0
50298 13189 0
7290 25477 0
35962 25477 0
7290 41861 0
19578 41861 0
38010 25477 0
21626 41861 0
7290 50053 0
11386 50053 0
13434 50053 0
22650 10117 0
39034 10117 0
14458 18309 0
39034 18309 0
14458 34693 0
22650 34693 0
26746 6021 0
43130 6021 0
43130 18309 0
26746 34693 0
51322 6021 0
51322 10117 0
43130 21381 0
26746 37765 0
51322 13189 0
39034 25477 0
22650 41861 0
14458 50053 0
45178 18309 1
28794 34693 1
53370 10117 1
45178 19333 1
28794 35717 1
53370 11141 1
57466 6021 1
57466 7045 1
49786 7557 0
49786 11653 0
19066 13701 0
35450 13701 0
35450 21893 0
19066 38277 0
49786 13701 0
35450 25989 0
19066 42373 0
43130 21893 0
26746 38277 0
51322 13701 0
39034 25989 0
22650 42373 0
14458 50565 0
45178 19845 1
28794 36229 1
53370 11653 1
57466 7557 1
18042 14725 0
34426 14725 0
34426 22917 0
18042 39301 0
49786 14725 0
34426 27013 0
18042 43397 0
42106 22917 0
25722 39301 0
50298 14725 0
38010 27013 0
21626 43397 0
13434 51589 0
3706 29061 1
34426 29061 0
3706 45445 1
18042 45445 0
35450 29061 0
19066 45445 0
3706 53637 1
35962 29061 0
19578 45445 0
11386 53637 0
3706 57733 1
7290 57733 0
51770 13701 0
39482 25989 1
23098 42373 0
53818 11653 0
50746 14725 0
38458 27013 0
22074 43397 0
36410 29061 0
20026 45445 0
7738 57733 0
44090 21381 0
27706 37765 0
52282 13189 0
39994 25477 0
23610 41861 0
15418 50053 0
46138 19333 0
29754 35717 0
54330 11141 0
58426 7045 0
47162 18309 1
30778 34693 0
55354 10117 0
59450 6021 0
20858 11909 0
37242 11909 0
12666 20101 0
37242 20101 0
12666 36485 0
20858 36485 0
24954 7813 0
41338 7813 0
41338 20101 0
24954 36485 0
49530 7813 0
49530 11909 0
18810 13957 0
35194 13957 0
10618 22149 0
35194 22149 0
10618 38533 0
18810 38533 0
41338 22149 0
24954 38533 0
49530 13957 0
6522 26245 0
35194 26245 0
6522 42629 0
18810 42629 0
37242 26245 0
20858 42629 0
6522 50821 0
10618 50821 0
12666 50821 0
43130 22149 0
26746 38533 0
51322 13957 0
39034 26245 0
22650 42629 0
14458 50821 0
45178 20101 1
28794 36485 1
53370 11909 1
57466 7813 1
17786 14981 0
34170 14981 0
9594 23173 0
34170 23173 0
9594 39557 0
17786 39557 0
41338 23173 0
24954 39557 0
49530 14981 0
5498 27269 0
34170 27269 0
5498 43653 0
17786 43653 0
37242 27269 0
20858 43653 0
5498 51845 0
9594 51845 0
12666 51845 0
42106 23173 0
25722 39557 0
50298 14981 0
38010 27269 0
21626 43653 0
13434 51845 0
3450 29317 1
34170 29317 0
3450 45701 1
17786 45701 0
35194 29317 0
18810 45701 0
3450 53893 1
9594 53893 0
10618 53893 0
35962 29317 0
19578 45701 0
11386 53893 0
3450 57989 1
5498 57989 0
6522 57989 0
7290 57989 0
43322 22149 1
26938 38533 0
51514 13957 0
39226 26245 1
22842 42629 0
14650 50821 1
45370 20101 1
28986 36485 0
53562 11909 0
57658 7813 0
42298 23173 0
25914 39557 0
50490 14981 0
38202 27269 0
21818 43653 0
13626 51845 0
36154 29317 0
19770 45701 0
11578 53893 0
7482 57989 0
17274 15493 0
33658 15493 0
33658 23685 0
17274 40069 0
41338 23685 0
24954 40069 0
49530 15493 0
33658 27781 0
17274 44165 0
37242 27781 0
20858 44165 0
12666 52357 0
49786 15493 0
2938 29829 1
33658 29829 0
2938 46213 1
17274 46213 0
35194 29829 0
18810 46213 0
2938 54405 1
10618 54405 0
35450 29829 0
19066 46213 0
2938 58501 1
6522 58501 0
49978 15493 0
37690 27781 1
21306 44165 0
35642 29829 1
19258 46213 0
6970 58501 1
1914 30853 1
33658 30853 0
1914 47237 1
17274 47237 0
34170 30853 0
17786 47237 0
1914 55429 1
9594 55429 0
34426 30853 0
18042 47237 0
1914 59525 1
5498 59525 0
34618 30853 0
18234 47237 0
5946 59525 0
43610 21893 0
27226 38277 1
51802 13701 0
57946 7557 0
42586 22917 0
26202 39301 0
50778 14725 0
36442 29061 0
20058 45445 0
11866 53637 0
44122 21381 0
27738 37765 0
52314 13189 0
40026 25477 0
23642 41861 0
15450 50053 0
46170 19333 0
29786 35717 0
54362 11141 0
58458 7045 0
47194 18309 0
30810 34693 1
55386 10117 0
59482 6021 0
43354 22149 0
26970 38533 1
51546 13957 0
39258 26245 0
22874 42629 1
14682 50821 1
45402 20101 0
29018 36485 1
53594 11909 0
57690 7813 0
42330 23173 0
25946 39557 0
50522 14981 0
38234 27269 0
21850 43653 0
13658 51845 0
36186 29317 0
19802 45701 0
11610 53893 0
7514 57989 0
41818 23685 0
25434 40069 1
50010 15493 0
35674 29829 0
19290 46213 1
11098 54405 1
34650 30853 0
18266 47237 0
10074 55429 0
43130 22277 0
26746 38661 0
51322 14085 0
39034 26373 0
22650 42757 0
14458 50949 0
42106 23301 0
25722 39685 0
50298 15109 0
38010 27397 0
21626 43781 0
13434 51973 0
35962 29445 0
19578 45829 0
11386 54021 0
7290 58117 0
26810 38661 0
22714 42757 0
14522 50949 1
42170 23301 0
25786 39685 0
50362 15109 0
38074 27397 0
21690 43781 0
13498 51973 0
19642 45829 0
11450 54021 0
7354 58117 0
49786 15621 0
35450 29957 0
19066 46341 0
49850 15621 0
37562 27909 1
21178 44293 0
19130 46341 0
6842 58629 1
34426 30981 0
18042 47365 0
34490 30981 0
18106 47365 0
5818 59653 0
26842 38661 1
22746 42757 1
14554 50949 1
42202 23301 0
25818 39685 0
50394 15109 0
38106 27397 0
21722 43781 0
13530 51973 0
19674 45829 0
11482 54021 0
7386 58117 0
41690 23813 0
25306 40197 1
49882 15621 0
19162 46341 1
10970 54533 1
34522 30981 0
18138 47365 0
9946 55557 0
41338 24069 0
24954 40453 0
49530 15877 0
37242 28165 0
20858 44549 0
12666 52741 0
35194 30213 0
18810 46597 0
10618 54789 0
6522 58885 0
41402 24069 1
25018 40453 0
49594 15877 0
37306 28165 1
20922 44549 0
12730 52741 1
18874 46597 0
10682 54789 1
6586 58885 1
34170 31237 0
17786 47621 0
9594 55813 0
5498 59909 0
34234 31237 0
17850 47621 0
9658 55813 0
5562 59909 0
41434 24069 0
25050 40453 1
49626 15877 0
37338 28165 0
20954 44549 1
12762 52741 1
18906 46597 1
10714 54789 1
6618 58885 1
34266 31237 0
17882 47621 0
9690 55813 0
5594 59909 0
33658 31749 0
17274 48133 0
33722 31749 1
17338 48133 0
5050 60421 1
33754 31749 0
17370 48133 1
9178 56325 1
21866 10901 0
38250 10901 0
13674 19093 0
38250 19093 0
13674 35477 0
21866 35477 0
25962 6805 0
42346 6805 0
42346 19093 0
25962 35477 0
50538 6805 0
50538 10901 0
19818 12949 0
36202 12949 0
11626 21141 0
36202 21141 0
11626 37525 0
19818 37525 0
42346 21141 0
25962 37525 0
50538 12949 0
7530 25237 0
36202 25237 0
7530 41621 0
19818 41621 0
38250 25237 0
21866 41621 0
7530 49813 0
11626 49813 0
13674 49813 0
22890 9877 0
39274 9877 0
14698 18069 0
39274 18069 0
14698 34453 0
22890 34453 0
26986 5781 0
43370 5781 0
43370 18069 0
26986 34453 0
51562 5781 0
51562 9877 0
43370 21141 0
26986 37525 0
51562 12949 0
39274 25237 0
22890 41621 0
14698 49813 0
29034 3733 0
45418 3733 0
45418 18069 0
29034 34453 0
53610 3733 0
53610 9877 0
45418 19093 0
29034 35477 0
53610 10901 0
57706 3733 0
57706 5781 0
57706 6805 0
50026 7317 0
50026 11413 0
19306 13461 0
35690 13461 0
35690 21653 0
19306 38037 0
50026 13461 0
35690 25749 0
19306 42133 0
43370 21653 0
26986 38037 0
51562 13461 0
39274 25749 0
22890 42133 0
14698 50325 0
45418 19605 0
29034 35989 0
53610 11413 0
57706 7317 0
18282 14485 0
34666 14485 0
34666 22677 0
18282 39061 0
50026 14485 0
34666 26773 0
18282 43157 0
42346 22677 0
25962 39061 0
50538 14485 0
38250 26773 0
21866 43157 0
13674 51349 0
34666 28821 0
18282 45205 0
35690 28821 0
19306 45205 0
36202 28821 0
19818 45205 0
11626 53397 0
7530 57493 0
50794 10645 1
36458 24981 1
20074 41365 1
51818 9621 1
51818 13461 1
50794 14485 1
36458 28821 1
20074 45205 1
23658 9109 0
40042 9109 0
15466 17301 0
40042 17301 0
15466 33685 0
23658 33685 0
44138 17301 1
27754 33685 1
52330 9109 1
40042 24981 0
23658 41365 0
15466 49557 0
29802 2965 0
46186 2965 0
46186 17301 0
29802 33685 0
54378 2965 0
54378 9109 0
46186 18837 0
29802 35221 0
54378 10645 0
58474 2965 1
44138 21141 1
27754 37525 1
52330 12949 1
40042 25237 0
23658 41621 0
15466 49813 0
46186 19093 0
29802 35477 0
54378 10901 0
58474 6805 1
30826 1941 0
47210 1941 0
47210 17301 0
30826 33685 0
55402 1941 0
55402 9109 0
47210 17813 0
30826 34197 0
55402 9621 0
59498 1941 1
47210 18069 0
30826 34453 0
55402 9877 0
59498 5781 1
21738 11029 0
38122 11029 0
13546 19221 0
38122 19221 0
13546 35605 0
21738 35605 0
42218 19221 1
25834 35605 1
50410 11029 1
7402 25365 0
7402 41749 0
19690 41749 1
38122 25365 0
21738 41749 0
7402 49941 0
11498 49941 1
13546 49941 0
22762 10005 0
14570 18197 0
14570 34581 0
22762 34581 0
26858 34581 1
22762 41749 0
14570 49941 0
45290 18197 1
28906 34581 1
53482 10005 1
45290 19221 1
28906 35605 1
53482 11029 1
49898 11541 1
19178 42261 1
22762 42261 0
14570 50453 0
45290 19733 1
28906 36117 1
53482 11541 1
34538 26901 1
18154 43285 1
38122 26901 0
21738 43285 0
13546 51477 0
3818 57621 1
7402 57621 0
40042 25365 0
23658 41749 0
15466 49941 0
46186 19221 0
29802 35605 0
54378 11029 0
47210 18197 0
30826 34581 0
55402 10005 0
20970 11797 0
37354 11797 0
12778 19989 0
37354 19989 0
12778 36373 0
20970 36373 0
25066 7701 0
41450 7701 0
41450 19989 0
25066 36373 0
49642 7701 0
49642 11797 0
18922 13845 0
10730 22037 0
10730 38421 0
18922 38421 0
41450 22037 0
25066 38421 0
49642 13845 0
6634 26133 0
6634 42517 0
18922 42517 0
37354 26133 0
20970 42517 0
6634 50709 0
10730 50709 0
12778 50709 0
26858 38421 1
22762 42517 0
14570 50709 0
45290 19989 1
28906 36373 1
53482 11797 1
57578 7701 1
17898 14869 0
34282 14869 0
9706 23061 0
34282 23061 0
9706 39445 0
17898 39445 0
41450 23061 0
25066 39445 0
49642 14869 0
5610 27157 0
34282 27157 0
5610 43541 0
17898 43541 0
37354 27157 0
20970 43541 0
5610 51733 0
9706 51733 0
12778 51733 0
42218 23061 1
25834 39445 1
50410 14869 1
38122 27157 0
21738 43541 0
13546 51733 0
3562 29205 1
34282 29205 0
3562 45589 1
17898 45589 0
18922 45589 0
3562 53781 1
9706 53781 0
10730 53781 0
19690 45589 1
11498 53781 1
3562 57877 1
5610 57877 0
6634 57877 0
7402 57877 0
43370 22037 0
26986 38421 0
51562 13845 0
39274 26133 0
22890 42517 0
14698 50709 0
45418 19989 0
29034 36373 0
53610 11797 0
57706 7701 0
42346 23061 0
25962 39445 0
50538 14869 0
38250 27157 0
21866 43541 0
13674 51733 0
36202 29205 0
19818 45589 0
11626 53781 0
7530 57877 0
17386 15381 0
33770 15381 0
33770 23573 0
17386 39957 0
41450 23573 0
25066 39957 0
49642 15381 0
33770 27669 0
17386 44053 0
37354 27669 0
20970 44053 0
12778 52245 0
49898 15381 1
3050 29717 1
33770 29717 0
3050 46101 1
17386 46101 0
18922 46101 0
3050 54293 1
10730 54293 0
19178 46101 1
3050 58389 1
6634 58389 0
50026 15381 0
35690 29717 0
19306 46101 0
2026 30741 1
33770 30741 0
2026 47125 1
17386 47125 0
34282 30741 0
17898 47125 0
2026 55317 1
9706 55317 0
34538 30741 1
18154 47125 1
2026 59413 1
5610 59413 0
34666 30741 0
18282 47125 0
21930 10837 0
38314 10837 0
13738 19029 0
38314 19029 0
13738 35413 0
21930 35413 0
26026 6741 0
42410 6741 0
42410 19029 0
26026 35413 0
50602 6741 0
50602 10837 0
19882 12885 0
11690 21077 0
11690 37461 0
19882 37461 0
42410 21077 0
26026 37461 0
50602 12885 0
7594 25173 0
7594 41557 0
19882 41557 0
38314 25173 0
21930 41557 0
7594 49749 0
11690 49749 0
13738 49749 0
22954 9813 0
14762 34389 1
22954 34389 0
27050 5717 0
27050 34389 0
27050 37461 0
22954 41557 0
14762 49749 1
29098 3669 0
45482 3669 1
29098 34389 0
53674 3669 0
53674 9813 0
45482 19029 1
29098 35413 0
53674 10837 0
57770 3669 0
57770 5717 0
57770 6741 0
21418 11349 0
37802 11349 1
21418 35925 0
50090 7253 0
50090 11349 0
19370 13397 0
19370 37973 0
50090 13397 0
7082 42069 1
19370 42069 0
21418 42069 0
27050 37973 0
22954 42069 0
29098 35925 0
53674 11349 0
57770 7253 0
18346 14421 0
34730 14421 0
34730 22613 0
18346 38997 0
50090 14421 0
6058 26709 0
34730 26709 0
6058 43093 0
18346 43093 0
37802 26709 1
21418 43093 0
6058 51285 0
42410 22613 0
26026 38997 0
50602 14421 0
38314 26709 0
21930 43093 0
13738 51285 0
34730 28757 0
18346 45141 0
19370 45141 0
19882 45141 0
11690 53333 0
6058 57429 0
7082 57429 1
7594 57429 0
22186 10581 0
38570 10581 0
38570 18773 0
22186 35157 0
50858 10581 1
7850 24917 0
7850 41301 0
20138 41301 1
38570 24917 0
22186 41301 0
7850 49493 0
23210 9557 0
23210 34133 0
23210 41301 0
53930 3413 0
53930 9557 0
53930 10581 0
23210 42069 0
53930 11349 0
50858 14421 1
38570 26709 0
22186 43093 0
20138 45141 1
7850 57429 0
23722 9045 0
15530 17237 0
15530 33621 0
23722 33621 0
27818 33621 1
23722 41301 0
15530 49493 0
29866 2901 0
46250 2901 0
46250 17237 0
29866 33621 0
54442 2901 0
54442 9045 0
46250 18773 0
29866 35157 0
54442 10581 0
58538 2901 1
27818 37461 1
23722 41557 0
15530 49749 0
46250 19029 0
29866 35413 0
54442 10837 0
58538 6741 1
30890 1877 0
30890 33621 0
30890 34133 0
30890 34389 0
23210 42261 0
53930 11541 0
38570 26901 0
22186 43285 0
7850 57621 0
23722 41749 0
15530 49941 0
46250 19221 0
29866 35605 0
54442 11029 0
30890 34581 0
27050 38421 0
22954 42517 0
14762 50709 1
45482 19989 1
29098 36373 0
53674 11797 0
57770 7701 0
42410 23061 0
26026 39445 0
50602 14869 0
38314 27157 0
21930 43541 0
13738 51733 0
19882 45589 0
11690 53781 0
7594 57877 0
50090 15381 0
37802 27669 1
21418 44053 0
19370 46101 0
7082 58389 1
34730 30741 0
18346 47125 0
6058 59413 0
22314 10453 0
38698 10453 0
38698 18645 0
22314 35029 0
50986 6357 0
50986 10453 0
50986 12501 0
38698 24789 0
22314 41173 0
23338 9429 0
39722 9429 1
23338 34005 0
52010 5333 0
52010 9429 0
52010 12501 0
39722 24789 1
23338 41173 0
54058 3285 0
54058 9429 0
54058 10453 0
52010 13397 0
23338 42069 0
54058 11349 0
50986 14421 0
38698 26709 0
22314 43093 0
23850 8917 0
40234 8917 0
15658 17109 0
40234 17109 0
15658 33493 0
23850 33493 0
27946 4821 0
44330 4821 0
44330 17109 0
27946 33493 0
52522 4821 0
52522 8917 0
44330 20693 0
27946 37077 0
52522 12501 0
40234 24789 0
23850 41173 0
15658 49365 0
29994 2773 0
46378 2773 0
46378 17109 0
29994 33493 0
54570 2773 0
54570 8917 0
46378 18645 0
29994 35029 0
54570 10453 0
58666 2773 0
58666 4821 0
58666 6357 0
44330 21077 0
27946 37461 0
52522 12885 0
40234 25173 0
23850 41557 0
15658 49749 0
46378 19029 0
29994 35413 0
54570 10837 0
58666 6741 0
31018 1749 0
47402 1749 1
47402 17109 1
31018 33493 0
55594 1749 0
55594 8917 0
31018 34005 0
55594 9429 0
59690 1749 0
59690 4821 0
59690 5333 0
31018 34389 0
55594 9813 0
59690 5717 0
52010 13461 0
39722 25749 1
23338 42133 0
54058 11413 0
50986 14485 0
38698 26773 0
22314 43157 0
44330 21141 0
27946 37525 0
52522 12949 0
40234 25237 0
23850 41621 0
15658 49813 0
46378 19093 0
29994 35477 0
54570 10901 0
58666 6805 0
47402 18069 1
31018 34453 0
55594 9877 0
59690 5781 0
24106 8661 0
40490 8661 0
40490 16853 0
24106 33237 0
52778 8661 1
52778 12501 1
40490 24789 0
24106 41173 0
54826 2517 0
54826 8661 0
54826 10453 0
40490 24917 0
24106 41301 0
54826 10581 0
55850 1493 0
55850 8661 0
55850 9429 0
55850 9557 0
40490 24981 0
24106 41365 0
54826 10645 0
55850 9621 0
31786 981 0
48170 981 0
48170 16853 0
31786 33237 0
56362 981 0
56362 8661 0
48170 17109 0
31786 33493 0
56362 8917 0
60458 981 1
60458 4821 1
48170 17237 0
31786 33621 0
56362 9045 0
48170 17301 0
31786 33685 0
56362 9109 0
23210 42309 0
53930 11589 0
50858 14661 1
38570 26949 0
22186 43333 0
20138 45381 1
7850 57669 0
27818 37701 1
23722 41797 0
15530 49989 0
46250 19269 0
29866 35653 0
54442 11077 0
58538 6981 1
30890 34629 0
27050 38469 0
22954 42565 0
29098 36421 0
53674 11845 0
57770 7749 0
42410 23109 0
26026 39493 0
50602 14917 0
38314 27205 0
21930 43589 0
13738 51781 0
19882 45637 0
11690 53829 0
7594 57925 0
50090 15429 0
21418 44101 0
19370 46149 0
34730 30789 0
18346 47173 0
6058 59461 0
52010 13509 0
23338 42181 0
54058 11461 0
50986 14533 0
38698 26821 0
22314 43205 0
44330 21189 0
27946 37573 0
52522 12997 0
40234 25285 0
23850 41669 0
15658 49861 0
46378 19141 0
29994 35525 0
54570 10949 0
58666 6853 0
31018 34501 0
55594 9925 0
59690 5829 0
52778 12741 1
40490 25029 0
24106 41413 0
54826 10693 0
55850 9669 0
48170 17349 0
31786 33733 0
56362 9157 0
60458 5061 1
51818 13701 1
50794 14725 1
36458 29061 1
20074 45445 1
44138 21381 1
27754 37765 1
52330 13189 1
40042 25477 0
23658 41861 0
15466 50053 0
46186 19333 0
29802 35717 0
54378 11141 0
58474 7045 1
47210 18309 0
30826 34693 0
55402 10117 0
59498 6021 1
43370 22149 0
26986 38533 0
51562 13957 0
39274 26245 0
22890 42629 0
14698 50821 0
45418 20101 0
29034 36485 0
53610 11909 0
57706 7813 0
42346 23173 0
25962 39557 0
50538 14981 0
38250 27269 0
21866 43653 0
13674 51845 0
36202 29317 0
19818 45701 0
11626 53893 0
7530 57989 0
50026 15493 0
35690 29829 0
19306 46213 0
34666 30853 0
18282 47237 0
26858 38661 1
22762 42757 0
14570 50949 0
42218 23301 1
25834 39685 1
50410 15109 1
38122 27397 0
21738 43781 0
13546 51973 0
19690 45829 1
11498 54021 1
7402 58117 0
49898 15621 1
19178 46341 1
34538 30981 1
18154 47365 1
41450 24069 0
25066 40453 0
49642 15877 0
37354 28165 0
20970 44549 0
12778 52741 0
18922 46597 0
10730 54789 0
6634 58885 0
34282 31237 0
17898 47621 0
9706 55813 0
5610 59909 0
33770 31749 0
17386 48133 0
21962 10805 0
38346 10805 0
13770 18997 0
38346 18997 0
13770 35381 0
21962 35381 0
26058 6709 0
42442 6709 0
42442 18997 0
26058 35381 0
50634 6709 0
50634 10805 0
19914 12853 0
11722 21045 0
11722 37429 0
19914 37429 0
42442 21045 0
26058 37429 0
50634 12853 0
7626 25141 0
7626 41525 0
19914 41525 0
38346 25141 0
21962 41525 0
7626 49717 0
11722 49717 0
13770 49717 0
22986 9781 1
14794 17973 1
27082 5685 1
27082 37429 1
22986 41525 1
14794 49717 1
29130 3637 1
45514 3637 0
45514 17973 0
53706 3637 0
53706 9781 0
45514 18997 0
29130 35381 1
53706 10805 0
57802 3637 0
57802 5685 0
57802 6709 0
25546 7221 1
41930 7221 0
41930 19509 0
50122 7221 0
50122 11317 0
19402 13365 1
11210 21557 1
41930 21557 0
50122 13365 0
45514 19509 0
53706 11317 0
57802 7221 0
18378 14389 0
34762 14389 0
10186 22581 0
34762 22581 0
10186 38965 0
18378 38965 0
41930 22581 0
25546 38965 1
50122 14389 0
34762 26677 0
18378 43061 0
10186 51253 0
42442 22581 0
26058 38965 0
50634 14389 0
38346 26677 0
21962 43061 0
13770 51253 0
34762 28725 0
18378 45109 0
19402 45109 1
10186 53301 0
11210 53301 1
19914 45109 0
11722 53301 0
7626 57397 0
42698 18741 1
26314 35125 1
50890 10549 1
20170 41269 1
11978 49461 1
58058 3381 1
58058 7221 1
42698 22581 1
26314 38965 1
50890 14389 1
20170 45109 1
11978 53301 1
23754 9013 0
15562 17205 0
15562 33589 0
23754 33589 0
27850 33589 1
23754 41269 0
15562 49461 0
29898 2869 0
46282 2869 0
46282 17205 0
29898 33589 0
54474 2869 0
54474 9013 0
46282 18741 0
29898 35125 0
54474 10549 0
58570 2869 1
27850 37429 1
23754 41525 0
15562 49717 0
46282 18997 0
29898 35381 0
54474 10805 0
58570 6709 1
30922 1845 1
30922 33589 1
23754 41749 0
15562 49941 0
46282 19221 0
29898 35605 0
54474 11029 0
30922 34581 1
27082 38421 1
22986 42517 1
14794 50709 1
45514 19989 0
29130 36373 1
53706 11797 0
57802 7701 0
42442 23061 0
26058 39445 0
50634 14869 0
38346 27157 0
21962 43541 0
13770 51733 0
19914 45589 0
11722 53781 0
7626 57877 0
41930 23573 0
25546 39957 1
50122 15381 0
19402 46101 1
11210 54293 1
34762 30741 0
18378 47125 0
10186 55317 0
26442 6325 0
42826 6325 0
42826 18613 0
26442 34997 0
51018 6325 0
51018 10421 0
42826 20661 0
26442 37045 0
51018 12469 0
27466 5301 1
43850 5301 0
43850 17589 0
52042 5301 0
52042 9397 0
43850 20661 0
27466 37045 1
52042 12469 0
58186 3253 0
58186 5301 0
58186 6325 0
43850 21557 0
52042 13365 0
58186 7221 0
42826 22581 0
26442 38965 0
51018 14389 0
23882 8885 0
40266 8885 0
15690 17077 0
40266 17077 0
15690 33461 0
23882 33461 0
27978 4789 0
44362 4789 0
44362 17077 0
27978 33461 0
52554 4789 0
52554 8885 0
44362 20661 0
27978 37045 0
52554 12469 0
40266 24757 0
23882 41141 0
15690 49333 0
30026 2741 0
46410 2741 0
46410 17077 0
30026 33461 0
54602 2741 0
54602 8885 0
46410 18613 0
30026 34997 0
54602 10421 0
58698 2741 0
58698 4789 0
58698 6325 0
44362 21045 0
27978 37429 0
52554 12853 0
40266 25141 0
23882 41525 0
15690 49717 0
46410 18997 0
30026 35381 0
54602 10805 0
58698 6709 0
31050 1717 1
47434 1717 0
47434 17077 0
31050 33461 1
55626 1717 0
55626 8885 0
47434 17589 0
55626 9397 0
59722 1717 0
59722 4789 0
59722 5301 0
47434 17973 0
55626 9781 0
59722 5685 0
43850 21653 0
27466 38037 1
52042 13461 0
58186 7317 0
42826 22677 0
26442 39061 0
51018 14485 0
44362 21141 0
27978 37525 0
52554 12949 0
40266 25237 0
23882 41621 0
15690 49813 0
46410 19093 0
30026 35477 0
54602 10901 0
58698 6805 0
47434 18069 0
31050 34453 1
55626 9877 0
59722 5781 0
44618 16821 1
28234 33205 1
52810 8629 1
44618 20661 1
28234 37045 1
52810 12469 1
58954 2485 1
58954 6325 1
59978 1461 1
59978 5301 1
31818 949 0
48202 949 0
48202 16821 0
31818 33205 0
56394 949 0
56394 8629 0
48202 17077 0
31818 33461 0
56394 8885 0
60490 949 1
60490 4789 1
48202 17205 0
31818 33589 0
56394 9013 0
48202 17301 0
31818 33685 0
56394 9109 0
58058 7461 1
42698 22821 1
26314 39205 1
50890 14629 1
20170 45349 1
11978 53541 1
27850 37669 1
23754 41765 0
15562 49957 0
46282 19237 0
29898 35621 0
54474 11045 0
58570 6949 1
45514 20005 0
53706 11813 0
57802 7717 0
42442 23077 0
26058 39461 0
50634 14885 0
38346 27173 0
21962 43557 0
13770 51749 0
19914 45605 0
11722 53797 0
7626 57893 0
41930 23589 0
50122 15397 0
34762 30757 0
18378 47141 0
10186 55333 0
43850 21669 0
52042 13477 0
58186 7333 0
42826 22693 0
26442 39077 0
51018 14501 0
44362 21157 0
27978 37541 0
52554 12965 0
40266 25253 0
23882 41637 0
15690 49829 0
46410 19109 0
30026 35493 0
54602 10917 0
58698 6821 0
47434 18085 0
55626 9893 0
59722 5797 0
44618 20901 1
28234 37285 1
52810 12709 1
58954 6565 1
59978 5541 1
48202 17317 0
31818 33701 0
56394 9125 0
60490 5029 1
22410 10357 0
38794 10357 0
14218 18549 0
38794 18549 0
14218 34933 0
22410 34933 0
26506 6261 0
42890 6261 0
42890 18549 0
26506 34933 0
51082 6261 0
51082 10357 0
42890 20597 0
26506 36981 0
51082 12405 0
38794 24693 0
22410 41077 0
14218 49269 0
23434 9333 1
27530 5237 1
27530 36981 1
23434 41077 1
15242 49269 1
29578 3189 1
45962 3189 1
54154 3189 0
54154 9333 0
45962 18549 1
29578 34933 1
54154 10357 0
58250 3189 0
58250 5237 0
58250 6261 0
45962 19509 1
54154 11317 0
58250 7221 0
42890 22581 0
26506 38965 0
51082 14389 0
38794 26677 0
22410 43061 0
14218 51253 0
23946 8821 0
15754 17013 0
15754 33397 0
23946 33397 0
28042 4725 0
28042 33397 0
28042 36981 0
23946 41077 0
15754 49269 0
30090 2677 0
46474 2677 0
46474 17013 0
30090 33397 0
54666 2677 0
54666 8821 0
46474 18549 0
30090 34933 0
54666 10357 0
58762 2677 0
58762 4725 0
58762 6261 0
28042 37429 0
23946 41525 0
15754 49717 0
46474 18997 0
30090 35381 0
54666 10805 0
58762 6709 0
31114 1653 1
31114 33397 1
27530 37973 1
23434 42069 1
29578 35925 1
54154 11349 0
58250 7253 0
42890 22613 0
26506 38997 0
51082 14421 0
38794 26709 0
22410 43093 0
14218 51285 0
28042 37461 0
23946 41557 0
15754 49749 0
46474 19029 0
30090 35413 0
54666 10837 0
58762 6741 0
31114 34389 1
24202 8565 0
16010 16757 0
16010 33141 0
24202 33141 0
28298 33141 1
28298 36981 1
24202 41077 0
16010 49269 0
30346 2421 0
46730 2421 0
46730 16757 0
30346 33141 0
54922 2421 0
54922 8565 0
46730 18549 0
30346 34933 0
54922 10357 0
59018 2421 1
59018 6261 1
24202 41269 0
16010 49461 0
46730 18741 0
30346 35125 0
54922 10549 0
31370 1397 1
31370 33141 1
24202 41301 0
16010 49493 0
46730 18773 0
30346 35157 0
54922 10581 0
31370 34133 1
31882 885 0
31882 33141 0
31882 33397 0
31882 33589 0
31882 33621 0
54154 11365 0
58250 7269 0
42890 22629 0
26506 39013 0
51082 14437 0
38794 26725 0
22410 43109 0
14218 51301 0
28042 37477 0
23946 41573 0
15754 49765 0
46474 19045 0
30090 35429 0
54666 10853 0
58762 6757 0
28298 37221 1
24202 41317 0
16010 49509 0
46730 18789 0
30346 35173 0
54922 10597 0
59018 6501 1
31882 33637 0
46858 18549 1
30474 34933 1
55050 10357 1
59146 6261 1
46858 18613 1
30474 34997 1
55050 10421 1
59146 6325 1
56074 9333 1
60170 5237 1
47882 17589 1
56074 9397 1
60170 5301 1
46858 18645 1
30474 35029 1
55050 10453 1
59146 6357 1
31498 34005 1
56074 9429 1
60170 5333 1
48394 17013 1
32010 33397 1
56586 8821 1
60682 4725 1
48394 17077 1
32010 33461 1
56586 8885 1
60682 4789 1
48394 17109 1
32010 33493 1
56586 8917 1
60682 4821 1
46858 18661 1
30474 35045 1
55050 10469 1
59146 6373 1
56074 9445 1
60170 5349 1
48394 17125 1
32010 33509 1
56586 8933 1
60682 4837 1
48650 16757 1
32266 33141 1
56842 8565 1
48650 16821 1
32266 33205 1
56842 8629 1
48650 16853 1
32266 33237 1
56842 8661 1
48650 16869 1
32266 33253 1
56842 8677 1
60938 4581 1
23210 42321 0
53930 11601 0
38570 26961 0
22186 43345 0
7850 57681 0
23722 41809 0
15530 50001 0
46250 19281 0
29866 35665 0
54442 11089 0
30890 34641 0
27050 38481 0
22954 42577 0
14762 50769 1
45482 20049 1
29098 36433 0
53674 11857 0
57770 7761 0
42410 23121 0
26026 39505 0
50602 14929 0
38314 27217 0
21930 43601 0
13738 51793 0
19882 45649 0
11690 53841 0
7594 57937 0
50090 15441 0
37802 27729 1
21418 44113 0
19370 46161 0
7082 58449 1
34730 30801 0
18346 47185 0
6058 59473 0
52010 13521 0
39722 25809 1
23338 42193 0
54058 11473 0
50986 14545 0
38698 26833 0
22314 43217 0
44330 21201 0
27946 37585 0
52522 13009 0
40234 25297 0
23850 41681 0
15658 49873 0
46378 19153 0
29994 35537 0
54570 10961 0
58666 6865 0
47402 18129 1
31018 34513 0
55594 9937 0
59690 5841 0
40490 25041 0
24106 41425 0
54826 10705 0
55850 9681 0
48170 17361 0
31786 33745 0
56362 9169 0
40042 25489 0
23658 41873 0
15466 50065 0
46186 19345 0
29802 35729 0
54378 11153 0
47210 18321 0
30826 34705 0
55402 10129 0
43370 22161 0
26986 38545 0
51562 13969 0
39274 26257 0
22890 42641 0
14698 50833 0
45418 20113 0
29034 36497 0
53610 11921 0
57706 7825 0
42346 23185 0
25962 39569 0
50538 14993 0
38250 27281 0
21866 43665 0
13674 51857 0
36202 29329 0
19818 45713 0
11626 53905 0
7530 58001 0
50026 15505 0
35690 29841 0
19306 46225 0
34666 30865 0
18282 47249 0
22762 42769 0
14570 50961 0
38122 27409 0
21738 43793 0
13546 51985 0
7402 58129 0
41450 24081 0
25066 40465 0
49642 15889 0
37354 28177 0
20970 44561 0
12778 52753 0
18922 46609 0
10730 54801 0
6634 58897 0
34282 31249 0
17898 47633 0
9706 55825 0
5610 59921 0
33770 31761 0
17386 48145 0
23754 41777 0
15562 49969 0
46282 19249 0
29898 35633 0
54474 11057 0
45514 20017 0
53706 11825 0
57802 7729 0
42442 23089 0
26058 39473 0
50634 14897 0
38346 27185 0
21962 43569 0
13770 51761 0
19914 45617 0
11722 53809 0
7626 57905 0
41930 23601 0
50122 15409 0
34762 30769 0
18378 47153 0
10186 55345 0
43850 21681 0
52042 13489 0
58186 7345 0
42826 22705 0
26442 39089 0
51018 14513 0
44362 21169 0
27978 37553 0
52554 12977 0
40266 25265 0
23882 41649 0
15690 49841 0
46410 19121 0
30026 35505 0
54602 10929 0
58698 6833 0
47434 18097 0
55626 9905 0
59722 5809 0
48202 17329 0
31818 33713 0
56394 9137 0
45962 19569 1
54154 11377 0
58250 7281 0
42890 22641 0
26506 39025 0
51082 14449 0
38794 26737 0
22410 43121 0
14218 51313 0
28042 37489 0
23946 41585 0
15754 49777 0
46474 19057 0
30090 35441 0
54666 10865 0
58762 6769 0
24202 41329 0
16010 49521 0
46730 18801 0
30346 35185 0
54922 10609 0
31882 33649 0
45722 19809 1
53914 11617 0
58010 7521 0
42650 22881 0
26266 39265 0
50842 14689 0
38554 26977 0
22170 43361 0
13978 51553 0
20122 45409 0
11930 53601 0
7834 57697 0
27802 37729 0
23706 41825 0
15514 50017 0
46234 19297 0
29850 35681 0
54426 11105 0
58522 7009 0
45466 20065 1
53658 11873 0
57754 7777 0
42394 23137 0
26010 39521 0
50586 14945 0
38298 27233 0
21914 43617 0
13722 51809 0
19866 45665 0
11674 53857 0
7578 57953 0
41882 23649 1
50074 15457 0
37786 27745 1
34714 30817 0
18330 47201 0
10138 55393 0
6042 59489 0
43802 21729 1
51994 13537 0
39706 25825 1
45850 19681 1
54042 11489 0
58138 7393 0
42778 22753 0
26394 39137 0
50970 14561 0
38682 26849 0
22298 43233 0
14106 51425 0
44314 21217 0
27930 37601 0
52506 13025 0
40218 25313 0
23834 41697 0
15642 49889 0
46362 19169 0
29978 35553 0
54554 10977 0
58650 6881 0
47386 18145 1
55578 9953 0
59674 5857 0
44570 20961 0
28186 37345 0
52762 12769 0
40474 25057 0
24090 41441 0
15898 49633 0
46618 18913 0
30234 35297 0
54810 10721 0
58906 6625 0
47642 17889 1
55834 9697 0
59930 5601 0
48154 17377 0
31770 33761 0
56346 9185 0
60442 5089 0
43610 21921 0
51802 13729 0
57946 7585 0
42586 22945 0
26202 39329 0
50778 14753 0
36442 29089 0
20058 45473 0
11866 53665 0
44122 21409 0
27738 37793 0
52314 13217 0
40026 25505 0
23642 41889 0
15450 50081 0
46170 19361 0
29786 35745 0
54362 11169 0
58458 7073 0
47194 18337 0
55386 10145 0
59482 6049 0
43354 22177 0
51546 13985 0
39258 26273 0
45402 20129 0
53594 11937 0
57690 7841 0
42330 23201 0
25946 39585 0
50522 15009 0
38234 27297 0
21850 43681 0
13658 51873 0
36186 29345 0
19802 45729 0
11610 53921 0
7514 58017 0
41818 23713 0
50010 15521 0
35674 29857 0
34650 30881 0
18266 47265 0
10074 55457 0
42202 23329 0
25818 39713 0
50394 15137 0
38106 27425 0
21722 43809 0
13530 52001 0
19674 45857 0
11482 54049 0
7386 58145 0
41690 23841 0
49882 15649 0
34522 31009 0
18138 47393 0
9946 55585 0
41434 24097 0
49626 15905 0
37338 28193 0
34266 31265 0
17882 47649 0
9690 55841 0
5594 59937 0
33754 31777 0
51770 13761 0
39482 26049 1
23098 42433 0
53818 11713 0
50746 14785 0
38458 27073 0
22074 43457 0
36410 29121 0
20026 45505 0
7738 57793 0
44090 21441 0
27706 37825 0
52282 13249 0
39994 25537 0
23610 41921 0
15418 50113 0
46138 19393 0
29754 35777 0
54330 11201 0
58426 7105 0
47162 18369 1
30778 34753 0
55354 10177 0
59450 6081 0
43322 22209 1
26938 38593 0
51514 14017 0
39226 26305 1
22842 42689 0
14650 50881 1
45370 20161 1
28986 36545 0
53562 11969 0
57658 7873 0
42298 23233 0
25914 39617 0
50490 15041 0
38202 27329 0
21818 43713 0
13626 51905 0
36154 29377 0
19770 45761 0
11578 53953 0
7482 58049 0
49978 15553 0
37690 27841 1
21306 44225 0
35642 29889 1
19258 46273 0
6970 58561 1
34618 30913 0
18234 47297 0
5946 59585 0
26810 38721 0
22714 42817 0
14522 51009 1
42170 23361 0
25786 39745 0
50362 15169 0
38074 27457 0
21690 43841 0
13498 52033 0
19642 45889 0
11450 54081 0
7354 58177 0
49850 15681 0
37562 27969 1
21178 44353 0
19130 46401 0
6842 58689 1
34490 31041 0
18106 47425 0
5818 59713 0
41402 24129 1
25018 40513 0
49594 15937 0
37306 28225 1
20922 44609 0
12730 52801 1
18874 46657 0
10682 54849 1
6586 58945 1
34234 31297 0
17850 47681 0
9658 55873 0
5562 59969 0
33722 31809 1
17338 48193 0
5050 60481 1
43130 22401 0
26746 38785 0
51322 14209 0
39034 26497 0
22650 42881 0
14458 51073 0
42106 23425 0
25722 39809 0
50298 15233 0
38010 27521 0
21626 43905 0
13434 52097 0
35962 29569 0
19578 45953 0
11386 54145 0
7290 58241 0
49786 15745 0
35450 30081 0
19066 46465 0
34426 31105 0
18042 47489 0
41338 24193 0
24954 40577 0
49530 16001 0
37242 28289 0
20858 44673 0
12666 52865 0
35194 30337 0
18810 46721 0
10618 54913 0
6522 59009 0
34170 31361 0
17786 47745 0
9594 55937 0
5498 60033 0
33658 31873 0
17274 48257 0
21874 10893 1
38258 10893 0
13682 19085 1
38258 19085 0
25970 6797 1
42354 6797 0
42354 19085 0
50546 6797 0
50546 10893 0
19826 12941 0
36210 12941 0
11634 21133 0
36210 21133 0
11634 37517 0
19826 37517 0
42354 21133 0
25970 37517 1
50546 12941 0
7538 25229 0
36210 25229 0
7538 41613 0
19826 41613 0
38258 25229 0
21874 41613 1
7538 49805 0
11634 49805 0
13682 49805 1
22898 9869 0
39282 9869 0
14706 18061 0
39282 18061 0
14706 34445 0
22898 34445 0
26994 5773 0
43378 5773 0
43378 18061 0
26994 34445 0
51570 5773 0
51570 9869 0
43378 21133 0
26994 37517 0
51570 12941 0
39282 25229 0
22898 41613 0
14706 49805 0
29042 3725 1
45426 3725 0
45426 18061 0
29042 34445 1
53618 3725 0
53618 9869 0
45426 19085 0
53618 10893 0
57714 3725 0
57714 5773 0
57714 6797 0
21362 11405 1
37746 11405 0
37746 19597 0
50034 7309 0
50034 11405 0
19314 13453 0
35698 13453 0
35698 21645 0
19314 38029 0
50034 13453 0
7026 25741 0
35698 25741 0
7026 42125 0
19314 42125 0
37746 25741 0
21362 42125 1
7026 50317 0
43378 21645 0
26994 38029 0
51570 13453 0
39282 25741 0
22898 42125 0
14706 50317 0
45426 19597 0
53618 11405 0
57714 7309 0
18290 14477 1
34674 14477 0
34674 22669 0
50034 14477 0
6002 26765 1
34674 26765 0
37746 26765 0
42354 22669 0
50546 14477 0
38258 26765 0
34674 28813 0
18290 45197 1
35698 28813 0
19314 45197 0
36210 28813 0
19826 45197 0
11634 53389 0
6002 57485 1
7026 57485 0
7538 57485 0
22130 10637 1
38514 10637 0
38514 18829 0
50802 6541 0
50802 10637 0
20082 12685 0
36466 12685 0
36466 20877 0
20082 37261 0
50802 12685 0
7794 24973 0
36466 24973 0
7794 41357 0
20082 41357 0
38514 24973 0
22130 41357 1
7794 49549 0
23154 9613 0
39538 9613 0
39538 17805 0
23154 34189 0
51826 5517 0
51826 9613 0
51826 12685 0
39538 24973 0
23154 41357 0
53874 3469 0
53874 9613 0
53874 10637 0
51826 13453 0
39538 25741 0
23154 42125 0
53874 11405 0
50802 14477 0
38514 26765 0
36466 28813 0
20082 45197 0
7794 57485 0
23666 9101 0
40050 9101 0
15474 17293 0
40050 17293 0
15474 33677 0
23666 33677 0
27762 5005 0
44146 5005 0
44146 17293 0
27762 33677 0
52338 5005 0
52338 9101 0
44146 20877 0
27762 37261 0
52338 12685 0
40050 24973 0
23666 41357 0
15474 49549 0
29810 2957 1
46194 2957 0
46194 17293 0
29810 33677 1
54386 2957 0
54386 9101 0
46194 18829 0
54386 10637 0
58482 2957 0
58482 5005 0
58482 6541 0
44146 21133 0
27762 37517 0
52338 12941 0
40050 25229 0
23666 41613 0
15474 49805 0
46194 19085 0
54386 10893 0
58482 6797 0
30834 1933 0
47218 1933 0
47218 17293 0
30834 33677 0
55410 1933 0
55410 9101 0
47218 17805 0
30834 34189 0
55410 9613 0
59506 1933 0
59506 5005 0
59506 5517 0
47218 18061 0
30834 34445 0
55410 9869 0
59506 5773 0
51826 13581 0
39538 25869 0
23154 42253 0
53874 11533 0
50802 14605 0
38514 26893 0
22130 43277 1
36466 28941 0
20082 45325 0
7794 57613 0
44146 21261 0
27762 37645 0
52338 13069 0
40050 25357 0
23666 41741 0
15474 49933 0
46194 19213 0
29810 35597 1
54386 11021 0
58482 6925 0
47218 18189 0
30834 34573 0
55410 9997 0
59506 5901 0
43378 22029 0
26994 38413 0
51570 13837 0
39282 26125 0
22898 42509 0
14706 50701 0
45426 19981 0
29042 36365 1
53618 11789 0
57714 7693 0
42354 23053 0
25970 39437 1
50546 14861 0
38258 27149 0
21874 43533 1
13682 51725 1
36210 29197 0
19826 45581 0
11634 53773 0
7538 57869 0
50034 15373 0
37746 27661 0
21362 44045 1
35698 29709 0
19314 46093 0
7026 58381 0
34674 30733 0
18290 47117 1
6002 59405 1
21938 10829 0
38322 10829 0
13746 19021 0
38322 19021 0
13746 35405 0
21938 35405 0
42418 19021 1
26034 35405 1
50610 10829 1
7602 25165 0
36274 25165 1
7602 41549 0
19890 41549 1
38322 25165 0
21938 41549 0
7602 49741 0
11698 49741 1
13746 49741 0
22962 9805 0
39346 9805 1
14770 34381 1
22962 34381 0
27058 34381 1
51634 9805 1
39346 25165 1
22962 41549 0
14770 49741 1
29106 3661 0
45490 3661 1
29106 34381 0
53682 3661 0
53682 9805 0
45490 19021 1
29106 35405 0
53682 10829 0
57778 3661 1
21426 11341 0
37810 11341 1
21426 35917 0
50098 7245 0
50098 11341 0
19378 13389 0
35762 13389 1
19378 37965 0
50098 13389 0
7090 42061 1
19378 42061 0
21426 42061 0
27058 37965 1
51634 13389 1
22962 42061 0
29106 35917 0
53682 11341 0
57778 7245 1
18354 14413 0
34738 14413 0
34738 22605 0
18354 38989 0
50098 14413 0
6066 26701 0
34738 26701 0
6066 43085 0
18354 43085 0
37810 26701 1
21426 43085 0
6066 51277 0
42418 22605 1
26034 38989 1
50610 14413 1
38322 26701 0
21938 43085 0
13746 51277 0
34738 28749 0
18354 45133 0
35762 28749 1
19378 45133 0
36274 28749 1
19890 45133 1
11698 53325 1
6066 57421 0
7090 57421 1
7602 57421 0
22194 10573 0
38578 10573 0
38578 18765 0
22194 35149 0
50866 6477 0
50866 10573 0
20146 12621 0
36530 12621 0
36530 20813 0
20146 37197 0
50866 12621 0
7858 24909 0
36530 24909 0
7858 41293 0
20146 41293 0
38578 24909 0
22194 41293 0
7858 49485 0
23218 9549 0
39602 9549 1
23218 34125 0
51890 5453 0
51890 9549 0
51890 12621 0
39602 24909 1
23218 41293 0
53938 3405 0
53938 9549 0
53938 10573 0
51890 13389 0
23218 42061 0
53938 11341 0
50866 14413 0
38578 26701 0
22194 43085 0
36530 28749 0
20146 45133 0
7858 57421 0
23730 9037 0
40114 9037 0
15538 17229 0
40114 17229 0
15538 33613 0
23730 33613 0
44210 17229 1
27826 33613 1
52402 9037 1
44210 20813 1
27826 37197 1
52402 12621 1
40114 24909 0
23730 41293 0
15538 49485 0
29874 2893 0
46258 2893 0
46258 17229 0
29874 33613 0
54450 2893 0
54450 9037 0
46258 18765 0
29874 35149 0
54450 10573 0
58546 2893 1
58546 6477 1
40114 25165 0
23730 41549 0
15538 49741 0
46258 19021 0
29874 35405 0
54450 10829 0
30898 1869 0
47282 1869 1
47282 17229 1
30898 33613 0
55474 1869 0
55474 9037 0
30898 34125 0
55474 9549 0
59570 1869 1
59570 5453 1
30898 34381 0
55474 9805 0
51890 13581 0
39602 25869 1
23218 42253 0
53938 11533 0
50866 14605 0
38578 26893 0
22194 43277 0
36530 28941 0
20146 45325 0
7858 57613 0
44210 21261 1
27826 37645 1
52402 13069 1
40114 25357 0
23730 41741 0
15538 49933 0
46258 19213 0
29874 35597 0
54450 11021 0
58546 6925 1
47282 18189 1
30898 34573 0
55474 9997 0
59570 5901 1
43442 22029 1
27058 38413 1
51634 13837 1
39346 26125 1
22962 42509 0
14770 50701 1
45490 19981 1
29106 36365 0
53682 11789 0
57778 7693 1
42418 23053 1
26034 39437 1
50610 14861 1
38322 27149 0
21938 43533 0
13746 51725 0
36274 29197 1
19890 45581 1
11698 53773 1
7602 57869 0
50098 15373 0
37810 27661 1
21426 44045 0
35762 29709 1
19378 46093 0
7090 58381 1
34738 30733 0
18354 47117 0
6066 59405 0
22322 10445 1
38706 10445 0
38706 18637 0
50994 6349 0
50994 10445 0
50994 12493 0
38706 24781 0
22322 41165 1
23346 9421 0
39730 9421 1
23346 33997 0
52018 5325 0
52018 9421 0
52018 12493 0
39730 24781 1
23346 41165 0
54066 3277 0
54066 9421 0
54066 10445 0
52018 13389 0
23346 42061 0
54066 11341 0
50994 14413 0
38706 26701 0
22322 43085 1
23858 8909 0
40242 8909 0
15666 17101 0
40242 17101 0
15666 33485 0
23858 33485 0
44338 17101 1
27954 33485 1
52530 8909 1
44338 20685 1
27954 37069 1
52530 12493 1
40242 24781 0
23858 41165 0
15666 49357 0
30002 2765 1
46386 2765 0
46386 17101 0
30002 33485 1
54578 2765 0
54578 8909 0
46386 18637 0
54578 10445 0
58674 2765 1
58674 6349 1
40242 25165 0
23858 41549 0
15666 49741 0
46386 19021 0
30002 35405 1
54578 10829 0
31026 1741 0
47410 1741 1
47410 17101 1
31026 33485 0
55602 1741 0
55602 8909 0
31026 33997 0
55602 9421 0
59698 1741 1
59698 5325 1
31026 34381 0
55602 9805 0
52018 13453 0
39730 25741 1
23346 42125 0
54066 11405 0
50994 14477 0
38706 26765 0
44338 21133 1
27954 37517 1
52530 12941 1
40242 25229 0
23858 41613 0
15666 49805 0
46386 19085 0
54578 10893 0
58674 6797 1
47410 18061 1
31026 34445 0
55602 9869 0
59698 5773 1
24114 8653 0
40498 8653 0
40498 16845 0
24114 33229 0
52786 4557 0
52786 8653 0
52786 12493 0
40498 24781 0
24114 41165 0
54834 2509 0
54834 8653 0
54834 10445 0
52786 12621 0
40498 24909 0
24114 41293 0
54834 10573 0
55858 1485 0
55858 8653 0
55858 9421 0
55858 9549 0
52786 12685 0
40498 24973 0
24114 41357 0
54834 10637 0
55858 9613 0
31794 973 0
48178 973 0
48178 16845 0
31794 33229 0
56370 973 0
56370 8653 0
48178 17101 0
31794 33485 0
56370 8909 0
60466 973 1
60466 4557 1
48178 17229 0
31794 33613 0
56370 9037 0
48178 17293 0
31794 33677 0
56370 9101 0
60466 5005 1
51890 13637 0
23218 42309 0
53938 11589 0
50866 14661 0
38578 26949 0
22194 43333 0
36530 28997 0
20146 45381 0
7858 57669 0
44210 21317 1
27826 37701 1
52402 13125 1
40114 25413 0
23730 41797 0
15538 49989 0
46258 19269 0
29874 35653 0
54450 11077 0
58546 6981 1
30898 34629 0
55474 10053 0
59570 5957 1
27058 38469 1
51634 13893 1
22962 42565 0
29106 36421 0
53682 11845 0
57778 7749 1
42418 23109 1
26034 39493 1
50610 14917 1
38322 27205 0
21938 43589 0
13746 51781 0
36274 29253 1
19890 45637 1
11698 53829 1
7602 57925 0
50098 15429 0
21426 44101 0
19378 46149 0
34738 30789 0
18354 47173 0
6066 59461 0
52018 13509 0
23346 42181 0
54066 11461 0
50994 14533 0
38706 26821 0
22322 43205 1
44338 21189 1
27954 37573 1
52530 12997 1
40242 25285 0
23858 41669 0
15666 49861 0
46386 19141 0
30002 35525 1
54578 10949 0
58674 6853 1
31026 34501 0
55602 9925 0
59698 5829 1
52786 12741 0
40498 25029 0
24114 41413 0
54834 10693 0
55858 9669 0
48178 17349 0
31794 33733 0
56370 9157 0
60466 5061 1
51826 13701 0
39538 25989 0
23154 42373 0
53874 11653 0
50802 14725 0
38514 27013 0
22130 43397 1
36466 29061 0
20082 45445 0
7794 57733 0
44146 21381 0
27762 37765 0
52338 13189 0
40050 25477 0
23666 41861 0
15474 50053 0
46194 19333 0
29810 35717 1
54386 11141 0
58482 7045 0
47218 18309 0
30834 34693 0
55410 10117 0
59506 6021 0
43378 22149 0
26994 38533 0
51570 13957 0
39282 26245 0
22898 42629 0
14706 50821 0
45426 20101 0
29042 36485 1
53618 11909 0
57714 7813 0
42354 23173 0
25970 39557 1
50546 14981 0
38258 27269 0
21874 43653 1
13682 51845 1
36210 29317 0
19826 45701 0
11634 53893 0
7538 57989 0
50034 15493 0
37746 27781 0
21362 44165 1
35698 29829 0
19314 46213 0
7026 58501 0
34674 30853 0
18290 47237 1
6002 59525 1
21970 10797 0
38354 10797 0
13778 18989 0
38354 18989 0
13778 35373 0
21970 35373 0
26066 6701 0
42450 6701 0
42450 18989 0
26066 35373 0
50642 6701 0
50642 10797 0
19922 12845 0
36306 12845 0
11730 21037 0
36306 21037 0
11730 37421 0
19922 37421 0
42450 21037 0
26066 37421 0
50642 12845 0
7634 25133 0
36306 25133 0
7634 41517 0
19922 41517 0
38354 25133 0
21970 41517 0
7634 49709 0
11730 49709 0
13778 49709 0
22994 9773 1
39378 9773 0
14802 17965 1
39378 17965 0
27090 5677 1
43474 5677 0
43474 17965 0
51666 5677 0
51666 9773 0
43474 21037 0
27090 37421 1
51666 12845 0
39378 25133 0
22994 41517 1
14802 49709 1
29138 3629 1
45522 3629 0
45522 17965 0
53714 3629 0
53714 9773 0
45522 18989 0
29138 35373 1
53714 10797 0
57810 3629 0
57810 5677 0
57810 6701 0
21458 11309 1
37842 11309 0
13266 19501 1
37842 19501 0
25554 7213 1
41938 7213 0
41938 19501 0
50130 7213 0
50130 11309 0
19410 13357 1
35794 13357 0
11218 21549 1
35794 21549 0
41938 21549 0
50130 13357 0
7122 25645 1
35794 25645 0
37842 25645 0
43474 21549 0
51666 13357 0
39378 25645 0
45522 19501 0
53714 11309 0
57810 7213 0
18386 14381 0
34770 14381 0
10194 22573 0
34770 22573 0
10194 38957 0
18386 38957 0
41938 22573 0
25554 38957 1
50130 14381 0
6098 26669 0
34770 26669 0
6098 43053 0
18386 43053 0
37842 26669 0
21458 43053 1
6098 51245 0
10194 51245 0
13266 51245 1
42450 22573 0
26066 38957 0
50642 14381 0
38354 26669 0
21970 43053 0
13778 51245 0
34770 28717 0
18386 45101 0
35794 28717 0
19410 45101 1
10194 53293 0
11218 53293 1
36306 28717 0
19922 45101 0
11730 53293 0
6098 57389 0
7122 57389 1
7634 57389 0
22226 10541 0
38610 10541 0
14034 18733 0
38610 18733 0
14034 35117 0
22226 35117 0
26322 6445 0
42706 6445 0
42706 18733 0
26322 35117 0
50898 6445 0
50898 10541 0
20178 12589 0
36562 12589 0
11986 20781 0
36562 20781 0
11986 37165 0
20178 37165 0
42706 20781 0
26322 37165 0
50898 12589 0
7890 24877 0
36562 24877 0
7890 41261 0
20178 41261 0
38610 24877 0
22226 41261 0
7890 49453 0
11986 49453 0
14034 49453 0
23250 9517 1
39634 9517 0
15058 17709 1
39634 17709 0
27346 5421 1
43730 5421 0
43730 17709 0
51922 5421 0
51922 9517 0
43730 20781 0
27346 37165 1
51922 12589 0
39634 24877 0
23250 41261 1
15058 49453 1
29394 3373 1
45778 3373 0
45778 17709 0
53970 3373 0
53970 9517 0
45778 18733 0
29394 35117 1
53970 10541 0
58066 3373 0
58066 5421 0
58066 6445 0
43730 21549 0
51922 13357 0
39634 25645 0
45778 19501 0
53970 11309 0
58066 7213 0
42706 22573 0
26322 38957 0
50898 14381 0
38610 26669 0
22226 43053 0
14034 51245 0
36562 28717 0
20178 45101 0
11986 53293 0
7890 57389 0
23762 9005 0
40146 9005 0
15570 17197 0
40146 17197 0
15570 33581 0
23762 33581 0
27858 4909 0
44242 4909 0
44242 17197 0
27858 33581 0
52434 4909 0
52434 9005 0
44242 20781 0
27858 37165 0
52434 12589 0
40146 24877 0
23762 41261 0
15570 49453 0
29906 2861 0
46290 2861 0
46290 17197 0
29906 33581 0
54482 2861 0
54482 9005 0
46290 18733 0
29906 35117 0
54482 10541 0
58578 2861 0
58578 4909 0
58578 6445 0
44242 21037 0
27858 37421 0
52434 12845 0
40146 25133 0
23762 41517 0
15570 49709 0
46290 18989 0
29906 35373 0
54482 10797 0
58578 6701 0
30930 1837 1
47314 1837 0
47314 17197 0
30930 33581 1
55506 1837 0
55506 9005 0
47314 17709 0
55506 9517 0
59602 1837 0
59602 4909 0
59602 5421 0
47314 17965 0
55506 9773 0
59602 5677 0
43730 21773 0
27346 38157 1
51922 13581 0
39634 25869 0
23250 42253 1
15058 50445 1
45778 19725 0
29394 36109 1
53970 11533 0
58066 7437 0
42706 22797 0
26322 39181 0
50898 14605 0
38610 26893 0
22226 43277 0
14034 51469 0
36562 28941 0
20178 45325 0
11986 53517 0
7890 57613 0
44242 21261 0
27858 37645 0
52434 13069 0
40146 25357 0
23762 41741 0
15570 49933 0
46290 19213 0
29906 35597 0
54482 11021 0
58578 6925 0
47314 18189 0
30930 34573 1
55506 9997 0
59602 5901 0
43474 22029 0
27090 38413 1
51666 13837 0
39378 26125 0
22994 42509 1
14802 50701 1
45522 19981 0
29138 36365 1
53714 11789 0
57810 7693 0
42450 23053 0
26066 39437 0
50642 14861 0
38354 27149 0
21970 43533 0
13778 51725 0
36306 29197 0
19922 45581 0
11730 53773 0
7634 57869 0
41938 23565 0
25554 39949 1
50130 15373 0
37842 27661 0
21458 44045 1
13266 52237 1
35794 29709 0
19410 46093 1
11218 54285 1
7122 58381 1
34770 30733 0
18386 47117 0
10194 55309 0
6098 59405 0
22354 10413 1
38738 10413 0
14162 18605 1
38738 18605 0
26450 6317 1
42834 6317 0
42834 18605 0
51026 6317 0
51026 10413 0
42834 20653 0
26450 37037 1
51026 12461 0
38738 24749 0
22354 41133 1
14162 49325 1
23378 9389 1
39762 9389 0
15186 17581 1
39762 17581 0
27474 5293 1
43858 5293 0
43858 17581 0
52050 5293 0
52050 9389 0
43858 20653 0
27474 37037 1
52050 12461 0
39762 24749 0
23378 41133 1
15186 49325 1
29522 3245 1
45906 3245 0
45906 17581 0
54098 3245 0
54098 9389 0
45906 18605 0
54098 10413 0
58194 3245 0
58194 5293 0
58194 6317 0
43858 21549 0
52050 13357 0
39762 25645 0
45906 19501 0
54098 11309 0
58194 7213 0
42834 22573 0
26450 38957 1
51026 14381 0
38738 26669 0
22354 43053 1
14162 51245 1
23890 8877 0
40274 8877 0
15698 17069 0
40274 17069 0
15698 33453 0
23890 33453 0
27986 4781 0
44370 4781 0
44370 17069 0
27986 33453 0
52562 4781 0
52562 8877 0
44370 20653 0
27986 37037 0
52562 12461 0
40274 24749 0
23890 41133 0
15698 49325 0
30034 2733 1
46418 2733 0
46418 17069 0
30034 33453 1
54610 2733 0
54610 8877 0
46418 18605 0
54610 10413 0
58706 2733 0
58706 4781 0
58706 6317 0
44370 21037 0
27986 37421 0
52562 12845 0
40274 25133 0
23890 41517 0
15698 49709 0
46418 18989 0
30034 35373 1
54610 10797 0
58706 6701 0
31058 1709 1
47442 1709 0
47442 17069 0
31058 33453 1
55634 1709 0
55634 8877 0
47442 17581 0
55634 9389 0
59730 1709 0
59730 4781 0
59730 5293 0
47442 17965 0
55634 9773 0
59730 5677 0
43858 21645 0
27474 38029 1
52050 13453 0
39762 25741 0
23378 42125 1
15186 50317 1
45906 19597 0
54098 11405 0
58194 7309 0
42834 22669 0
51026 14477 0
38738 26765 0
44370 21133 0
27986 37517 0
52562 12941 0
40274 25229 0
23890 41613 0
15698 49805 0
46418 19085 0
54610 10893 0
58706 6797 0
47442 18061 0
31058 34445 1
55634 9869 0
59730 5773 0
24146 8621 0
40530 8621 0
15954 16813 0
40530 16813 0
15954 33197 0
24146 33197 0
28242 4525 0
44626 4525 0
44626 16813 0
28242 33197 0
52818 4525 0
52818 8621 0
44626 20653 0
28242 37037 0
52818 12461 0
40530 24749 0
24146 41133 0
15954 49325 0
30290 2477 1
46674 2477 0
46674 16813 0
30290 33197 1
54866 2477 0
54866 8621 0
46674 18605 0
54866 10413 0
58962 2477 0
58962 4525 0
58962 6317 0
44626 20781 0
28242 37165 0
52818 12589 0
40530 24877 0
24146 41261 0
15954 49453 0
46674 18733 0
30290 35117 1
54866 10541 0
58962 6445 0
31314 1453 1
47698 1453 0
47698 16813 0
31314 33197 1
55890 1453 0
55890 8621 0
47698 17581 0
55890 9389 0
59986 1453 0
59986 4525 0
59986 5293 0
47698 17709 0
55890 9517 0
59986 5421 0
44626 20877 0
28242 37261 0
52818 12685 0
40530 24973 0
24146 41357 0
15954 49549 0
46674 18829 0
54866 10637 0
58962 6541 0
47698 17805 0
31314 34189 1
55890 9613 0
59986 5517 0
31826 941 0
48210 941 0
48210 16813 0
31826 33197 0
56402 941 0
56402 8621 0
48210 17069 0
31826 33453 0
56402 8877 0
60498 941 0
60498 4525 0
60498 4781 0
48210 17197 0
31826 33581 0
56402 9005 0
60498 4909 0
48210 17293 0
31826 33677 0
56402 9101 0
60498 5005 0
43730 21797 0
51922 13605 0
39634 25893 0
45778 19749 0
53970 11557 0
58066 7461 0
42706 22821 0
26322 39205 0
50898 14629 0
38610 26917 0
22226 43301 0
14034 51493 0
36562 28965 0
20178 45349 0
11986 53541 0
7890 57637 0
44242 21285 0
27858 37669 0
52434 13093 0
40146 25381 0
23762 41765 0
15570 49957 0
46290 19237 0
29906 35621 0
54482 11045 0
58578 6949 0
47314 18213 0
55506 10021 0
59602 5925 0
43474 22053 0
51666 13861 0
39378 26149 0
45522 20005 0
53714 11813 0
57810 7717 0
42450 23077 0
26066 39461 0
50642 14885 0
38354 27173 0
21970 43557 0
13778 51749 0
36306 29221 0
19922 45605 0
11730 53797 0
7634 57893 0
41938 23589 0
50130 15397 0
37842 27685 0
35794 29733 0
34770 30757 0
18386 47141 0
10194 55333 0
6098 59429 0
43858 21669 0
52050 13477 0
39762 25765 0
45906 19621 0
54098 11429 0
58194 7333 0
42834 22693 0
26450 39077 1
51026 14501 0
38738 26789 0
22354 43173 1
14162 51365 1
44370 21157 0
27986 37541 0
52562 12965 0
40274 25253 0
23890 41637 0
15698 49829 0
46418 19109 0
30034 35493 1
54610 10917 0
58706 6821 0
47442 18085 0
55634 9893 0
59730 5797 0
44626 20901 0
28242 37285 0
52818 12709 0
40530 24997 0
24146 41381 0
15954 49573 0
46674 18853 0
30290 35237 1
54866 10661 0
58962 6565 0
47698 17829 0
55890 9637 0
59986 5541 0
48210 17317 0
31826 33701 0
56402 9125 0
60498 5029 0
22418 10349 0
38802 10349 0
14226 18541 0
38802 18541 0
14226 34925 0
22418 34925 0
26514 6253 0
42898 6253 0
42898 18541 0
26514 34925 0
51090 6253 0
51090 10349 0
42898 20589 0
26514 36973 0
51090 12397 0
38802 24685 0
22418 41069 0
14226 49261 0
23442 9325 1
39826 9325 1
27538 5229 1
43922 5229 1
52114 5229 0
52114 9325 0
43922 20589 1
27538 36973 1
52114 12397 0
39826 24685 1
23442 41069 1
15250 49261 1
29586 3181 1
45970 3181 1
54162 3181 0
54162 9325 0
45970 18541 1
29586 34925 1
54162 10349 0
58258 3181 0
58258 5229 0
58258 6253 0
43922 21549 1
52114 13357 0
39826 25645 1
45970 19501 1
54162 11309 0
58258 7213 0
42898 22573 0
26514 38957 0
51090 14381 0
38802 26669 0
22418 43053 0
14226 51245 0
23954 8813 0
40338 8813 0
15762 17005 0
40338 17005 0
15762 33389 0
23954 33389 0
44434 17005 1
28050 33389 1
52626 8813 1
44434 20589 1
28050 36973 1
52626 12397 1
40338 24685 0
23954 41069 0
15762 49261 0
30098 2669 0
46482 2669 0
46482 17005 0
30098 33389 0
54674 2669 0
54674 8813 0
46482 18541 0
30098 34925 0
54674 10349 0
58770 2669 1
58770 6253 1
44434 21037 1
28050 37421 1
52626 12845 1
40338 25133 0
23954 41517 0
15762 49709 0
46482 18989 0
30098 35373 0
54674 10797 0
58770 6701 1
31122 1645 1
47506 1645 1
47506 17005 1
31122 33389 1
55698 1645 0
55698 8813 0
55698 9325 0
59794 1645 1
59794 5229 1
47506 17965 1
55698 9773 0
59794 5677 1
27538 37965 1
52114 13389 0
23442 42061 1
29586 35917 1
54162 11341 0
58258 7245 0
42898 22605 0
26514 38989 0
51090 14413 0
38802 26701 0
22418 43085 0
14226 51277 0
40338 25165 0
23954 41549 0
15762 49741 0
46482 19021 0
30098 35405 0
54674 10829 0
31122 34381 1
55698 9805 0
24210 8557 0
40594 8557 0
16018 16749 0
40594 16749 0
16018 33133 0
24210 33133 0
28306 4461 0
44690 4461 0
44690 16749 0
28306 33133 0
52882 4461 0
52882 8557 0
44690 20589 0
28306 36973 0
52882 12397 0
40594 24685 0
24210 41069 0
16018 49261 0
30354 2413 0
46738 2413 0
46738 16749 0
30354 33133 0
54930 2413 0
54930 8557 0
46738 18541 0
30354 34925 0
54930 10349 0
59026 2413 0
59026 4461 0
59026 6253 0
44690 20781 0
28306 37165 0
52882 12589 0
40594 24877 0
24210 41261 0
16018 49453 0
46738 18733 0
30354 35117 0
54930 10541 0
59026 6445 0
31378 1389 1
47762 1389 1
47762 16749 1
31378 33133 1
55954 1389 0
55954 8557 0
55954 9325 0
60050 1389 0
60050 4461 0
60050 5229 0
47762 17709 1
55954 9517 0
60050 5421 0
44690 20813 0
28306 37197 0
52882 12621 0
40594 24909 0
24210 41293 0
16018 49485 0
46738 18765 0
30354 35149 0
54930 10573 0
59026 6477 0
31378 34125 1
55954 9549 0
60050 5453 0
31890 877 0
48274 877 0
48274 16749 0
31890 33133 0
56466 877 0
56466 8557 0
48274 17005 0
31890 33389 0
56466 8813 0
60562 877 1
60562 4461 1
48274 17197 0
31890 33581 0
56466 9005 0
60562 4909 1
48274 17229 0
31890 33613 0
56466 9037 0
52114 13413 0
54162 11365 0
58258 7269 0
42898 22629 0
26514 39013 0
51090 14437 0
38802 26725 0
22418 43109 0
14226 51301 0
44434 21093 1
28050 37477 1
52626 12901 1
40338 25189 0
23954 41573 0
15762 49765 0
46482 19045 0
30098 35429 0
54674 10853 0
58770 6757 1
55698 9829 0
59794 5733 1
44690 20837 0
28306 37221 0
52882 12645 0
40594 24933 0
24210 41317 0
16018 49509 0
46738 18789 0
30354 35173 0
54930 10597 0
59026 6501 0
55954 9573 0
60050 5477 0
48274 17253 0
31890 33637 0
56466 9061 0
60562 4965 1
30482 2285 1
46866 2285 0
46866 16621 0
30482 33005 1
55058 2285 0
55058 8429 0
46866 18541 0
30482 34925 1
55058 10349 0
59154 2285 0
59154 4333 0
59154 6253 0
46866 18605 0
55058 10413 0
59154 6317 0
31506 1261 1
47890 1261 1
47890 16621 1
31506 33005 1
56082 1261 0
56082 8429 0
56082 9325 0
60178 1261 0
60178 4333 0
60178 5229 0
47890 17581 1
56082 9389 0
60178 5293 0
46866 18637 0
55058 10445 0
59154 6349 0
31506 33997 1
56082 9421 0
60178 5325 0
32018 749 0
48402 749 0
48402 16621 0
32018 33005 0
56594 749 0
56594 8429 0
48402 17005 0
32018 33389 0
56594 8813 0
60690 749 1
60690 4333 1
48402 17069 0
32018 33453 0
56594 8877 0
60690 4781 1
48402 17101 0
32018 33485 0
56594 8909 0
46866 18661 0
30482 35045 1
55058 10469 0
59154 6373 0
56082 9445 0
60178 5349 0
48402 17125 0
32018 33509 0
56594 8933 0
60690 4837 1
32274 493 0
48658 493 0
48658 16621 0
32274 33005 0
56850 493 0
56850 8429 0
48658 16749 0
32274 33133 0
56850 8557 0
60946 493 0
60946 4333 0
60946 4461 0
48658 16813 0
32274 33197 0
56850 8621 0
60946 4525 0
48658 16845 0
32274 33229 0
56850 8653 0
60946 4557 0
48658 16869 0
32274 33253 0
56850 8677 0
60946 4581 0
51890 13641 0
39602 25929 1
23218 42313 0
53938 11593 0
50866 14665 0
38578 26953 0
22194 43337 0
36530 29001 0
20146 45385 0
7858 57673 0
40114 25417 0
23730 41801 0
15538 49993 0
46258 19273 0
29874 35657 0
54450 11081 0
47282 18249 1
30898 34633 0
55474 10057 0
39346 26185 1
22962 42569 0
14770 50761 1
45490 20041 1
29106 36425 0
53682 11849 0
38322 27209 0
21938 43593 0
13746 51785 0
7602 57929 0
50098 15433 0
37810 27721 1
21426 44105 0
35762 29769 1
19378 46153 0
7090 58441 1
34738 30793 0
18354 47177 0
6066 59465 0
52018 13513 0
39730 25801 1
23346 42185 0
54066 11465 0
50994 14537 0
38706 26825 0
40242 25289 0
23858 41673 0
15666 49865 0
46386 19145 0
54578 10953 0
47410 18121 1
31026 34505 0
55602 9929 0
52786 12745 0
40498 25033 0
24114 41417 0
54834 10697 0
55858 9673 0
48178 17353 0
31794 33737 0
56370 9161 0
51826 13705 0
39538 25993 0
23154 42377 0
53874 11657 0
50802 14729 0
38514 27017 0
36466 29065 0
20082 45449 0
7794 57737 0
44146 21385 0
27762 37769 0
52338 13193 0
40050 25481 0
23666 41865 0
15474 50057 0
46194 19337 0
54386 11145 0
58482 7049 0
47218 18313 0
30834 34697 0
55410 10121 0
59506 6025 0
43378 22153 0
26994 38537 0
51570 13961 0
39282 26249 0
22898 42633 0
14706 50825 0
45426 20105 0
53618 11913 0
57714 7817 0
42354 23177 0
50546 14985 0
38258 27273 0
36210 29321 0
19826 45705 0
11634 53897 0
7538 57993 0
50034 15497 0
37746 27785 0
35698 29833 0
19314 46217 0
7026 58505 0
34674 30857 0
43730 21801 0
51922 13609 0
39634 25897 0
45778 19753 0
53970 11561 0
58066 7465 0
42706 22825 0
26322 39209 0
50898 14633 0
38610 26921 0
22226 43305 0
14034 51497 0
36562 28969 0
20178 45353 0
11986 53545 0
7890 57641 0
44242 21289 0
27858 37673 0
52434 13097 0
40146 25385 0
23762 41769 0
15570 49961 0
46290 19241 0
29906 35625 0
54482 11049 0
58578 6953 0
47314 18217 0
55506 10025 0
59602 5929 0
43474 22057 0
51666 13865 0
39378 26153 0
45522 20009 0
53714 11817 0
57810 7721 0
42450 23081 0
26066 39465 0
50642 14889 0
38354 27177 0
21970 43561 0
13778 51753 0
36306 29225 0
19922 45609 0
11730 53801 0
7634 57897 0
41938 23593 0
50130 15401 0
37842 27689 0
35794 29737 0
34770 30761 0
18386 47145 0
10194 55337 0
6098 59433 0
43858 21673 0
52050 13481 0
39762 25769 0
45906 19625 0
54098 11433 0
58194 7337 0
42834 22697 0
51026 14505 0
38738 26793 0
44370 21161 0
27986 37545 0
52562 12969 0
40274 25257 0
23890 41641 0
15698 49833 0
46418 19113 0
54610 10921 0
58706 6825 0
47442 18089 0
55634 9897 0
59730 5801 0
44626 20905 0
28242 37289 0
52818 12713 0
40530 25001 0
24146 41385 0
15954 49577 0
46674 18857 0
54866 10665 0
58962 6569 0
47698 17833 0
55890 9641 0
59986 5545 0
48210 17321 0
31826 33705 0
56402 9129 0
60498 5033 0
43922 21609 1
52114 13417 0
39826 25705 1
45970 19561 1
54162 11369 0
58258 7273 0
42898 22633 0
26514 39017 0
51090 14441 0
38802 26729 0
22418 43113 0
14226 51305 0
40338 25193 0
23954 41577 0
15762 49769 0
46482 19049 0
30098 35433 0
54674 10857 0
47506 18025 1
55698 9833 0
44690 20841 0
28306 37225 0
52882 12649 0
40594 24937 0
24210 41321 0
16018 49513 0
46738 18793 0
30354 35177 0
54930 10601 0
59026 6505 0
47762 17769 1
55954 9577 0
60050 5481 0
48274 17257 0
31890 33641 0
56466 9065 0
46866 18665 0
55058 10473 0
59154 6377 0
47890 17641 1
56082 9449 0
60178 5353 0
48402 17129 0
32018 33513 0
56594 8937 0
48658 16873 0
32274 33257 0
56850 8681 0
60946 4585 0
21986 10781 0
38370 10781 0
13794 18973 0
38370 18973 0
13794 35357 0
21986 35357 0
26082 6685 0
42466 6685 0
42466 18973 0
26082 35357 0
50658 6685 0
50658 10781 0
19938 12829 0
36322 12829 0
11746 21021 0
36322 21021 0
11746 37405 0
19938 37405 0
42466 21021 0
26082 37405 0
50658 12829 0
7650 25117 0
36322 25117 0
7650 41501 0
19938 41501 0
38370 25117 0
21986 41501 0
7650 49693 0
11746 49693 0
13794 49693 0
23010 9757 0
39394 9757 0
14818 17949 0
39394 17949 0
14818 34333 0
23010 34333 0
27106 5661 0
43490 5661 0
43490 17949 0
27106 34333 0
51682 5661 0
51682 9757 0
43490 21021 0
27106 37405 0
51682 12829 0
39394 25117 0
23010 41501 0
14818 49693 0
29154 3613 0
45538 3613 0
45538 17949 0
29154 34333 0
53730 3613 0
53730 9757 0
45538 18973 0
29154 35357 0
53730 10781 0
57826 3613 0
57826 5661 0
57826 6685 0
21474 11293 0
37858 11293 0
37858 19485 0
21474 35869 0
50146 7197 0
50146 11293 0
19426 13341 0
35810 13341 0
35810 21533 0
19426 37917 0
50146 13341 0
7138 25629 0
35810 25629 0
7138 42013 0
19426 42013 0
37858 25629 0
21474 42013 0
7138 50205 0
43490 21533 0
27106 37917 0
51682 13341 0
39394 25629 0
23010 42013 0
14818 50205 0
45538 19485 0
29154 35869 0
53730 11293 0
57826 7197 0
18402 14365 0
34786 14365 0
34786 22557 0
18402 38941 0
50146 14365 0
6114 26653 0
34786 26653 0
6114 43037 0
18402 43037 0
37858 26653 0
21474 43037 0
6114 51229 0
42466 22557 0
26082 38941 0
50658 14365 0
38370 26653 0
21986 43037 0
13794 51229 0
34786 28701 0
18402 45085 0
35810 28701 0
19426 45085 0
36322 28701 0
19938 45085 0
11746 53277 0
6114 57373 0
7138 57373 0
7650 57373 0
22242 10525 0
38626 10525 0
38626 18717 0
22242 35101 0
50914 10525 1
7906 24861 0
36578 24861 1
7906 41245 0
20194 41245 1
38626 24861 0
22242 41245 0
7906 49437 0
23266 9501 0
39650 9501 0
39650 17693 0
23266 34077 0
51938 9501 1
39650 24861 0
23266 41245 0
53986 3357 0
53986 9501 0
53986 10525 0
51938 13341 1
39650 25629 0
23266 42013 0
53986 11293 0
50914 14365 1
38626 26653 0
22242 43037 0
36578 28701 1
20194 45085 1
7906 57373 0
23778 8989 0
40162 8989 0
15586 17181 0
40162 17181 0
15586 33565 0
23778 33565 0
44258 17181 1
27874 33565 1
52450 8989 1
40162 24861 0
23778 41245 0
15586 49437 0
29922 2845 0
46306 2845 0
46306 17181 0
29922 33565 0
54498 2845 0
54498 8989 0
46306 18717 0
29922 35101 0
54498 10525 0
58594 2845 1
44258 21021 1
27874 37405 1
52450 12829 1
40162 25117 0
23778 41501 0
15586 49693 0
46306 18973 0
29922 35357 0
54498 10781 0
58594 6685 1
30946 1821 0
47330 1821 0
47330 17181 0
30946 33565 0
55522 1821 0
55522 8989 0
47330 17693 0
30946 34077 0
55522 9501 0
59618 1821 1
47330 17949 0
30946 34333 0
55522 9757 0
59618 5661 1
51938 13581 1
39650 25869 0
23266 42253 0
53986 11533 0
50914 14605 1
38626 26893 0
22242 43277 0
36578 28941 1
20194 45325 1
7906 57613 0
44258 21261 1
27874 37645 1
52450 13069 1
40162 25357 0
23778 41741 0
15586 49933 0
46306 19213 0
29922 35597 0
54498 11021 0
58594 6925 1
47330 18189 0
30946 34573 0
55522 9997 0
59618 5901 1
43490 22029 0
27106 38413 0
51682 13837 0
39394 26125 0
23010 42509 0
14818 50701 0
45538 19981 0
29154 36365 0
53730 11789 0
57826 7693 0
42466 23053 0
26082 39437 0
50658 14861 0
38370 27149 0
21986 43533 0
13794 51725 0
36322 29197 0
19938 45581 0
11746 53773 0
7650 57869 0
50146 15373 0
37858 27661 0
21474 44045 0
35810 29709 0
19426 46093 0
7138 58381 0
34786 30733 0
18402 47117 0
6114 59405 0
22370 10397 1
38754 10397 0
38754 18589 0
51042 6301 0
51042 10397 0
51042 12445 0
38754 24733 0
22370 41117 1
23394 9373 0
39778 9373 0
39778 17565 0
23394 33949 0
52066 5277 0
52066 9373 0
52066 12445 0
39778 24733 0
23394 41117 0
54114 3229 0
54114 9373 0
54114 10397 0
52066 13341 0
39778 25629 0
23394 42013 0
54114 11293 0
51042 14365 0
38754 26653 0
22370 43037 1
23906 8861 0
40290 8861 0
15714 17053 0
40290 17053 0
15714 33437 0
23906 33437 0
28002 4765 0
44386 4765 0
44386 17053 0
28002 33437 0
52578 4765 0
52578 8861 0
44386 20637 0
28002 37021 0
52578 12445 0
40290 24733 0
23906 41117 0
15714 49309 0
30050 2717 1
46434 2717 0
46434 17053 0
30050 33437 1
54626 2717 0
54626 8861 0
46434 18589 0
54626 10397 0
58722 2717 0
58722 4765 0
58722 6301 0
44386 21021 0
28002 37405 0
52578 12829 0
40290 25117 0
23906 41501 0
15714 49693 0
46434 18973 0
30050 35357 1
54626 10781 0
58722 6685 0
31074 1693 0
47458 1693 0
47458 17053 0
31074 33437 0
55650 1693 0
55650 8861 0
47458 17565 0
31074 33949 0
55650 9373 0
59746 1693 0
59746 4765 0
59746 5277 0
47458 17949 0
31074 34333 0
55650 9757 0
59746 5661 0
52066 13453 0
39778 25741 0
23394 42125 0
54114 11405 0
51042 14477 0
38754 26765 0
44386 21133 0
28002 37517 0
52578 12941 0
40290 25229 0
23906 41613 0
15714 49805 0
46434 19085 0
54626 10893 0
58722 6797 0
47458 18061 0
31074 34445 0
55650 9869 0
59746 5773 0
24162 8605 0
40546 8605 0
40546 16797 0
24162 33181 0
52834 8605 1
52834 12445 1
40546 24733 0
24162 41117 0
54882 2461 0
54882 8605 0
54882 10397 0
40546 24861 0
24162 41245 0
54882 10525 0
55906 1437 0
55906 8605 0
55906 9373 0
55906 9501 0
52834 12685 1
40546 24973 0
24162 41357 0
54882 10637 0
55906 9613 0
31842 925 0
48226 925 0
48226 16797 0
31842 33181 0
56418 925 0
56418 8605 0
48226 17053 0
31842 33437 0
56418 8861 0
60514 925 1
60514 4765 1
48226 17181 0
31842 33565 0
56418 8989 0
48226 17293 0
31842 33677 0
56418 9101 0
60514 5005 1
39650 25877 0
23266 42261 0
53986 11541 0
38626 26901 0
22242 43285 0
7906 57621 0
40162 25365 0
23778 41749 0
15586 49941 0
46306 19221 0
29922 35605 0
54498 11029 0
47330 18197 0
30946 34581 0
55522 10005 0
43490 22037 0
27106 38421 0
51682 13845 0
39394 26133 0
23010 42517 0
14818 50709 0
45538 19989 0
29154 36373 0
53730 11797 0
57826 7701 0
42466 23061 0
26082 39445 0
50658 14869 0
38370 27157 0
21986 43541 0
13794 51733 0
36322 29205 0
19938 45589 0
11746 53781 0
7650 57877 0
50146 15381 0
37858 27669 0
21474 44053 0
35810 29717 0
19426 46101 0
7138 58389 0
34786 30741 0
18402 47125 0
6114 59413 0
52066 13461 0
39778 25749 0
23394 42133 0
54114 11413 0
51042 14485 0
38754 26773 0
22370 43157 1
44386 21141 0
28002 37525 0
52578 12949 0
40290 25237 0
23906 41621 0
15714 49813 0
46434 19093 0
30050 35477 1
54626 10901 0
58722 6805 0
47458 18069 0
31074 34453 0
55650 9877 0
59746 5781 0
40546 24981 0
24162 41365 0
54882 10645 0
55906 9621 0
48226 17301 0
31842 33685 0
56418 9109 0
22434 10333 0
38818 10333 0
38818 18525 0
22434 34909 0
51106 6237 0
51106 10333 0
51106 12381 0
38818 24669 0
22434 41053 0
23458 9309 0
39842 9309 1
23458 33885 0
52130 5213 0
52130 9309 0
52130 12381 0
39842 24669 1
23458 41053 0
54178 3165 0
54178 9309 0
54178 10333 0
52130 13341 0
39842 25629 1
23458 42013 0
54178 11293 0
51106 14365 0
38818 26653 0
22434 43037 0
23970 8797 0
40354 8797 0
15778 16989 0
40354 16989 0
15778 33373 0
23970 33373 0
44450 16989 1
28066 33373 1
52642 8797 1
44450 20573 1
28066 36957 1
52642 12381 1
40354 24669 0
23970 41053 0
15778 49245 0
30114 2653 0
46498 2653 0
46498 16989 0
30114 33373 0
54690 2653 0
54690 8797 0
46498 18525 0
30114 34909 0
54690 10333 0
58786 2653 1
58786 6237 1
44450 21021 1
28066 37405 1
52642 12829 1
40354 25117 0
23970 41501 0
15778 49693 0
46498 18973 0
30114 35357 0
54690 10781 0
58786 6685 1
31138 1629 0
47522 1629 1
47522 16989 1
31138 33373 0
55714 1629 0
55714 8797 0
31138 33885 0
55714 9309 0
59810 1629 1
59810 5213 1
47522 17949 1
31138 34333 0
55714 9757 0
59810 5661 1
52130 13389 0
23458 42061 0
54178 11341 0
51106 14413 0
38818 26701 0
22434 43085 0
40354 25165 0
23970 41549 0
15778 49741 0
46498 19021 0
30114 35405 0
54690 10829 0
31138 34381 0
55714 9805 0
24226 8541 0
40610 8541 0
40610 16733 0
24226 33117 0
52898 8541 1
52898 12381 1
40610 24669 0
24226 41053 0
54946 2397 0
54946 8541 0
54946 10333 0
40610 24861 0
24226 41245 0
54946 10525 0
55970 1373 0
55970 8541 0
55970 9309 0
55970 9501 0
52898 12621 1
40610 24909 0
24226 41293 0
54946 10573 0
55970 9549 0
31906 861 0
48290 861 0
48290 16733 0
31906 33117 0
56482 861 0
56482 8541 0
48290 16989 0
31906 33373 0
56482 8797 0
60578 861 1
48290 17181 0
31906 33565 0
56482 8989 0
48290 17229 0
31906 33613 0
56482 9037 0
52130 13397 0
23458 42069 0
54178 11349 0
51106 14421 0
38818 26709 0
22434 43093 0
44450 21077 1
28066 37461 1
52642 12885 1
40354 25173 0
23970 41557 0
15778 49749 0
46498 19029 0
30114 35413 0
54690 10837 0
58786 6741 1
31138 34389 0
55714 9813 0
59810 5717 1
40610 24917 0
24226 41301 0
54946 10581 0
55970 9557 0
48290 17237 0
31906 33621 0
56482 9045 0
55074 2269 0
55074 8413 0
55074 10333 0
55074 10397 0
56098 1245 0
56098 8413 0
56098 9309 0
56098 9373 0
55074 10445 0
56098 9421 0
32034 733 0
48418 733 0
48418 16605 0
32034 32989 0
56610 733 0
56610 8413 0
48418 16989 0
32034 33373 0
56610 8797 0
60706 733 1
60706 4317 1
48418 17053 0
32034 33437 0
56610 8861 0
60706 4765 1
48418 17101 0
32034 33485 0
56610 8909 0
55074 10453 0
56098 9429 0
48418 17109 0
32034 33493 0
56610 8917 0
60706 4821 1
56866 477 0
56866 8413 0
56866 8541 0
56866 8605 0
56866 8653 0
56866 8661 0
39650 25881 0
23266 42265 0
53986 11545 0
38626 26905 0
22242 43289 0
7906 57625 0
40162 25369 0
23778 41753 0
15586 49945 0
46306 19225 0
29922 35609 0
54498 11033 0
47330 18201 0
30946 34585 0
55522 10009 0
43490 22041 0
27106 38425 0
51682 13849 0
39394 26137 0
23010 42521 0
14818 50713 0
45538 19993 0
29154 36377 0
53730 11801 0
57826 7705 0
42466 23065 0
26082 39449 0
50658 14873 0
38370 27161 0
21986 43545 0
13794 51737 0
36322 29209 0
19938 45593 0
11746 53785 0
7650 57881 0
50146 15385 0
37858 27673 0
21474 44057 0
35810 29721 0
19426 46105 0
7138 58393 0
34786 30745 0
18402 47129 0
6114 59417 0
52066 13465 0
39778 25753 0
23394 42137 0
54114 11417 0
51042 14489 0
38754 26777 0
44386 21145 0
28002 37529 0
52578 12953 0
40290 25241 0
23906 41625 0
15714 49817 0
46434 19097 0
54626 10905 0
58722 6809 0
47458 18073 0
31074 34457 0
55650 9881 0
59746 5785 0
40546 24985 0
24162 41369 0
54882 10649 0
55906 9625 0
48226 17305 0
31842 33689 0
56418 9113 0
52130 13401 0
39842 25689 1
23458 42073 0
54178 11353 0
51106 14425 0
38818 26713 0
22434 43097 0
40354 25177 0
23970 41561 0
15778 49753 0
46498 19033 0
30114 35417 0
54690 10841 0
47522 18009 1
31138 34393 0
55714 9817 0
40610 24921 0
24226 41305 0
54946 10585 0
55970 9561 0
48290 17241 0
31906 33625 0
56482 9049 0
55074 10457 0
56098 9433 0
48418 17113 0
32034 33497 0
56610 8921 0
56866 8665 0
22466 10301 0
38850 10301 0
14274 18493 0
38850 18493 0
14274 34877 0
22466 34877 0
26562 6205 0
42946 6205 0
42946 18493 0
26562 34877 0
51138 6205 0
51138 10301 0
42946 20541 0
26562 36925 0
51138 12349 0
38850 24637 0
22466 41021 0
14274 49213 0
23490 9277 1
39874 9277 0
15298 17469 1
39874 17469 0
27586 5181 1
43970 5181 0
43970 17469 0
52162 5181 0
52162 9277 0
43970 20541 0
27586 36925 1
52162 12349 0
39874 24637 0
23490 41021 1
15298 49213 1
29634 3133 1
46018 3133 0
46018 17469 0
54210 3133 0
54210 9277 0
46018 18493 0
29634 34877 1
54210 10301 0
58306 3133 0
58306 5181 0
58306 6205 0
43970 21533 0
27586 37917 1
52162 13341 0
39874 25629 0
23490 42013 1
15298 50205 1
46018 19485 0
29634 35869 1
54210 11293 0
58306 7197 0
42946 22557 0
26562 38941 0
51138 14365 0
38850 26653 0
22466 43037 0
14274 51229 0
24002 8765 0
40386 8765 0
15810 16957 0
40386 16957 0
15810 33341 0
24002 33341 0
28098 4669 0
44482 4669 0
44482 16957 0
28098 33341 0
52674 4669 0
52674 8765 0
44482 20541 0
28098 36925 0
52674 12349 0
40386 24637 0
24002 41021 0
15810 49213 0
30146 2621 0
46530 2621 0
46530 16957 0
30146 33341 0
54722 2621 0
54722 8765 0
46530 18493 0
30146 34877 0
54722 10301 0
58818 2621 0
58818 4669 0
58818 6205 0
44482 21021 0
28098 37405 0
52674 12829 0
40386 25117 0
24002 41501 0
15810 49693 0
46530 18973 0
30146 35357 0
54722 10781 0
58818 6685 0
31170 1597 1
47554 1597 0
47554 16957 0
31170 33341 1
55746 1597 0
55746 8765 0
47554 17469 0
55746 9277 0
59842 1597 0
59842 4669 0
59842 5181 0
47554 17949 0
31170 34333 1
55746 9757 0
59842 5661 0
43970 21549 0
52162 13357 0
39874 25645 0
46018 19501 0
54210 11309 0
58306 7213 0
42946 22573 0
26562 38957 0
51138 14381 0
38850 26669 0
22466 43053 0
14274 51245 0
44482 21037 0
28098 37421 0
52674 12845 0
40386 25133 0
24002 41517 0
15810 49709 0
46530 18989 0
30146 35373 0
54722 10797 0
58818 6701 0
47554 17965 0
55746 9773 0
59842 5677 0
24258 8509 0
40642 8509 0
16066 16701 0
40642 16701 0
16066 33085 0
24258 33085 0
44738 16701 1
28354 33085 1
52930 8509 1
44738 20541 1
28354 36925 1
52930 12349 1
40642 24637 0
24258 41021 0
16066 49213 0
30402 2365 0
46786 2365 0
46786 16701 0
30402 33085 0
54978 2365 0
54978 8509 0
46786 18493 0
30402 34877 0
54978 10301 0
59074 2365 1
59074 6205 1
40642 24861 0
24258 41245 0
16066 49437 0
46786 18717 0
30402 35101 0
54978 10525 0
31426 1341 1
47810 1341 0
47810 16701 0
31426 33085 1
56002 1341 0
56002 8509 0
47810 17469 0
56002 9277 0
60098 1341 1
60098 5181 1
47810 17693 0
31426 34077 1
56002 9501 0
44738 20781 1
28354 37165 1
52930 12589 1
40642 24877 0
24258 41261 0
16066 49453 0
46786 18733 0
30402 35117 0
54978 10541 0
59074 6445 1
47810 17709 0
56002 9517 0
60098 5421 1
31938 829 0
48322 829 0
48322 16701 0
31938 33085 0
56514 829 0
56514 8509 0
48322 16957 0
31938 33341 0
56514 8765 0
60610 829 1
60610 4669 1
48322 17181 0
31938 33565 0
56514 8989 0
48322 17197 0
31938 33581 0
56514 9005 0
60610 4909 1
43970 21557 0
52162 13365 0
39874 25653 0
46018 19509 0
54210 11317 0
58306 7221 0
42946 22581 0
26562 38965 0
51138 14389 0
38850 26677 0
22466 43061 0
14274 51253 0
44482 21045 0
28098 37429 0
52674 12853 0
40386 25141 0
24002 41525 0
15810 49717 0
46530 18997 0
30146 35381 0
54722 10805 0
58818 6709 0
47554 17973 0
55746 9781 0
59842 5685 0
40642 24885 0
24258 41269 0
16066 49461 0
46786 18741 0
30402 35125 0
54978 10549 0
47810 17717 0
56002 9525 0
48322 17205 0
31938 33589 0
56514 9013 0
30530 2237 1
46914 2237 0
46914 16573 0
30530 32957 1
55106 2237 0
55106 8381 0
46914 18493 0
30530 34877 1
55106 10301 0
59202 2237 0
59202 4285 0
59202 6205 0
46914 18589 0
55106 10397 0
59202 6301 0
31554 1213 1
47938 1213 0
47938 16573 0
31554 32957 1
56130 1213 0
56130 8381 0
47938 17469 0
56130 9277 0
60226 1213 0
60226 4285 0
60226 5181 0
47938 17565 0
31554 33949 1
56130 9373 0
60226 5277 0
46914 18605 0
55106 10413 0
59202 6317 0
47938 17581 0
56130 9389 0
60226 5293 0
32066 701 0
48450 701 0
48450 16573 0
32066 32957 0
56642 701 0
56642 8381 0
48450 16957 0
32066 33341 0
56642 8765 0
60738 701 0
60738 4285 0
60738 4669 0
48450 17053 0
32066 33437 0
56642 8861 0
60738 4765 0
48450 17069 0
32066 33453 0
56642 8877 0
60738 4781 0
46914 18613 0
30530 34997 1
55106 10421 0
59202 6325 0
47938 17589 0
56130 9397 0
60226 5301 0
48450 17077 0
32066 33461 0
56642 8885 0
60738 4789 0
32322 445 0
48706 445 0
48706 16573 0
32322 32957 0
56898 445 0
56898 8381 0
48706 16701 0
32322 33085 0
56898 8509 0
60994 445 1
60994 4285 1
48706 16797 0
32322 33181 0
56898 8605 0
48706 16813 0
32322 33197 0
56898 8621 0
60994 4525 1
48706 16821 0
32322 33205 0
56898 8629 0
43970 21561 0
52162 13369 0
39874 25657 0
46018 19513 0
54210 11321 0
58306 7225 0
42946 22585 0
26562 38969 0
51138 14393 0
38850 26681 0
22466 43065 0
14274 51257 0
44482 21049 0
28098 37433 0
52674 12857 0
40386 25145 0
24002 41529 0
15810 49721 0
46530 19001 0
30146 35385 0
54722 10809 0
58818 6713 0
47554 17977 0
55746 9785 0
59842 5689 0
40642 24889 0
24258 41273 0
16066 49465 0
46786 18745 0
30402 35129 0
54978 10553 0
47810 17721 0
56002 9529 0
48322 17209 0
31938 33593 0
56514 9017 0
46914 18617 0
55106 10425 0
59202 6329 0
47938 17593 0
56130 9401 0
60226 5305 0
48450 17081 0
32066 33465 0
56642 8889 0
60738 4793 0
48706 16825 0
32322 33209 0
56898 8633 0
30594 2173 0
46978 2173 0
46978 16509 0
30594 32893 0
55170 2173 0
55170 8317 0
46978 18493 0
30594 34877 0
55170 10301 0
59266 2173 0
59266 4221 0
59266 6205 0
46978 18525 0
30594 34909 0
55170 10333 0
59266 6237 0
31618 1149 1
48002 1149 1
48002 16509 1
31618 32893 1
56194 1149 0
56194 8317 0
48002 17469 1
56194 9277 0
60290 1149 0
60290 4221 0
60290 5181 0
31618 33885 1
56194 9309 0
60290 5213 0
46978 18541 0
30594 34925 0
55170 10349 0
59266 6253 0
56194 9325 0
60290 5229 0
32130 637 0
48514 637 0
48514 16509 0
32130 32893 0
56706 637 0
56706 8317 0
48514 16957 0
32130 33341 0
56706 8765 0
60802 637 1
60802 4221 1
60802 4669 1
48514 16989 0
32130 33373 0
56706 8797 0
48514 17005 0
32130 33389 0
56706 8813 0
46978 18549 0
30594 34933 0
55170 10357 0
59266 6261 0
56194 9333 0
60290 5237 0
48514 17013 0
32130 33397 0
56706 8821 0
60802 4725 1
32386 381 0
48770 381 0
48770 16509 0
32386 32893 0
56962 381 0
56962 8317 0
48770 16701 0
32386 33085 0
56962 8509 0
61058 381 1
61058 4221 1
48770 16733 0
32386 33117 0
56962 8541 0
48770 16749 0
32386 33133 0
56962 8557 0
61058 4461 1
48770 16757 0
32386 33141 0
56962 8565 0
46978 18553 0
30594 34937 0
55170 10361 0
59266 6265 0
48002 17529 1
56194 9337 0
60290 5241 0
48514 17017 0
32130 33401 0
56706 8825 0
48770 16761 0
32386 33145 0
56962 8569 0
23210 42324 0
53930 11604 0
50858 14676 1
38570 26964 0
22186 43348 0
20138 45396 1
7850 57684 0
27818 37716 1
23722 41812 0
15530 50004 0
46250 19284 0
29866 35668 0
54442 11092 0
58538 6996 1
30890 34644 0
27050 38484 0
22954 42580 0
29098 36436 0
53674 11860 0
57770 7764 0
42410 23124 0
26026 39508 0
50602 14932 0
38314 27220 0
21930 43604 0
13738 51796 0
19882 45652 0
11690 53844 0
7594 57940 0
50090 15444 0
21418 44116 0
19370 46164 0
34730 30804 0
18346 47188 0
6058 59476 0
52010 13524 0
23338 42196 0
54058 11476 0
50986 14548 0
38698 26836 0
22314 43220 0
44330 21204 0
27946 37588 0
52522 13012 0
40234 25300 0
23850 41684 0
15658 49876 0
46378 19156 0
29994 35540 0
54570 10964 0
58666 6868 0
31018 34516 0
55594 9940 0
59690 5844 0
52778 12756 1
40490 25044 0
24106 41428 0
54826 10708 0
55850 9684 0
48170 17364 0
31786 33748 0
56362 9172 0
60458 5076 1
51818 13716 1
50794 14740 1
36458 29076 1
20074 45460 1
44138 21396 1
27754 37780 1
52330 13204 1
40042 25492 0
23658 41876 0
15466 50068 0
46186 19348 0
29802 35732 0
54378 11156 0
58474 7060 1
47210 18324 0
30826 34708 0
55402 10132 0
59498 6036 1
43370 22164 0
26986 38548 0
51562 13972 0
39274 26260 0
22890 42644 0
14698 50836 0
45418 20116 0
29034 36500 0
53610 11924 0
57706 7828 0
42346 23188 0
25962 39572 0
50538 14996 0
38250 27284 0
21866 43668 0
13674 51860 0
36202 29332 0
19818 45716 0
11626 53908 0
7530 58004 0
50026 15508 0
35690 29844 0
19306 46228 0
34666 30868 0
18282 47252 0
26858 38676 1
22762 42772 0
14570 50964 0
42218 23316 1
25834 39700 1
50410 15124 1
38122 27412 0
21738 43796 0
13546 51988 0
19690 45844 1
11498 54036 1
7402 58132 0
49898 15636 1
19178 46356 1
34538 30996 1
18154 47380 1
41450 24084 0
25066 40468 0
49642 15892 0
37354 28180 0
20970 44564 0
12778 52756 0
18922 46612 0
10730 54804 0
6634 58900 0
34282 31252 0
17898 47636 0
9706 55828 0
5610 59924 0
33770 31764 0
17386 48148 0
27338 38196 1
58058 7476 1
42698 22836 1
26314 39220 1
50890 14644 1
20170 45364 1
11978 53556 1
27850 37684 1
23754 41780 0
15562 49972 0
46282 19252 0
29898 35636 0
54474 11060 0
58570 6964 1
30922 34612 1
27082 38452 1
22986 42548 1
14794 50740 1
45514 20020 0
29130 36404 1
53706 11828 0
57802 7732 0
42442 23092 0
26058 39476 0
50634 14900 0
38346 27188 0
21962 43572 0
13770 51764 0
19914 45620 0
11722 53812 0
7626 57908 0
41930 23604 0
25546 39988 1
50122 15412 0
19402 46132 1
11210 54324 1
34762 30772 0
18378 47156 0
10186 55348 0
43850 21684 0
27466 38068 1
52042 13492 0
58186 7348 0
42826 22708 0
26442 39092 0
51018 14516 0
44362 21172 0
27978 37556 0
52554 12980 0
40266 25268 0
23882 41652 0
15690 49844 0
46410 19124 0
30026 35508 0
54602 10932 0
58698 6836 0
47434 18100 0
31050 34484 1
55626 9908 0
59722 5812 0
44618 20916 1
28234 37300 1
52810 12724 1
58954 6580 1
59978 5556 1
48202 17332 0
31818 33716 0
56394 9140 0
60490 5044 1
27530 38004 1
23434 42100 1
29578 35956 1
54154 11380 0
58250 7284 0
42890 22644 0
26506 39028 0
51082 14452 0
38794 26740 0
22410 43124 0
14218 51316 0
28042 37492 0
23946 41588 0
15754 49780 0
46474 19060 0
30090 35444 0
54666 10868 0
58762 6772 0
31114 34420 1
28298 37236 1
24202 41332 0
16010 49524 0
46730 18804 0
30346 35188 0
54922 10612 0
59018 6516 1
31370 34164 1
31882 33652 0
27290 38244 1
23194 42340 1
29338 36196 1
53914 11620 0
58010 7524 0
42650 22884 0
26266 39268 0
50842 14692 0
38554 26980 0
22170 43364 0
13978 51556 0
20122 45412 0
11930 53604 0
7834 57700 0
27802 37732 0
23706 41828 0
15514 50020 0
46234 19300 0
29850 35684 0
54426 11108 0
58522 7012 0
30874 34660 1
27034 38500 1
22938 42596 1
29082 36452 1
53658 11876 0
57754 7780 0
42394 23140 0
26010 39524 0
50586 14948 0
38298 27236 0
21914 43620 0
13722 51812 0
19866 45668 0
11674 53860 0
7578 57956 0
25498 40036 1
50074 15460 0
21402 44132 1
19354 46180 1
34714 30820 0
18330 47204 0
10138 55396 0
6042 59492 0
27418 38116 1
51994 13540 0
23322 42212 1
29466 36068 1
54042 11492 0
58138 7396 0
42778 22756 0
26394 39140 0
50970 14564 0
38682 26852 0
22298 43236 0
14106 51428 0
44314 21220 0
27930 37604 0
52506 13028 0
40218 25316 0
23834 41700 0
15642 49892 0
46362 19172 0
29978 35556 0
54554 10980 0
58650 6884 0
31002 34532 1
55578 9956 0
59674 5860 0
44570 20964 0
28186 37348 0
52762 12772 0
40474 25060 0
24090 41444 0
15898 49636 0
46618 18916 0
30234 35300 0
54810 10724 0
58906 6628 0
31258 34276 1
55834 9700 0
59930 5604 0
48154 17380 0
31770 33764 0
56346 9188 0
60442 5092 0
43610 21924 0
27226 38308 1
51802 13732 0
57946 7588 0
42586 22948 0
26202 39332 0
50778 14756 0
36442 29092 0
20058 45476 0
11866 53668 0
44122 21412 0
27738 37796 0
52314 13220 0
40026 25508 0
23642 41892 0
15450 50084 0
46170 19364 0
29786 35748 0
54362 11172 0
58458 7076 0
47194 18340 0
30810 34724 1
55386 10148 0
59482 6052 0
43354 22180 0
26970 38564 1
51546 13988 0
39258 26276 0
22874 42660 1
14682 50852 1
45402 20132 0
29018 36516 1
53594 11940 0
57690 7844 0
42330 23204 0
25946 39588 0
50522 15012 0
38234 27300 0
21850 43684 0
13658 51876 0
36186 29348 0
19802 45732 0
11610 53924 0
7514 58020 0
41818 23716 0
25434 40100 1
50010 15524 0
35674 29860 0
19290 46244 1
11098 54436 1
34650 30884 0
18266 47268 0
10074 55460 0
26842 38692 1
22746 42788 1
14554 50980 1
42202 23332 0
25818 39716 0
50394 15140 0
38106 27428 0
21722 43812 0
13530 52004 0
19674 45860 0
11482 54052 0
7386 58148 0
41690 23844 0
25306 40228 1
49882 15652 0
19162 46372 1
10970 54564 1
34522 31012 0
18138 47396 0
9946 55588 0
41434 24100 0
25050 40484 1
49626 15908 0
37338 28196 0
20954 44580 1
12762 52772 1
18906 46628 1
10714 54820 1
6618 58916 1
34266 31268 0
17882 47652 0
9690 55844 0
5594 59940 0
33754 31780 0
17370 48164 1
9178 56356 1
51770 13764 0
23098 42436 0
53818 11716 0
50746 14788 0
38458 27076 0
22074 43460 0
36410 29124 0
20026 45508 0
7738 57796 0
44090 21444 0
27706 37828 0
52282 13252 0
39994 25540 0
23610 41924 0
15418 50116 0
46138 19396 0
29754 35780 0
54330 11204 0
58426 7108 0
30778 34756 0
55354 10180 0
59450 6084 0
26938 38596 0
51514 14020 0
22842 42692 0
28986 36548 0
53562 11972 0
57658 7876 0
42298 23236 0
25914 39620 0
50490 15044 0
38202 27332 0
21818 43716 0
13626 51908 0
36154 29380 0
19770 45764 0
11578 53956 0
7482 58052 0
49978 15556 0
21306 44228 0
19258 46276 0
34618 30916 0
18234 47300 0
5946 59588 0
26810 38724 0
22714 42820 0
42170 23364 0
25786 39748 0
50362 15172 0
38074 27460 0
21690 43844 0
13498 52036 0
19642 45892 0
11450 54084 0
7354 58180 0
49850 15684 0
21178 44356 0
19130 46404 0
34490 31044 0
18106 47428 0
5818 59716 0
25018 40516 0
49594 15940 0
20922 44612 0
18874 46660 0
34234 31300 0
17850 47684 0
9658 55876 0
5562 59972 0
17338 48196 0
43130 22404 0
26746 38788 0
51322 14212 0
39034 26500 0
22650 42884 0
14458 51076 0
42106 23428 0
25722 39812 0
50298 15236 0
38010 27524 0
21626 43908 0
13434 52100 0
35962 29572 0
19578 45956 0
11386 54148 0
7290 58244 0
49786 15748 0
35450 30084 0
19066 46468 0
34426 31108 0
18042 47492 0
41338 24196 0
24954 40580 0
49530 16004 0
37242 28292 0
20858 44676 0
12666 52868 0
35194 30340 0
18810 46724 0
10618 54916 0
6522 59012 0
34170 31364 0
17786 47748 0
9594 55940 0
5498 60036 0
33658 31876 0
17274 48260 0
51890 13644 0
23218 42316 0
53938 11596 0
50866 14668 0
38578 26956 0
22194 43340 0
36530 29004 0
20146 45388 0
7858 57676 0
40114 25420 0
23730 41804 0
15538 49996 0
46258 19276 0
29874 35660 0
54450 11084 0
30898 34636 0
55474 10060 0
22962 42572 0
29106 36428 0
53682 11852 0
38322 27212 0
21938 43596 0
13746 51788 0
7602 57932 0
50098 15436 0
21426 44108 0
19378 46156 0
34738 30796 0
18354 47180 0
6066 59468 0
52018 13516 0
23346 42188 0
54066 11468 0
50994 14540 0
38706 26828 0
40242 25292 0
23858 41676 0
15666 49868 0
46386 19148 0
54578 10956 0
31026 34508 0
55602 9932 0
52786 12748 0
40498 25036 0
24114 41420 0
54834 10700 0
55858 9676 0
48178 17356 0
31794 33740 0
56370 9164 0
51826 13708 0
39538 25996 0
23154 42380 0
53874 11660 0
50802 14732 0
38514 27020 0
36466 29068 0
20082 45452 0
7794 57740 0
44146 21388 0
27762 37772 0
52338 13196 0
40050 25484 0
23666 41868 0
15474 50060 0
46194 19340 0
54386 11148 0
58482 7052 0
47218 18316 0
30834 34700 0
55410 10124 0
59506 6028 0
43378 22156 0
26994 38540 0
51570 13964 0
39282 26252 0
22898 42636 0
14706 50828 0
45426 20108 0
53618 11916 0
57714 7820 0
42354 23180 0
50546 14988 0
38258 27276 0
36210 29324 0
19826 45708 0
11634 53900 0
7538 57996 0
50034 15500 0
37746 27788 0
35698 29836 0
19314 46220 0
7026 58508 0
34674 30860 0
43730 21804 0
27346 38188 1
51922 13612 0
39634 25900 0
23250 42284 1
15058 50476 1
45778 19756 0
29394 36140 1
53970 11564 0
58066 7468 0
42706 22828 0
26322 39212 0
50898 14636 0
38610 26924 0
22226 43308 0
14034 51500 0
36562 28972 0
20178 45356 0
11986 53548 0
7890 57644 0
44242 21292 0
27858 37676 0
52434 13100 0
40146 25388 0
23762 41772 0
15570 49964 0
46290 19244 0
29906 35628 0
54482 11052 0
58578 6956 0
47314 18220 0
30930 34604 1
55506 10028 0
59602 5932 0
43474 22060 0
27090 38444 1
51666 13868 0
39378 26156 0
22994 42540 1
14802 50732 1
45522 20012 0
29138 36396 1
53714 11820 0
57810 7724 0
42450 23084 0
26066 39468 0
50642 14892 0
38354 27180 0
21970 43564 0
13778 51756 0
36306 29228 0
19922 45612 0
11730 53804 0
7634 57900 0
41938 23596 0
25554 39980 1
50130 15404 0
37842 27692 0
21458 44076 1
13266 52268 1
35794 29740 0
19410 46124 1
11218 54316 1
7122 58412 1
34770 30764 0
18386 47148 0
10194 55340 0
6098 59436 0
43858 21676 0
27474 38060 1
52050 13484 0
39762 25772 0
23378 42156 1
15186 50348 1
45906 19628 0
54098 11436 0
58194 7340 0
42834 22700 0
51026 14508 0
38738 26796 0
44370 21164 0
27986 37548 0
52562 12972 0
40274 25260 0
23890 41644 0
15698 49836 0
46418 19116 0
54610 10924 0
58706 6828 0
47442 18092 0
31058 34476 1
55634 9900 0
59730 5804 0
44626 20908 0
28242 37292 0
52818 12716 0
40530 25004 0
24146 41388 0
15954 49580 0
46674 18860 0
54866 10668 0
58962 6572 0
47698 17836 0
31314 34220 1
55890 9644 0
59986 5548 0
48210 17324 0
31826 33708 0
56402 9132 0
60498 5036 0
27538 37996 1
52114 13420 0
23442 42092 1
29586 35948 1
54162 11372 0
58258 7276 0
42898 22636 0
26514 39020 0
51090 14444 0
38802 26732 0
22418 43116 0
14226 51308 0
40338 25196 0
23954 41580 0
15762 49772 0
46482 19052 0
30098 35436 0
54674 10860 0
31122 34412 1
55698 9836 0
44690 20844 0
28306 37228 0
52882 12652 0
40594 24940 0
24210 41324 0
16018 49516 0
46738 18796 0
30354 35180 0
54930 10604 0
59026 6508 0
31378 34156 1
55954 9580 0
60050 5484 0
48274 17260 0
31890 33644 0
56466 9068 0
46866 18668 0
55058 10476 0
59154 6380 0
31506 34028 1
56082 9452 0
60178 5356 0
48402 17132 0
32018 33516 0
56594 8940 0
48658 16876 0
32274 33260 0
56850 8684 0
60946 4588 0
51938 13596 1
39650 25884 0
23266 42268 0
53986 11548 0
50914 14620 1
38626 26908 0
22242 43292 0
36578 28956 1
20194 45340 1
7906 57628 0
44258 21276 1
27874 37660 1
52450 13084 1
40162 25372 0
23778 41756 0
15586 49948 0
46306 19228 0
29922 35612 0
54498 11036 0
58594 6940 1
47330 18204 0
30946 34588 0
55522 10012 0
59618 5916 1
43490 22044 0
27106 38428 0
51682 13852 0
39394 26140 0
23010 42524 0
14818 50716 0
45538 19996 0
29154 36380 0
53730 11804 0
57826 7708 0
42466 23068 0
26082 39452 0
50658 14876 0
38370 27164 0
21986 43548 0
13794 51740 0
36322 29212 0
19938 45596 0
11746 53788 0
7650 57884 0
50146 15388 0
37858 27676 0
21474 44060 0
35810 29724 0
19426 46108 0
7138 58396 0
34786 30748 0
18402 47132 0
6114 59420 0
52066 13468 0
39778 25756 0
23394 42140 0
54114 11420 0
51042 14492 0
38754 26780 0
44386 21148 0
28002 37532 0
52578 12956 0
40290 25244 0
23906 41628 0
15714 49820 0
46434 19100 0
54626 10908 0
58722 6812 0
47458 18076 0
31074 34460 0
55650 9884 0
59746 5788 0
52834 12700 1
40546 24988 0
24162 41372 0
54882 10652 0
55906 9628 0
48226 17308 0
31842 33692 0
56418 9116 0
60514 5020 1
52130 13404 0
23458 42076 0
54178 11356 0
51106 14428 0
38818 26716 0
22434 43100 0
40354 25180 0
23970 41564 0
15778 49756 0
46498 19036 0
30114 35420 0
54690 10844 0
31138 34396 0
55714 9820 0
52898 12636 1
40610 24924 0
24226 41308 0
54946 10588 0
55970 9564 0
48290 17244 0
31906 33628 0
56482 9052 0
55074 10460 0
56098 9436 0
48418 17116 0
32034 33500 0
56610 8924 0
56866 8668 0
43970 21564 0
27586 37948 1
52162 13372 0
39874 25660 0
23490 42044 1
15298 50236 1
46018 19516 0
29634 35900 1
54210 11324 0
58306 7228 0
42946 22588 0
26562 38972 0
51138 14396 0
38850 26684 0
22466 43068 0
14274 51260 0
44482 21052 0
28098 37436 0
52674 12860 0
40386 25148 0
24002 41532 0
15810 49724 0
46530 19004 0
30146 35388 0
54722 10812 0
58818 6716 0
47554 17980 0
31170 34364 1
55746 9788 0
59842 5692 0
44738 20796 1
28354 37180 1
52930 12604 1
40642 24892 0
24258 41276 0
16066 49468 0
46786 18748 0
30402 35132 0
54978 10556 0
59074 6460 1
47810 17724 0
31426 34108 1
56002 9532 0
60098 5436 1
48322 17212 0
31938 33596 0
56514 9020 0
60610 4924 1
46914 18620 0
55106 10428 0
59202 6332 0
47938 17596 0
31554 33980 1
56130 9404 0
60226 5308 0
48450 17084 0
32066 33468 0
56642 8892 0
60738 4796 0
48706 16828 0
32322 33212 0
56898 8636 0
60994 4540 1
46978 18556 0
30594 34940 0
55170 10364 0
59266 6268 0
31618 33916 1
56194 9340 0
60290 5244 0
48514 17020 0
32130 33404 0
56706 8828 0
48770 16764 0
32386 33148 0
56962 8572 0
61058 4476 1
51878 13656 1
39590 25944 0
23206 42328 0
53926 11608 0
50854 14680 1
38566 26968 0
22182 43352 0
36518 29016 1
20134 45400 1
7846 57688 0
40102 25432 0
23718 41816 0
15526 50008 0
46246 19288 0
29862 35672 0
54438 11096 0
47270 18264 0
30886 34648 0
55462 10072 0
39334 26200 0
22950 42584 0
14758 50776 0
45478 20056 0
29094 36440 0
53670 11864 0
38310 27224 0
21926 43608 0
13734 51800 0
7590 57944 0
50086 15448 0
37798 27736 0
21414 44120 0
35750 29784 0
19366 46168 0
7078 58456 0
34726 30808 0
18342 47192 0
6054 59480 0
52006 13528 0
39718 25816 0
23334 42200 0
54054 11480 0
50982 14552 0
38694 26840 0
40230 25304 0
23846 41688 0
15654 49880 0
46374 19160 0
54566 10968 0
47398 18136 0
31014 34520 0
55590 9944 0
52774 12760 1
40486 25048 0
24102 41432 0
54822 10712 0
55846 9688 0
48166 17368 0
31782 33752 0
56358 9176 0
51814 13720 1
39526 26008 0
23142 42392 0
53862 11672 0
38502 27032 0
36454 29080 1
7782 57752 0
44134 21400 1
40038 25496 0
15462 50072 0
46182 19352 0
47206 18328 0
30822 34712 0
55398 10136 0
59494 6040 1
43366 22168 0
26982 38552 0
51558 13976 0
39270 26264 0
22886 42648 0
14694 50840 0
45414 20120 0
53606 11928 0
57702 7832 0
42342 23192 0
38246 27288 0
36198 29336 0
11622 53912 0
7526 58008 0
50022 15512 0
37734 27800 0
35686 29848 0
19302 46232 0
7014 58520 0
34662 30872 0
43238 22296 1
26854 38680 1
51430 14104 1
39142 26392 0
22758 42776 0
14566 50968 0
42214 23320 1
38118 27416 0
13542 51992 0
36070 29464 1
11494 54040 1
7398 58136 0
49894 15640 1
37606 27928 0
21222 44312 0
35558 29976 1
19174 46360 1
6886 58648 0
34534 31000 1
5862 59672 0
41446 24088 0
25062 40472 0
49638 15896 0
37350 28184 0
20966 44568 0
12774 52760 0
35302 30232 0
18918 46616 0
10726 54808 0
6630 58904 0
34278 31256 0
9702 55832 0
5606 59928 0
33766 31768 0
17382 48152 0
5094 60440 0
43718 21816 1
27334 38200 1
51910 13624 1
39622 25912 0
23238 42296 1
15046 50488 1
45766 19768 0
29382 36152 1
53958 11576 0
58054 7480 1
42694 22840 1
38598 26936 0
14022 51512 0
36550 28984 1
11974 53560 1
7878 57656 0
44230 21304 1
40134 25400 0
15558 49976 0
46278 19256 0
47302 18232 0
30918 34616 1
55494 10040 0
59590 5944 1
43462 22072 0
27078 38456 1
51654 13880 0
39366 26168 0
22982 42552 1
14790 50744 1
45510 20024 0
29126 36408 1
53702 11832 0
57798 7736 0
42438 23096 0
38342 27192 0
13766 51768 0
36294 29240 0
11718 53816 0
7622 57912 0
41926 23608 0
25542 39992 1
50118 15416 0
37830 27704 0
21446 44088 1
13254 52280 1
35782 29752 0
19398 46136 1
11206 54328 1
7110 58424 1
34758 30776 0
10182 55352 0
6086 59448 0
43846 21688 0
27462 38072 1
52038 13496 0
39750 25784 0
23366 42168 1
15174 50360 1
45894 19640 0
54086 11448 0
58182 7352 0
42822 22712 0
38726 26808 0
44358 21176 0
40262 25272 0
15686 49848 0
46406 19128 0
47430 18104 0
31046 34488 1
55622 9912 0
59718 5816 0
44614 20920 1
40518 25016 0
15942 49592 0
46662 18872 0
47686 17848 0
31302 34232 1
55878 9656 0
59974 5560 1
48198 17336 0
43910 21624 0
27526 38008 1
52102 13432 0
39814 25720 0
23430 42104 1
15238 50296 1
45958 19576 0
29574 35960 1
54150 11384 0
58246 7288 0
42886 22648 0
26502 39032 0
51078 14456 0
38790 26744 0
22406 43128 0
14214 51320 0
40326 25208 0
23942 41592 0
15750 49784 0
46470 19064 0
30086 35448 0
54662 10872 0
47494 18040 0
31110 34424 1
55686 9848 0
44678 20856 1
28294 37240 1
52870 12664 1
40582 24952 0
24198 41336 0
16006 49528 0
46726 18808 0
30342 35192 0
54918 10616 0
59014 6520 1
47750 17784 0
31366 34168 1
55942 9592 0
60038 5496 1
48262 17272 0
31878 33656 0
56454 9080 0
43670 21864 0
27286 38248 1
51862 13672 0
39574 25960 0
23190 42344 1
14998 50536 1
45718 19816 0
29334 36200 1
53910 11624 0
58006 7528 0
42646 22888 0
26262 39272 0
50838 14696 0
38550 26984 0
22166 43368 0
13974 51560 0
36502 29032 0
20118 45416 0
11926 53608 0
7830 57704 0
40086 25448 0
23702 41832 0
15510 50024 0
46230 19304 0
29846 35688 0
54422 11112 0
47254 18280 0
30870 34664 1
55446 10088 0
39318 26216 0
22934 42600 1
14742 50792 1
45462 20072 0
29078 36456 1
53654 11880 0
38294 27240 0
21910 43624 0
13718 51816 0
7574 57960 0
41878 23656 0
25494 40040 1
50070 15464 0
37782 27752 0
21398 44136 1
13206 52328 1
35734 29800 0
19350 46184 1
11158 54376 1
7062 58472 1
34710 30824 0
18326 47208 0
10134 55400 0
6038 59496 0
43798 21736 0
27414 38120 1
51990 13544 0
39702 25832 0
23318 42216 1
15126 50408 1
45846 19688 0
54038 11496 0
58134 7400 0
42774 22760 0
50966 14568 0
38678 26856 0
40214 25320 0
23830 41704 0
15638 49896 0
46358 19176 0
54550 10984 0
47382 18152 0
30998 34536 1
55574 9960 0
44566 20968 0
28182 37352 0
52758 12776 0
40470 25064 0
24086 41448 0
15894 49640 0
46614 18920 0
54806 10728 0
58902 6632 0
47638 17896 0
31254 34280 1
55830 9704 0
59926 5608 0
48150 17384 0
31766 33768 0
56342 9192 0
43606 21928 0
27222 38312 1
51798 13736 0
39510 26024 0
23126 42408 1
14934 50600 1
45654 19880 0
53846 11688 0
57942 7592 0
42582 22952 0
38486 27048 0
36438 29096 0
11862 53672 0
7766 57768 0
44118 21416 0
40022 25512 0
15446 50088 0
46166 19368 0
47190 18344 0
30806 34728 1
55382 10152 0
59478 6056 0
43350 22184 0
26966 38568 1
51542 13992 0
39254 26280 0
22870 42664 1
14678 50856 1
45398 20136 0
53590 11944 0
57686 7848 0
42326 23208 0
38230 27304 0
36182 29352 0
11606 53928 0
7510 58024 0
41814 23720 0
50006 15528 0
37718 27816 0
35670 29864 0
19286 46248 1
11094 54440 1
6998 58536 1
34646 30888 0
43222 22312 0
26838 38696 1
51414 14120 0
39126 26408 0
22742 42792 1
14550 50984 1
42198 23336 0
38102 27432 0
13526 52008 0
36054 29480 0
11478 54056 0
7382 58152 0
41686 23848 0
25302 40232 1
49878 15656 0
37590 27944 0
21206 44328 1
13014 52520 1
35542 29992 0
19158 46376 1
10966 54568 1
6870 58664 1
34518 31016 0
9942 55592 0
5846 59688 0
41430 24104 0
25046 40488 1
49622 15912 0
37334 28200 0
20950 44584 1
12758 52776 1
35286 30248 0
18902 46632 1
10710 54824 1
6614 58920 1
34262 31272 0
9686 55848 0
5590 59944 0
33750 31784 0
17366 48168 1
9174 56360 1
5078 60456 1
51766 13768 0
39478 26056 0
23094 42440 0
53814 11720 0
50742 14792 0
38454 27080 0
36406 29128 0
20022 45512 0
7734 57800 0
39990 25544 0
23606 41928 0
15414 50120 0
46134 19400 0
54326 11208 0
47158 18376 0
30774 34760 0
55350 10184 0
39222 26312 0
22838 42696 0
14646 50888 0
45366 20168 0
53558 11976 0
38198 27336 0
7478 58056 0
49974 15560 0
37686 27848 0
35638 29896 0
19254 46280 0
6966 58568 0
34614 30920 0
39094 26440 0
22710 42824 0
14518 51016 0
38070 27464 0
21686 43848 0
13494 52040 0
7350 58184 0
49846 15688 0
37558 27976 0
21174 44360 0
35510 30024 0
19126 46408 0
6838 58696 0
34486 31048 0
18102 47432 0
5814 59720 0
37302 28232 0
20918 44616 0
12726 52808 0
6582 58952 0
5558 59976 0
33718 31816 0
17334 48200 0
5046 60488 0
43126 22408 0
26742 38792 0
51318 14216 0
39030 26504 0
22646 42888 0
14454 51080 0
42102 23432 0
38006 27528 0
35958 29576 0
11382 54152 0
7286 58248 0
49782 15752 0
37494 28040 0
35446 30088 0
19062 46472 0
6774 58760 0
34422 31112 0
41334 24200 0
49526 16008 0
37238 28296 0
35190 30344 0
18806 46728 0
10614 54920 0
6518 59016 0
34166 31368 0
33654 31880 0
27278 38256 1
23182 42352 1
14990 50544 1
45710 19824 0
29326 36208 1
53902 11632 0
57998 7536 1
42638 22896 1
26254 39280 1
50830 14704 1
38542 26992 0
22158 43376 0
13966 51568 0
20110 45424 1
11918 53616 1
7822 57712 0
27790 37744 1
23694 41840 0
15502 50032 0
46222 19312 0
29838 35696 0
54414 11120 0
58510 7024 1
30862 34672 1
27022 38512 1
22926 42608 1
14734 50800 1
45454 20080 0
29070 36464 1
53646 11888 0
57742 7792 0
42382 23152 0
25998 39536 0
50574 14960 0
38286 27248 0
21902 43632 0
13710 51824 0
19854 45680 0
11662 53872 0
7566 57968 0
41870 23664 0
25486 40048 1
50062 15472 0
37774 27760 0
21390 44144 1
13198 52336 1
19342 46192 1
11150 54384 1
7054 58480 1
34702 30832 0
18318 47216 0
10126 55408 0
6030 59504 0
43598 21936 1
27214 38320 1
51790 13744 1
57934 7600 1
42574 22960 1
36430 29104 1
11854 53680 1
44110 21424 1
40014 25520 0
15438 50096 0
46158 19376 0
47182 18352 0
30798 34736 1
55374 10160 0
59470 6064 1
43342 22192 0
26958 38576 1
51534 14000 0
39246 26288 0
22862 42672 1
14670 50864 1
45390 20144 0
29006 36528 1
53582 11952 0
57678 7856 0
42318 23216 0
38222 27312 0
13646 51888 0
36174 29360 0
11598 53936 0
7502 58032 0
41806 23728 0
25422 40112 1
49998 15536 0
35662 29872 0
19278 46256 1
11086 54448 1
34638 30896 0
10062 55472 0
26830 38704 1
22734 42800 1
14542 50992 1
42190 23344 1
38094 27440 0
13518 52016 0
11470 54064 1
7374 58160 0
41678 23856 1
25294 40240 1
49870 15664 1
19150 46384 1
10958 54576 1
34510 31024 1
9934 55600 1
41422 24112 0
25038 40496 1
49614 15920 0
37326 28208 0
20942 44592 1
12750 52784 1
18894 46640 1
10702 54832 1
6606 58928 1
34254 31280 0
9678 55856 0
5582 59952 0
33742 31792 0
17358 48176 1
9166 56368 1
51758 13776 1
39470 26064 0
23086 42448 0
53806 11728 0
50734 14800 1
38446 27088 0
22062 43472 0
36398 29136 1
20014 45520 1
7726 57808 0
44078 21456 1
27694 37840 1
52270 13264 1
39982 25552 0
23598 41936 0
15406 50128 0
46126 19408 0
29742 35792 0
54318 11216 0
58414 7120 1
47150 18384 0
30766 34768 0
55342 10192 0
59438 6096 1
43310 22224 0
26926 38608 0
51502 14032 0
39214 26320 0
22830 42704 0
14638 50896 0
45358 20176 0
28974 36560 0
53550 11984 0
57646 7888 0
42286 23248 0
25902 39632 0
50478 15056 0
38190 27344 0
21806 43728 0
13614 51920 0
36142 29392 0
19758 45776 0
11566 53968 0
7470 58064 0
49966 15568 0
37678 27856 0
21294 44240 0
35630 29904 0
19246 46288 0
6958 58576 0
34606 30928 0
18222 47312 0
5934 59600 0
26798 38736 1
22702 42832 0
14510 51024 0
42158 23376 1
25774 39760 1
50350 15184 1
38062 27472 0
21678 43856 0
13486 52048 0
19630 45904 1
11438 54096 1
7342 58192 0
49838 15696 1
37550 27984 0
21166 44368 0
19118 46416 1
6830 58704 0
34478 31056 1
18094 47440 1
5806 59728 0
41390 24144 0
25006 40528 0
49582 15952 0
37294 28240 0
20910 44624 0
12718 52816 0
18862 46672 0
10670 54864 0
6574 58960 0
34222 31312 0
17838 47696 0
9646 55888 0
5550 59984 0
33710 31824 0
17326 48208 0
5038 60496 0
43118 22416 1
26734 38800 1
51310 14224 1
39022 26512 0
22638 42896 0
14446 51088 0
42094 23440 1
37998 27536 0
13422 52112 0
35950 29584 1
11374 54160 1
7278 58256 0
49774 15760 1
35438 30096 1
19054 46480 1
34414 31120 1
41326 24208 0
24942 40592 0
49518 16016 0
37230 28304 0
20846 44688 0
12654 52880 0
35182 30352 0
18798 46736 0
10606 54928 0
6510 59024 0
34158 31376 0
9582 55952 0
5486 60048 0
33646 31888 0
17262 48272 0
18670 46864 1
10478 55056 1
6382 59152 0
34030 31504 1
9454 56080 1
5358 60176 0
33518 32016 1
17134 48400 1
33262 32272 0
16878 48656 0
8686 56848 0
4590 60944 0
43550 21984 0
27166 38368 1
51742 13792 0
39454 26080 0
23070 42464 1
14878 50656 1
45598 19936 0
29214 36320 1
53790 11744 0
57886 7648 0
42526 23008 0
26142 39392 0
50718 14816 0
38430 27104 0
22046 43488 0
13854 51680 0
36382 29152 0
19998 45536 0
11806 53728 0
7710 57824 0
44062 21472 0
27678 37856 0
52254 13280 0
39966 25568 0
23582 41952 0
15390 50144 0
46110 19424 0
29726 35808 0
54302 11232 0
58398 7136 0
47134 18400 0
30750 34784 1
55326 10208 0
59422 6112 0
43294 22240 0
26910 38624 1
51486 14048 0
39198 26336 0
22814 42720 1
14622 50912 1
45342 20192 0
28958 36576 1
53534 12000 0
57630 7904 0
42270 23264 0
25886 39648 0
50462 15072 0
38174 27360 0
21790 43744 0
13598 51936 0
36126 29408 0
19742 45792 0
11550 53984 0
7454 58080 0
41758 23776 0
25374 40160 1
49950 15584 0
37662 27872 0
21278 44256 1
13086 52448 1
35614 29920 0
19230 46304 1
11038 54496 1
6942 58592 1
34590 30944 0
18206 47328 0
10014 55520 0
5918 59616 0
26782 38752 1
22686 42848 1
14494 51040 1
42142 23392 0
25758 39776 0
50334 15200 0
38046 27488 0
21662 43872 0
13470 52064 0
19614 45920 0
11422 54112 0
7326 58208 0
41630 23904 0
25246 40288 1
49822 15712 0
37534 28000 0
21150 44384 1
12958 52576 1
19102 46432 1
10910 54624 1
6814 58720 1
34462 31072 0
18078 47456 0
9886 55648 0
5790 59744 0
41374 24160 0
24990 40544 1
49566 15968 0
37278 28256 0
20894 44640 1
12702 52832 1
18846 46688 1
10654 54880 1
6558 58976 1
34206 31328 0
17822 47712 0
9630 55904 0
5534 60000 0
33694 31840 0
17310 48224 1
9118 56416 1
5022 60512 1
43102 22432 0
26718 38816 1
51294 14240 0
39006 26528 0
22622 42912 1
14430 51104 1
42078 23456 0
37982 27552 0
13406 52128 0
35934 29600 0
11358 54176 0
7262 58272 0
41566 23968 0
25182 40352 1
49758 15776 0
35422 30112 0
19038 46496 1
10846 54688 1
34398 31136 0
9822 55712 0
41310 24224 0
24926 40608 1
49502 16032 0
37214 28320 0
20830 44704 1
12638 52896 1
35166 30368 0
18782 46752 1
10590 54944 1
6494 59040 1
34142 31392 0
9566 55968 0
5470 60064 0
33630 31904 0
17246 48288 1
9054 56480 1
18654 46880 1
10462 55072 1
6366 59168 1
34014 31520 0
9438 56096 0
5342 60192 0
33502 32032 0
17118 48416 1
8926 56608 1
33246 32288 0
16862 48672 1
8670 56864 1
4574 60960 1
43070 22464 0
26686 38848 0
51262 14272 0
38974 26560 0
22590 42944 0
14398 51136 0
42046 23488 0
25662 39872 0
50238 15296 0
37950 27584 0
21566 43968 0
13374 52160 0
35902 29632 0
19518 46016 0
11326 54208 0
7230 58304 0
49726 15808 0
37438 28096 0
21054 44480 0
35390 30144 0
19006 46528 0
6718 58816 0
34366 31168 0
17982 47552 0
5694 59840 0
41278 24256 0
24894 40640 0
49470 16064 0
37182 28352 0
20798 44736 0
12606 52928 0
35134 30400 0
18750 46784 0
10558 54976 0
6462 59072 0
34110 31424 0
17726 47808 0
9534 56000 0
5438 60096 0
33598 31936 0
17214 48320 0
4926 60608 0
18622 46912 0
10430 55104 0
6334 59200 0
33982 31552 0
17598 47936 0
9406 56128 0
5310 60224 0
33470 32064 0
17086 48448 0
4798 60736 0
33214 32320 0
16830 48704 0
8638 56896 0
4542 60992 0
34942 30592 0
18558 46976 0
10366 55168 0
6270 59264 0
33918 31616 0
9342 56192 0
5246 60288 0
33406 32128 0
17022 48512 0
33150 32384 0
16766 48768 0
8574 56960 0
4478 61056 0
13660 19107 0
38236 19107 1
13660 35491 0
42332 6819 0
42332 19107 0
11612 21155 0
36188 21155 1
11612 37539 0
42332 21155 0
7516 49827 1
11612 49827 0
13660 49827 0
14684 18083 1
39260 18083 1
26972 5795 1
43356 5795 0
43356 18083 0
51548 5795 1
43356 21155 0
26972 37539 1
14684 49827 1
29020 3747 1
45404 3747 0
45404 18083 0
53596 3747 1
45404 19107 0
29020 35491 1
57692 3747 0
57692 5795 0
57692 6819 0
25436 7331 1
41820 7331 0
41820 19619 0
50012 7331 0
50012 11427 0
19292 13475 1
35676 13475 0
11100 21667 1
35676 21667 0
41820 21667 0
50012 13475 0
35676 25763 0
43356 21667 0
51548 13475 1
39260 25763 1
45404 19619 0
53596 11427 1
57692 7331 0
34652 14499 0
10076 22691 0
34652 22691 0
10076 39075 0
41820 22691 0
25436 39075 1
50012 14499 0
34652 26787 0
10076 51363 0
42332 22691 0
38236 26787 1
13660 51363 0
34652 28835 0
35676 28835 0
19292 45219 1
10076 53411 0
11100 53411 1
36188 28835 1
11612 53411 0
7516 57507 1
42588 6563 0
42588 18851 0
36444 12707 0
11868 20899 0
36444 20899 0
11868 37283 0
42588 20899 0
36444 24995 0
11868 49571 0
27228 5539 1
43612 5539 0
43612 17827 0
51804 5539 0
51804 9635 0
43612 20899 0
27228 37283 1
51804 12707 0
57948 3491 0
57948 5539 0
57948 6563 0
43612 21667 0
51804 13475 0
57948 7331 0
42588 22691 0
36444 28835 0
11868 53411 0
15452 17315 0
40028 17315 1
15452 33699 0
44124 5027 0
44124 17315 0
44124 20899 0
40028 24995 1
15452 49571 0
46172 2979 0
46172 17315 0
46172 18851 0
44124 21155 0
15452 49827 0
46172 19107 0
30812 1955 1
47196 1955 0
47196 17315 0
30812 33699 1
55388 1955 1
47196 17827 0
55388 9635 1
59484 1955 0
59484 5027 0
59484 5539 0
47196 18083 0
59484 5795 0
13532 19235 0
38108 19235 1
13532 35619 0
42204 6947 0
42204 19235 0
11484 21283 0
11484 37667 0
42204 21283 0
7388 49955 1
11484 49955 0
13532 49955 0
14556 18211 1
26844 5923 1
26844 37667 1
14556 49955 1
45276 18211 1
45276 19235 1
28892 35619 1
57564 5923 1
57564 6947 1
25308 7459 1
41692 7459 0
41692 19747 0
49884 7459 0
49884 11555 0
19164 13603 1
10972 21795 1
41692 21795 0
49884 13603 0
45276 19747 1
53468 11555 1
57564 7459 1
34524 14627 0
9948 22819 0
34524 22819 0
9948 39203 0
41692 22819 0
25308 39203 1
49884 14627 0
34524 26915 0
9948 51491 0
42204 22819 0
38108 26915 1
13532 51491 0
3804 28963 1
34524 28963 0
3804 45347 1
19164 45347 1
3804 53539 1
9948 53539 0
10972 53539 1
11484 53539 0
3804 57635 1
7388 57635 1
43612 21795 0
51804 13603 0
57948 7459 0
42588 22819 0
36444 28963 0
11868 53539 0
44124 21283 0
15452 49955 0
46172 19235 0
47196 18211 0
59484 5923 0
12764 20003 1
37340 20003 1
25052 7715 1
41436 7715 0
41436 20003 0
49628 7715 1
10716 22051 1
41436 22051 0
45276 20003 1
57564 7715 1
9692 23075 0
34268 23075 1
9692 39459 0
41436 23075 0
25052 39459 1
5596 51747 1
9692 51747 0
12764 51747 1
42204 23075 0
13532 51747 0
3548 53795 1
9692 53795 0
10716 53795 1
11484 53795 0
43356 22051 0
45404 20003 0
57692 7715 0
42332 23075 0
13660 51747 0
11612 53795 0
17372 15395 1
33756 15395 0
9180 23587 1
33756 23587 0
41436 23587 0
49628 15395 1
33756 27683 0
37340 27683 1
41692 23587 0
49884 15395 0
3036 29731 1
33756 29731 0
41820 23587 0
50012 15395 0
35676 29731 0
2012 30755 1
33756 30755 0
2012 47139 1
17372 47139 1
34268 30755 1
2012 55331 1
9180 55331 1
9692 55331 0
34524 30755 0
9948 55331 0
2012 59427 1
5596 59427 1
34652 30755 0
10076 55331 0
13724 19043 0
38300 19043 1
13724 35427 0
21916 35427 1
26012 6755 0
42396 6755 0
42396 19043 0
26012 35427 0
50588 6755 1
11676 21091 0
11676 37475 0
19868 37475 1
42396 21091 0
26012 37475 0
7580 49763 1
11676 49763 0
13724 49763 0
14748 18019 1
27036 5731 1
27036 37475 1
14748 49763 1
29084 3683 1
45468 3683 0
45468 18019 0
53660 3683 1
45468 19043 0
29084 35427 1
57756 3683 0
57756 5731 0
57756 6755 0
21404 11363 1
37788 11363 0
13212 19555 1
37788 19555 0
25500 7267 1
41884 7267 0
41884 19555 0
50076 7267 0
50076 11363 0
19356 13411 1
11164 21603 1
41884 21603 0
50076 13411 0
7068 25699 1
37788 25699 0
45468 19555 0
53660 11363 1
57756 7267 0
18332 14435 0
34716 14435 0
10140 22627 0
34716 22627 0
10140 39011 0
18332 39011 0
41884 22627 0
25500 39011 1
50076 14435 0
6044 26723 0
34716 26723 0
6044 43107 0
18332 43107 0
37788 26723 0
21404 43107 1
6044 51299 0
10140 51299 0
13212 51299 1
42396 22627 0
26012 39011 0
50588 14435 1
38300 26723 1
21916 43107 1
13724 51299 0
34716 28771 0
18332 45155 0
19356 45155 1
10140 53347 0
11164 53347 1
19868 45155 1
11676 53347 0
6044 57443 0
7068 57443 1
7580 57443 1
22172 10595 0
38556 10595 0
13980 18787 0
38556 18787 0
13980 35171 0
22172 35171 0
26268 6499 0
42652 6499 0
42652 18787 0
26268 35171 0
50844 6499 0
50844 10595 0
20124 12643 0
11932 20835 0
11932 37219 0
20124 37219 0
42652 20835 0
26268 37219 0
50844 12643 0
7836 24931 0
7836 41315 0
20124 41315 0
38556 24931 0
22172 41315 0
7836 49507 0
11932 49507 0
13980 49507 0
23196 9571 1
15004 17763 1
27292 5475 1
27292 37219 1
23196 41315 1
15004 49507 1
29340 3427 1
45724 3427 0
45724 17763 0
53916 3427 0
53916 9571 0
45724 18787 0
29340 35171 1
53916 10595 0
58012 3427 0
58012 5475 0
58012 6499 0
45724 19555 0
53916 11363 0
58012 7267 0
42652 22627 0
26268 39011 0
50844 14435 0
38556 26723 0
22172 43107 0
13980 51299 0
20124 45155 0
11932 53347 0
7836 57443 0
15516 17251 0
15516 33635 0
23708 33635 1
27804 4963 0
27804 33635 0
27804 37219 0
23708 41315 1
15516 49507 0
29852 2915 0
46236 2915 0
46236 17251 0
29852 33635 0
54428 2915 1
46236 18787 0
29852 35171 0
54428 10595 1
58524 2915 0
58524 4963 0
58524 6499 0
27804 37475 0
15516 49763 0
46236 19043 0
29852 35427 0
58524 6755 0
30876 1891 1
30876 33635 1
45724 19747 0
53916 11555 0
58012 7459 0
42652 22819 0
26268 39203 0
50844 14627 0
38556 26915 0
22172 43299 0
13980 51491 0
20124 45347 0
11932 53539 0
7836 57635 0
27804 37667 0
15516 49955 0
46236 19235 0
29852 35619 0
58524 6947 0
45468 20003 0
57756 7715 0
42396 23075 0
26012 39459 0
13724 51747 0
11676 53795 0
41884 23587 0
50076 15395 0
37788 27683 0
34716 30755 0
18332 47139 0
10140 55331 0
6044 59427 0
22300 10467 0
38684 10467 0
14108 18659 0
38684 18659 0
14108 35043 0
22300 35043 0
26396 6371 0
42780 6371 0
42780 18659 0
26396 35043 0
50972 6371 0
50972 10467 0
42780 20707 0
26396 37091 0
50972 12515 0
38684 24803 0
22300 41187 0
14108 49379 0
23324 9443 1
39708 9443 0
15132 17635 1
39708 17635 0
27420 5347 1
43804 5347 0
43804 17635 0
51996 5347 0
51996 9443 0
43804 20707 0
27420 37091 1
51996 12515 0
39708 24803 0
23324 41187 1
15132 49379 1
29468 3299 1
45852 3299 0
45852 17635 0
54044 3299 0
54044 9443 0
45852 18659 0
29468 35043 1
54044 10467 0
58140 3299 0
58140 5347 0
58140 6371 0
43804 21603 0
51996 13411 0
39708 25699 0
45852 19555 0
54044 11363 0
58140 7267 0
42780 22627 0
26396 39011 0
50972 14435 0
38684 26723 0
22300 43107 0
14108 51299 0
15644 17123 0
40220 17123 1
15644 33507 0
23836 33507 1
27932 4835 0
44316 4835 0
44316 17123 0
27932 33507 0
52508 4835 1
44316 20707 0
27932 37091 0
52508 12515 1
40220 24803 1
23836 41187 1
15644 49379 0
29980 2787 0
46364 2787 0
46364 17123 0
29980 33507 0
54556 2787 1
46364 18659 0
29980 35043 0
54556 10467 1
58652 2787 0
58652 4835 0
58652 6371 0
44316 21091 0
27932 37475 0
15644 49763 0
46364 19043 0
29980 35427 0
58652 6755 0
31004 1763 1
47388 1763 0
47388 17123 0
31004 33507 1
55580 1763 1
47388 17635 0
55580 9443 1
59676 1763 0
59676 4835 0
59676 5347 0
47388 18019 0
59676 5731 0
43804 21667 0
51996 13475 0
39708 25763 0
45852 19619 0
54044 11427 0
58140 7331 0
42780 22691 0
26396 39075 0
50972 14499 0
38684 26787 0
22300 43171 0
14108 51363 0
44316 21155 0
27932 37539 0
15644 49827 0
46364 19107 0
29980 35491 0
58652 6819 0
47388 18083 0
59676 5795 0
24092 8675 0
40476 8675 0
15900 16867 0
40476 16867 0
15900 33251 0
24092 33251 0
28188 4579 0
44572 4579 0
44572 16867 0
28188 33251 0
52764 4579 0
52764 8675 0
44572 20707 0
28188 37091 0
52764 12515 0
40476 24803 0
24092 41187 0
15900 49379 0
30236 2531 0
46620 2531 0
46620 16867 0
30236 33251 0
54812 2531 0
54812 8675 0
46620 18659 0
30236 35043 0
54812 10467 0
58908 2531 0
58908 4579 0
58908 6371 0
44572 20835 0
28188 37219 0
52764 12643 0
40476 24931 0
24092 41315 0
15900 49507 0
46620 18787 0
30236 35171 0
54812 10595 0
58908 6499 0
31260 1507 1
47644 1507 0
47644 16867 0
31260 33251 1
55836 1507 0
55836 8675 0
47644 17635 0
55836 9443 0
59932 1507 0
59932 4579 0
59932 5347 0
47644 17763 0
55836 9571 0
59932 5475 0
44572 20899 0
28188 37283 0
52764 12707 0
40476 24995 0
24092 41379 0
15900 49571 0
46620 18851 0
30236 35235 0
54812 10659 0
58908 6563 0
47644 17827 0
55836 9635 0
59932 5539 0
31772 995 0
48156 995 0
48156 16867 0
31772 33251 0
56348 995 1
56348 8675 1
48156 17123 0
31772 33507 0
60444 995 0
60444 4579 0
60444 4835 0
48156 17251 0
31772 33635 0
60444 4963 0
48156 17315 0
31772 33699 0
60444 5027 0
21820 10947 0
38204 10947 0
13628 19139 0
38204 19139 0
13628 35523 0
21820 35523 0
25916 6851 0
42300 6851 0
42300 19139 0
25916 35523 0
50492 6851 0
50492 10947 0
19772 12995 0
36156 12995 0
11580 21187 0
36156 21187 0
11580 37571 0
19772 37571 0
42300 21187 0
25916 37571 0
50492 12995 0
7484 25283 0
36156 25283 0
7484 41667 0
19772 41667 0
38204 25283 0
21820 41667 0
7484 49859 0
11580 49859 0
13628 49859 0
22844 9923 0
39228 9923 0
14652 18115 0
39228 18115 0
14652 34499 0
22844 34499 0
26940 5827 0
43324 5827 0
43324 18115 0
26940 34499 0
51516 5827 0
51516 9923 0
43324 21187 0
26940 37571 0
51516 12995 0
39228 25283 0
22844 41667 0
14652 49859 0
28988 3779 0
45372 3779 0
45372 18115 0
28988 34499 0
53564 3779 0
53564 9923 0
45372 19139 0
28988 35523 0
53564 10947 0
57660 3779 0
57660 5827 0
57660 6851 0
21308 11459 0
37692 11459 0
13116 19651 0
37692 19651 0
13116 36035 0
21308 36035 0
25404 7363 0
41788 7363 0
41788 19651 0
25404 36035 0
49980 7363 0
49980 11459 0
19260 13507 0
35644 13507 0
11068 21699 0
35644 21699 0
11068 38083 0
19260 38083 0
41788 21699 0
25404 38083 0
49980 13507 0
6972 25795 0
35644 25795 0
6972 42179 0
19260 42179 0
37692 25795 0
21308 42179 0
6972 50371 0
11068 50371 0
13116 50371 0
43324 21699 0
26940 38083 0
51516 13507 0
39228 25795 0
22844 42179 0
14652 50371 0
45372 19651 0
28988 36035 0
53564 11459 0
57660 7363 0
18236 14531 0
34620 14531 0
10044 22723 0
34620 22723 0
10044 39107 0
18236 39107 0
41788 22723 0
25404 39107 0
49980 14531 0
5948 26819 0
34620 26819 0
5948 43203 0
18236 43203 0
37692 26819 0
21308 43203 0
5948 51395 0
10044 51395 0
13116 51395 0
42300 22723 0
25916 39107 0
50492 14531 0
38204 26819 0
21820 43203 0
13628 51395 0
34620 28867 0
18236 45251 0
35644 28867 0
19260 45251 0
10044 53443 0
11068 53443 0
36156 28867 0
19772 45251 0
11580 53443 0
5948 57539 0
6972 57539 0
7484 57539 0
22076 10691 0
38460 10691 0
13884 18883 0
38460 18883 0
13884 35267 0
22076 35267 0
26172 6595 0
42556 6595 0
42556 18883 0
26172 35267 0
50748 6595 0
50748 10691 0
20028 12739 0
36412 12739 0
11836 20931 0
36412 20931 0
11836 37315 0
20028 37315 0
42556 20931 0
26172 37315 0
50748 12739 0
7740 25027 0
36412 25027 0
7740 41411 0
20028 41411 0
38460 25027 0
22076 41411 0
7740 49603 0
11836 49603 0
13884 49603 0
23100 9667 0
39484 9667 0
14908 17859 0
39484 17859 0
14908 34243 0
23100 34243 0
27196 5571 0
43580 5571 0
43580 17859 0
27196 34243 0
51772 5571 0
51772 9667 0
43580 20931 0
27196 37315 0
51772 12739 0
39484 25027 0
23100 41411 0
14908 49603 0
29244 3523 0
45628 3523 0
45628 17859 0
29244 34243 0
53820 3523 0
53820 9667 0
45628 18883 0
29244 35267 0
53820 10691 0
57916 3523 0
57916 5571 0
57916 6595 0
43580 21699 0
27196 38083 0
51772 13507 0
39484 25795 0
23100 42179 0
14908 50371 0
45628 19651 0
29244 36035 0
53820 11459 0
57916 7363 0
42556 22723 0
26172 39107 0
50748 14531 0
38460 26819 0
22076 43203 0
13884 51395 0
36412 28867 0
20028 45251 0
11836 53443 0
7740 57539 0
23612 9155 0
39996 9155 0
15420 17347 0
39996 17347 0
15420 33731 0
23612 33731 0
27708 5059 0
44092 5059 0
44092 17347 0
27708 33731 0
52284 5059 0
52284 9155 0
44092 20931 0
27708 37315 0
52284 12739 0
39996 25027 0
23612 41411 0
15420 49603 0
29756 3011 0
46140 3011 0
46140 17347 0
29756 33731 0
54332 3011 0
54332 9155 0
46140 18883 0
29756 35267 0
54332 10691 0
58428 3011 0
58428 5059 0
58428 6595 0
44092 21187 0
27708 37571 0
52284 12995 0
39996 25283 0
23612 41667 0
15420 49859 0
46140 19139 0
29756 35523 0
54332 10947 0
58428 6851 0
30780 1987 0
47164 1987 0
47164 17347 0
30780 33731 0
55356 1987 0
55356 9155 0
47164 17859 0
30780 34243 0
55356 9667 0
59452 1987 0
59452 5059 0
59452 5571 0
47164 18115 0
30780 34499 0
55356 9923 0
59452 5827 0
21692 11075 0
38076 11075 0
13500 19267 0
38076 19267 0
13500 35651 0
21692 35651 0
25788 6979 0
42172 6979 0
42172 19267 0
25788 35651 0
50364 6979 0
50364 11075 0
19644 13123 0
11452 21315 0
11452 37699 0
19644 37699 0
42172 21315 0
25788 37699 0
50364 13123 0
7356 25411 0
7356 41795 0
19644 41795 0
38076 25411 0
21692 41795 0
7356 49987 0
11452 49987 0
13500 49987 0
22716 10051 0
14524 18243 0
14524 34627 0
22716 34627 0
26812 5955 0
26812 34627 0
26812 37699 0
22716 41795 0
14524 49987 0
45244 18243 1
28860 34627 1
53436 10051 1
45244 19267 1
28860 35651 1
53436 11075 1
57532 5955 1
57532 6979 1
21180 11587 0
37564 11587 0
12988 19779 0
37564 19779 0
12988 36163 0
21180 36163 0
25276 7491 0
41660 7491 0
41660 19779 0
25276 36163 0
49852 7491 0
49852 11587 0
19132 13635 0
10940 21827 0
10940 38211 0
19132 38211 0
41660 21827 0
25276 38211 0
49852 13635 0
6844 25923 0
6844 42307 0
19132 42307 0
37564 25923 0
21180 42307 0
6844 50499 0
10940 50499 0
12988 50499 0
26812 38211 0
22716 42307 0
14524 50499 0
45244 19779 1
28860 36163 1
53436 11587 1
57532 7491 1
18108 14659 0
34492 14659 0
9916 22851 0
34492 22851 0
9916 39235 0
18108 39235 0
41660 22851 0
25276 39235 0
49852 14659 0
5820 26947 0
34492 26947 0
5820 43331 0
18108 43331 0
37564 26947 0
21180 43331 0
5820 51523 0
9916 51523 0
12988 51523 0
42172 22851 0
25788 39235 0
50364 14659 0
38076 26947 0
21692 43331 0
13500 51523 0
3772 28995 1
34492 28995 0
3772 45379 1
18108 45379 0
19132 45379 0
3772 53571 1
9916 53571 0
10940 53571 0
19644 45379 0
11452 53571 0
3772 57667 1
5820 57667 0
6844 57667 0
7356 57667 0
43580 21827 0
27196 38211 0
51772 13635 0
39484 25923 0
23100 42307 0
14908 50499 0
45628 19779 0
29244 36163 0
53820 11587 0
57916 7491 0
42556 22851 0
26172 39235 0
50748 14659 0
38460 26947 0
22076 43331 0
13884 51523 0
36412 28995 0
20028 45379 0
11836 53571 0
7740 57667 0
44092 21315 0
27708 37699 0
52284 13123 0
39996 25411 0
23612 41795 0
15420 49987 0
46140 19267 0
29756 35651 0
54332 11075 0
58428 6979 0
47164 18243 0
30780 34627 0
55356 10051 0
59452 5955 0
20924 11843 0
37308 11843 0
12732 20035 0
37308 20035 0
12732 36419 0
20924 36419 0
25020 7747 0
41404 7747 0
41404 20035 0
25020 36419 0
49596 7747 0
49596 11843 0
18876 13891 0
10684 22083 0
10684 38467 0
18876 38467 0
41404 22083 0
25020 38467 0
49596 13891 0
6588 26179 0
6588 42563 0
18876 42563 0
37308 26179 0
20924 42563 0
6588 50755 0
10684 50755 0
12732 50755 0
26812 38467 0
22716 42563 0
14524 50755 0
45244 20035 1
28860 36419 1
53436 11843 1
57532 7747 1
17852 14915 0
34236 14915 0
9660 23107 0
34236 23107 0
9660 39491 0
17852 39491 0
41404 23107 0
25020 39491 0
49596 14915 0
5564 27203 0
34236 27203 0
5564 43587 0
17852 43587 0
37308 27203 0
20924 43587 0
5564 51779 0
9660 51779 0
12732 51779 0
42172 23107 0
25788 39491 0
50364 14915 0
38076 27203 0
21692 43587 0
13500 51779 0
3516 29251 1
34236 29251 0
3516 45635 1
17852 45635 0
18876 45635 0
3516 53827 1
9660 53827 0
10684 53827 0
19644 45635 0
11452 53827 0
3516 57923 1
5564 57923 0
6588 57923 0
7356 57923 0
43324 22083 0
26940 38467 0
51516 13891 0
39228 26179 0
22844 42563 0
14652 50755 0
45372 20035 0
28988 36419 0
53564 11843 0
57660 7747 0
42300 23107 0
25916 39491 0
50492 14915 0
38204 27203 0
21820 43587 0
13628 51779 0
36156 29251 0
19772 45635 0
11580 53827 0
7484 57923 0
17340 15427 0
33724 15427 0
9148 23619 0
33724 23619 0
9148 40003 0
17340 40003 0
41404 23619 0
25020 40003 0
49596 15427 0
5052 27715 0
33724 27715 0
5052 44099 0
17340 44099 0
37308 27715 0
20924 44099 0
5052 52291 0
9148 52291 0
12732 52291 0
41660 23619 0
25276 40003 0
49852 15427 0
37564 27715 0
21180 44099 0
12988 52291 0
3004 29763 1
33724 29763 0
3004 46147 1
17340 46147 0
18876 46147 0
3004 54339 1
9148 54339 0
10684 54339 0
19132 46147 0
10940 54339 0
3004 58435 1
5052 58435 0
6588 58435 0
6844 58435 0
41788 23619 0
25404 40003 0
49980 15427 0
37692 27715 0
21308 44099 0
13116 52291 0
35644 29763 0
19260 46147 0
11068 54339 0
6972 58435 0
1980 30787 1
33724 30787 0
1980 47171 1
17340 47171 0
34236 30787 0
17852 47171 0
1980 55363 1
9148 55363 0
9660 55363 0
34492 30787 0
18108 47171 0
9916 55363 0
1980 59459 1
5052 59459 0
5564 59459 0
5820 59459 0
34620 30787 0
18236 47171 0
10044 55363 0
5948 59459 0
27292 38211 1
23196 42307 1
15004 50499 1
45724 19779 0
29340 36163 1
53916 11587 0
58012 7491 0
42652 22851 0
26268 39235 0
50844 14659 0
38556 26947 0
22172 43331 0
13980 51523 0
20124 45379 0
11932 53571 0
7836 57667 0
27804 37699 0
23708 41795 1
15516 49987 0
46236 19267 0
29852 35651 0
54428 11075 1
58524 6979 0
30876 34627 1
27036 38467 1
22940 42563 1
14748 50755 1
45468 20035 0
29084 36419 1
53660 11843 1
57756 7747 0
42396 23107 0
26012 39491 0
50588 14915 1
38300 27203 1
21916 43587 1
13724 51779 0
19868 45635 1
11676 53827 0
7580 57923 1
41884 23619 0
25500 40003 1
50076 15427 0
37788 27715 0
21404 44099 1
13212 52291 1
19356 46147 1
11164 54339 1
7068 58435 1
34716 30787 0
18332 47171 0
10140 55363 0
6044 59459 0
43804 21699 0
27420 38083 1
51996 13507 0
39708 25795 0
23324 42179 1
15132 50371 1
45852 19651 0
29468 36035 1
54044 11459 0
58140 7363 0
42780 22723 0
26396 39107 0
50972 14531 0
38684 26819 0
22300 43203 0
14108 51395 0
44316 21187 0
27932 37571 0
52508 12995 1
40220 25283 1
23836 41667 1
15644 49859 0
46364 19139 0
29980 35523 0
54556 10947 1
58652 6851 0
47388 18115 0
31004 34499 1
55580 9923 1
59676 5827 0
44572 20931 0
28188 37315 0
52764 12739 0
40476 25027 0
24092 41411 0
15900 49603 0
46620 18883 0
30236 35267 0
54812 10691 0
58908 6595 0
47644 17859 0
31260 34243 1
55836 9667 0
59932 5571 0
48156 17347 0
31772 33731 0
56348 9155 1
60444 5059 0
38012 11139 0
13436 19331 0
38012 19331 0
13436 35715 0
42108 7043 0
42108 19331 0
35964 13187 0
11388 21379 0
35964 21379 0
11388 37763 0
42108 21379 0
7292 25475 0
35964 25475 0
7292 41859 0
38012 25475 0
7292 50051 0
11388 50051 0
13436 50051 0
22652 10115 0
39036 10115 0
14460 18307 0
39036 18307 0
14460 34691 0
22652 34691 0
26748 6019 0
43132 6019 0
43132 18307 0
26748 34691 0
51324 6019 0
51324 10115 0
43132 21379 0
26748 37763 0
51324 13187 0
39036 25475 0
22652 41859 0
14460 50051 0
45180 18307 1
28796 34691 1
53372 10115 1
45180 19331 1
28796 35715 1
53372 11139 1
57468 6019 1
57468 7043 1
25212 7555 0
41596 7555 0
41596 19843 0
25212 36227 0
49788 7555 0
49788 11651 0
19068 13699 0
35452 13699 0
10876 21891 0
35452 21891 0
10876 38275 0
19068 38275 0
41596 21891 0
25212 38275 0
49788 13699 0
35452 25987 0
19068 42371 0
10876 50563 0
43132 21891 0
26748 38275 0
51324 13699 0
39036 25987 0
22652 42371 0
14460 50563 0
45180 19843 1
28796 36227 1
53372 11651 1
57468 7555 1
34428 14723 0
9852 22915 0
34428 22915 0
9852 39299 0
41596 22915 0
25212 39299 0
49788 14723 0
34428 27011 0
9852 51587 0
42108 22915 0
38012 27011 0
13436 51587 0
3708 29059 1
34428 29059 0
3708 45443 1
35452 29059 0
19068 45443 0
3708 53635 1
9852 53635 0
10876 53635 0
35964 29059 0
11388 53635 0
3708 57731 1
7292 57731 0
43580 21891 0
27196 38275 0
51772 13699 0
39484 25987 0
23100 42371 0
14908 50563 0
45628 19843 0
29244 36227 0
53820 11651 0
57916 7555 0
42556 22915 0
26172 39299 0
50748 14723 0
38460 27011 0
22076 43395 0
13884 51587 0
36412 29059 0
20028 45443 0
11836 53635 0
7740 57731 0
44092 21379 0
27708 37763 0
52284 13187 0
39996 25475 0
23612 41859 0
15420 50051 0
46140 19331 0
29756 35715 0
54332 11139 0
58428 7043 0
47164 18307 0
30780 34691 0
55356 10115 0
59452 6019 0
20860 11907 0
37244 11907 0
12668 20099 0
37244 20099 0
12668 36483 0
20860 36483 0
24956 7811 0
41340 7811 0
41340 20099 0
24956 36483 0
49532 7811 0
49532 11907 0
18812 13955 0
35196 13955 0
10620 22147 0
35196 22147 0
10620 38531 0
18812 38531 0
41340 22147 0
24956 38531 0
49532 13955 0
6524 26243 0
35196 26243 0
6524 42627 0
18812 42627 0
37244 26243 0
20860 42627 0
6524 50819 0
10620 50819 0
12668 50819 0
43132 22147 0
26748 38531 0
51324 13955 0
39036 26243 0
22652 42627 0
14460 50819 0
45180 20099 1
28796 36483 1
53372 11907 1
57468 7811 1
34172 14979 0
9596 23171 0
34172 23171 0
9596 39555 0
41340 23171 0
24956 39555 0
49532 14979 0
5500 27267 0
34172 27267 0
5500 43651 0
37244 27267 0
20860 43651 0
5500 51843 0
9596 51843 0
12668 51843 0
42108 23171 0
38012 27267 0
13436 51843 0
3452 29315 1
34172 29315 0
3452 45699 1
35196 29315 0
18812 45699 0
3452 53891 1
9596 53891 0
10620 53891 0
35964 29315 0
11388 53891 0
3452 57987 1
5500 57987 0
6524 57987 0
7292 57987 0
43324 22147 0
26940 38531 0
51516 13955 0
39228 26243 0
22844 42627 0
14652 50819 0
45372 20099 0
28988 36483 0
53564 11907 0
57660 7811 0
42300 23171 0
25916 39555 0
50492 14979 0
38204 27267 0
21820 43651 0
13628 51843 0
36156 29315 0
19772 45699 0
11580 53891 0
7484 57987 0
17276 15491 0
33660 15491 0
9084 23683 0
33660 23683 0
9084 40067 0
17276 40067 0
41340 23683 0
24956 40067 0
49532 15491 0
33660 27779 0
17276 44163 0
37244 27779 0
20860 44163 0
9084 52355 0
12668 52355 0
41596 23683 0
25212 40067 0
49788 15491 0
2940 29827 1
33660 29827 0
2940 46211 1
17276 46211 0
35196 29827 0
18812 46211 0
2940 54403 1
9084 54403 0
10620 54403 0
35452 29827 0
19068 46211 0
10876 54403 0
2940 58499 1
6524 58499 0
41788 23683 0
25404 40067 0
49980 15491 0
37692 27779 0
21308 44163 0
13116 52355 0
35644 29827 0
19260 46211 0
11068 54403 0
6972 58499 0
1916 30851 1
33660 30851 0
1916 47235 1
17276 47235 0
34172 30851 0
1916 55427 1
9084 55427 0
9596 55427 0
34428 30851 0
9852 55427 0
1916 59523 1
5500 59523 0
34620 30851 0
18236 47235 0
10044 55427 0
5948 59523 0
43612 21891 0
27228 38275 1
51804 13699 0
57948 7555 0
42588 22915 0
36444 29059 0
11868 53635 0
44124 21379 0
40028 25475 1
15452 50051 0
46172 19331 0
47196 18307 0
30812 34691 1
55388 10115 1
59484 6019 0
43356 22147 0
26972 38531 1
51548 13955 1
39260 26243 1
22876 42627 1
14684 50819 1
45404 20099 0
29020 36483 1
53596 11907 1
57692 7811 0
42332 23171 0
38236 27267 1
13660 51843 0
36188 29315 1
11612 53891 0
7516 57987 1
41820 23683 0
25436 40067 1
50012 15491 0
35676 29827 0
19292 46211 1
11100 54403 1
34652 30851 0
10076 55427 0
43132 22275 0
26748 38659 0
51324 14083 0
39036 26371 0
22652 42755 0
14460 50947 0
42108 23299 0
38012 27395 0
13436 51971 0
35964 29443 0
11388 54019 0
7292 58115 0
26812 38659 0
22716 42755 0
14524 50947 0
42172 23299 0
25788 39683 0
50364 15107 0
38076 27395 0
21692 43779 0
13500 51971 0
19644 45827 0
11452 54019 0
7356 58115 0
41596 23811 0
25212 40195 0
49788 15619 0
35452 29955 0
19068 46339 0
10876 54531 0
41660 23811 0
25276 40195 0
49852 15619 0
37564 27907 0
21180 44291 0
12988 52483 0
19132 46339 0
10940 54531 0
6844 58627 0
34428 30979 0
9852 55555 0
34492 30979 0
18108 47363 0
9916 55555 0
5820 59651 0
26844 38659 1
22748 42755 1
14556 50947 1
42204 23299 0
38108 27395 1
13532 51971 0
11484 54019 0
7388 58115 1
41692 23811 0
25308 40195 1
49884 15619 0
19164 46339 1
10972 54531 1
34524 30979 0
9948 55555 0
41340 24067 0
24956 40451 0
49532 15875 0
37244 28163 0
20860 44547 0
12668 52739 0
35196 30211 0
18812 46595 0
10620 54787 0
6524 58883 0
41404 24067 0
25020 40451 0
49596 15875 0
37308 28163 0
20924 44547 0
12732 52739 0
18876 46595 0
10684 54787 0
6588 58883 0
34172 31235 0
9596 55811 0
5500 59907 0
34236 31235 0
17852 47619 0
9660 55811 0
5564 59907 0
41436 24067 0
25052 40451 1
49628 15875 1
37340 28163 1
20956 44547 1
12764 52739 1
18908 46595 1
10716 54787 1
6620 58883 1
34268 31235 1
9692 55811 0
5596 59907 1
33660 31747 0
17276 48131 0
9084 56323 0
33724 31747 0
17340 48131 0
9148 56323 0
5052 60419 0
33756 31747 0
17372 48131 1
9180 56323 1
38252 10899 0
13676 19091 0
38252 19091 0
13676 35475 0
42348 6803 0
42348 19091 0
36204 12947 0
11628 21139 0
36204 21139 0
11628 37523 0
42348 21139 0
7532 25235 0
36204 25235 0
7532 41619 0
38252 25235 0
7532 49811 0
11628 49811 0
13676 49811 0
22892 9875 0
39276 9875 0
14700 18067 0
39276 18067 0
14700 34451 0
22892 34451 0
26988 5779 0
43372 5779 0
43372 18067 0
26988 34451 0
51564 5779 0
51564 9875 0
43372 21139 0
26988 37523 0
51564 12947 0
39276 25235 0
22892 41619 0
14700 49811 0
29036 3731 0
45420 3731 0
45420 18067 0
29036 34451 0
53612 3731 0
53612 9875 0
45420 19091 0
29036 35475 0
53612 10899 0
57708 3731 0
57708 5779 0
57708 6803 0
25452 7315 0
41836 7315 0
41836 19603 0
25452 35987 0
50028 7315 0
50028 11411 0
19308 13459 0
35692 13459 0
11116 21651 0
35692 21651 0
11116 38035 0
19308 38035 0
41836 21651 0
25452 38035 0
50028 13459 0
35692 25747 0
19308 42131 0
11116 50323 0
43372 21651 0
26988 38035 0
51564 13459 0
39276 25747 0
22892 42131 0
14700 50323 0
45420 19603 0
29036 35987 0
53612 11411 0
57708 7315 0
34668 14483 0
10092 22675 0
34668 22675 0
10092 39059 0
41836 22675 0
25452 39059 0
50028 14483 0
34668 26771 0
10092 51347 0
42348 22675 0
38252 26771 0
13676 51347 0
34668 28819 0
35692 28819 0
19308 45203 0
10092 53395 0
11116 53395 0
36204 28819 0
11628 53395 0
7532 57491 0
42604 18835 1
36460 24979 1
11884 49555 1
43628 17811 1
27244 34195 1
51820 9619 1
57964 3475 1
43628 21651 1
27244 38035 1
51820 13459 1
57964 7315 1
42604 22675 1
36460 28819 1
11884 53395 1
40044 9107 0
15468 17299 0
40044 17299 0
15468 33683 0
44140 17299 1
40044 24979 0
15468 49555 0
46188 2963 0
46188 17299 0
46188 18835 0
44140 21139 1
40044 25235 0
15468 49811 0
46188 19091 0
30828 1939 0
47212 1939 0
47212 17299 0
30828 33683 0
55404 1939 0
55404 9107 0
47212 17811 0
30828 34195 0
55404 9619 0
59500 1939 1
47212 18067 0
30828 34451 0
55404 9875 0
59500 5779 1
38124 11027 0
13548 19219 0
38124 19219 0
13548 35603 0
42220 19219 1
7404 25363 0
7404 41747 0
38124 25363 0
7404 49939 0
11500 49939 1
13548 49939 0
22764 10003 0
14572 18195 0
14572 34579 0
22764 34579 0
26860 34579 1
22764 41747 0
14572 49939 0
45292 18195 1
28908 34579 1
53484 10003 1
45292 19219 1
28908 35603 1
53484 11027 1
41708 19731 1
25324 36115 1
49900 11539 1
19180 42259 1
10988 50451 1
22764 42259 0
14572 50451 0
45292 19731 1
28908 36115 1
53484 11539 1
34540 26899 1
9964 51475 1
38124 26899 0
13548 51475 0
3820 57619 1
7404 57619 0
40044 25363 0
15468 49939 0
46188 19219 0
47212 18195 0
30828 34579 0
55404 10003 0
20972 11795 0
37356 11795 0
12780 19987 0
37356 19987 0
12780 36371 0
20972 36371 0
25068 7699 0
41452 7699 0
41452 19987 0
25068 36371 0
49644 7699 0
49644 11795 0
18924 13843 0
10732 22035 0
10732 38419 0
18924 38419 0
41452 22035 0
25068 38419 0
49644 13843 0
6636 26131 0
6636 42515 0
18924 42515 0
37356 26131 0
20972 42515 0
6636 50707 0
10732 50707 0
12780 50707 0
26860 38419 1
22764 42515 0
14572 50707 0
45292 19987 1
28908 36371 1
53484 11795 1
57580 7699 1
34284 14867 0
9708 23059 0
34284 23059 0
9708 39443 0
41452 23059 0
25068 39443 0
49644 14867 0
5612 27155 0
34284 27155 0
5612 43539 0
37356 27155 0
20972 43539 0
5612 51731 0
9708 51731 0
12780 51731 0
42220 23059 1
38124 27155 0
13548 51731 0
3564 29203 1
34284 29203 0
3564 45587 1
18924 45587 0
3564 53779 1
9708 53779 0
10732 53779 0
11500 53779 1
3564 57875 1
5612 57875 0
6636 57875 0
7404 57875 0
43372 22035 0
26988 38419 0
51564 13843 0
39276 26131 0
22892 42515 0
14700 50707 0
45420 19987 0
29036 36371 0
53612 11795 0
57708 7699 0
42348 23059 0
38252 27155 0
13676 51731 0
36204 29203 0
11628 53779 0
7532 57875 0
17388 15379 0
33772 15379 0
9196 23571 0
33772 23571 0
9196 39955 0
17388 39955 0
41452 23571 0
25068 39955 0
49644 15379 0
33772 27667 0
17388 44051 0
37356 27667 0
20972 44051 0
9196 52243 0
12780 52243 0
41708 23571 1
25324 39955 1
49900 15379 1
3052 29715 1
33772 29715 0
3052 46099 1
17388 46099 0
18924 46099 0
3052 54291 1
9196 54291 0
10732 54291 0
19180 46099 1
10988 54291 1
3052 58387 1
6636 58387 0
41836 23571 0
25452 39955 0
50028 15379 0
35692 29715 0
19308 46099 0
11116 54291 0
2028 30739 1
33772 30739 0
2028 47123 1
17388 47123 0
34284 30739 0
2028 55315 1
9196 55315 0
9708 55315 0
34540 30739 1
9964 55315 1
2028 59411 1
5612 59411 0
34668 30739 0
10092 55315 0
21932 10835 0
38316 10835 0
13740 19027 0
38316 19027 0
13740 35411 0
21932 35411 0
26028 6739 0
42412 6739 0
42412 19027 0
26028 35411 0
50604 6739 0
50604 10835 0
19884 12883 0
11692 21075 0
11692 37459 0
19884 37459 0
42412 21075 0
26028 37459 0
50604 12883 0
7596 25171 0
7596 41555 0
19884 41555 0
38316 25171 0
21932 41555 0
7596 49747 0
11692 49747 0
13740 49747 0
22956 9811 0
14764 18003 0
14764 34387 0
22956 34387 0
27052 5715 0
27052 34387 0
27052 37459 0
22956 41555 0
14764 49747 0
29100 3667 0
45484 3667 0
45484 18003 0
29100 34387 0
53676 3667 0
53676 9811 0
45484 19027 0
29100 35411 0
53676 10835 0
57772 3667 0
57772 5715 0
57772 6739 0
21420 11347 0
37804 11347 0
13228 19539 0
37804 19539 0
13228 35923 0
21420 35923 0
25516 7251 0
41900 7251 0
41900 19539 0
25516 35923 0
50092 7251 0
50092 11347 0
19372 13395 0
11180 21587 0
11180 37971 0
19372 37971 0
41900 21587 0
25516 37971 0
50092 13395 0
7084 25683 0
7084 42067 0
19372 42067 0
37804 25683 0
21420 42067 0
7084 50259 0
11180 50259 0
13228 50259 0
27052 37971 0
22956 42067 0
14764 50259 0
45484 19539 0
29100 35923 0
53676 11347 0
57772 7251 0
18348 14419 0
34732 14419 0
10156 22611 0
34732 22611 0
10156 38995 0
18348 38995 0
41900 22611 0
25516 38995 0
50092 14419 0
6060 26707 0
34732 26707 0
6060 43091 0
18348 43091 0
37804 26707 0
21420 43091 0
6060 51283 0
10156 51283 0
13228 51283 0
42412 22611 0
26028 38995 0
50604 14419 0
38316 26707 0
21932 43091 0
13740 51283 0
34732 28755 0
18348 45139 0
19372 45139 0
10156 53331 0
11180 53331 0
19884 45139 0
11692 53331 0
6060 57427 0
7084 57427 0
7596 57427 0
22188 10579 0
38572 10579 0
13996 18771 0
38572 18771 0
13996 35155 0
22188 35155 0
42668 18771 1
26284 35155 1
50860 10579 1
7852 24915 0
7852 41299 0
20140 41299 1
38572 24915 0
22188 41299 0
7852 49491 0
11948 49491 1
13996 49491 0
23212 9555 0
15020 17747 0
15020 34131 0
23212 34131 0
27308 34131 1
23212 41299 0
15020 49491 0
29356 3411 0
45740 3411 0
45740 17747 0
29356 34131 0
53932 3411 0
53932 9555 0
45740 18771 0
29356 35155 0
53932 10579 0
58028 3411 1
27308 37971 1
23212 42067 0
15020 50259 0
45740 19539 0
29356 35923 0
53932 11347 0
58028 7251 1
42668 22611 1
26284 38995 1
50860 14419 1
38572 26707 0
22188 43091 0
13996 51283 0
20140 45139 1
11948 53331 1
7852 57427 0
23724 9043 0
15532 17235 0
15532 33619 0
23724 33619 0
27820 33619 1
23724 41299 0
15532 49491 0
29868 2899 0
46252 2899 0
46252 17235 0
29868 33619 0
54444 2899 0
54444 9043 0
46252 18771 0
29868 35155 0
54444 10579 0
58540 2899 1
27820 37459 1
23724 41555 0
15532 49747 0
46252 19027 0
29868 35411 0
54444 10835 0
58540 6739 1
30892 1875 0
30892 33619 0
30892 34131 0
30892 34387 0
23212 42259 0
15020 50451 0
45740 19731 0
29356 36115 0
53932 11539 0
38572 26899 0
22188 43283 0
13996 51475 0
7852 57619 0
23724 41747 0
15532 49939 0
46252 19219 0
29868 35603 0
54444 11027 0
30892 34579 0
27052 38419 0
22956 42515 0
14764 50707 0
45484 19987 0
29100 36371 0
53676 11795 0
57772 7699 0
42412 23059 0
26028 39443 0
50604 14867 0
38316 27155 0
21932 43539 0
13740 51731 0
19884 45587 0
11692 53779 0
7596 57875 0
41900 23571 0
25516 39955 0
50092 15379 0
37804 27667 0
21420 44051 0
13228 52243 0
19372 46099 0
11180 54291 0
7084 58387 0
34732 30739 0
18348 47123 0
10156 55315 0
6060 59411 0
22316 10451 0
38700 10451 0
14124 18643 0
38700 18643 0
14124 35027 0
22316 35027 0
26412 6355 0
42796 6355 0
42796 18643 0
26412 35027 0
50988 6355 0
50988 10451 0
42796 20691 0
26412 37075 0
50988 12499 0
38700 24787 0
22316 41171 0
14124 49363 0
23340 9427 0
39724 9427 0
15148 17619 0
39724 17619 0
15148 34003 0
23340 34003 0
27436 5331 0
43820 5331 0
43820 17619 0
27436 34003 0
52012 5331 0
52012 9427 0
43820 20691 0
27436 37075 0
52012 12499 0
39724 24787 0
23340 41171 0
15148 49363 0
29484 3283 0
45868 3283 0
45868 17619 0
29484 34003 0
54060 3283 0
54060 9427 0
45868 18643 0
29484 35027 0
54060 10451 0
58156 3283 0
58156 5331 0
58156 6355 0
43820 21587 0
27436 37971 0
52012 13395 0
39724 25683 0
23340 42067 0
15148 50259 0
45868 19539 0
29484 35923 0
54060 11347 0
58156 7251 0
42796 22611 0
26412 38995 0
50988 14419 0
38700 26707 0
22316 43091 0
14124 51283 0
23852 8915 0
40236 8915 0
15660 17107 0
40236 17107 0
15660 33491 0
23852 33491 0
27948 4819 0
44332 4819 0
44332 17107 0
27948 33491 0
52524 4819 0
52524 8915 0
44332 20691 0
27948 37075 0
52524 12499 0
40236 24787 0
23852 41171 0
15660 49363 0
29996 2771 0
46380 2771 0
46380 17107 0
29996 33491 0
54572 2771 0
54572 8915 0
46380 18643 0
29996 35027 0
54572 10451 0
58668 2771 0
58668 4819 0
58668 6355 0
44332 21075 0
27948 37459 0
52524 12883 0
40236 25171 0
23852 41555 0
15660 49747 0
46380 19027 0
29996 35411 0
54572 10835 0
58668 6739 0
31020 1747 0
47404 1747 0
47404 17107 0
31020 33491 0
55596 1747 0
55596 8915 0
47404 17619 0
31020 34003 0
55596 9427 0
59692 1747 0
59692 4819 0
59692 5331 0
47404 18003 0
31020 34387 0
55596 9811 0
59692 5715 0
43820 21651 0
27436 38035 0
52012 13459 0
39724 25747 0
23340 42131 0
15148 50323 0
45868 19603 0
29484 35987 0
54060 11411 0
58156 7315 0
42796 22675 0
26412 39059 0
50988 14483 0
38700 26771 0
22316 43155 0
14124 51347 0
44332 21139 0
27948 37523 0
52524 12947 0
40236 25235 0
23852 41619 0
15660 49811 0
46380 19091 0
29996 35475 0
54572 10899 0
58668 6803 0
47404 18067 0
31020 34451 0
55596 9875 0
59692 5779 0
24108 8659 0
40492 8659 0
15916 16851 0
40492 16851 0
15916 33235 0
24108 33235 0
44588 16851 1
28204 33235 1
52780 8659 1
44588 20691 1
28204 37075 1
52780 12499 1
40492 24787 0
24108 41171 0
15916 49363 0
30252 2515 0
46636 2515 0
46636 16851 0
30252 33235 0
54828 2515 0
54828 8659 0
46636 18643 0
30252 35027 0
54828 10451 0
58924 2515 1
58924 6355 1
40492 24915 0
24108 41299 0
15916 49491 0
46636 18771 0
30252 35155 0
54828 10579 0
31276 1491 0
47660 1491 0
47660 16851 0
31276 33235 0
55852 1491 0
55852 8659 0
47660 17619 0
31276 34003 0
55852 9427 0
59948 1491 1
59948 5331 1
47660 17747 0
31276 34131 0
55852 9555 0
40492 24979 0
24108 41363 0
15916 49555 0
46636 18835 0
30252 35219 0
54828 10643 0
47660 17811 0
31276 34195 0
55852 9619 0
31788 979 0
48172 979 0
48172 16851 0
31788 33235 0
56364 979 0
56364 8659 0
48172 17107 0
31788 33491 0
56364 8915 0
60460 979 1
60460 4819 1
48172 17235 0
31788 33619 0
56364 9043 0
48172 17299 0
31788 33683 0
56364 9107 0
27308 38211 1
23212 42307 0
15020 50499 0
45740 19779 0
29356 36163 0
53932 11587 0
58028 7491 1
42668 22851 1
26284 39235 1
50860 14659 1
38572 26947 0
22188 43331 0
13996 51523 0
20140 45379 1
11948 53571 1
7852 57667 0
27820 37699 1
23724 41795 0
15532 49987 0
46252 19267 0
29868 35651 0
54444 11075 0
58540 6979 1
30892 34627 0
27052 38467 0
22956 42563 0
14764 50755 0
45484 20035 0
29100 36419 0
53676 11843 0
57772 7747 0
42412 23107 0
26028 39491 0
50604 14915 0
38316 27203 0
21932 43587 0
13740 51779 0
19884 45635 0
11692 53827 0
7596 57923 0
41900 23619 0
25516 40003 0
50092 15427 0
37804 27715 0
21420 44099 0
13228 52291 0
19372 46147 0
11180 54339 0
7084 58435 0
34732 30787 0
18348 47171 0
10156 55363 0
6060 59459 0
43820 21699 0
27436 38083 0
52012 13507 0
39724 25795 0
23340 42179 0
15148 50371 0
45868 19651 0
29484 36035 0
54060 11459 0
58156 7363 0
42796 22723 0
26412 39107 0
50988 14531 0
38700 26819 0
22316 43203 0
14124 51395 0
44332 21187 0
27948 37571 0
52524 12995 0
40236 25283 0
23852 41667 0
15660 49859 0
46380 19139 0
29996 35523 0
54572 10947 0
58668 6851 0
47404 18115 0
31020 34499 0
55596 9923 0
59692 5827 0
44588 20931 1
28204 37315 1
52780 12739 1
40492 25027 0
24108 41411 0
15916 49603 0
46636 18883 0
30252 35267 0
54828 10691 0
58924 6595 1
47660 17859 0
31276 34243 0
55852 9667 0
59948 5571 1
48172 17347 0
31788 33731 0
56364 9155 0
60460 5059 1
43628 21891 1
27244 38275 1
51820 13699 1
57964 7555 1
42604 22915 1
36460 29059 1
11884 53635 1
44140 21379 1
40044 25475 0
15468 50051 0
46188 19331 0
47212 18307 0
30828 34691 0
55404 10115 0
59500 6019 1
43372 22147 0
26988 38531 0
51564 13955 0
39276 26243 0
22892 42627 0
14700 50819 0
45420 20099 0
29036 36483 0
53612 11907 0
57708 7811 0
42348 23171 0
38252 27267 0
13676 51843 0
36204 29315 0
11628 53891 0
7532 57987 0
41836 23683 0
25452 40067 0
50028 15491 0
35692 29827 0
19308 46211 0
11116 54403 0
34668 30851 0
10092 55427 0
26860 38659 1
22764 42755 0
14572 50947 0
42220 23299 1
38124 27395 0
13548 51971 0
11500 54019 1
7404 58115 0
41708 23811 1
25324 40195 1
49900 15619 1
19180 46339 1
10988 54531 1
34540 30979 1
9964 55555 1
41452 24067 0
25068 40451 0
49644 15875 0
37356 28163 0
20972 44547 0
12780 52739 0
18924 46595 0
10732 54787 0
6636 58883 0
34284 31235 0
9708 55811 0
5612 59907 0
33772 31747 0
17388 48131 0
9196 56323 0
13772 18995 0
38348 18995 1
13772 35379 0
42444 6707 0
42444 18995 0
11724 21043 0
11724 37427 0
42444 21043 0
7628 49715 1
11724 49715 0
13772 49715 0
14796 17971 1
27084 5683 1
27084 37427 1
14796 49715 1
29132 3635 1
45516 3635 0
45516 17971 0
53708 3635 1
45516 18995 0
29132 35379 1
57804 3635 0
57804 5683 0
57804 6707 0
25548 7219 1
41932 7219 0
41932 19507 0
50124 7219 0
50124 11315 0
19404 13363 1
11212 21555 1
41932 21555 0
50124 13363 0
45516 19507 0
53708 11315 1
57804 7219 0
34764 14387 0
10188 22579 0
34764 22579 0
10188 38963 0
41932 22579 0
25548 38963 1
50124 14387 0
34764 26675 0
10188 51251 0
42444 22579 0
38348 26675 1
13772 51251 0
34764 28723 0
19404 45107 1
10188 53299 0
11212 53299 1
11724 53299 0
7628 57395 1
42700 18739 1
11980 49459 1
58060 3379 1
58060 7219 1
42700 22579 1
11980 53299 1
15564 17203 0
15564 33587 0
15564 49459 0
46284 2867 0
46284 17203 0
46284 18739 0
15564 49715 0
46284 18995 0
30924 1843 1
30924 33587 1
15564 49939 0
46284 19219 0
30924 34579 1
27084 38419 1
22988 42515 1
14796 50707 1
45516 19987 0
29132 36371 1
53708 11795 1
57804 7699 0
42444 23059 0
38348 27155 1
13772 51731 0
11724 53779 0
7628 57875 1
41932 23571 0
25548 39955 1
50124 15379 0
19404 46099 1
11212 54291 1
34764 30739 0
10188 55315 0
42828 6323 0
42828 18611 0
42828 20659 0
27468 5299 1
43852 5299 0
43852 17587 0
52044 5299 0
52044 9395 0
43852 20659 0
27468 37043 1
52044 12467 0
58188 3251 0
58188 5299 0
58188 6323 0
43852 21555 0
52044 13363 0
58188 7219 0
42828 22579 0
15692 17075 0
40268 17075 1
15692 33459 0
44364 4787 0
44364 17075 0
44364 20659 0
40268 24755 1
15692 49331 0
46412 2739 0
46412 17075 0
46412 18611 0
44364 21043 0
15692 49715 0
46412 18995 0
31052 1715 1
47436 1715 0
47436 17075 0
31052 33459 1
55628 1715 1
47436 17587 0
55628 9395 1
59724 1715 0
59724 4787 0
59724 5299 0
47436 17971 0
59724 5683 0
43852 21651 0
27468 38035 1
52044 13459 0
58188 7315 0
42828 22675 0
44364 21139 0
40268 25235 1
15692 49811 0
46412 19091 0
47436 18067 0
31052 34451 1
55628 9875 1
59724 5779 0
44620 16819 1
44620 20659 1
59980 1459 1
59980 5299 1
48204 947 0
48204 16819 0
48204 17075 0
48204 17203 0
48204 17299 0
58060 7459 1
42700 22819 1
11980 53539 1
15564 49955 0
46284 19235 0
45516 20003 0
57804 7715 0
42444 23075 0
13772 51747 0
11724 53795 0
41932 23587 0
50124 15395 0
34764 30755 0
10188 55331 0
43852 21667 0
52044 13475 0
58188 7331 0
42828 22691 0
44364 21155 0
15692 49827 0
46412 19107 0
47436 18083 0
59724 5795 0
44620 20899 1
59980 5539 1
48204 17315 0
22412 10355 0
38796 10355 0
14220 18547 0
38796 18547 0
14220 34931 0
22412 34931 0
26508 6259 0
42892 6259 0
42892 18547 0
26508 34931 0
51084 6259 0
51084 10355 0
42892 20595 0
26508 36979 0
51084 12403 0
38796 24691 0
22412 41075 0
14220 49267 0
23436 9331 1
15244 17523 1
27532 5235 1
27532 36979 1
23436 41075 1
15244 49267 1
29580 3187 1
45964 3187 0
45964 17523 0
54156 3187 0
54156 9331 0
45964 18547 0
29580 34931 1
54156 10355 0
58252 3187 0
58252 5235 0
58252 6259 0
45964 19507 0
54156 11315 0
58252 7219 0
42892 22579 0
26508 38963 0
51084 14387 0
38796 26675 0
22412 43059 0
14220 51251 0
15756 17011 0
15756 33395 0
23948 33395 1
28044 4723 0
28044 33395 0
28044 36979 0
23948 41075 1
15756 49267 0
30092 2675 0
46476 2675 0
46476 17011 0
30092 33395 0
54668 2675 1
46476 18547 0
30092 34931 0
54668 10355 1
58764 2675 0
58764 4723 0
58764 6259 0
28044 37427 0
15756 49715 0
46476 18995 0
30092 35379 0
58764 6707 0
31116 1651 1
31116 33395 1
27532 37971 1
23436 42067 1
15244 50259 1
45964 19539 0
29580 35923 1
54156 11347 0
58252 7251 0
42892 22611 0
26508 38995 0
51084 14419 0
38796 26707 0
22412 43091 0
14220 51283 0
28044 37459 0
23948 41555 1
15756 49747 0
46476 19027 0
30092 35411 0
54668 10835 1
58764 6739 0
31116 34387 1
24204 8563 0
16012 16755 0
16012 33139 0
24204 33139 0
28300 33139 1
28300 36979 1
24204 41075 0
16012 49267 0
30348 2419 0
46732 2419 0
46732 16755 0
30348 33139 0
54924 2419 0
54924 8563 0
46732 18547 0
30348 34931 0
54924 10355 0
59020 2419 1
59020 6259 1
24204 41267 0
16012 49459 0
46732 18739 0
30348 35123 0
54924 10547 0
31372 1395 1
31372 33139 1
24204 41299 0
16012 49491 0
46732 18771 0
30348 35155 0
54924 10579 0
31372 34131 1
31884 883 0
31884 33139 0
31884 33395 0
31884 33587 0
31884 33619 0
45964 19555 0
54156 11363 0
58252 7267 0
42892 22627 0
26508 39011 0
51084 14435 0
38796 26723 0
22412 43107 0
14220 51299 0
28044 37475 0
15756 49763 0
46476 19043 0
30092 35427 0
58764 6755 0
28300 37219 1
24204 41315 0
16012 49507 0
46732 18787 0
30348 35171 0
54924 10595 0
59020 6499 1
31884 33635 0
46860 18547 1
30476 34931 1
55052 10355 1
59148 6259 1
46860 18611 1
30476 34995 1
55052 10419 1
59148 6323 1
47884 17523 1
56076 9331 1
60172 5235 1
47884 17587 1
56076 9395 1
60172 5299 1
46860 18643 1
30476 35027 1
55052 10451 1
59148 6355 1
47884 17619 1
31500 34003 1
56076 9427 1
60172 5331 1
48396 17011 1
32012 33395 1
60684 4723 1
48396 17075 1
32012 33459 1
60684 4787 1
48396 17107 1
32012 33491 1
56588 8915 1
60684 4819 1
46860 18659 1
30476 35043 1
55052 10467 1
59148 6371 1
47884 17635 1
56076 9443 1
60172 5347 1
48396 17123 1
32012 33507 1
60684 4835 1
48652 16755 1
32268 33139 1
56844 8563 1
48652 16819 1
32268 33203 1
56844 8627 1
48652 16851 1
32268 33235 1
56844 8659 1
48652 16867 1
32268 33251 1
56844 8675 1
60940 4579 1
23212 42321 0
15020 50513 0
45740 19793 0
29356 36177 0
53932 11601 0
38572 26961 0
22188 43345 0
13996 51537 0
7852 57681 0
23724 41809 0
15532 50001 0
46252 19281 0
29868 35665 0
54444 11089 0
30892 34641 0
27052 38481 0
22956 42577 0
14764 50769 0
45484 20049 0
29100 36433 0
53676 11857 0
57772 7761 0
42412 23121 0
26028 39505 0
50604 14929 0
38316 27217 0
21932 43601 0
13740 51793 0
19884 45649 0
11692 53841 0
7596 57937 0
41900 23633 0
25516 40017 0
50092 15441 0
37804 27729 0
21420 44113 0
13228 52305 0
19372 46161 0
11180 54353 0
7084 58449 0
34732 30801 0
18348 47185 0
10156 55377 0
6060 59473 0
43820 21713 0
27436 38097 0
52012 13521 0
39724 25809 0
23340 42193 0
15148 50385 0
45868 19665 0
29484 36049 0
54060 11473 0
58156 7377 0
42796 22737 0
26412 39121 0
50988 14545 0
38700 26833 0
22316 43217 0
14124 51409 0
44332 21201 0
27948 37585 0
52524 13009 0
40236 25297 0
23852 41681 0
15660 49873 0
46380 19153 0
29996 35537 0
54572 10961 0
58668 6865 0
47404 18129 0
31020 34513 0
55596 9937 0
59692 5841 0
40492 25041 0
24108 41425 0
15916 49617 0
46636 18897 0
30252 35281 0
54828 10705 0
47660 17873 0
31276 34257 0
55852 9681 0
48172 17361 0
31788 33745 0
56364 9169 0
40044 25489 0
15468 50065 0
46188 19345 0
47212 18321 0
30828 34705 0
55404 10129 0
43372 22161 0
26988 38545 0
51564 13969 0
39276 26257 0
22892 42641 0
14700 50833 0
45420 20113 0
29036 36497 0
53612 11921 0
57708 7825 0
42348 23185 0
38252 27281 0
13676 51857 0
36204 29329 0
11628 53905 0
7532 58001 0
41836 23697 0
25452 40081 0
50028 15505 0
35692 29841 0
19308 46225 0
11116 54417 0
34668 30865 0
10092 55441 0
22764 42769 0
14572 50961 0
38124 27409 0
13548 51985 0
7404 58129 0
41452 24081 0
25068 40465 0
49644 15889 0
37356 28177 0
20972 44561 0
12780 52753 0
18924 46609 0
10732 54801 0
6636 58897 0
34284 31249 0
9708 55825 0
5612 59921 0
33772 31761 0
17388 48145 0
9196 56337 0
15564 49969 0
46284 19249 0
45516 20017 0
53708 11825 1
57804 7729 0
42444 23089 0
38348 27185 1
13772 51761 0
11724 53809 0
7628 57905 1
41932 23601 0
50124 15409 0
34764 30769 0
10188 55345 0
43852 21681 0
52044 13489 0
58188 7345 0
42828 22705 0
44364 21169 0
40268 25265 1
15692 49841 0
46412 19121 0
47436 18097 0
55628 9905 1
59724 5809 0
48204 17329 0
45964 19569 0
54156 11377 0
58252 7281 0
42892 22641 0
26508 39025 0
51084 14449 0
38796 26737 0
22412 43121 0
14220 51313 0
28044 37489 0
23948 41585 1
15756 49777 0
46476 19057 0
30092 35441 0
54668 10865 1
58764 6769 0
24204 41329 0
16012 49521 0
46732 18801 0
30348 35185 0
54924 10609 0
31884 33649 0
45724 19809 0
53916 11617 0
58012 7521 0
42652 22881 0
26268 39265 0
50844 14689 0
38556 26977 0
22172 43361 0
13980 51553 0
20124 45409 0
11932 53601 0
7836 57697 0
27804 37729 0
23708 41825 1
15516 50017 0
46236 19297 0
29852 35681 0
54428 11105 1
58524 7009 0
45468 20065 0
53660 11873 1
57756 7777 0
42396 23137 0
26012 39521 0
50588 14945 1
38300 27233 1
21916 43617 1
13724 51809 0
19868 45665 1
11676 53857 0
7580 57953 1
41884 23649 0
50076 15457 0
37788 27745 0
34716 30817 0
18332 47201 0
10140 55393 0
6044 59489 0
43804 21729 0
51996 13537 0
39708 25825 0
45852 19681 0
54044 11489 0
58140 7393 0
42780 22753 0
26396 39137 0
50972 14561 0
38684 26849 0
22300 43233 0
14108 51425 0
44316 21217 0
27932 37601 0
52508 13025 1
40220 25313 1
23836 41697 1
15644 49889 0
46364 19169 0
29980 35553 0
54556 10977 1
58652 6881 0
47388 18145 0
55580 9953 1
59676 5857 0
44572 20961 0
28188 37345 0
52764 12769 0
40476 25057 0
24092 41441 0
15900 49633 0
46620 18913 0
30236 35297 0
54812 10721 0
58908 6625 0
47644 17889 0
55836 9697 0
59932 5601 0
48156 17377 0
31772 33761 0
56348 9185 1
60444 5089 0
43612 21921 0
51804 13729 0
57948 7585 0
42588 22945 0
36444 29089 0
11868 53665 0
44124 21409 0
40028 25505 1
15452 50081 0
46172 19361 0
47196 18337 0
55388 10145 1
59484 6049 0
43356 22177 0
51548 13985 1
39260 26273 1
45404 20129 0
53596 11937 1
57692 7841 0
42332 23201 0
38236 27297 1
13660 51873 0
36188 29345 1
11612 53921 0
7516 58017 1
41820 23713 0
50012 15521 0
35676 29857 0
34652 30881 0
10076 55457 0
42204 23329 0
38108 27425 1
13532 52001 0
11484 54049 0
7388 58145 1
41692 23841 0
49884 15649 0
34524 31009 0
9948 55585 0
41436 24097 0
49628 15905 1
37340 28193 1
34268 31265 1
9692 55841 0
5596 59937 1
33756 31777 0
43580 21953 0
27196 38337 0
51772 13761 0
39484 26049 0
23100 42433 0
14908 50625 0
45628 19905 0
29244 36289 0
53820 11713 0
57916 7617 0
42556 22977 0
26172 39361 0
50748 14785 0
38460 27073 0
22076 43457 0
13884 51649 0
36412 29121 0
20028 45505 0
11836 53697 0
7740 57793 0
44092 21441 0
27708 37825 0
52284 13249 0
39996 25537 0
23612 41921 0
15420 50113 0
46140 19393 0
29756 35777 0
54332 11201 0
58428 7105 0
47164 18369 0
30780 34753 0
55356 10177 0
59452 6081 0
43324 22209 0
26940 38593 0
51516 14017 0
39228 26305 0
22844 42689 0
14652 50881 0
45372 20161 0
28988 36545 0
53564 11969 0
57660 7873 0
42300 23233 0
25916 39617 0
50492 15041 0
38204 27329 0
21820 43713 0
13628 51905 0
36156 29377 0
19772 45761 0
11580 53953 0
7484 58049 0
41788 23745 0
25404 40129 0
49980 15553 0
37692 27841 0
21308 44225 0
13116 52417 0
35644 29889 0
19260 46273 0
11068 54465 0
6972 58561 0
34620 30913 0
18236 47297 0
10044 55489 0
5948 59585 0
26812 38721 0
22716 42817 0
14524 51009 0
42172 23361 0
25788 39745 0
50364 15169 0
38076 27457 0
21692 43841 0
13500 52033 0
19644 45889 0
11452 54081 0
7356 58177 0
41660 23873 0
25276 40257 0
49852 15681 0
37564 27969 0
21180 44353 0
12988 52545 0
19132 46401 0
10940 54593 0
6844 58689 0
34492 31041 0
18108 47425 0
9916 55617 0
5820 59713 0
41404 24129 0
25020 40513 0
49596 15937 0
37308 28225 0
20924 44609 0
12732 52801 0
18876 46657 0
10684 54849 0
6588 58945 0
34236 31297 0
17852 47681 0
9660 55873 0
5564 59969 0
33724 31809 0
17340 48193 0
9148 56385 0
5052 60481 0
43132 22401 0
26748 38785 0
51324 14209 0
39036 26497 0
22652 42881 0
14460 51073 0
42108 23425 0
38012 27521 0
13436 52097 0
35964 29569 0
11388 54145 0
7292 58241 0
41596 23937 0
25212 40321 0
49788 15745 0
35452 30081 0
19068 46465 0
10876 54657 0
34428 31105 0
9852 55681 0
41340 24193 0
24956 40577 0
49532 16001 0
37244 28289 0
20860 44673 0
12668 52865 0
35196 30337 0
18812 46721 0
10620 54913 0
6524 59009 0
34172 31361 0
9596 55937 0
5500 60033 0
33660 31873 0
17276 48257 0
9084 56449 0
38260 10891 0
13684 19083 1
38260 19083 0
42356 6795 0
42356 19083 0
36212 12939 0
11636 21131 0
36212 21131 0
11636 37515 0
42356 21131 0
7540 25227 0
36212 25227 0
7540 41611 0
38260 25227 0
7540 49803 0
11636 49803 0
13684 49803 1
22900 9867 0
39284 9867 0
14708 18059 0
39284 18059 0
14708 34443 0
22900 34443 0
26996 5771 0
43380 5771 0
43380 18059 0
26996 34443 0
51572 5771 0
51572 9867 0
43380 21131 0
26996 37515 0
51572 12939 0
39284 25227 0
22900 41611 0
14708 49803 0
29044 3723 1
45428 3723 0
45428 18059 0
29044 34443 1
53620 3723 0
53620 9867 0
45428 19083 0
53620 10891 0
57716 3723 0
57716 5771 0
57716 6795 0
21364 11403 1
37748 11403 0
13172 19595 1
37748 19595 0
25460 7307 1
41844 7307 0
41844 19595 0
50036 7307 0
50036 11403 0
19316 13451 0
35700 13451 0
11124 21643 0
35700 21643 0
11124 38027 0
19316 38027 0
41844 21643 0
25460 38027 1
50036 13451 0
7028 25739 0
35700 25739 0
7028 42123 0
19316 42123 0
37748 25739 0
21364 42123 1
7028 50315 0
11124 50315 0
13172 50315 1
43380 21643 0
26996 38027 0
51572 13451 0
39284 25739 0
22900 42123 0
14708 50315 0
45428 19595 0
53620 11403 0
57716 7307 0
34676 14475 0
10100 22667 1
34676 22667 0
41844 22667 0
50036 14475 0
6004 26763 1
34676 26763 0
37748 26763 0
42356 22667 0
38260 26763 0
34676 28811 0
35700 28811 0
19316 45195 0
10100 53387 1
11124 53387 0
36212 28811 0
11636 53387 0
6004 57483 1
7028 57483 0
7540 57483 0
38516 10635 0
13940 18827 1
38516 18827 0
42612 6539 0
42612 18827 0
36468 12683 0
11892 20875 0
36468 20875 0
11892 37259 0
42612 20875 0
7796 24971 0
36468 24971 0
7796 41355 0
38516 24971 0
7796 49547 0
11892 49547 0
13940 49547 1
23156 9611 0
39540 9611 0
14964 17803 0
39540 17803 0
14964 34187 0
23156 34187 0
27252 5515 0
43636 5515 0
43636 17803 0
27252 34187 0
51828 5515 0
51828 9611 0
43636 20875 0
27252 37259 0
51828 12683 0
39540 24971 0
23156 41355 0
14964 49547 0
29300 3467 1
45684 3467 0
45684 17803 0
29300 34187 1
53876 3467 0
53876 9611 0
45684 18827 0
53876 10635 0
57972 3467 0
57972 5515 0
57972 6539 0
43636 21643 0
27252 38027 0
51828 13451 0
39540 25739 0
23156 42123 0
14964 50315 0
45684 19595 0
53876 11403 0
57972 7307 0
42612 22667 0
38516 26763 0
36468 28811 0
11892 53387 0
7796 57483 0
40052 9099 0
15476 17291 0
40052 17291 0
15476 33675 0
44148 5003 0
44148 17291 0
44148 20875 0
40052 24971 0
15476 49547 0
46196 2955 0
46196 17291 0
46196 18827 0
44148 21131 0
40052 25227 0
15476 49803 0
46196 19083 0
30836 1931 0
47220 1931 0
47220 17291 0
30836 33675 0
55412 1931 0
55412 9099 0
47220 17803 0
30836 34187 0
55412 9611 0
59508 1931 0
59508 5003 0
59508 5515 0
47220 18059 0
30836 34443 0
55412 9867 0
59508 5771 0
43636 21771 0
27252 38155 0
51828 13579 0
39540 25867 0
23156 42251 0
14964 50443 0
45684 19723 0
29300 36107 1
53876 11531 0
57972 7435 0
42612 22795 0
38516 26891 0
13940 51467 1
36468 28939 0
11892 53515 0
7796 57611 0
44148 21259 0
40052 25355 0
15476 49931 0
46196 19211 0
47220 18187 0
30836 34571 0
55412 9995 0
59508 5899 0
43380 22027 0
26996 38411 0
51572 13835 0
39284 26123 0
22900 42507 0
14708 50699 0
45428 19979 0
29044 36363 1
53620 11787 0
57716 7691 0
42356 23051 0
38260 27147 0
13684 51723 1
36212 29195 0
11636 53771 0
7540 57867 0
41844 23563 0
25460 39947 1
50036 15371 0
37748 27659 0
21364 44043 1
13172 52235 1
35700 29707 0
19316 46091 0
11124 54283 0
7028 58379 0
34676 30731 0
10100 55307 1
6004 59403 1
21940 10827 0
38324 10827 0
13748 19019 0
38324 19019 0
13748 35403 0
21940 35403 0
42420 19019 1
26036 35403 1
50612 10827 1
7604 25163 0
36276 25163 1
7604 41547 0
19892 41547 1
38324 25163 0
21940 41547 0
7604 49739 0
11700 49739 1
13748 49739 0
22964 9803 0
39348 9803 0
14772 17995 0
39348 17995 0
14772 34379 0
22964 34379 0
43444 17995 1
27060 34379 1
51636 9803 1
39348 25163 0
22964 41547 0
14772 49739 0
29108 3659 0
45492 3659 0
45492 17995 0
29108 34379 0
53684 3659 0
53684 9803 0
45492 19019 0
29108 35403 0
53684 10827 0
57780 3659 1
21428 11339 0
37812 11339 0
13236 19531 0
37812 19531 0
13236 35915 0
21428 35915 0
25524 7243 0
41908 7243 0
41908 19531 0
25524 35915 0
50100 7243 0
50100 11339 0
19380 13387 0
35764 13387 0
11188 21579 0
35764 21579 0
11188 37963 0
19380 37963 0
41908 21579 0
25524 37963 0
50100 13387 0
7092 25675 0
35764 25675 0
7092 42059 0
19380 42059 0
37812 25675 0
21428 42059 0
7092 50251 0
11188 50251 0
13236 50251 0
43444 21579 1
27060 37963 1
51636 13387 1
39348 25675 0
22964 42059 0
14772 50251 0
45492 19531 0
29108 35915 0
53684 11339 0
57780 7243 1
18356 14411 0
34740 14411 0
10164 22603 0
34740 22603 0
10164 38987 0
18356 38987 0
41908 22603 0
25524 38987 0
50100 14411 0
6068 26699 0
34740 26699 0
6068 43083 0
18356 43083 0
37812 26699 0
21428 43083 0
6068 51275 0
10164 51275 0
13236 51275 0
42420 22603 1
26036 38987 1
50612 14411 1
38324 26699 0
21940 43083 0
13748 51275 0
34740 28747 0
18356 45131 0
35764 28747 0
19380 45131 0
10164 53323 0
11188 53323 0
36276 28747 1
19892 45131 1
11700 53323 1
6068 57419 0
7092 57419 0
7604 57419 0
22196 10571 0
38580 10571 0
14004 18763 0
38580 18763 0
14004 35147 0
22196 35147 0
26292 6475 0
42676 6475 0
42676 18763 0
26292 35147 0
50868 6475 0
50868 10571 0
20148 12619 0
36532 12619 0
11956 20811 0
36532 20811 0
11956 37195 0
20148 37195 0
42676 20811 0
26292 37195 0
50868 12619 0
7860 24907 0
36532 24907 0
7860 41291 0
20148 41291 0
38580 24907 0
22196 41291 0
7860 49483 0
11956 49483 0
14004 49483 0
23220 9547 0
39604 9547 0
15028 17739 0
39604 17739 0
15028 34123 0
23220 34123 0
27316 5451 0
43700 5451 0
43700 17739 0
27316 34123 0
51892 5451 0
51892 9547 0
43700 20811 0
27316 37195 0
51892 12619 0
39604 24907 0
23220 41291 0
15028 49483 0
29364 3403 0
45748 3403 0
45748 17739 0
29364 34123 0
53940 3403 0
53940 9547 0
45748 18763 0
29364 35147 0
53940 10571 0
58036 3403 0
58036 5451 0
58036 6475 0
43700 21579 0
27316 37963 0
51892 13387 0
39604 25675 0
23220 42059 0
15028 50251 0
45748 19531 0
29364 35915 0
53940 11339 0
58036 7243 0
42676 22603 0
26292 38987 0
50868 14411 0
38580 26699 0
22196 43083 0
14004 51275 0
36532 28747 0
20148 45131 0
11956 53323 0
7860 57419 0
23732 9035 0
40116 9035 0
15540 17227 0
40116 17227 0
15540 33611 0
23732 33611 0
44212 17227 1
27828 33611 1
52404 9035 1
44212 20811 1
27828 37195 1
52404 12619 1
40116 24907 0
23732 41291 0
15540 49483 0
29876 2891 0
46260 2891 0
46260 17227 0
29876 33611 0
54452 2891 0
54452 9035 0
46260 18763 0
29876 35147 0
54452 10571 0
58548 2891 1
58548 6475 1
40116 25163 0
23732 41547 0
15540 49739 0
46260 19019 0
29876 35403 0
54452 10827 0
30900 1867 0
47284 1867 0
47284 17227 0
30900 33611 0
55476 1867 0
55476 9035 0
47284 17739 0
30900 34123 0
55476 9547 0
59572 1867 1
59572 5451 1
47284 17995 0
30900 34379 0
55476 9803 0
43700 21771 0
27316 38155 0
51892 13579 0
39604 25867 0
23220 42251 0
15028 50443 0
45748 19723 0
29364 36107 0
53940 11531 0
58036 7435 0
42676 22795 0
26292 39179 0
50868 14603 0
38580 26891 0
22196 43275 0
14004 51467 0
36532 28939 0
20148 45323 0
11956 53515 0
7860 57611 0
44212 21259 1
27828 37643 1
52404 13067 1
40116 25355 0
23732 41739 0
15540 49931 0
46260 19211 0
29876 35595 0
54452 11019 0
58548 6923 1
47284 18187 0
30900 34571 0
55476 9995 0
59572 5899 1
43444 22027 1
27060 38411 1
51636 13835 1
39348 26123 0
22964 42507 0
14772 50699 0
45492 19979 0
29108 36363 0
53684 11787 0
57780 7691 1
42420 23051 1
26036 39435 1
50612 14859 1
38324 27147 0
21940 43531 0
13748 51723 0
36276 29195 1
19892 45579 1
11700 53771 1
7604 57867 0
41908 23563 0
25524 39947 0
50100 15371 0
37812 27659 0
21428 44043 0
13236 52235 0
35764 29707 0
19380 46091 0
11188 54283 0
7092 58379 0
34740 30731 0
18356 47115 0
10164 55307 0
6068 59403 0
22324 10443 1
38708 10443 0
14132 18635 1
38708 18635 0
26420 6347 1
42804 6347 0
42804 18635 0
50996 6347 0
50996 10443 0
42804 20683 0
26420 37067 1
50996 12491 0
38708 24779 0
22324 41163 1
14132 49355 1
23348 9419 0
39732 9419 0
15156 17611 0
39732 17611 0
15156 33995 0
23348 33995 0
27444 5323 0
43828 5323 0
43828 17611 0
27444 33995 0
52020 5323 0
52020 9419 0
43828 20683 0
27444 37067 0
52020 12491 0
39732 24779 0
23348 41163 0
15156 49355 0
29492 3275 1
45876 3275 0
45876 17611 0
29492 33995 1
54068 3275 0
54068 9419 0
45876 18635 0
54068 10443 0
58164 3275 0
58164 5323 0
58164 6347 0
43828 21579 0
27444 37963 0
52020 13387 0
39732 25675 0
23348 42059 0
15156 50251 0
45876 19531 0
29492 35915 1
54068 11339 0
58164 7243 0
42804 22603 0
26420 38987 1
50996 14411 0
38708 26699 0
22324 43083 1
14132 51275 1
23860 8907 0
40244 8907 0
15668 17099 0
40244 17099 0
15668 33483 0
23860 33483 0
44340 17099 1
27956 33483 1
52532 8907 1
44340 20683 1
27956 37067 1
52532 12491 1
40244 24779 0
23860 41163 0
15668 49355 0
30004 2763 1
46388 2763 0
46388 17099 0
30004 33483 1
54580 2763 0
54580 8907 0
46388 18635 0
54580 10443 0
58676 2763 1
58676 6347 1
40244 25163 0
23860 41547 0
15668 49739 0
46388 19019 0
30004 35403 1
54580 10827 0
31028 1739 0
47412 1739 0
47412 17099 0
31028 33483 0
55604 1739 0
55604 8907 0
47412 17611 0
31028 33995 0
55604 9419 0
59700 1739 1
59700 5323 1
47412 17995 0
31028 34379 0
55604 9803 0
43828 21643 0
27444 38027 0
52020 13451 0
39732 25739 0
23348 42123 0
15156 50315 0
45876 19595 0
54068 11403 0
58164 7307 0
42804 22667 0
50996 14475 0
38708 26763 0
44340 21131 1
27956 37515 1
52532 12939 1
40244 25227 0
23860 41611 0
15668 49803 0
46388 19083 0
54580 10891 0
58676 6795 1
47412 18059 0
31028 34443 0
55604 9867 0
59700 5771 1
24116 8651 0
40500 8651 0
15924 16843 0
40500 16843 0
15924 33227 0
24116 33227 0
28212 4555 0
44596 4555 0
44596 16843 0
28212 33227 0
52788 4555 0
52788 8651 0
44596 20683 0
28212 37067 0
52788 12491 0
40500 24779 0
24116 41163 0
15924 49355 0
30260 2507 1
46644 2507 0
46644 16843 0
30260 33227 1
54836 2507 0
54836 8651 0
46644 18635 0
54836 10443 0
58932 2507 0
58932 4555 0
58932 6347 0
44596 20811 0
28212 37195 0
52788 12619 0
40500 24907 0
24116 41291 0
15924 49483 0
46644 18763 0
30260 35147 1
54836 10571 0
58932 6475 0
31284 1483 0
47668 1483 0
47668 16843 0
31284 33227 0
55860 1483 0
55860 8651 0
47668 17611 0
31284 33995 0
55860 9419 0
59956 1483 0
59956 4555 0
59956 5323 0
47668 17739 0
31284 34123 0
55860 9547 0
59956 5451 0
44596 20875 0
28212 37259 0
52788 12683 0
40500 24971 0
24116 41355 0
15924 49547 0
46644 18827 0
54836 10635 0
58932 6539 0
47668 17803 0
31284 34187 0
55860 9611 0
59956 5515 0
31796 971 0
48180 971 0
48180 16843 0
31796 33227 0
56372 971 0
56372 8651 0
48180 17099 0
31796 33483 0
56372 8907 0
60468 971 1
60468 4555 1
48180 17227 0
31796 33611 0
56372 9035 0
48180 17291 0
31796 33675 0
56372 9099 0
60468 5003 1
43700 21827 0
27316 38211 0
51892 13635 0
39604 25923 0
23220 42307 0
15028 50499 0
45748 19779 0
29364 36163 0
53940 11587 0
58036 7491 0
42676 22851 0
26292 39235 0
50868 14659 0
38580 26947 0
22196 43331 0
14004 51523 0
36532 28995 0
20148 45379 0
11956 53571 0
7860 57667 0
44212 21315 1
27828 37699 1
52404 13123 1
40116 25411 0
23732 41795 0
15540 49987 0
46260 19267 0
29876 35651 0
54452 11075 0
58548 6979 1
47284 18243 0
30900 34627 0
55476 10051 0
59572 5955 1
43444 22083 1
27060 38467 1
51636 13891 1
39348 26179 0
22964 42563 0
14772 50755 0
45492 20035 0
29108 36419 0
53684 11843 0
57780 7747 1
42420 23107 1
26036 39491 1
50612 14915 1
38324 27203 0
21940 43587 0
13748 51779 0
36276 29251 1
19892 45635 1
11700 53827 1
7604 57923 0
41908 23619 0
25524 40003 0
50100 15427 0
37812 27715 0
21428 44099 0
13236 52291 0
35764 29763 0
19380 46147 0
11188 54339 0
7092 58435 0
34740 30787 0
18356 47171 0
10164 55363 0
6068 59459 0
43828 21699 0
27444 38083 0
52020 13507 0
39732 25795 0
23348 42179 0
15156 50371 0
45876 19651 0
29492 36035 1
54068 11459 0
58164 7363 0
42804 22723 0
26420 39107 1
50996 14531 0
38708 26819 0
22324 43203 1
14132 51395 1
44340 21187 1
27956 37571 1
52532 12995 1
40244 25283 0
23860 41667 0
15668 49859 0
46388 19139 0
30004 35523 1
54580 10947 0
58676 6851 1
47412 18115 0
31028 34499 0
55604 9923 0
59700 5827 1
44596 20931 0
28212 37315 0
52788 12739 0
40500 25027 0
24116 41411 0
15924 49603 0
46644 18883 0
30260 35267 1
54836 10691 0
58932 6595 0
47668 17859 0
31284 34243 0
55860 9667 0
59956 5571 0
48180 17347 0
31796 33731 0
56372 9155 0
60468 5059 1
43636 21891 0
27252 38275 0
51828 13699 0
39540 25987 0
23156 42371 0
14964 50563 0
45684 19843 0
29300 36227 1
53876 11651 0
57972 7555 0
42612 22915 0
38516 27011 0
13940 51587 1
36468 29059 0
11892 53635 0
7796 57731 0
44148 21379 0
40052 25475 0
15476 50051 0
46196 19331 0
47220 18307 0
30836 34691 0
55412 10115 0
59508 6019 0
43380 22147 0
26996 38531 0
51572 13955 0
39284 26243 0
22900 42627 0
14708 50819 0
45428 20099 0
29044 36483 1
53620 11907 0
57716 7811 0
42356 23171 0
38260 27267 0
13684 51843 1
36212 29315 0
11636 53891 0
7540 57987 0
41844 23683 0
25460 40067 1
50036 15491 0
37748 27779 0
21364 44163 1
13172 52355 1
35700 29827 0
19316 46211 0
11124 54403 0
7028 58499 0
34676 30851 0
10100 55427 1
6004 59523 1
13780 18987 0
38356 18987 1
13780 35371 0
42452 6699 0
42452 18987 0
11732 21035 0
36308 21035 1
11732 37419 0
42452 21035 0
7636 49707 1
11732 49707 0
13780 49707 0
14804 17963 1
39380 17963 1
27092 5675 1
43476 5675 0
43476 17963 0
51668 5675 1
43476 21035 0
27092 37419 1
14804 49707 1
29140 3627 1
45524 3627 0
45524 17963 0
53716 3627 1
45524 18987 0
29140 35371 1
57812 3627 0
57812 5675 0
57812 6699 0
21460 11307 1
37844 11307 0
13268 19499 1
37844 19499 0
25556 7211 1
41940 7211 0
41940 19499 0
50132 7211 0
50132 11307 0
19412 13355 1
35796 13355 0
11220 21547 1
35796 21547 0
41940 21547 0
50132 13355 0
7124 25643 1
35796 25643 0
37844 25643 0
43476 21547 0
51668 13355 1
39380 25643 1
45524 19499 0
53716 11307 1
57812 7211 0
34772 14379 0
10196 22571 0
34772 22571 0
10196 38955 0
41940 22571 0
25556 38955 1
50132 14379 0
6100 26667 0
34772 26667 0
6100 43051 0
37844 26667 0
21460 43051 1
6100 51243 0
10196 51243 0
13268 51243 1
42452 22571 0
38356 26667 1
13780 51243 0
34772 28715 0
35796 28715 0
19412 45099 1
10196 53291 0
11220 53291 1
36308 28715 1
11732 53291 0
6100 57387 0
7124 57387 1
7636 57387 1
38612 10539 0
14036 18731 0
38612 18731 0
14036 35115 0
42708 6443 0
42708 18731 0
36564 12587 0
11988 20779 0
36564 20779 0
11988 37163 0
42708 20779 0
7892 24875 0
36564 24875 0
7892 41259 0
38612 24875 0
7892 49451 0
11988 49451 0
14036 49451 0
23252 9515 1
39636 9515 0
15060 17707 1
39636 17707 0
27348 5419 1
43732 5419 0
43732 17707 0
51924 5419 0
51924 9515 0
43732 20779 0
27348 37163 1
51924 12587 0
39636 24875 0
23252 41259 1
15060 49451 1
29396 3371 1
45780 3371 0
45780 17707 0
53972 3371 0
53972 9515 0
45780 18731 0
29396 35115 1
53972 10539 0
58068 3371 0
58068 5419 0
58068 6443 0
43732 21547 0
51924 13355 0
39636 25643 0
45780 19499 0
53972 11307 0
58068 7211 0
42708 22571 0
38612 26667 0
14036 51243 0
36564 28715 0
11988 53291 0
7892 57387 0
15572 17195 0
40148 17195 1
15572 33579 0
44244 4907 0
44244 17195 0
44244 20779 0
40148 24875 1
15572 49451 0
46292 2859 0
46292 17195 0
46292 18731 0
44244 21035 0
15572 49707 0
46292 18987 0
30932 1835 1
47316 1835 0
47316 17195 0
30932 33579 1
55508 1835 1
47316 17707 0
55508 9515 1
59604 1835 0
59604 4907 0
59604 5419 0
47316 17963 0
59604 5675 0
43732 21771 0
27348 38155 1
51924 13579 0
39636 25867 0
23252 42251 1
15060 50443 1
45780 19723 0
29396 36107 1
53972 11531 0
58068 7435 0
42708 22795 0
38612 26891 0
14036 51467 0
36564 28939 0
11988 53515 0
7892 57611 0
44244 21259 0
40148 25355 1
15572 49931 0
46292 19211 0
47316 18187 0
30932 34571 1
55508 9995 1
59604 5899 0
43476 22027 0
27092 38411 1
51668 13835 1
39380 26123 1
22996 42507 1
14804 50699 1
45524 19979 0
29140 36363 1
53716 11787 1
57812 7691 0
42452 23051 0
38356 27147 1
13780 51723 0
36308 29195 1
11732 53771 0
7636 57867 1
41940 23563 0
25556 39947 1
50132 15371 0
37844 27659 0
21460 44043 1
13268 52235 1
35796 29707 0
19412 46091 1
11220 54283 1
7124 58379 1
34772 30731 0
10196 55307 0
6100 59403 0
38740 10411 0
14164 18603 1
38740 18603 0
42836 6315 0
42836 18603 0
42836 20651 0
38740 24747 0
14164 49323 1
23380 9387 1
39764 9387 0
15188 17579 1
39764 17579 0
27476 5291 1
43860 5291 0
43860 17579 0
52052 5291 0
52052 9387 0
43860 20651 0
27476 37035 1
52052 12459 0
39764 24747 0
23380 41131 1
15188 49323 1
29524 3243 1
45908 3243 0
45908 17579 0
54100 3243 0
54100 9387 0
45908 18603 0
54100 10411 0
58196 3243 0
58196 5291 0
58196 6315 0
43860 21547 0
52052 13355 0
39764 25643 0
45908 19499 0
54100 11307 0
58196 7211 0
42836 22571 0
38740 26667 0
14164 51243 1
15700 17067 0
40276 17067 1
15700 33451 0
44372 4779 0
44372 17067 0
44372 20651 0
40276 24747 1
15700 49323 0
46420 2731 0
46420 17067 0
46420 18603 0
44372 21035 0
15700 49707 0
46420 18987 0
31060 1707 1
47444 1707 0
47444 17067 0
31060 33451 1
55636 1707 1
47444 17579 0
55636 9387 1
59732 1707 0
59732 4779 0
59732 5291 0
47444 17963 0
59732 5675 0
43860 21643 0
27476 38027 1
52052 13451 0
39764 25739 0
23380 42123 1
15188 50315 1
45908 19595 0
54100 11403 0
58196 7307 0
42836 22667 0
38740 26763 0
44372 21131 0
40276 25227 1
15700 49803 0
46420 19083 0
47444 18059 0
31060 34443 1
55636 9867 1
59732 5771 0
40532 8619 0
15956 16811 0
40532 16811 0
15956 33195 0
44628 4523 0
44628 16811 0
44628 20651 0
40532 24747 0
15956 49323 0
46676 2475 0
46676 16811 0
46676 18603 0
44628 20779 0
40532 24875 0
15956 49451 0
46676 18731 0
31316 1451 1
47700 1451 0
47700 16811 0
31316 33195 1
55892 1451 0
55892 8619 0
47700 17579 0
55892 9387 0
59988 1451 0
59988 4523 0
59988 5291 0
47700 17707 0
55892 9515 0
59988 5419 0
44628 20875 0
40532 24971 0
15956 49547 0
46676 18827 0
47700 17803 0
31316 34187 1
55892 9611 0
59988 5515 0
48212 939 0
48212 16811 0
48212 17067 0
48212 17195 0
48212 17291 0
43732 21795 0
51924 13603 0
39636 25891 0
45780 19747 0
53972 11555 0
58068 7459 0
42708 22819 0
38612 26915 0
14036 51491 0
36564 28963 0
11988 53539 0
7892 57635 0
44244 21283 0
15572 49955 0
46292 19235 0
47316 18211 0
59604 5923 0
43476 22051 0
45524 20003 0
57812 7715 0
42452 23075 0
13780 51747 0
11732 53795 0
41940 23587 0
50132 15395 0
37844 27683 0
35796 29731 0
34772 30755 0
10196 55331 0
6100 59427 0
43860 21667 0
52052 13475 0
39764 25763 0
45908 19619 0
54100 11427 0
58196 7331 0
42836 22691 0
38740 26787 0
14164 51363 1
44372 21155 0
15700 49827 0
46420 19107 0
47444 18083 0
59732 5795 0
44628 20899 0
40532 24995 0
15956 49571 0
46676 18851 0
47700 17827 0
55892 9635 0
59988 5539 0
48212 17315 0
22420 10347 0
38804 10347 0
14228 18539 0
38804 18539 0
14228 34923 0
22420 34923 0
26516 6251 0
42900 6251 0
42900 18539 0
26516 34923 0
51092 6251 0
51092 10347 0
42900 20587 0
26516 36971 0
51092 12395 0
38804 24683 0
22420 41067 0
14228 49259 0
23444 9323 1
39828 9323 0
15252 17515 1
39828 17515 0
27540 5227 1
43924 5227 0
43924 17515 0
52116 5227 0
52116 9323 0
43924 20587 0
27540 36971 1
52116 12395 0
39828 24683 0
23444 41067 1
15252 49259 1
29588 3179 1
45972 3179 0
45972 17515 0
54164 3179 0
54164 9323 0
45972 18539 0
29588 34923 1
54164 10347 0
58260 3179 0
58260 5227 0
58260 6251 0
43924 21547 0
52116 13355 0
39828 25643 0
45972 19499 0
54164 11307 0
58260 7211 0
42900 22571 0
26516 38955 0
51092 14379 0
38804 26667 0
22420 43051 0
14228 51243 0
15764 17003 0
40340 17003 1
15764 33387 0
23956 33387 1
44436 17003 1
28052 33387 1
44436 20587 1
28052 36971 1
52628 12395 1
40340 24683 1
23956 41067 1
15764 49259 0
30100 2667 0
46484 2667 0
46484 17003 0
30100 33387 0
54676 2667 1
46484 18539 0
30100 34923 0
54676 10347 1
58772 2667 1
58772 6251 1
44436 21035 1
28052 37419 1
15764 49707 0
46484 18987 0
30100 35371 0
58772 6699 1
31124 1643 1
47508 1643 0
47508 17003 0
31124 33387 1
55700 1643 1
47508 17515 0
55700 9323 1
59796 1643 1
59796 5227 1
47508 17963 0
59796 5675 1
43924 21579 0
27540 37963 1
52116 13387 0
39828 25675 0
23444 42059 1
15252 50251 1
45972 19531 0
29588 35915 1
54164 11339 0
58260 7243 0
42900 22603 0
26516 38987 0
51092 14411 0
38804 26699 0
22420 43083 0
14228 51275 0
40340 25163 1
23956 41547 1
15764 49739 0
46484 19019 0
30100 35403 0
54676 10827 1
47508 17995 0
31124 34379 1
55700 9803 1
24212 8555 0
40596 8555 0
16020 16747 0
40596 16747 0
16020 33131 0
24212 33131 0
28308 4459 0
44692 4459 0
44692 16747 0
28308 33131 0
52884 4459 0
52884 8555 0
44692 20587 0
28308 36971 0
52884 12395 0
40596 24683 0
24212 41067 0
16020 49259 0
30356 2411 0
46740 2411 0
46740 16747 0
30356 33131 0
54932 2411 0
54932 8555 0
46740 18539 0
30356 34923 0
54932 10347 0
59028 2411 0
59028 4459 0
59028 6251 0
44692 20779 0
28308 37163 0
52884 12587 0
40596 24875 0
24212 41259 0
16020 49451 0
46740 18731 0
30356 35115 0
54932 10539 0
59028 6443 0
31380 1387 1
47764 1387 0
47764 16747 0
31380 33131 1
55956 1387 0
55956 8555 0
47764 17515 0
55956 9323 0
60052 1387 0
60052 4459 0
60052 5227 0
47764 17707 0
55956 9515 0
60052 5419 0
44692 20811 0
28308 37195 0
52884 12619 0
40596 24907 0
24212 41291 0
16020 49483 0
46740 18763 0
30356 35147 0
54932 10571 0
59028 6475 0
47764 17739 0
31380 34123 1
55956 9547 0
60052 5451 0
31892 875 0
48276 875 0
48276 16747 0
31892 33131 0
56468 875 1
56468 8555 1
48276 17003 0
31892 33387 0
60564 875 1
60564 4459 1
48276 17195 0
31892 33579 0
60564 4907 1
48276 17227 0
31892 33611 0
56468 9035 1
43924 21603 0
52116 13411 0
39828 25699 0
45972 19555 0
54164 11363 0
58260 7267 0
42900 22627 0
26516 39011 0
51092 14435 0
38804 26723 0
22420 43107 0
14228 51299 0
44436 21091 1
28052 37475 1
15764 49763 0
46484 19043 0
30100 35427 0
58772 6755 1
47508 18019 0
59796 5731 1
44692 20835 0
28308 37219 0
52884 12643 0
40596 24931 0
24212 41315 0
16020 49507 0
46740 18787 0
30356 35171 0
54932 10595 0
59028 6499 0
47764 17763 0
55956 9571 0
60052 5475 0
48276 17251 0
31892 33635 0
60564 4963 1
30484 2283 1
46868 2283 0
46868 16619 0
30484 33003 1
55060 2283 0
55060 8427 0
46868 18539 0
30484 34923 1
55060 10347 0
59156 2283 0
59156 4331 0
59156 6251 0
46868 18603 0
55060 10411 0
59156 6315 0
31508 1259 1
47892 1259 0
47892 16619 0
31508 33003 1
56084 1259 0
56084 8427 0
47892 17515 0
56084 9323 0
60180 1259 0
60180 4331 0
60180 5227 0
47892 17579 0
56084 9387 0
60180 5291 0
46868 18635 0
55060 10443 0
59156 6347 0
47892 17611 0
31508 33995 1
56084 9419 0
60180 5323 0
32020 747 0
48404 747 0
48404 16619 0
32020 33003 0
56596 747 1
56596 8427 1
48404 17003 0
32020 33387 0
60692 747 1
60692 4331 1
48404 17067 0
32020 33451 0
60692 4779 1
48404 17099 0
32020 33483 0
56596 8907 1
46868 18659 0
30484 35043 1
55060 10467 0
59156 6371 0
47892 17635 0
56084 9443 0
60180 5347 0
48404 17123 0
32020 33507 0
60692 4835 1
32276 491 0
48660 491 0
48660 16619 0
32276 33003 0
56852 491 0
56852 8427 0
48660 16747 0
32276 33131 0
56852 8555 0
60948 491 0
60948 4331 0
60948 4459 0
48660 16811 0
32276 33195 0
56852 8619 0
60948 4523 0
48660 16843 0
32276 33227 0
56852 8651 0
60948 4555 0
48660 16867 0
32276 33251 0
56852 8675 0
60948 4579 0
43700 21833 0
27316 38217 0
51892 13641 0
39604 25929 0
23220 42313 0
15028 50505 0
45748 19785 0
29364 36169 0
53940 11593 0
58036 7497 0
42676 22857 0
26292 39241 0
50868 14665 0
38580 26953 0
22196 43337 0
14004 51529 0
36532 29001 0
20148 45385 0
11956 53577 0
7860 57673 0
40116 25417 0
23732 41801 0
15540 49993 0
46260 19273 0
29876 35657 0
54452 11081 0
47284 18249 0
30900 34633 0
55476 10057 0
39348 26185 0
22964 42569 0
14772 50761 0
45492 20041 0
29108 36425 0
53684 11849 0
38324 27209 0
21940 43593 0
13748 51785 0
7604 57929 0
41908 23625 0
25524 40009 0
50100 15433 0
37812 27721 0
21428 44105 0
13236 52297 0
35764 29769 0
19380 46153 0
11188 54345 0
7092 58441 0
34740 30793 0
18356 47177 0
10164 55369 0
6068 59465 0
43828 21705 0
27444 38089 0
52020 13513 0
39732 25801 0
23348 42185 0
15156 50377 0
45876 19657 0
54068 11465 0
58164 7369 0
42804 22729 0
50996 14537 0
38708 26825 0
40244 25289 0
23860 41673 0
15668 49865 0
46388 19145 0
54580 10953 0
47412 18121 0
31028 34505 0
55604 9929 0
44596 20937 0
28212 37321 0
52788 12745 0
40500 25033 0
24116 41417 0
15924 49609 0
46644 18889 0
54836 10697 0
58932 6601 0
47668 17865 0
31284 34249 0
55860 9673 0
59956 5577 0
48180 17353 0
31796 33737 0
56372 9161 0
43636 21897 0
27252 38281 0
51828 13705 0
39540 25993 0
23156 42377 0
14964 50569 0
45684 19849 0
53876 11657 0
57972 7561 0
42612 22921 0
38516 27017 0
36468 29065 0
11892 53641 0
7796 57737 0
44148 21385 0
40052 25481 0
15476 50057 0
46196 19337 0
47220 18313 0
30836 34697 0
55412 10121 0
59508 6025 0
43380 22153 0
26996 38537 0
51572 13961 0
39284 26249 0
22900 42633 0
14708 50825 0
45428 20105 0
53620 11913 0
57716 7817 0
42356 23177 0
38260 27273 0
36212 29321 0
11636 53897 0
7540 57993 0
41844 23689 0
50036 15497 0
37748 27785 0
35700 29833 0
19316 46217 0
11124 54409 0
7028 58505 0
34676 30857 0
43732 21801 0
51924 13609 0
39636 25897 0
45780 19753 0
53972 11561 0
58068 7465 0
42708 22825 0
38612 26921 0
14036 51497 0
36564 28969 0
11988 53545 0
7892 57641 0
44244 21289 0
40148 25385 1
15572 49961 0
46292 19241 0
47316 18217 0
55508 10025 1
59604 5929 0
43476 22057 0
51668 13865 1
39380 26153 1
45524 20009 0
53716 11817 1
57812 7721 0
42452 23081 0
38356 27177 1
13780 51753 0
36308 29225 1
11732 53801 0
7636 57897 1
41940 23593 0
50132 15401 0
37844 27689 0
35796 29737 0
34772 30761 0
10196 55337 0
6100 59433 0
43860 21673 0
52052 13481 0
39764 25769 0
45908 19625 0
54100 11433 0
58196 7337 0
42836 22697 0
38740 26793 0
44372 21161 0
40276 25257 1
15700 49833 0
46420 19113 0
47444 18089 0
55636 9897 1
59732 5801 0
44628 20905 0
40532 25001 0
15956 49577 0
46676 18857 0
47700 17833 0
55892 9641 0
59988 5545 0
48212 17321 0
43924 21609 0
52116 13417 0
39828 25705 0
45972 19561 0
54164 11369 0
58260 7273 0
42900 22633 0
26516 39017 0
51092 14441 0
38804 26729 0
22420 43113 0
14228 51305 0
40340 25193 1
23956 41577 1
15764 49769 0
46484 19049 0
30100 35433 0
54676 10857 1
47508 18025 0
55700 9833 1
44692 20841 0
28308 37225 0
52884 12649 0
40596 24937 0
24212 41321 0
16020 49513 0
46740 18793 0
30356 35177 0
54932 10601 0
59028 6505 0
47764 17769 0
55956 9577 0
60052 5481 0
48276 17257 0
31892 33641 0
56468 9065 1
46868 18665 0
55060 10473 0
59156 6377 0
47892 17641 0
56084 9449 0
60180 5353 0
48404 17129 0
32020 33513 0
56596 8937 1
48660 16873 0
32276 33257 0
56852 8681 0
60948 4585 0
38372 10779 0
13796 18971 0
38372 18971 0
13796 35355 0
42468 6683 0
42468 18971 0
36324 12827 0
11748 21019 0
36324 21019 0
11748 37403 0
42468 21019 0
7652 25115 0
36324 25115 0
7652 41499 0
38372 25115 0
7652 49691 0
11748 49691 0
13796 49691 0
23012 9755 0
39396 9755 0
14820 17947 0
39396 17947 0
14820 34331 0
23012 34331 0
27108 5659 0
43492 5659 0
43492 17947 0
27108 34331 0
51684 5659 0
51684 9755 0
43492 21019 0
27108 37403 0
51684 12827 0
39396 25115 0
23012 41499 0
14820 49691 0
29156 3611 0
45540 3611 0
45540 17947 0
29156 34331 0
53732 3611 0
53732 9755 0
45540 18971 0
29156 35355 0
53732 10779 0
57828 3611 0
57828 5659 0
57828 6683 0
21476 11291 0
37860 11291 0
13284 19483 0
37860 19483 0
13284 35867 0
21476 35867 0
25572 7195 0
41956 7195 0
41956 19483 0
25572 35867 0
50148 7195 0
50148 11291 0
19428 13339 0
35812 13339 0
11236 21531 0
35812 21531 0
11236 37915 0
19428 37915 0
41956 21531 0
25572 37915 0
50148 13339 0
7140 25627 0
35812 25627 0
7140 42011 0
19428 42011 0
37860 25627 0
21476 42011 0
7140 50203 0
11236 50203 0
13284 50203 0
43492 21531 0
27108 37915 0
51684 13339 0
39396 25627 0
23012 42011 0
14820 50203 0
45540 19483 0
29156 35867 0
53732 11291 0
57828 7195 0
34788 14363 0
10212 22555 0
34788 22555 0
10212 38939 0
41956 22555 0
25572 38939 0
50148 14363 0
6116 26651 0
34788 26651 0
6116 43035 0
37860 26651 0
21476 43035 0
6116 51227 0
10212 51227 0
13284 51227 0
42468 22555 0
38372 26651 0
13796 51227 0
34788 28699 0
35812 28699 0
19428 45083 0
10212 53275 0
11236 53275 0
36324 28699 0
11748 53275 0
6116 57371 0
7140 57371 0
7652 57371 0
38628 10523 0
14052 18715 0
38628 18715 0
14052 35099 0
42724 18715 1
7908 24859 0
36580 24859 1
7908 41243 0
38628 24859 0
7908 49435 0
12004 49435 1
14052 49435 0
23268 9499 0
39652 9499 0
15076 17691 0
39652 17691 0
15076 34075 0
23268 34075 0
43748 17691 1
27364 34075 1
51940 9499 1
39652 24859 0
23268 41243 0
15076 49435 0
29412 3355 0
45796 3355 0
45796 17691 0
29412 34075 0
53988 3355 0
53988 9499 0
45796 18715 0
29412 35099 0
53988 10523 0
58084 3355 1
43748 21531 1
27364 37915 1
51940 13339 1
39652 25627 0
23268 42011 0
15076 50203 0
45796 19483 0
29412 35867 0
53988 11291 0
58084 7195 1
42724 22555 1
38628 26651 0
14052 51227 0
36580 28699 1
12004 53275 1
7908 57371 0
40164 8987 0
15588 17179 0
40164 17179 0
15588 33563 0
44260 17179 1
40164 24859 0
15588 49435 0
46308 2843 0
46308 17179 0
46308 18715 0
44260 21019 1
40164 25115 0
15588 49691 0
46308 18971 0
30948 1819 0
47332 1819 0
47332 17179 0
30948 33563 0
55524 1819 0
55524 8987 0
47332 17691 0
30948 34075 0
55524 9499 0
59620 1819 1
47332 17947 0
30948 34331 0
55524 9755 0
59620 5659 1
43748 21771 1
27364 38155 1
51940 13579 1
39652 25867 0
23268 42251 0
15076 50443 0
45796 19723 0
29412 36107 0
53988 11531 0
58084 7435 1
42724 22795 1
38628 26891 0
14052 51467 0
36580 28939 1
12004 53515 1
7908 57611 0
44260 21259 1
40164 25355 0
15588 49931 0
46308 19211 0
47332 18187 0
30948 34571 0
55524 9995 0
59620 5899 1
43492 22027 0
27108 38411 0
51684 13835 0
39396 26123 0
23012 42507 0
14820 50699 0
45540 19979 0
29156 36363 0
53732 11787 0
57828 7691 0
42468 23051 0
38372 27147 0
13796 51723 0
36324 29195 0
11748 53771 0
7652 57867 0
41956 23563 0
25572 39947 0
50148 15371 0
37860 27659 0
21476 44043 0
13284 52235 0
35812 29707 0
19428 46091 0
11236 54283 0
7140 58379 0
34788 30731 0
10212 55307 0
6116 59403 0
38756 10395 0
14180 18587 1
38756 18587 0
42852 6299 0
42852 18587 0
42852 20635 0
38756 24731 0
14180 49307 1
23396 9371 0
39780 9371 0
15204 17563 0
39780 17563 0
15204 33947 0
23396 33947 0
27492 5275 0
43876 5275 0
43876 17563 0
27492 33947 0
52068 5275 0
52068 9371 0
43876 20635 0
27492 37019 0
52068 12443 0
39780 24731 0
23396 41115 0
15204 49307 0
29540 3227 1
45924 3227 0
45924 17563 0
29540 33947 1
54116 3227 0
54116 9371 0
45924 18587 0
54116 10395 0
58212 3227 0
58212 5275 0
58212 6299 0
43876 21531 0
27492 37915 0
52068 13339 0
39780 25627 0
23396 42011 0
15204 50203 0
45924 19483 0
29540 35867 1
54116 11291 0
58212 7195 0
42852 22555 0
38756 26651 0
14180 51227 1
40292 8859 0
15716 17051 0
40292 17051 0
15716 33435 0
44388 4763 0
44388 17051 0
44388 20635 0
40292 24731 0
15716 49307 0
46436 2715 0
46436 17051 0
46436 18587 0
44388 21019 0
40292 25115 0
15716 49691 0
46436 18971 0
31076 1691 0
47460 1691 0
47460 17051 0
31076 33435 0
55652 1691 0
55652 8859 0
47460 17563 0
31076 33947 0
55652 9371 0
59748 1691 0
59748 4763 0
59748 5275 0
47460 17947 0
31076 34331 0
55652 9755 0
59748 5659 0
43876 21643 0
27492 38027 0
52068 13451 0
39780 25739 0
23396 42123 0
15204 50315 0
45924 19595 0
54116 11403 0
58212 7307 0
42852 22667 0
38756 26763 0
44388 21131 0
40292 25227 0
15716 49803 0
46436 19083 0
47460 18059 0
31076 34443 0
55652 9867 0
59748 5771 0
40548 8603 0
15972 16795 0
40548 16795 0
15972 33179 0
44644 16795 1
44644 20635 1
40548 24731 0
15972 49307 0
46692 2459 0
46692 16795 0
46692 18587 0
40548 24859 0
15972 49435 0
46692 18715 0
31332 1435 0
47716 1435 0
47716 16795 0
31332 33179 0
55908 1435 0
55908 8603 0
47716 17563 0
31332 33947 0
55908 9371 0
60004 1435 1
60004 5275 1
47716 17691 0
31332 34075 0
55908 9499 0
44644 20875 1
40548 24971 0
15972 49547 0
46692 18827 0
47716 17803 0
31332 34187 0
55908 9611 0
60004 5515 1
48228 923 0
48228 16795 0
48228 17051 0
48228 17179 0
48228 17291 0
39652 25875 0
23268 42259 0
15076 50451 0
45796 19731 0
29412 36115 0
53988 11539 0
38628 26899 0
14052 51475 0
7908 57619 0
40164 25363 0
15588 49939 0
46308 19219 0
47332 18195 0
30948 34579 0
55524 10003 0
43492 22035 0
27108 38419 0
51684 13843 0
39396 26131 0
23012 42515 0
14820 50707 0
45540 19987 0
29156 36371 0
53732 11795 0
57828 7699 0
42468 23059 0
38372 27155 0
13796 51731 0
36324 29203 0
11748 53779 0
7652 57875 0
41956 23571 0
25572 39955 0
50148 15379 0
37860 27667 0
21476 44051 0
13284 52243 0
35812 29715 0
19428 46099 0
11236 54291 0
7140 58387 0
34788 30739 0
10212 55315 0
6116 59411 0
43876 21651 0
27492 38035 0
52068 13459 0
39780 25747 0
23396 42131 0
15204 50323 0
45924 19603 0
29540 35987 1
54116 11411 0
58212 7315 0
42852 22675 0
38756 26771 0
14180 51347 1
44388 21139 0
40292 25235 0
15716 49811 0
46436 19091 0
47460 18067 0
31076 34451 0
55652 9875 0
59748 5779 0
40548 24979 0
15972 49555 0
46692 18835 0
47716 17811 0
31332 34195 0
55908 9619 0
48228 17299 0
22436 10331 0
38820 10331 0
14244 18523 0
38820 18523 0
14244 34907 0
22436 34907 0
26532 6235 0
42916 6235 0
42916 18523 0
26532 34907 0
51108 6235 0
51108 10331 0
42916 20571 0
26532 36955 0
51108 12379 0
38820 24667 0
22436 41051 0
14244 49243 0
23460 9307 0
39844 9307 0
15268 17499 0
39844 17499 0
15268 33883 0
23460 33883 0
27556 5211 0
43940 5211 0
43940 17499 0
27556 33883 0
52132 5211 0
52132 9307 0
43940 20571 0
27556 36955 0
52132 12379 0
39844 24667 0
23460 41051 0
15268 49243 0
29604 3163 0
45988 3163 0
45988 17499 0
29604 33883 0
54180 3163 0
54180 9307 0
45988 18523 0
29604 34907 0
54180 10331 0
58276 3163 0
58276 5211 0
58276 6235 0
43940 21531 0
27556 37915 0
52132 13339 0
39844 25627 0
23460 42011 0
15268 50203 0
45988 19483 0
29604 35867 0
54180 11291 0
58276 7195 0
42916 22555 0
26532 38939 0
51108 14363 0
38820 26651 0
22436 43035 0
14244 51227 0
23972 8795 0
40356 8795 0
15780 16987 0
40356 16987 0
15780 33371 0
23972 33371 0
44452 16987 1
28068 33371 1
52644 8795 1
44452 20571 1
28068 36955 1
52644 12379 1
40356 24667 0
23972 41051 0
15780 49243 0
30116 2651 0
46500 2651 0
46500 16987 0
30116 33371 0
54692 2651 0
54692 8795 0
46500 18523 0
30116 34907 0
54692 10331 0
58788 2651 1
58788 6235 1
44452 21019 1
28068 37403 1
52644 12827 1
40356 25115 0
23972 41499 0
15780 49691 0
46500 18971 0
30116 35355 0
54692 10779 0
58788 6683 1
31140 1627 0
47524 1627 0
47524 16987 0
31140 33371 0
55716 1627 0
55716 8795 0
47524 17499 0
31140 33883 0
55716 9307 0
59812 1627 1
59812 5211 1
47524 17947 0
31140 34331 0
55716 9755 0
59812 5659 1
43940 21579 0
27556 37963 0
52132 13387 0
39844 25675 0
23460 42059 0
15268 50251 0
45988 19531 0
29604 35915 0
54180 11339 0
58276 7243 0
42916 22603 0
26532 38987 0
51108 14411 0
38820 26699 0
22436 43083 0
14244 51275 0
40356 25163 0
23972 41547 0
15780 49739 0
46500 19019 0
30116 35403 0
54692 10827 0
47524 17995 0
31140 34379 0
55716 9803 0
24228 8539 0
40612 8539 0
16036 16731 0
40612 16731 0
16036 33115 0
24228 33115 0
44708 16731 1
28324 33115 1
52900 8539 1
44708 20571 1
28324 36955 1
52900 12379 1
40612 24667 0
24228 41051 0
16036 49243 0
30372 2395 0
46756 2395 0
46756 16731 0
30372 33115 0
54948 2395 0
54948 8539 0
46756 18523 0
30372 34907 0
54948 10331 0
59044 2395 1
59044 6235 1
40612 24859 0
24228 41243 0
16036 49435 0
46756 18715 0
30372 35099 0
54948 10523 0
31396 1371 0
47780 1371 0
47780 16731 0
31396 33115 0
55972 1371 0
55972 8539 0
47780 17499 0
31396 33883 0
55972 9307 0
60068 1371 1
60068 5211 1
47780 17691 0
31396 34075 0
55972 9499 0
44708 20811 1
28324 37195 1
52900 12619 1
40612 24907 0
24228 41291 0
16036 49483 0
46756 18763 0
30372 35147 0
54948 10571 0
59044 6475 1
47780 17739 0
31396 34123 0
55972 9547 0
60068 5451 1
31908 859 0
48292 859 0
48292 16731 0
31908 33115 0
56484 859 0
56484 8539 0
48292 16987 0
31908 33371 0
56484 8795 0
60580 859 1
48292 17179 0
31908 33563 0
56484 8987 0
48292 17227 0
31908 33611 0
56484 9035 0
43940 21587 0
27556 37971 0
52132 13395 0
39844 25683 0
23460 42067 0
15268 50259 0
45988 19539 0
29604 35923 0
54180 11347 0
58276 7251 0
42916 22611 0
26532 38995 0
51108 14419 0
38820 26707 0
22436 43091 0
14244 51283 0
44452 21075 1
28068 37459 1
52644 12883 1
40356 25171 0
23972 41555 0
15780 49747 0
46500 19027 0
30116 35411 0
54692 10835 0
58788 6739 1
47524 18003 0
31140 34387 0
55716 9811 0
59812 5715 1
40612 24915 0
24228 41299 0
16036 49491 0
46756 18771 0
30372 35155 0
54948 10579 0
47780 17747 0
31396 34131 0
55972 9555 0
48292 17235 0
31908 33619 0
56484 9043 0
30500 2267 1
46884 2267 0
46884 16603 0
30500 32987 1
55076 2267 0
55076 8411 0
46884 18523 0
30500 34907 1
55076 10331 0
59172 2267 0
59172 4315 0
59172 6235 0
46884 18587 0
55076 10395 0
59172 6299 0
31524 1243 0
47908 1243 0
47908 16603 0
31524 32987 0
56100 1243 0
56100 8411 0
47908 17499 0
31524 33883 0
56100 9307 0
60196 1243 0
60196 4315 0
60196 5211 0
47908 17563 0
31524 33947 0
56100 9371 0
60196 5275 0
46884 18635 0
55076 10443 0
59172 6347 0
47908 17611 0
31524 33995 0
56100 9419 0
60196 5323 0
32036 731 0
48420 731 0
48420 16603 0
32036 32987 0
56612 731 0
56612 8411 0
48420 16987 0
32036 33371 0
56612 8795 0
60708 731 1
60708 4315 1
48420 17051 0
32036 33435 0
56612 8859 0
60708 4763 1
48420 17099 0
32036 33483 0
56612 8907 0
46884 18643 0
30500 35027 1
55076 10451 0
59172 6355 0
47908 17619 0
31524 34003 0
56100 9427 0
60196 5331 0
48420 17107 0
32036 33491 0
56612 8915 0
60708 4819 1
32292 475 0
48676 475 0
48676 16603 0
32292 32987 0
56868 475 0
56868 8411 0
48676 16731 0
32292 33115 0
56868 8539 0
60964 475 1
60964 4315 1
48676 16795 0
32292 33179 0
56868 8603 0
48676 16843 0
32292 33227 0
56868 8651 0
60964 4555 1
48676 16851 0
32292 33235 0
56868 8659 0
39652 25881 0
23268 42265 0
15076 50457 0
45796 19737 0
29412 36121 0
53988 11545 0
38628 26905 0
14052 51481 0
7908 57625 0
40164 25369 0
15588 49945 0
46308 19225 0
47332 18201 0
30948 34585 0
55524 10009 0
43492 22041 0
27108 38425 0
51684 13849 0
39396 26137 0
23012 42521 0
14820 50713 0
45540 19993 0
29156 36377 0
53732 11801 0
57828 7705 0
42468 23065 0
38372 27161 0
13796 51737 0
36324 29209 0
11748 53785 0
7652 57881 0
41956 23577 0
25572 39961 0
50148 15385 0
37860 27673 0
21476 44057 0
13284 52249 0
35812 29721 0
19428 46105 0
11236 54297 0
7140 58393 0
34788 30745 0
10212 55321 0
6116 59417 0
43876 21657 0
27492 38041 0
52068 13465 0
39780 25753 0
23396 42137 0
15204 50329 0
45924 19609 0
54116 11417 0
58212 7321 0
42852 22681 0
38756 26777 0
44388 21145 0
40292 25241 0
15716 49817 0
46436 19097 0
47460 18073 0
31076 34457 0
55652 9881 0
59748 5785 0
40548 24985 0
15972 49561 0
46692 18841 0
47716 17817 0
31332 34201 0
55908 9625 0
48228 17305 0
43940 21593 0
27556 37977 0
52132 13401 0
39844 25689 0
23460 42073 0
15268 50265 0
45988 19545 0
29604 35929 0
54180 11353 0
58276 7257 0
42916 22617 0
26532 39001 0
51108 14425 0
38820 26713 0
22436 43097 0
14244 51289 0
40356 25177 0
23972 41561 0
15780 49753 0
46500 19033 0
30116 35417 0
54692 10841 0
47524 18009 0
31140 34393 0
55716 9817 0
40612 24921 0
24228 41305 0
16036 49497 0
46756 18777 0
30372 35161 0
54948 10585 0
47780 17753 0
31396 34137 0
55972 9561 0
48292 17241 0
31908 33625 0
56484 9049 0
46884 18649 0
55076 10457 0
59172 6361 0
47908 17625 0
31524 34009 0
56100 9433 0
60196 5337 0
48420 17113 0
32036 33497 0
56612 8921 0
48676 16857 0
32292 33241 0
56868 8665 0
38852 10299 0
14276 18491 0
38852 18491 0
14276 34875 0
42948 6203 0
42948 18491 0
42948 20539 0
38852 24635 0
14276 49211 0
23492 9275 1
39876 9275 0
15300 17467 1
39876 17467 0
27588 5179 1
43972 5179 0
43972 17467 0
52164 5179 0
52164 9275 0
43972 20539 0
27588 36923 1
52164 12347 0
39876 24635 0
23492 41019 1
15300 49211 1
29636 3131 1
46020 3131 0
46020 17467 0
54212 3131 0
54212 9275 0
46020 18491 0
29636 34875 1
54212 10299 0
58308 3131 0
58308 5179 0
58308 6203 0
43972 21531 0
27588 37915 1
52164 13339 0
39876 25627 0
23492 42011 1
15300 50203 1
46020 19483 0
29636 35867 1
54212 11291 0
58308 7195 0
42948 22555 0
38852 26651 0
14276 51227 0
15812 16955 0
40388 16955 1
15812 33339 0
44484 4667 0
44484 16955 0
44484 20539 0
40388 24635 1
15812 49211 0
46532 2619 0
46532 16955 0
46532 18491 0
44484 21019 0
40388 25115 1
15812 49691 0
46532 18971 0
31172 1595 1
47556 1595 0
47556 16955 0
31172 33339 1
55748 1595 1
47556 17467 0
55748 9275 1
59844 1595 0
59844 4667 0
59844 5179 0
47556 17947 0
31172 34331 1
55748 9755 1
59844 5659 0
43972 21547 0
52164 13355 0
39876 25643 0
46020 19499 0
54212 11307 0
58308 7211 0
42948 22571 0
38852 26667 0
14276 51243 0
44484 21035 0
15812 49707 0
46532 18987 0
47556 17963 0
59844 5675 0
40644 8507 0
16068 16699 0
40644 16699 0
16068 33083 0
44740 16699 1
44740 20539 1
40644 24635 0
16068 49211 0
46788 2363 0
46788 16699 0
46788 18491 0
40644 24859 0
16068 49435 0
46788 18715 0
31428 1339 1
47812 1339 0
47812 16699 0
31428 33083 1
56004 1339 0
56004 8507 0
47812 17467 0
56004 9275 0
60100 1339 1
60100 5179 1
47812 17691 0
31428 34075 1
56004 9499 0
44740 20779 1
40644 24875 0
16068 49451 0
46788 18731 0
47812 17707 0
56004 9515 0
60100 5419 1
48324 827 0
48324 16699 0
48324 16955 0
48324 17179 0
48324 17195 0
43972 21555 0
52164 13363 0
39876 25651 0
46020 19507 0
54212 11315 0
58308 7219 0
42948 22579 0
38852 26675 0
14276 51251 0
44484 21043 0
15812 49715 0
46532 18995 0
47556 17971 0
59844 5683 0
40644 24883 0
16068 49459 0
46788 18739 0
47812 17715 0
56004 9523 0
48324 17203 0
46916 2235 0
46916 16571 0
46916 18491 0
46916 18587 0
31556 1211 1
47940 1211 0
47940 16571 0
31556 32955 1
56132 1211 0
56132 8379 0
47940 17467 0
56132 9275 0
60228 1211 0
60228 4283 0
60228 5179 0
47940 17563 0
31556 33947 1
56132 9371 0
60228 5275 0
46916 18603 0
47940 17579 0
56132 9387 0
60228 5291 0
48452 699 0
48452 16571 0
48452 16955 0
48452 17051 0
48452 17067 0
46916 18611 0
47940 17587 0
56132 9395 0
60228 5299 0
48452 17075 0
48708 443 0
48708 16571 0
48708 16699 0
48708 16795 0
48708 16811 0
48708 16819 0
43972 21561 0
52164 13369 0
39876 25657 0
46020 19513 0
54212 11321 0
58308 7225 0
42948 22585 0
38852 26681 0
14276 51257 0
44484 21049 0
40388 25145 1
15812 49721 0
46532 19001 0
47556 17977 0
55748 9785 1
59844 5689 0
40644 24889 0
16068 49465 0
46788 18745 0
47812 17721 0
56004 9529 0
48324 17209 0
46916 18617 0
47940 17593 0
56132 9401 0
60228 5305 0
48452 17081 0
48708 16825 0
30596 2171 0
46980 2171 0
46980 16507 0
30596 32891 0
55172 2171 0
55172 8315 0
46980 18491 0
30596 34875 0
55172 10299 0
59268 2171 0
59268 4219 0
59268 6203 0
46980 18523 0
30596 34907 0
55172 10331 0
59268 6235 0
31620 1147 1
48004 1147 0
48004 16507 0
31620 32891 1
56196 1147 0
56196 8315 0
48004 17467 0
56196 9275 0
60292 1147 0
60292 4219 0
60292 5179 0
48004 17499 0
31620 33883 1
56196 9307 0
60292 5211 0
46980 18539 0
30596 34923 0
55172 10347 0
59268 6251 0
48004 17515 0
56196 9323 0
60292 5227 0
32132 635 0
48516 635 0
48516 16507 0
32132 32891 0
56708 635 1
56708 8315 1
48516 16955 0
32132 33339 0
60804 635 1
60804 4219 1
60804 4667 1
48516 16987 0
32132 33371 0
56708 8795 1
48516 17003 0
32132 33387 0
46980 18547 0
30596 34931 0
55172 10355 0
59268 6259 0
48004 17523 0
56196 9331 0
60292 5235 0
48516 17011 0
32132 33395 0
60804 4723 1
32388 379 0
48772 379 0
48772 16507 0
32388 32891 0
56964 379 0
56964 8315 0
48772 16699 0
32388 33083 0
56964 8507 0
61060 379 1
61060 4219 1
48772 16731 0
32388 33115 0
56964 8539 0
48772 16747 0
32388 33131 0
56964 8555 0
61060 4459 1
48772 16755 0
32388 33139 0
56964 8563 0
46980 18553 0
30596 34937 0
55172 10361 0
59268 6265 0
48004 17529 0
56196 9337 0
60292 5241 0
48516 17017 0
32132 33401 0
56708 8825 1
48772 16761 0
32388 33145 0
56964 8569 0
27308 38226 1
23212 42322 0
15020 50514 0
45740 19794 0
29356 36178 0
53932 11602 0
58028 7506 1
42668 22866 1
26284 39250 1
50860 14674 1
38572 26962 0
22188 43346 0
13996 51538 0
20140 45394 1
11948 53586 1
7852 57682 0
27820 37714 1
23724 41810 0
15532 50002 0
46252 19282 0
29868 35666 0
54444 11090 0
58540 6994 1
30892 34642 0
27052 38482 0
22956 42578 0
14764 50770 0
45484 20050 0
29100 36434 0
53676 11858 0
57772 7762 0
42412 23122 0
26028 39506 0
50604 14930 0
38316 27218 0
21932 43602 0
13740 51794 0
19884 45650 0
11692 53842 0
7596 57938 0
41900 23634 0
25516 40018 0
50092 15442 0
37804 27730 0
21420 44114 0
13228 52306 0
19372 46162 0
11180 54354 0
7084 58450 0
34732 30802 0
18348 47186 0
10156 55378 0
6060 59474 0
43820 21714 0
27436 38098 0
52012 13522 0
39724 25810 0
23340 42194 0
15148 50386 0
45868 19666 0
29484 36050 0
54060 11474 0
58156 7378 0
42796 22738 0
26412 39122 0
50988 14546 0
38700 26834 0
22316 43218 0
14124 51410 0
44332 21202 0
27948 37586 0
52524 13010 0
40236 25298 0
23852 41682 0
15660 49874 0
46380 19154 0
29996 35538 0
54572 10962 0
58668 6866 0
47404 18130 0
31020 34514 0
55596 9938 0
59692 5842 0
44588 20946 1
28204 37330 1
52780 12754 1
40492 25042 0
24108 41426 0
15916 49618 0
46636 18898 0
30252 35282 0
54828 10706 0
58924 6610 1
47660 17874 0
31276 34258 0
55852 9682 0
59948 5586 1
48172 17362 0
31788 33746 0
56364 9170 0
60460 5074 1
43628 21906 1
27244 38290 1
51820 13714 1
57964 7570 1
42604 22930 1
36460 29074 1
11884 53650 1
44140 21394 1
40044 25490 0
15468 50066 0
46188 19346 0
47212 18322 0
30828 34706 0
55404 10130 0
59500 6034 1
43372 22162 0
26988 38546 0
51564 13970 0
39276 26258 0
22892 42642 0
14700 50834 0
45420 20114 0
29036 36498 0
53612 11922 0
57708 7826 0
42348 23186 0
38252 27282 0
13676 51858 0
36204 29330 0
11628 53906 0
7532 58002 0
41836 23698 0
25452 40082 0
50028 15506 0
35692 29842 0
19308 46226 0
11116 54418 0
34668 30866 0
10092 55442 0
26860 38674 1
22764 42770 0
14572 50962 0
42220 23314 1
38124 27410 0
13548 51986 0
11500 54034 1
7404 58130 0
41708 23826 1
25324 40210 1
49900 15634 1
19180 46354 1
10988 54546 1
34540 30994 1
9964 55570 1
41452 24082 0
25068 40466 0
49644 15890 0
37356 28178 0
20972 44562 0
12780 52754 0
18924 46610 0
10732 54802 0
6636 58898 0
34284 31250 0
9708 55826 0
5612 59922 0
33772 31762 0
17388 48146 0
9196 56338 0
27340 38194 1
58060 7474 1
42700 22834 1
11980 53554 1
15564 49970 0
46284 19250 0
30924 34610 1
27084 38450 1
14796 50738 1
45516 20018 0
29132 36402 1
57804 7730 0
42444 23090 0
13772 51762 0
11724 53810 0
41932 23602 0
25548 39986 1
50124 15410 0
19404 46130 1
11212 54322 1
34764 30770 0
10188 55346 0
43852 21682 0
27468 38066 1
52044 13490 0
58188 7346 0
42828 22706 0
44364 21170 0
15692 49842 0
46412 19122 0
47436 18098 0
31052 34482 1
59724 5810 0
44620 20914 1
59980 5554 1
48204 17330 0
27532 38002 1
23436 42098 1
15244 50290 1
45964 19570 0
29580 35954 1
54156 11378 0
58252 7282 0
42892 22642 0
26508 39026 0
51084 14450 0
38796 26738 0
22412 43122 0
14220 51314 0
28044 37490 0
15756 49778 0
46476 19058 0
30092 35442 0
58764 6770 0
31116 34418 1
28300 37234 1
24204 41330 0
16012 49522 0
46732 18802 0
30348 35186 0
54924 10610 0
59020 6514 1
31372 34162 1
31884 33650 0
27292 38242 1
23196 42338 1
15004 50530 1
45724 19810 0
29340 36194 1
53916 11618 0
58012 7522 0
42652 22882 0
26268 39266 0
50844 14690 0
38556 26978 0
22172 43362 0
13980 51554 0
20124 45410 0
11932 53602 0
7836 57698 0
27804 37730 0
15516 50018 0
46236 19298 0
29852 35682 0
58524 7010 0
30876 34658 1
27036 38498 1
14748 50786 1
45468 20066 0
29084 36450 1
57756 7778 0
42396 23138 0
26012 39522 0
13724 51810 0
11676 53858 0
41884 23650 0
25500 40034 1
50076 15458 0
37788 27746 0
21404 44130 1
13212 52322 1
19356 46178 1
11164 54370 1
7068 58466 1
34716 30818 0
18332 47202 0
10140 55394 0
6044 59490 0
43804 21730 0
27420 38114 1
51996 13538 0
39708 25826 0
23324 42210 1
15132 50402 1
45852 19682 0
29468 36066 1
54044 11490 0
58140 7394 0
42780 22754 0
26396 39138 0
50972 14562 0
38684 26850 0
22300 43234 0
14108 51426 0
44316 21218 0
27932 37602 0
15644 49890 0
46364 19170 0
29980 35554 0
58652 6882 0
47388 18146 0
31004 34530 1
59676 5858 0
44572 20962 0
28188 37346 0
52764 12770 0
40476 25058 0
24092 41442 0
15900 49634 0
46620 18914 0
30236 35298 0
54812 10722 0
58908 6626 0
47644 17890 0
31260 34274 1
55836 9698 0
59932 5602 0
48156 17378 0
31772 33762 0
60444 5090 0
43612 21922 0
27228 38306 1
51804 13730 0
57948 7586 0
42588 22946 0
36444 29090 0
11868 53666 0
44124 21410 0
15452 50082 0
46172 19362 0
47196 18338 0
30812 34722 1
59484 6050 0
43356 22178 0
26972 38562 1
14684 50850 1
45404 20130 0
29020 36514 1
57692 7842 0
42332 23202 0
13660 51874 0
11612 53922 0
41820 23714 0
25436 40098 1
50012 15522 0
35676 29858 0
19292 46242 1
11100 54434 1
34652 30882 0
10076 55458 0
26844 38690 1
14556 50978 1
42204 23330 0
13532 52002 0
11484 54050 0
41692 23842 0
25308 40226 1
49884 15650 0
19164 46370 1
10972 54562 1
34524 31010 0
9948 55586 0
41436 24098 0
25052 40482 1
12764 52770 1
10716 54818 1
9692 55842 0
33756 31778 0
17372 48162 1
9180 56354 1
43580 21954 0
27196 38338 0
51772 13762 0
39484 26050 0
23100 42434 0
14908 50626 0
45628 19906 0
29244 36290 0
53820 11714 0
57916 7618 0
42556 22978 0
26172 39362 0
50748 14786 0
38460 27074 0
22076 43458 0
13884 51650 0
36412 29122 0
20028 45506 0
11836 53698 0
7740 57794 0
44092 21442 0
27708 37826 0
52284 13250 0
39996 25538 0
23612 41922 0
15420 50114 0
46140 19394 0
29756 35778 0
54332 11202 0
58428 7106 0
47164 18370 0
30780 34754 0
55356 10178 0
59452 6082 0
43324 22210 0
26940 38594 0
51516 14018 0
39228 26306 0
22844 42690 0
14652 50882 0
45372 20162 0
28988 36546 0
53564 11970 0
57660 7874 0
42300 23234 0
25916 39618 0
50492 15042 0
38204 27330 0
21820 43714 0
13628 51906 0
36156 29378 0
19772 45762 0
11580 53954 0
7484 58050 0
41788 23746 0
25404 40130 0
49980 15554 0
37692 27842 0
21308 44226 0
13116 52418 0
35644 29890 0
19260 46274 0
11068 54466 0
6972 58562 0
34620 30914 0
18236 47298 0
10044 55490 0
5948 59586 0
26812 38722 0
22716 42818 0
14524 51010 0
42172 23362 0
25788 39746 0
50364 15170 0
38076 27458 0
21692 43842 0
13500 52034 0
19644 45890 0
11452 54082 0
7356 58178 0
41660 23874 0
25276 40258 0
49852 15682 0
37564 27970 0
21180 44354 0
12988 52546 0
19132 46402 0
10940 54594 0
6844 58690 0
34492 31042 0
18108 47426 0
9916 55618 0
5820 59714 0
41404 24130 0
25020 40514 0
49596 15938 0
37308 28226 0
20924 44610 0
12732 52802 0
18876 46658 0
10684 54850 0
6588 58946 0
34236 31298 0
17852 47682 0
9660 55874 0
5564 59970 0
33724 31810 0
17340 48194 0
9148 56386 0
5052 60482 0
43132 22402 0
26748 38786 0
51324 14210 0
39036 26498 0
22652 42882 0
14460 51074 0
42108 23426 0
38012 27522 0
13436 52098 0
35964 29570 0
11388 54146 0
7292 58242 0
41596 23938 0
25212 40322 0
49788 15746 0
35452 30082 0
19068 46466 0
10876 54658 0
34428 31106 0
9852 55682 0
41340 24194 0
24956 40578 0
49532 16002 0
37244 28290 0
20860 44674 0
12668 52866 0
35196 30338 0
18812 46722 0
10620 54914 0
6524 59010 0
34172 31362 0
9596 55938 0
5500 60034 0
33660 31874 0
17276 48258 0
9084 56450 0
43700 21834 0
27316 38218 0
51892 13642 0
39604 25930 0
23220 42314 0
15028 50506 0
45748 19786 0
29364 36170 0
53940 11594 0
58036 7498 0
42676 22858 0
26292 39242 0
50868 14666 0
38580 26954 0
22196 43338 0
14004 51530 0
36532 29002 0
20148 45386 0
11956 53578 0
7860 57674 0
40116 25418 0
23732 41802 0
15540 49994 0
46260 19274 0
29876 35658 0
54452 11082 0
47284 18250 0
30900 34634 0
55476 10058 0
39348 26186 0
22964 42570 0
14772 50762 0
45492 20042 0
29108 36426 0
53684 11850 0
38324 27210 0
21940 43594 0
13748 51786 0
7604 57930 0
41908 23626 0
25524 40010 0
50100 15434 0
37812 27722 0
21428 44106 0
13236 52298 0
35764 29770 0
19380 46154 0
11188 54346 0
7092 58442 0
34740 30794 0
18356 47178 0
10164 55370 0
6068 59466 0
43828 21706 0
27444 38090 0
52020 13514 0
39732 25802 0
23348 42186 0
15156 50378 0
45876 19658 0
54068 11466 0
58164 7370 0
42804 22730 0
50996 14538 0
38708 26826 0
40244 25290 0
23860 41674 0
15668 49866 0
46388 19146 0
54580 10954 0
47412 18122 0
31028 34506 0
55604 9930 0
44596 20938 0
28212 37322 0
52788 12746 0
40500 25034 0
24116 41418 0
15924 49610 0
46644 18890 0
54836 10698 0
58932 6602 0
47668 17866 0
31284 34250 0
55860 9674 0
59956 5578 0
48180 17354 0
31796 33738 0
56372 9162 0
43636 21898 0
27252 38282 0
51828 13706 0
39540 25994 0
23156 42378 0
14964 50570 0
45684 19850 0
53876 11658 0
57972 7562 0
42612 22922 0
38516 27018 0
36468 29066 0
11892 53642 0
7796 57738 0
44148 21386 0
40052 25482 0
15476 50058 0
46196 19338 0
47220 18314 0
30836 34698 0
55412 10122 0
59508 6026 0
43380 22154 0
26996 38538 0
51572 13962 0
39284 26250 0
22900 42634 0
14708 50826 0
45428 20106 0
53620 11914 0
57716 7818 0
42356 23178 0
38260 27274 0
36212 29322 0
11636 53898 0
7540 57994 0
41844 23690 0
50036 15498 0
37748 27786 0
35700 29834 0
19316 46218 0
11124 54410 0
7028 58506 0
34676 30858 0
43732 21802 0
27348 38186 1
51924 13610 0
39636 25898 0
23252 42282 1
15060 50474 1
45780 19754 0
29396 36138 1
53972 11562 0
58068 7466 0
42708 22826 0
38612 26922 0
14036 51498 0
36564 28970 0
11988 53546 0
7892 57642 0
44244 21290 0
15572 49962 0
46292 19242 0
47316 18218 0
30932 34602 1
59604 5930 0
43476 22058 0
27092 38442 1
14804 50730 1
45524 20010 0
29140 36394 1
57812 7722 0
42452 23082 0
13780 51754 0
11732 53802 0
41940 23594 0
25556 39978 1
50132 15402 0
37844 27690 0
21460 44074 1
13268 52266 1
35796 29738 0
19412 46122 1
11220 54314 1
7124 58410 1
34772 30762 0
10196 55338 0
6100 59434 0
43860 21674 0
27476 38058 1
52052 13482 0
39764 25770 0
23380 42154 1
15188 50346 1
45908 19626 0
54100 11434 0
58196 7338 0
42836 22698 0
38740 26794 0
44372 21162 0
15700 49834 0
46420 19114 0
47444 18090 0
31060 34474 1
59732 5802 0
44628 20906 0
40532 25002 0
15956 49578 0
46676 18858 0
47700 17834 0
31316 34218 1
55892 9642 0
59988 5546 0
48212 17322 0
43924 21610 0
27540 37994 1
52116 13418 0
39828 25706 0
23444 42090 1
15252 50282 1
45972 19562 0
29588 35946 1
54164 11370 0
58260 7274 0
42900 22634 0
26516 39018 0
51092 14442 0
38804 26730 0
22420 43114 0
14228 51306 0
15764 49770 0
46484 19050 0
30100 35434 0
47508 18026 0
31124 34410 1
44692 20842 0
28308 37226 0
52884 12650 0
40596 24938 0
24212 41322 0
16020 49514 0
46740 18794 0
30356 35178 0
54932 10602 0
59028 6506 0
47764 17770 0
31380 34154 1
55956 9578 0
60052 5482 0
48276 17258 0
31892 33642 0
46868 18666 0
55060 10474 0
59156 6378 0
47892 17642 0
31508 34026 1
56084 9450 0
60180 5354 0
48404 17130 0
32020 33514 0
48660 16874 0
32276 33258 0
56852 8682 0
60948 4586 0
43748 21786 1
27364 38170 1
51940 13594 1
39652 25882 0
23268 42266 0
15076 50458 0
45796 19738 0
29412 36122 0
53988 11546 0
58084 7450 1
42724 22810 1
38628 26906 0
14052 51482 0
36580 28954 1
12004 53530 1
7908 57626 0
44260 21274 1
40164 25370 0
15588 49946 0
46308 19226 0
47332 18202 0
30948 34586 0
55524 10010 0
59620 5914 1
43492 22042 0
27108 38426 0
51684 13850 0
39396 26138 0
23012 42522 0
14820 50714 0
45540 19994 0
29156 36378 0
53732 11802 0
57828 7706 0
42468 23066 0
38372 27162 0
13796 51738 0
36324 29210 0
11748 53786 0
7652 57882 0
41956 23578 0
25572 39962 0
50148 15386 0
37860 27674 0
21476 44058 0
13284 52250 0
35812 29722 0
19428 46106 0
11236 54298 0
7140 58394 0
34788 30746 0
10212 55322 0
6116 59418 0
43876 21658 0
27492 38042 0
52068 13466 0
39780 25754 0
23396 42138 0
15204 50330 0
45924 19610 0
54116 11418 0
58212 7322 0
42852 22682 0
38756 26778 0
44388 21146 0
40292 25242 0
15716 49818 0
46436 19098 0
47460 18074 0
31076 34458 0
55652 9882 0
59748 5786 0
44644 20890 1
40548 24986 0
15972 49562 0
46692 18842 0
47716 17818 0
31332 34202 0
55908 9626 0
60004 5530 1
48228 17306 0
43940 21594 0
27556 37978 0
52132 13402 0
39844 25690 0
23460 42074 0
15268 50266 0
45988 19546 0
29604 35930 0
54180 11354 0
58276 7258 0
42916 22618 0
26532 39002 0
51108 14426 0
38820 26714 0
22436 43098 0
14244 51290 0
40356 25178 0
23972 41562 0
15780 49754 0
46500 19034 0
30116 35418 0
54692 10842 0
47524 18010 0
31140 34394 0
55716 9818 0
44708 20826 1
28324 37210 1
52900 12634 1
40612 24922 0
24228 41306 0
16036 49498 0
46756 18778 0
30372 35162 0
54948 10586 0
59044 6490 1
47780 17754 0
31396 34138 0
55972 9562 0
60068 5466 1
48292 17242 0
31908 33626 0
56484 9050 0
46884 18650 0
55076 10458 0
59172 6362 0
47908 17626 0
31524 34010 0
56100 9434 0
60196 5338 0
48420 17114 0
32036 33498 0
56612 8922 0
48676 16858 0
32292 33242 0
56868 8666 0
60964 4570 1
43972 21562 0
27588 37946 1
52164 13370 0
39876 25658 0
23492 42042 1
15300 50234 1
46020 19514 0
29636 35898 1
54212 11322 0
58308 7226 0
42948 22586 0
38852 26682 0
14276 51258 0
44484 21050 0
15812 49722 0
46532 19002 0
47556 17978 0
31172 34362 1
59844 5690 0
44740 20794 1
40644 24890 0
16068 49466 0
46788 18746 0
47812 17722 0
31428 34106 1
56004 9530 0
60100 5434 1
48324 17210 0
46916 18618 0
47940 17594 0
31556 33978 1
56132 9402 0
60228 5306 0
48452 17082 0
48708 16826 0
46980 18554 0
30596 34938 0
55172 10362 0
59268 6266 0
48004 17530 0
31620 33914 1
56196 9338 0
60292 5242 0
48516 17018 0
32132 33402 0
48772 16762 0
32388 33146 0
56964 8570 0
61060 4474 1
21880 10887 0
38264 10887 0
13688 19079 0
38264 19079 0
13688 35463 0
21880 35463 0
25976 6791 0
42360 6791 0
42360 19079 0
25976 35463 0
50552 6791 0
50552 10887 0
19832 12935 0
36216 12935 0
11640 21127 0
36216 21127 0
11640 37511 0
19832 37511 0
42360 21127 0
25976 37511 0
50552 12935 0
7544 25223 0
36216 25223 0
7544 41607 0
19832 41607 0
38264 25223 0
21880 41607 0
7544 49799 0
11640 49799 0
13688 49799 0
22904 9863 0
39288 9863 0
14712 18055 0
39288 18055 0
14712 34439 0
22904 34439 0
27000 5767 0
43384 5767 0
43384 18055 0
27000 34439 0
51576 5767 0
51576 9863 0
43384 21127 0
27000 37511 0
51576 12935 0
39288 25223 0
22904 41607 0
14712 49799 0
29048 3719 0
45432 3719 0
45432 18055 0
29048 34439 0
53624 3719 0
53624 9863 0
45432 19079 0
29048 35463 0
53624 10887 0
57720 3719 0
57720 5767 0
57720 6791 0
25464 7303 0
41848 7303 0
41848 19591 0
25464 35975 0
50040 7303 0
50040 11399 0
19320 13447 0
35704 13447 0
11128 21639 0
35704 21639 0
11128 38023 0
19320 38023 0
41848 21639 0
25464 38023 0
50040 13447 0
35704 25735 0
19320 42119 0
11128 50311 0
43384 21639 0
27000 38023 0
51576 13447 0
39288 25735 0
22904 42119 0
14712 50311 0
45432 19591 0
29048 35975 0
53624 11399 0
57720 7303 0
18296 14471 0
34680 14471 0
10104 22663 0
34680 22663 0
10104 39047 0
18296 39047 0
41848 22663 0
25464 39047 0
50040 14471 0
34680 26759 0
18296 43143 0
10104 51335 0
42360 22663 0
25976 39047 0
50552 14471 0
38264 26759 0
21880 43143 0
13688 51335 0
34680 28807 0
18296 45191 0
35704 28807 0
19320 45191 0
10104 53383 0
11128 53383 0
36216 28807 0
19832 45191 0
11640 53383 0
7544 57479 0
26232 6535 0
42616 6535 0
42616 18823 0
26232 35207 0
50808 6535 0
50808 10631 0
20088 12679 0
36472 12679 0
11896 20871 0
36472 20871 0
11896 37255 0
20088 37255 0
42616 20871 0
26232 37255 0
50808 12679 0
36472 24967 0
20088 41351 0
11896 49543 0
27256 5511 0
43640 5511 0
43640 17799 0
27256 34183 0
51832 5511 0
51832 9607 0
43640 20871 0
27256 37255 0
51832 12679 0
57976 3463 0
57976 5511 0
57976 6535 0
43640 21639 0
27256 38023 0
51832 13447 0
57976 7303 0
42616 22663 0
26232 39047 0
50808 14471 0
36472 28807 0
20088 45191 0
11896 53383 0
23672 9095 0
40056 9095 0
15480 17287 0
40056 17287 0
15480 33671 0
23672 33671 0
27768 4999 0
44152 4999 0
44152 17287 0
27768 33671 0
52344 4999 0
52344 9095 0
44152 20871 0
27768 37255 0
52344 12679 0
40056 24967 0
23672 41351 0
15480 49543 0
29816 2951 0
46200 2951 0
46200 17287 0
29816 33671 0
54392 2951 0
54392 9095 0
46200 18823 0
29816 35207 0
54392 10631 0
58488 2951 0
58488 4999 0
58488 6535 0
44152 21127 0
27768 37511 0
52344 12935 0
40056 25223 0
23672 41607 0
15480 49799 0
46200 19079 0
29816 35463 0
54392 10887 0
58488 6791 0
30840 1927 0
47224 1927 0
47224 17287 0
30840 33671 0
55416 1927 0
55416 9095 0
47224 17799 0
30840 34183 0
55416 9607 0
59512 1927 0
59512 4999 0
59512 5511 0
47224 18055 0
30840 34439 0
55416 9863 0
59512 5767 0
43640 21767 0
27256 38151 0
51832 13575 0
57976 7431 0
42616 22791 0
26232 39175 0
50808 14599 0
36472 28935 0
20088 45319 0
11896 53511 0
44152 21255 0
27768 37639 0
52344 13063 0
40056 25351 0
23672 41735 0
15480 49927 0
46200 19207 0
29816 35591 0
54392 11015 0
58488 6919 0
47224 18183 0
30840 34567 0
55416 9991 0
59512 5895 0
43384 22023 0
27000 38407 0
51576 13831 0
39288 26119 0
22904 42503 0
14712 50695 0
45432 19975 0
29048 36359 0
53624 11783 0
57720 7687 0
42360 23047 0
25976 39431 0
50552 14855 0
38264 27143 0
21880 43527 0
13688 51719 0
36216 29191 0
19832 45575 0
11640 53767 0
7544 57863 0
41848 23559 0
25464 39943 0
50040 15367 0
35704 29703 0
19320 46087 0
11128 54279 0
34680 30727 0
18296 47111 0
10104 55303 0
21944 10823 0
38328 10823 0
13752 19015 0
38328 19015 0
13752 35399 0
21944 35399 0
26040 6727 0
42424 6727 0
42424 19015 0
26040 35399 0
50616 6727 0
50616 10823 0
19896 12871 0
11704 21063 0
11704 37447 0
19896 37447 0
42424 21063 0
26040 37447 0
50616 12871 0
7608 25159 0
7608 41543 0
19896 41543 0
38328 25159 0
21944 41543 0
7608 49735 0
11704 49735 0
13752 49735 0
22968 9799 0
14776 34375 1
22968 34375 0
27064 5703 0
27064 34375 0
27064 37447 0
22968 41543 0
14776 49735 1
29112 3655 0
45496 3655 1
29112 34375 0
53688 3655 0
53688 9799 0
45496 19015 1
29112 35399 0
53688 10823 0
57784 3655 0
57784 5703 0
57784 6727 0
21432 11335 0
37816 11335 1
13240 35911 1
21432 35911 0
25528 7239 0
41912 7239 1
25528 35911 0
50104 7239 0
50104 11335 0
19384 13383 0
11192 37959 1
19384 37959 0
25528 37959 0
50104 13383 0
7096 42055 1
19384 42055 0
21432 42055 0
27064 37959 0
22968 42055 0
29112 35911 0
53688 11335 0
57784 7239 0
18360 14407 0
34744 14407 0
10168 22599 0
34744 22599 0
10168 38983 0
18360 38983 0
41912 22599 1
25528 38983 0
50104 14407 0
6072 26695 0
34744 26695 0
6072 43079 0
18360 43079 0
37816 26695 1
21432 43079 0
6072 51271 0
10168 51271 0
13240 51271 1
42424 22599 0
26040 38983 0
50616 14407 0
38328 26695 0
21944 43079 0
13752 51271 0
34744 28743 0
18360 45127 0
19384 45127 0
10168 53319 0
11192 53319 1
19896 45127 0
11704 53319 0
6072 57415 0
7096 57415 1
7608 57415 0
22200 10567 0
38584 10567 0
14008 18759 0
38584 18759 0
14008 35143 0
22200 35143 0
26296 6471 0
42680 6471 0
42680 18759 0
26296 35143 0
50872 6471 0
50872 10567 0
20152 12615 0
11960 20807 0
11960 37191 0
20152 37191 0
42680 20807 0
26296 37191 0
50872 12615 0
7864 24903 0
7864 41287 0
20152 41287 0
38584 24903 0
22200 41287 0
7864 49479 0
11960 49479 0
14008 49479 0
23224 9543 0
15032 34119 1
23224 34119 0
27320 5447 0
27320 34119 0
27320 37191 0
23224 41287 0
15032 49479 1
29368 3399 0
45752 3399 1
29368 34119 0
53944 3399 0
53944 9543 0
45752 18759 1
29368 35143 0
53944 10567 0
58040 3399 0
58040 5447 0
58040 6471 0
27320 37959 0
23224 42055 0
29368 35911 0
53944 11335 0
58040 7239 0
42680 22599 0
26296 38983 0
50872 14407 0
38584 26695 0
22200 43079 0
14008 51271 0
20152 45127 0
11960 53319 0
7864 57415 0
23736 9031 0
15544 17223 0
15544 33607 0
23736 33607 0
27832 4935 0
27832 33607 0
27832 37191 0
23736 41287 0
15544 49479 0
29880 2887 0
46264 2887 0
46264 17223 0
29880 33607 0
54456 2887 0
54456 9031 0
46264 18759 0
29880 35143 0
54456 10567 0
58552 2887 0
58552 4935 0
58552 6471 0
27832 37447 0
23736 41543 0
15544 49735 0
46264 19015 0
29880 35399 0
54456 10823 0
58552 6727 0
30904 1863 0
30904 33607 0
30904 34119 0
30904 34375 0
27320 38151 0
23224 42247 0
15032 50439 1
45752 19719 1
29368 36103 0
53944 11527 0
58040 7431 0
42680 22791 0
26296 39175 0
50872 14599 0
38584 26887 0
22200 43271 0
14008 51463 0
20152 45319 0
11960 53511 0
7864 57607 0
27832 37639 0
23736 41735 0
15544 49927 0
46264 19207 0
29880 35591 0
54456 11015 0
58552 6919 0
30904 34567 0
27064 38407 0
22968 42503 0
14776 50695 1
45496 19975 1
29112 36359 0
53688 11783 0
57784 7687 0
42424 23047 0
26040 39431 0
50616 14855 0
38328 27143 0
21944 43527 0
13752 51719 0
19896 45575 0
11704 53767 0
7608 57863 0
41912 23559 1
25528 39943 0
50104 15367 0
37816 27655 1
21432 44039 0
13240 52231 1
19384 46087 0
11192 54279 1
7096 58375 1
34744 30727 0
18360 47111 0
10168 55303 0
6072 59399 0
22328 10439 0
38712 10439 0
14136 18631 0
38712 18631 0
14136 35015 0
22328 35015 0
26424 6343 0
42808 6343 0
42808 18631 0
26424 35015 0
51000 6343 0
51000 10439 0
42808 20679 0
26424 37063 0
51000 12487 0
38712 24775 0
22328 41159 0
14136 49351 0
23352 9415 0
39736 9415 1
15160 33991 1
23352 33991 0
27448 5319 0
43832 5319 1
27448 33991 0
52024 5319 0
52024 9415 0
43832 20679 1
27448 37063 0
52024 12487 0
39736 24775 1
23352 41159 0
15160 49351 1
29496 3271 0
45880 3271 1
29496 33991 0
54072 3271 0
54072 9415 0
45880 18631 1
29496 35015 0
54072 10439 0
58168 3271 0
58168 5319 0
58168 6343 0
27448 37959 0
52024 13383 0
23352 42055 0
29496 35911 0
54072 11335 0
58168 7239 0
42808 22599 0
26424 38983 0
51000 14407 0
38712 26695 0
22328 43079 0
14136 51271 0
23864 8903 0
40248 8903 0
15672 17095 0
40248 17095 0
15672 33479 0
23864 33479 0
27960 4807 0
44344 4807 0
44344 17095 0
27960 33479 0
52536 4807 0
52536 8903 0
44344 20679 0
27960 37063 0
52536 12487 0
40248 24775 0
23864 41159 0
15672 49351 0
30008 2759 0
46392 2759 0
46392 17095 0
30008 33479 0
54584 2759 0
54584 8903 0
46392 18631 0
30008 35015 0
54584 10439 0
58680 2759 0
58680 4807 0
58680 6343 0
44344 21063 0
27960 37447 0
52536 12871 0
40248 25159 0
23864 41543 0
15672 49735 0
46392 19015 0
30008 35399 0
54584 10823 0
58680 6727 0
31032 1735 0
47416 1735 1
47416 17095 1
31032 33479 0
55608 1735 0
55608 8903 0
31032 33991 0
55608 9415 0
59704 1735 0
59704 4807 0
59704 5319 0
31032 34375 0
55608 9799 0
59704 5703 0
43832 21639 1
27448 38023 0
52024 13447 0
39736 25735 1
23352 42119 0
15160 50311 1
45880 19591 1
29496 35975 0
54072 11399 0
58168 7303 0
42808 22663 0
26424 39047 0
51000 14471 0
38712 26759 0
22328 43143 0
14136 51335 0
44344 21127 0
27960 37511 0
52536 12935 0
40248 25223 0
23864 41607 0
15672 49799 0
46392 19079 0
30008 35463 0
54584 10887 0
58680 6791 0
47416 18055 1
31032 34439 0
55608 9863 0
59704 5767 0
24120 8647 0
40504 8647 0
15928 16839 0
40504 16839 0
15928 33223 0
24120 33223 0
28216 4551 0
44600 4551 0
44600 16839 0
28216 33223 0
52792 4551 0
52792 8647 0
44600 20679 0
28216 37063 0
52792 12487 0
40504 24775 0
24120 41159 0
15928 49351 0
30264 2503 0
46648 2503 0
46648 16839 0
30264 33223 0
54840 2503 0
54840 8647 0
46648 18631 0
30264 35015 0
54840 10439 0
58936 2503 0
58936 4551 0
58936 6343 0
44600 20807 0
28216 37191 0
52792 12615 0
40504 24903 0
24120 41287 0
15928 49479 0
46648 18759 0
30264 35143 0
54840 10567 0
58936 6471 0
31288 1479 0
47672 1479 1
47672 16839 1
31288 33223 0
55864 1479 0
55864 8647 0
31288 33991 0
55864 9415 0
59960 1479 0
59960 4551 0
59960 5319 0
31288 34119 0
55864 9543 0
59960 5447 0
44600 20871 0
28216 37255 0
52792 12679 0
40504 24967 0
24120 41351 0
15928 49543 0
46648 18823 0
30264 35207 0
54840 10631 0
58936 6535 0
47672 17799 1
31288 34183 0
55864 9607 0
59960 5511 0
31800 967 0
48184 967 0
48184 16839 0
31800 33223 0
56376 967 0
56376 8647 0
48184 17095 0
31800 33479 0
56376 8903 0
60472 967 0
60472 4551 0
60472 4807 0
48184 17223 0
31800 33607 0
56376 9031 0
60472 4935 0
48184 17287 0
31800 33671 0
56376 9095 0
60472 4999 0
27320 38211 0
23224 42307 0
15032 50499 1
45752 19779 1
29368 36163 0
53944 11587 0
58040 7491 0
42680 22851 0
26296 39235 0
50872 14659 0
38584 26947 0
22200 43331 0
14008 51523 0
20152 45379 0
11960 53571 0
7864 57667 0
27832 37699 0
23736 41795 0
15544 49987 0
46264 19267 0
29880 35651 0
54456 11075 0
58552 6979 0
30904 34627 0
27064 38467 0
22968 42563 0
14776 50755 1
45496 20035 1
29112 36419 0
53688 11843 0
57784 7747 0
42424 23107 0
26040 39491 0
50616 14915 0
38328 27203 0
21944 43587 0
13752 51779 0
19896 45635 0
11704 53827 0
7608 57923 0
41912 23619 1
25528 40003 0
50104 15427 0
37816 27715 1
21432 44099 0
13240 52291 1
19384 46147 0
11192 54339 1
7096 58435 1
34744 30787 0
18360 47171 0
10168 55363 0
6072 59459 0
43832 21699 1
27448 38083 0
52024 13507 0
39736 25795 1
23352 42179 0
15160 50371 1
45880 19651 1
29496 36035 0
54072 11459 0
58168 7363 0
42808 22723 0
26424 39107 0
51000 14531 0
38712 26819 0
22328 43203 0
14136 51395 0
44344 21187 0
27960 37571 0
52536 12995 0
40248 25283 0
23864 41667 0
15672 49859 0
46392 19139 0
30008 35523 0
54584 10947 0
58680 6851 0
47416 18115 1
31032 34499 0
55608 9923 0
59704 5827 0
44600 20931 0
28216 37315 0
52792 12739 0
40504 25027 0
24120 41411 0
15928 49603 0
46648 18883 0
30264 35267 0
54840 10691 0
58936 6595 0
47672 17859 1
31288 34243 0
55864 9667 0
59960 5571 0
48184 17347 0
31800 33731 0
56376 9155 0
60472 5059 0
43640 21891 0
27256 38275 0
51832 13699 0
57976 7555 0
42616 22915 0
26232 39299 0
50808 14723 0
36472 29059 0
20088 45443 0
11896 53635 0
44152 21379 0
27768 37763 0
52344 13187 0
40056 25475 0
23672 41859 0
15480 50051 0
46200 19331 0
29816 35715 0
54392 11139 0
58488 7043 0
47224 18307 0
30840 34691 0
55416 10115 0
59512 6019 0
43384 22147 0
27000 38531 0
51576 13955 0
39288 26243 0
22904 42627 0
14712 50819 0
45432 20099 0
29048 36483 0
53624 11907 0
57720 7811 0
42360 23171 0
25976 39555 0
50552 14979 0
38264 27267 0
21880 43651 0
13688 51843 0
36216 29315 0
19832 45699 0
11640 53891 0
7544 57987 0
41848 23683 0
25464 40067 0
50040 15491 0
35704 29827 0
19320 46211 0
11128 54403 0
34680 30851 0
18296 47235 0
10104 55427 0
13784 18983 0
38360 18983 1
13784 35367 0
21976 35367 1
26072 6695 0
42456 6695 0
42456 18983 0
26072 35367 0
50648 6695 1
11736 21031 0
11736 37415 0
19928 37415 1
42456 21031 0
26072 37415 0
7640 49703 1
11736 49703 0
13784 49703 0
14808 17959 1
27096 5671 1
27096 37415 1
14808 49703 1
29144 3623 1
45528 3623 0
45528 17959 0
53720 3623 1
45528 18983 0
29144 35367 1
57816 3623 0
57816 5671 0
57816 6695 0
25560 7207 1
41944 7207 0
41944 19495 0
50136 7207 0
50136 11303 0
19416 13351 1
11224 21543 1
41944 21543 0
50136 13351 0
45528 19495 0
53720 11303 1
57816 7207 0
18392 14375 0
34776 14375 0
10200 22567 0
34776 22567 0
10200 38951 0
18392 38951 0
41944 22567 0
25560 38951 1
50136 14375 0
34776 26663 0
18392 43047 0
10200 51239 0
42456 22567 0
26072 38951 0
50648 14375 1
38360 26663 1
21976 43047 1
13784 51239 0
34776 28711 0
18392 45095 0
19416 45095 1
10200 53287 0
11224 53287 1
19928 45095 1
11736 53287 0
7640 57383 1
26328 6439 0
42712 6439 0
42712 18727 0
26328 35111 0
50904 6439 0
50904 10535 0
20184 12583 0
11992 20775 0
11992 37159 0
20184 37159 0
42712 20775 0
26328 37159 0
50904 12583 0
20184 41255 0
11992 49447 0
27352 5415 1
27352 37159 1
58072 3367 0
58072 5415 0
58072 6439 0
58072 7207 0
42712 22567 0
26328 38951 0
50904 14375 0
20184 45095 0
11992 53287 0
15576 17191 0
15576 33575 0
23768 33575 1
27864 4903 0
27864 33575 0
27864 37159 0
23768 41255 1
15576 49447 0
29912 2855 0
46296 2855 0
46296 17191 0
29912 33575 0
54488 2855 1
46296 18727 0
29912 35111 0
54488 10535 1
58584 2855 0
58584 4903 0
58584 6439 0
27864 37415 0
15576 49703 0
46296 18983 0
29912 35367 0
58584 6695 0
30936 1831 1
30936 33575 1
27352 38151 1
58072 7431 0
42712 22791 0
26328 39175 0
50904 14599 0
20184 45319 0
11992 53511 0
27864 37639 0
23768 41735 1
15576 49927 0
46296 19207 0
29912 35591 0
54488 11015 1
58584 6919 0
30936 34567 1
27096 38407 1
23000 42503 1
14808 50695 1
45528 19975 0
29144 36359 1
53720 11783 1
57816 7687 0
42456 23047 0
26072 39431 0
50648 14855 1
38360 27143 1
21976 43527 1
13784 51719 0
19928 45575 1
11736 53767 0
7640 57863 1
41944 23559 0
25560 39943 1
50136 15367 0
19416 46087 1
11224 54279 1
34776 30727 0
18392 47111 0
10200 55303 0
26456 6311 0
42840 6311 0
42840 18599 0
26456 34983 0
51032 6311 0
51032 10407 0
42840 20647 0
26456 37031 0
51032 12455 0
27480 5287 1
43864 5287 0
43864 17575 0
52056 5287 0
52056 9383 0
43864 20647 0
27480 37031 1
52056 12455 0
58200 3239 0
58200 5287 0
58200 6311 0
43864 21543 0
52056 13351 0
58200 7207 0
42840 22567 0
26456 38951 0
51032 14375 0
15704 17063 0
40280 17063 1
15704 33447 0
23896 33447 1
27992 4775 0
44376 4775 0
44376 17063 0
27992 33447 0
52568 4775 1
44376 20647 0
27992 37031 0
52568 12455 1
40280 24743 1
23896 41127 1
15704 49319 0
30040 2727 0
46424 2727 0
46424 17063 0
30040 33447 0
54616 2727 1
46424 18599 0
30040 34983 0
54616 10407 1
58712 2727 0
58712 4775 0
58712 6311 0
44376 21031 0
27992 37415 0
15704 49703 0
46424 18983 0
30040 35367 0
58712 6695 0
31064 1703 1
47448 1703 0
47448 17063 0
31064 33447 1
55640 1703 1
47448 17575 0
55640 9383 1
59736 1703 0
59736 4775 0
59736 5287 0
47448 17959 0
59736 5671 0
43864 21639 0
27480 38023 1
52056 13447 0
58200 7303 0
42840 22663 0
26456 39047 0
51032 14471 0
44376 21127 0
27992 37511 0
52568 12935 1
40280 25223 1
23896 41607 1
15704 49799 0
46424 19079 0
30040 35463 0
54616 10887 1
58712 6791 0
47448 18055 0
31064 34439 1
55640 9863 1
59736 5767 0
28248 4519 0
44632 4519 0
44632 16807 0
28248 33191 0
52824 4519 0
52824 8615 0
44632 20647 0
28248 37031 0
52824 12455 0
58968 2471 0
58968 4519 0
58968 6311 0
44632 20775 0
28248 37159 0
52824 12583 0
58968 6439 0
59992 1447 0
59992 4519 0
59992 5287 0
59992 5415 0
44632 20871 0
28248 37255 0
52824 12679 0
58968 6535 0
59992 5511 0
31832 935 0
48216 935 0
48216 16807 0
31832 33191 0
56408 935 1
56408 8615 1
48216 17063 0
31832 33447 0
60504 935 0
60504 4519 0
60504 4775 0
48216 17191 0
31832 33575 0
60504 4903 0
48216 17287 0
31832 33671 0
56408 9095 1
60504 4999 0
58072 7459 0
42712 22819 0
26328 39203 0
50904 14627 0
20184 45347 0
11992 53539 0
27864 37667 0
15576 49955 0
46296 19235 0
29912 35619 0
58584 6947 0
45528 20003 0
57816 7715 0
42456 23075 0
26072 39459 0
13784 51747 0
11736 53795 0
41944 23587 0
50136 15395 0
34776 30755 0
18392 47139 0
10200 55331 0
43864 21667 0
52056 13475 0
58200 7331 0
42840 22691 0
26456 39075 0
51032 14499 0
44376 21155 0
27992 37539 0
15704 49827 0
46424 19107 0
30040 35491 0
58712 6819 0
47448 18083 0
59736 5795 0
44632 20899 0
28248 37283 0
52824 12707 0
58968 6563 0
59992 5539 0
48216 17315 0
31832 33699 0
60504 5027 0
22424 10343 0
38808 10343 0
14232 18535 0
38808 18535 0
14232 34919 0
22424 34919 0
26520 6247 0
42904 6247 0
42904 18535 0
26520 34919 0
51096 6247 0
51096 10343 0
42904 20583 0
26520 36967 0
51096 12391 0
38808 24679 0
22424 41063 0
14232 49255 0
23448 9319 1
27544 5223 1
27544 36967 1
23448 41063 1
15256 49255 1
29592 3175 1
45976 3175 1
54168 3175 0
54168 9319 0
45976 18535 1
29592 34919 1
54168 10343 0
58264 3175 0
58264 5223 0
58264 6247 0
45976 19495 1
54168 11303 0
58264 7207 0
42904 22567 0
26520 38951 0
51096 14375 0
38808 26663 0
22424 43047 0
14232 51239 0
15768 16999 0
15768 33383 0
23960 33383 1
28056 4711 0
28056 33383 0
28056 36967 0
23960 41063 1
15768 49255 0
30104 2663 0
46488 2663 0
46488 16999 0
30104 33383 0
54680 2663 1
46488 18535 0
30104 34919 0
54680 10343 1
58776 2663 0
58776 4711 0
58776 6247 0
28056 37415 0
15768 49703 0
46488 18983 0
30104 35367 0
58776 6695 0
31128 1639 1
31128 33383 1
27544 37959 1
23448 42055 1
29592 35911 1
54168 11335 0
58264 7239 0
42904 22599 0
26520 38983 0
51096 14407 0
38808 26695 0
22424 43079 0
14232 51271 0
28056 37447 0
23960 41543 1
15768 49735 0
46488 19015 0
30104 35399 0
54680 10823 1
58776 6727 0
31128 34375 1
24216 8551 0
16024 16743 0
16024 33127 0
24216 33127 0
28312 4455 0
28312 33127 0
28312 36967 0
24216 41063 0
16024 49255 0
30360 2407 0
46744 2407 0
46744 16743 0
30360 33127 0
54936 2407 0
54936 8551 0
46744 18535 0
30360 34919 0
54936 10343 0
59032 2407 0
59032 4455 0
59032 6247 0
28312 37159 0
24216 41255 0
16024 49447 0
46744 18727 0
30360 35111 0
54936 10535 0
59032 6439 0
31384 1383 1
31384 33127 1
28312 37191 0
24216 41287 0
16024 49479 0
46744 18759 0
30360 35143 0
54936 10567 0
59032 6471 0
31384 34119 1
31896 871 0
31896 33127 0
31896 33383 0
31896 33575 0
31896 33607 0
45976 19555 1
54168 11363 0
58264 7267 0
42904 22627 0
26520 39011 0
51096 14435 0
38808 26723 0
22424 43107 0
14232 51299 0
28056 37475 0
15768 49763 0
46488 19043 0
30104 35427 0
58776 6755 0
28312 37219 0
24216 41315 0
16024 49507 0
46744 18787 0
30360 35171 0
54936 10595 0
59032 6499 0
31896 33635 0
30488 2279 0
46872 2279 0
46872 16615 0
30488 32999 0
55064 2279 0
55064 8423 0
46872 18535 0
30488 34919 0
55064 10343 0
59160 2279 0
59160 4327 0
59160 6247 0
46872 18599 0
30488 34983 0
55064 10407 0
59160 6311 0
31512 1255 1
47896 1255 1
47896 16615 1
31512 32999 1
56088 1255 0
56088 8423 0
56088 9319 0
60184 1255 0
60184 4327 0
60184 5223 0
47896 17575 1
56088 9383 0
60184 5287 0
46872 18631 0
30488 35015 0
55064 10439 0
59160 6343 0
31512 33991 1
56088 9415 0
60184 5319 0
32024 743 0
48408 743 0
48408 16615 0
32024 32999 0
56600 743 1
56600 8423 1
48408 16999 0
32024 33383 0
60696 743 0
60696 4327 0
60696 4711 0
48408 17063 0
32024 33447 0
60696 4775 0
48408 17095 0
32024 33479 0
56600 8903 1
60696 4807 0
46872 18659 0
30488 35043 0
55064 10467 0
59160 6371 0
47896 17635 1
56088 9443 0
60184 5347 0
48408 17123 0
32024 33507 0
60696 4835 0
32280 487 0
48664 487 0
48664 16615 0
32280 32999 0
56856 487 0
56856 8423 0
48664 16743 0
32280 33127 0
56856 8551 0
60952 487 0
60952 4327 0
60952 4455 0
48664 16807 0
32280 33191 0
56856 8615 0
60952 4519 0
48664 16839 0
32280 33223 0
56856 8647 0
60952 4551 0
48664 16867 0
32280 33251 0
56856 8675 0
60952 4579 0
27320 38213 0
23224 42309 0
29368 36165 0
53944 11589 0
58040 7493 0
42680 22853 0
26296 39237 0
50872 14661 0
38584 26949 0
22200 43333 0
14008 51525 0
20152 45381 0
11960 53573 0
7864 57669 0
27832 37701 0
23736 41797 0
15544 49989 0
46264 19269 0
29880 35653 0
54456 11077 0
58552 6981 0
30904 34629 0
27064 38469 0
22968 42565 0
29112 36421 0
53688 11845 0
57784 7749 0
42424 23109 0
26040 39493 0
50616 14917 0
38328 27205 0
21944 43589 0
13752 51781 0
19896 45637 0
11704 53829 0
7608 57925 0
25528 40005 0
50104 15429 0
21432 44101 0
19384 46149 0
34744 30789 0
18360 47173 0
10168 55365 0
6072 59461 0
27448 38085 0
52024 13509 0
23352 42181 0
29496 36037 0
54072 11461 0
58168 7365 0
42808 22725 0
26424 39109 0
51000 14533 0
38712 26821 0
22328 43205 0
14136 51397 0
44344 21189 0
27960 37573 0
52536 12997 0
40248 25285 0
23864 41669 0
15672 49861 0
46392 19141 0
30008 35525 0
54584 10949 0
58680 6853 0
31032 34501 0
55608 9925 0
59704 5829 0
44600 20933 0
28216 37317 0
52792 12741 0
40504 25029 0
24120 41413 0
15928 49605 0
46648 18885 0
30264 35269 0
54840 10693 0
58936 6597 0
31288 34245 0
55864 9669 0
59960 5573 0
48184 17349 0
31800 33733 0
56376 9157 0
60472 5061 0
43640 21893 0
27256 38277 0
51832 13701 0
57976 7557 0
42616 22917 0
26232 39301 0
50808 14725 0
36472 29061 0
20088 45445 0
11896 53637 0
44152 21381 0
27768 37765 0
52344 13189 0
40056 25477 0
23672 41861 0
15480 50053 0
46200 19333 0
29816 35717 0
54392 11141 0
58488 7045 0
47224 18309 0
30840 34693 0
55416 10117 0
59512 6021 0
43384 22149 0
27000 38533 0
51576 13957 0
39288 26245 0
22904 42629 0
14712 50821 0
45432 20101 0
29048 36485 0
53624 11909 0
57720 7813 0
42360 23173 0
25976 39557 0
50552 14981 0
38264 27269 0
21880 43653 0
13688 51845 0
36216 29317 0
19832 45701 0
11640 53893 0
7544 57989 0
41848 23685 0
25464 40069 0
50040 15493 0
35704 29829 0
19320 46213 0
11128 54405 0
34680 30853 0
18296 47237 0
10104 55429 0
58072 7461 0
42712 22821 0
26328 39205 0
50904 14629 0
20184 45349 0
11992 53541 0
27864 37669 0
23768 41765 1
15576 49957 0
46296 19237 0
29912 35621 0
54488 11045 1
58584 6949 0
45528 20005 0
53720 11813 1
57816 7717 0
42456 23077 0
26072 39461 0
50648 14885 1
38360 27173 1
21976 43557 1
13784 51749 0
19928 45605 1
11736 53797 0
7640 57893 1
41944 23589 0
50136 15397 0
34776 30757 0
18392 47141 0
10200 55333 0
43864 21669 0
52056 13477 0
58200 7333 0
42840 22693 0
26456 39077 0
51032 14501 0
44376 21157 0
27992 37541 0
52568 12965 1
40280 25253 1
23896 41637 1
15704 49829 0
46424 19109 0
30040 35493 0
54616 10917 1
58712 6821 0
47448 18085 0
55640 9893 1
59736 5797 0
44632 20901 0
28248 37285 0
52824 12709 0
58968 6565 0
59992 5541 0
48216 17317 0
31832 33701 0
56408 9125 1
60504 5029 0
54168 11365 0
58264 7269 0
42904 22629 0
26520 39013 0
51096 14437 0
38808 26725 0
22424 43109 0
14232 51301 0
28056 37477 0
23960 41573 1
15768 49765 0
46488 19045 0
30104 35429 0
54680 10853 1
58776 6757 0
28312 37221 0
24216 41317 0
16024 49509 0
46744 18789 0
30360 35173 0
54936 10597 0
59032 6501 0
31896 33637 0
46872 18661 0
30488 35045 0
55064 10469 0
59160 6373 0
56088 9445 0
60184 5349 0
48408 17125 0
32024 33509 0
56600 8933 1
60696 4837 0
48664 16869 0
32280 33253 0
56856 8677 0
60952 4581 0
21992 10775 0
38376 10775 0
13800 18967 0
38376 18967 0
13800 35351 0
21992 35351 0
26088 6679 0
42472 6679 0
42472 18967 0
26088 35351 0
50664 6679 0
50664 10775 0
19944 12823 0
11752 21015 0
11752 37399 0
19944 37399 0
42472 21015 0
26088 37399 0
50664 12823 0
7656 25111 0
7656 41495 0
19944 41495 0
38376 25111 0
21992 41495 0
7656 49687 0
11752 49687 0
13800 49687 0
23016 9751 0
14824 17943 0
14824 34327 0
23016 34327 0
27112 5655 0
27112 34327 0
27112 37399 0
23016 41495 0
14824 49687 0
29160 3607 0
45544 3607 0
45544 17943 0
29160 34327 0
53736 3607 0
53736 9751 0
45544 18967 0
29160 35351 0
53736 10775 0
57832 3607 0
57832 5655 0
57832 6679 0
25576 7191 0
41960 7191 0
41960 19479 0
25576 35863 0
50152 7191 0
50152 11287 0
19432 13335 0
11240 21527 0
11240 37911 0
19432 37911 0
41960 21527 0
25576 37911 0
50152 13335 0
19432 42007 0
11240 50199 0
27112 37911 0
23016 42007 0
14824 50199 0
45544 19479 0
29160 35863 0
53736 11287 0
57832 7191 0
18408 14359 0
34792 14359 0
10216 22551 0
34792 22551 0
10216 38935 0
18408 38935 0
41960 22551 0
25576 38935 0
50152 14359 0
34792 26647 0
18408 43031 0
10216 51223 0
42472 22551 0
26088 38935 0
50664 14359 0
38376 26647 0
21992 43031 0
13800 51223 0
34792 28695 0
18408 45079 0
19432 45079 0
10216 53271 0
11240 53271 0
19944 45079 0
11752 53271 0
7656 57367 0
42728 18711 1
26344 35095 1
50920 10519 1
20200 41239 1
12008 49431 1
27368 34071 1
58088 3351 1
27368 37911 1
58088 7191 1
42728 22551 1
26344 38935 1
50920 14359 1
20200 45079 1
12008 53271 1
23784 8983 0
15592 17175 0
15592 33559 0
23784 33559 0
27880 33559 1
23784 41239 0
15592 49431 0
29928 2839 0
46312 2839 0
46312 17175 0
29928 33559 0
54504 2839 0
54504 8983 0
46312 18711 0
29928 35095 0
54504 10519 0
58600 2839 1
27880 37399 1
23784 41495 0
15592 49687 0
46312 18967 0
29928 35351 0
54504 10775 0
58600 6679 1
30952 1815 0
30952 33559 0
30952 34071 0
30952 34327 0
27368 38151 1
58088 7431 1
42728 22791 1
26344 39175 1
50920 14599 1
20200 45319 1
12008 53511 1
27880 37639 1
23784 41735 0
15592 49927 0
46312 19207 0
29928 35591 0
54504 11015 0
58600 6919 1
30952 34567 0
27112 38407 0
23016 42503 0
14824 50695 0
45544 19975 0
29160 36359 0
53736 11783 0
57832 7687 0
42472 23047 0
26088 39431 0
50664 14855 0
38376 27143 0
21992 43527 0
13800 51719 0
19944 45575 0
11752 53767 0
7656 57863 0
41960 23559 0
25576 39943 0
50152 15367 0
19432 46087 0
11240 54279 0
34792 30727 0
18408 47111 0
10216 55303 0
26472 6295 0
42856 6295 0
42856 18583 0
26472 34967 0
51048 6295 0
51048 10391 0
42856 20631 0
26472 37015 0
51048 12439 0
27496 5271 0
43880 5271 0
43880 17559 0
27496 33943 0
52072 5271 0
52072 9367 0
43880 20631 0
27496 37015 0
52072 12439 0
58216 3223 0
58216 5271 0
58216 6295 0
43880 21527 0
27496 37911 0
52072 13335 0
58216 7191 0
42856 22551 0
26472 38935 0
51048 14359 0
23912 8855 0
40296 8855 0
15720 17047 0
40296 17047 0
15720 33431 0
23912 33431 0
28008 4759 0
44392 4759 0
44392 17047 0
28008 33431 0
52584 4759 0
52584 8855 0
44392 20631 0
28008 37015 0
52584 12439 0
40296 24727 0
23912 41111 0
15720 49303 0
30056 2711 0
46440 2711 0
46440 17047 0
30056 33431 0
54632 2711 0
54632 8855 0
46440 18583 0
30056 34967 0
54632 10391 0
58728 2711 0
58728 4759 0
58728 6295 0
44392 21015 0
28008 37399 0
52584 12823 0
40296 25111 0
23912 41495 0
15720 49687 0
46440 18967 0
30056 35351 0
54632 10775 0
58728 6679 0
31080 1687 0
47464 1687 0
47464 17047 0
31080 33431 0
55656 1687 0
55656 8855 0
47464 17559 0
31080 33943 0
55656 9367 0
59752 1687 0
59752 4759 0
59752 5271 0
47464 17943 0
31080 34327 0
55656 9751 0
59752 5655 0
43880 21639 0
27496 38023 0
52072 13447 0
58216 7303 0
42856 22663 0
26472 39047 0
51048 14471 0
44392 21127 0
28008 37511 0
52584 12935 0
40296 25223 0
23912 41607 0
15720 49799 0
46440 19079 0
30056 35463 0
54632 10887 0
58728 6791 0
47464 18055 0
31080 34439 0
55656 9863 0
59752 5767 0
44648 16791 1
28264 33175 1
52840 8599 1
44648 20631 1
28264 37015 1
52840 12439 1
58984 2455 1
58984 6295 1
60008 1431 1
60008 5271 1
44648 20871 1
28264 37255 1
52840 12679 1
58984 6535 1
60008 5511 1
31848 919 0
48232 919 0
48232 16791 0
31848 33175 0
56424 919 0
56424 8599 0
48232 17047 0
31848 33431 0
56424 8855 0
60520 919 1
60520 4759 1
48232 17175 0
31848 33559 0
56424 8983 0
48232 17287 0
31848 33671 0
56424 9095 0
60520 4999 1
23784 41747 0
15592 49939 0
46312 19219 0
29928 35603 0
54504 11027 0
30952 34579 0
27112 38419 0
23016 42515 0
14824 50707 0
45544 19987 0
29160 36371 0
53736 11795 0
57832 7699 0
42472 23059 0
26088 39443 0
50664 14867 0
38376 27155 0
21992 43539 0
13800 51731 0
19944 45587 0
11752 53779 0
7656 57875 0
41960 23571 0
25576 39955 0
50152 15379 0
19432 46099 0
11240 54291 0
34792 30739 0
18408 47123 0
10216 55315 0
43880 21651 0
27496 38035 0
52072 13459 0
58216 7315 0
42856 22675 0
26472 39059 0
51048 14483 0
44392 21139 0
28008 37523 0
52584 12947 0
40296 25235 0
23912 41619 0
15720 49811 0
46440 19091 0
30056 35475 0
54632 10899 0
58728 6803 0
47464 18067 0
31080 34451 0
55656 9875 0
59752 5779 0
48232 17299 0
31848 33683 0
56424 9107 0
22440 10327 0
38824 10327 0
14248 18519 0
38824 18519 0
14248 34903 0
22440 34903 0
26536 6231 0
42920 6231 0
42920 18519 0
26536 34903 0
51112 6231 0
51112 10327 0
42920 20567 0
26536 36951 0
51112 12375 0
38824 24663 0
22440 41047 0
14248 49239 0
23464 9303 0
15272 33879 1
23464 33879 0
27560 5207 0
27560 33879 0
27560 36951 0
23464 41047 0
15272 49239 1
29608 3159 0
45992 3159 1
29608 33879 0
54184 3159 0
54184 9303 0
45992 18519 1
29608 34903 0
54184 10327 0
58280 3159 0
58280 5207 0
58280 6231 0
27560 37911 0
23464 42007 0
15272 50199 1
45992 19479 1
29608 35863 0
54184 11287 0
58280 7191 0
42920 22551 0
26536 38935 0
51112 14359 0
38824 26647 0
22440 43031 0
14248 51223 0
23976 8791 0
15784 16983 0
15784 33367 0
23976 33367 0
28072 4695 0
28072 33367 0
28072 36951 0
23976 41047 0
15784 49239 0
30120 2647 0
46504 2647 0
46504 16983 0
30120 33367 0
54696 2647 0
54696 8791 0
46504 18519 0
30120 34903 0
54696 10327 0
58792 2647 0
58792 4695 0
58792 6231 0
28072 37399 0
23976 41495 0
15784 49687 0
46504 18967 0
30120 35351 0
54696 10775 0
58792 6679 0
31144 1623 0
31144 33367 0
31144 33879 0
31144 34327 0
27560 37959 0
23464 42055 0
29608 35911 0
54184 11335 0
58280 7239 0
42920 22599 0
26536 38983 0
51112 14407 0
38824 26695 0
22440 43079 0
14248 51271 0
28072 37447 0
23976 41543 0
15784 49735 0
46504 19015 0
30120 35399 0
54696 10823 0
58792 6727 0
31144 34375 0
24232 8535 0
16040 16727 0
16040 33111 0
24232 33111 0
28328 33111 1
28328 36951 1
24232 41047 0
16040 49239 0
30376 2391 0
46760 2391 0
46760 16727 0
30376 33111 0
54952 2391 0
54952 8535 0
46760 18519 0
30376 34903 0
54952 10327 0
59048 2391 1
59048 6231 1
24232 41239 0
16040 49431 0
46760 18711 0
30376 35095 0
54952 10519 0
31400 1367 0
31400 33111 0
31400 33879 0
31400 34071 0
28328 37191 1
24232 41287 0
16040 49479 0
46760 18759 0
30376 35143 0
54952 10567 0
59048 6471 1
31400 34119 0
31912 855 0
31912 33111 0
31912 33367 0
31912 33559 0
31912 33607 0
27560 37971 0
23464 42067 0
15272 50259 1
45992 19539 1
29608 35923 0
54184 11347 0
58280 7251 0
42920 22611 0
26536 38995 0
51112 14419 0
38824 26707 0
22440 43091 0
14248 51283 0
28072 37459 0
23976 41555 0
15784 49747 0
46504 19027 0
30120 35411 0
54696 10835 0
58792 6739 0
31144 34387 0
24232 41299 0
16040 49491 0
46760 18771 0
30376 35155 0
54952 10579 0
31400 34131 0
31912 33619 0
30504 2263 0
46888 2263 0
46888 16599 0
30504 32983 0
55080 2263 0
55080 8407 0
46888 18519 0
30504 34903 0
55080 10327 0
59176 2263 0
59176 4311 0
59176 6231 0
46888 18583 0
30504 34967 0
55080 10391 0
59176 6295 0
31528 1239 0
47912 1239 1
47912 16599 1
31528 32983 0
56104 1239 0
56104 8407 0
31528 33879 0
56104 9303 0
60200 1239 0
60200 4311 0
60200 5207 0
47912 17559 1
31528 33943 0
56104 9367 0
60200 5271 0
46888 18631 0
30504 35015 0
55080 10439 0
59176 6343 0
31528 33991 0
56104 9415 0
60200 5319 0
32040 727 0
48424 727 0
48424 16599 0
32040 32983 0
56616 727 0
56616 8407 0
48424 16983 0
32040 33367 0
56616 8791 0
60712 727 0
60712 4311 0
60712 4695 0
48424 17047 0
32040 33431 0
56616 8855 0
60712 4759 0
48424 17095 0
32040 33479 0
56616 8903 0
60712 4807 0
46888 18643 0
30504 35027 0
55080 10451 0
59176 6355 0
47912 17619 1
31528 34003 0
56104 9427 0
60200 5331 0
48424 17107 0
32040 33491 0
56616 8915 0
60712 4819 0
32296 471 0
48680 471 0
48680 16599 0
32296 32983 0
56872 471 0
56872 8407 0
48680 16727 0
32296 33111 0
56872 8535 0
60968 471 1
60968 4311 1
48680 16791 0
32296 33175 0
56872 8599 0
48680 16839 0
32296 33223 0
56872 8647 0
60968 4551 1
48680 16851 0
32296 33235 0
56872 8659 0
23784 41749 0
15592 49941 0
46312 19221 0
29928 35605 0
54504 11029 0
30952 34581 0
27112 38421 0
23016 42517 0
14824 50709 0
45544 19989 0
29160 36373 0
53736 11797 0
57832 7701 0
42472 23061 0
26088 39445 0
50664 14869 0
38376 27157 0
21992 43541 0
13800 51733 0
19944 45589 0
11752 53781 0
7656 57877 0
41960 23573 0
25576 39957 0
50152 15381 0
19432 46101 0
11240 54293 0
34792 30741 0
18408 47125 0
10216 55317 0
43880 21653 0
27496 38037 0
52072 13461 0
58216 7317 0
42856 22677 0
26472 39061 0
51048 14485 0
44392 21141 0
28008 37525 0
52584 12949 0
40296 25237 0
23912 41621 0
15720 49813 0
46440 19093 0
30056 35477 0
54632 10901 0
58728 6805 0
47464 18069 0
31080 34453 0
55656 9877 0
59752 5781 0
48232 17301 0
31848 33685 0
56424 9109 0
27560 37973 0
23464 42069 0
29608 35925 0
54184 11349 0
58280 7253 0
42920 22613 0
26536 38997 0
51112 14421 0
38824 26709 0
22440 43093 0
14248 51285 0
28072 37461 0
23976 41557 0
15784 49749 0
46504 19029 0
30120 35413 0
54696 10837 0
58792 6741 0
31144 34389 0
24232 41301 0
16040 49493 0
46760 18773 0
30376 35157 0
54952 10581 0
31400 34133 0
31912 33621 0
46888 18645 0
30504 35029 0
55080 10453 0
59176 6357 0
31528 34005 0
56104 9429 0
60200 5333 0
48424 17109 0
32040 33493 0
56616 8917 0
60712 4821 0
48680 16853 0
32296 33237 0
56872 8661 0
26568 6199 0
42952 6199 0
42952 18487 0
26568 34871 0
51144 6199 0
51144 10295 0
42952 20535 0
26568 36919 0
51144 12343 0
27592 5175 1
27592 36919 1
58312 3127 0
58312 5175 0
58312 6199 0
27592 37911 1
58312 7191 0
42952 22551 0
26568 38935 0
51144 14359 0
15816 16951 0
15816 33335 0
24008 33335 1
28104 4663 0
28104 33335 0
28104 36919 0
24008 41015 1
15816 49207 0
30152 2615 0
46536 2615 0
46536 16951 0
30152 33335 0
54728 2615 1
46536 18487 0
30152 34871 0
54728 10295 1
58824 2615 0
58824 4663 0
58824 6199 0
28104 37399 0
24008 41495 1
15816 49687 0
46536 18967 0
30152 35351 0
54728 10775 1
58824 6679 0
31176 1591 1
31176 33335 1
31176 34327 1
58312 7207 0
42952 22567 0
26568 38951 0
51144 14375 0
28104 37415 0
15816 49703 0
46536 18983 0
30152 35367 0
58824 6695 0
28360 33079 1
28360 36919 1
59080 2359 1
59080 6199 1
28360 37159 1
59080 6439 1
31944 823 0
31944 33079 0
31944 33335 0
31944 33559 0
31944 33575 0
58312 7219 0
42952 22579 0
26568 38963 0
51144 14387 0
28104 37427 0
15816 49715 0
46536 18995 0
30152 35379 0
58824 6707 0
31944 33587 0
59208 2231 0
59208 4279 0
59208 6199 0
59208 6295 0
60232 1207 0
60232 4279 0
60232 5175 0
60232 5271 0
59208 6311 0
60232 5287 0
32072 695 0
48456 695 0
48456 16567 0
32072 32951 0
56648 695 1
56648 8375 1
48456 16951 0
32072 33335 0
60744 695 0
60744 4279 0
60744 4663 0
48456 17047 0
32072 33431 0
56648 8855 1
60744 4759 0
48456 17063 0
32072 33447 0
60744 4775 0
59208 6323 0
60232 5299 0
48456 17075 0
32072 33459 0
60744 4787 0
61000 439 1
61000 4279 1
61000 4519 1
58312 7221 0
42952 22581 0
26568 38965 0
51144 14389 0
28104 37429 0
24008 41525 1
15816 49717 0
46536 18997 0
30152 35381 0
54728 10805 1
58824 6709 0
31944 33589 0
59208 6325 0
60232 5301 0
48456 17077 0
32072 33461 0
56648 8885 1
60744 4789 0
30600 2167 0
46984 2167 0
46984 16503 0
30600 32887 0
55176 2167 0
55176 8311 0
46984 18487 0
30600 34871 0
55176 10295 0
59272 2167 0
59272 4215 0
59272 6199 0
46984 18519 0
30600 34903 0
55176 10327 0
59272 6231 0
31624 1143 1
31624 32887 1
31624 33879 1
46984 18535 0
30600 34919 0
55176 10343 0
59272 6247 0
32136 631 0
32136 32887 0
32136 33335 0
32136 33367 0
32136 33383 0
46984 18547 0
30600 34931 0
55176 10355 0
59272 6259 0
32136 33395 0
32392 375 0
32392 32887 0
32392 33079 0
32392 33111 0
32392 33127 0
32392 33139 0
46984 18549 0
30600 34933 0
55176 10357 0
59272 6261 0
32136 33397 0
32392 33141 0
27320 38214 0
23224 42310 0
29368 36166 0
53944 11590 0
58040 7494 0
42680 22854 0
26296 39238 0
50872 14662 0
38584 26950 0
22200 43334 0
14008 51526 0
20152 45382 0
11960 53574 0
7864 57670 0
27832 37702 0
23736 41798 0
15544 49990 0
46264 19270 0
29880 35654 0
54456 11078 0
58552 6982 0
30904 34630 0
27064 38470 0
22968 42566 0
29112 36422 0
53688 11846 0
57784 7750 0
42424 23110 0
26040 39494 0
50616 14918 0
38328 27206 0
21944 43590 0
13752 51782 0
19896 45638 0
11704 53830 0
7608 57926 0
25528 40006 0
50104 15430 0
21432 44102 0
19384 46150 0
34744 30790 0
18360 47174 0
10168 55366 0
6072 59462 0
27448 38086 0
52024 13510 0
23352 42182 0
29496 36038 0
54072 11462 0
58168 7366 0
42808 22726 0
26424 39110 0
51000 14534 0
38712 26822 0
22328 43206 0
14136 51398 0
44344 21190 0
27960 37574 0
52536 12998 0
40248 25286 0
23864 41670 0
15672 49862 0
46392 19142 0
30008 35526 0
54584 10950 0
58680 6854 0
31032 34502 0
55608 9926 0
59704 5830 0
44600 20934 0
28216 37318 0
52792 12742 0
40504 25030 0
24120 41414 0
15928 49606 0
46648 18886 0
30264 35270 0
54840 10694 0
58936 6598 0
31288 34246 0
55864 9670 0
59960 5574 0
48184 17350 0
31800 33734 0
56376 9158 0
60472 5062 0
43640 21894 0
27256 38278 0
51832 13702 0
57976 7558 0
42616 22918 0
26232 39302 0
50808 14726 0
36472 29062 0
20088 45446 0
11896 53638 0
44152 21382 0
27768 37766 0
52344 13190 0
40056 25478 0
23672 41862 0
15480 50054 0
46200 19334 0
29816 35718 0
54392 11142 0
58488 7046 0
47224 18310 0
30840 34694 0
55416 10118 0
59512 6022 0
43384 22150 0
27000 38534 0
51576 13958 0
39288 26246 0
22904 42630 0
14712 50822 0
45432 20102 0
29048 36486 0
53624 11910 0
57720 7814 0
42360 23174 0
25976 39558 0
50552 14982 0
38264 27270 0
21880 43654 0
13688 51846 0
36216 29318 0
19832 45702 0
11640 53894 0
7544 57990 0
41848 23686 0
25464 40070 0
50040 15494 0
35704 29830 0
19320 46214 0
11128 54406 0
34680 30854 0
18296 47238 0
10104 55430 0
27352 38182 1
58072 7462 0
42712 22822 0
26328 39206 0
50904 14630 0
20184 45350 0
11992 53542 0
27864 37670 0
15576 49958 0
46296 19238 0
29912 35622 0
58584 6950 0
30936 34598 1
27096 38438 1
14808 50726 1
45528 20006 0
29144 36390 1
57816 7718 0
42456 23078 0
26072 39462 0
13784 51750 0
11736 53798 0
41944 23590 0
25560 39974 1
50136 15398 0
19416 46118 1
11224 54310 1
34776 30758 0
18392 47142 0
10200 55334 0
43864 21670 0
27480 38054 1
52056 13478 0
58200 7334 0
42840 22694 0
26456 39078 0
51032 14502 0
44376 21158 0
27992 37542 0
15704 49830 0
46424 19110 0
30040 35494 0
58712 6822 0
47448 18086 0
31064 34470 1
59736 5798 0
44632 20902 0
28248 37286 0
52824 12710 0
58968 6566 0
59992 5542 0
48216 17318 0
31832 33702 0
60504 5030 0
27544 37990 1
23448 42086 1
29592 35942 1
54168 11366 0
58264 7270 0
42904 22630 0
26520 39014 0
51096 14438 0
38808 26726 0
22424 43110 0
14232 51302 0
28056 37478 0
15768 49766 0
46488 19046 0
30104 35430 0
58776 6758 0
31128 34406 1
28312 37222 0
24216 41318 0
16024 49510 0
46744 18790 0
30360 35174 0
54936 10598 0
59032 6502 0
31384 34150 1
31896 33638 0
46872 18662 0
30488 35046 0
55064 10470 0
59160 6374 0
31512 34022 1
56088 9446 0
60184 5350 0
48408 17126 0
32024 33510 0
60696 4838 0
48664 16870 0
32280 33254 0
56856 8678 0
60952 4582 0
27368 38166 1
58088 7446 1
42728 22806 1
26344 39190 1
50920 14614 1
20200 45334 1
12008 53526 1
27880 37654 1
23784 41750 0
15592 49942 0
46312 19222 0
29928 35606 0
54504 11030 0
58600 6934 1
30952 34582 0
27112 38422 0
23016 42518 0
14824 50710 0
45544 19990 0
29160 36374 0
53736 11798 0
57832 7702 0
42472 23062 0
26088 39446 0
50664 14870 0
38376 27158 0
21992 43542 0
13800 51734 0
19944 45590 0
11752 53782 0
7656 57878 0
41960 23574 0
25576 39958 0
50152 15382 0
19432 46102 0
11240 54294 0
34792 30742 0
18408 47126 0
10216 55318 0
43880 21654 0
27496 38038 0
52072 13462 0
58216 7318 0
42856 22678 0
26472 39062 0
51048 14486 0
44392 21142 0
28008 37526 0
52584 12950 0
40296 25238 0
23912 41622 0
15720 49814 0
46440 19094 0
30056 35478 0
54632 10902 0
58728 6806 0
47464 18070 0
31080 34454 0
55656 9878 0
59752 5782 0
44648 20886 1
28264 37270 1
52840 12694 1
58984 6550 1
60008 5526 1
48232 17302 0
31848 33686 0
56424 9110 0
60520 5014 1
27560 37974 0
23464 42070 0
29608 35926 0
54184 11350 0
58280 7254 0
42920 22614 0
26536 38998 0
51112 14422 0
38824 26710 0
22440 43094 0
14248 51286 0
28072 37462 0
23976 41558 0
15784 49750 0
46504 19030 0
30120 35414 0
54696 10838 0
58792 6742 0
31144 34390 0
28328 37206 1
24232 41302 0
16040 49494 0
46760 18774 0
30376 35158 0
54952 10582 0
59048 6486 1
31400 34134 0
31912 33622 0
46888 18646 0
30504 35030 0
55080 10454 0
59176 6358 0
31528 34006 0
56104 9430 0
60200 5334 0
48424 17110 0
32040 33494 0
56616 8918 0
60712 4822 0
48680 16854 0
32296 33238 0
56872 8662 0
60968 4566 1
27592 37942 1
58312 7222 0
42952 22582 0
26568 38966 0
51144 14390 0
28104 37430 0
15816 49718 0
46536 18998 0
30152 35382 0
58824 6710 0
31176 34358 1
28360 37174 1
59080 6454 1
31944 33590 0
59208 6326 0
60232 5302 0
48456 17078 0
32072 33462 0
60744 4790 0
61000 4534 1
46984 18550 0
30600 34934 0
55176 10358 0
59272 6262 0
31624 33910 1
32136 33398 0
32392 33142 0
43888 21639 1
27504 38023 1
52080 13447 1
39792 25735 1
23408 42119 1
15216 50311 1
45936 19591 1
29552 35975 1
54128 11399 1
58224 7303 1
42864 22663 1
26480 39047 1
51056 14471 1
38768 26759 1
22384 43143 1
14192 51335 1
44400 21127 1
28016 37511 1
52592 12935 1
40304 25223 1
23920 41607 1
15728 49799 1
46448 19079 1
30064 35463 1
54640 10887 1
58736 6791 1
47472 18055 1
31088 34439 1
55664 9863 1
59760 5767 1
44656 20871 1
28272 37255 1
52848 12679 1
40560 24967 1
24176 41351 1
15984 49543 1
46704 18823 1
30320 35207 1
54896 10631 1
58992 6535 1
47728 17799 1
31344 34183 1
55920 9607 1
60016 5511 1
48240 17287 1
31856 33671 1
56432 9095 1
60528 4999 1
43888 21643 1
27504 38027 1
52080 13451 1
39792 25739 1
23408 42123 1
15216 50315 1
45936 19595 1
54128 11403 1
58224 7307 1
42864 22667 1
51056 14475 1
38768 26763 1
44400 21131 1
28016 37515 1
52592 12939 1
40304 25227 1
23920 41611 1
15728 49803 1
46448 19083 1
54640 10891 1
58736 6795 1
47472 18059 1
31088 34443 1
55664 9867 1
59760 5771 1
44656 20875 1
28272 37259 1
52848 12683 1
40560 24971 1
24176 41355 1
15984 49547 1
46704 18827 1
54896 10635 1
58992 6539 1
47728 17803 1
31344 34187 1
55920 9611 1
60016 5515 1
48240 17291 1
31856 33675 1
56432 9099 1
60528 5003 1
27568 37959 1
52144 13383 1
23472 42055 1
29616 35911 1
54192 11335 1
58288 7239 1
42928 22599 1
26544 38983 1
51120 14407 1
38832 26695 1
22448 43079 1
14256 51271 1
44464 21063 1
28080 37447 1
52656 12871 1
40368 25159 1
23984 41543 1
15792 49735 1
46512 19015 1
30128 35399 1
54704 10823 1
58800 6727 1
31152 34375 1
55728 9799 1
59824 5703 1
44720 20807 1
28336 37191 1
52912 12615 1
40624 24903 1
24240 41287 1
16048 49479 1
46768 18759 1
30384 35143 1
54960 10567 1
59056 6471 1
31408 34119 1
55984 9543 1
60080 5447 1
48304 17223 1
31920 33607 1
56496 9031 1
60592 4935 1
43952 21579 1
27568 37963 1
52144 13387 1
39856 25675 1
23472 42059 1
15280 50251 1
46000 19531 1
29616 35915 1
54192 11339 1
58288 7243 1
42928 22603 1
26544 38987 1
51120 14411 1
38832 26699 1
22448 43083 1
14256 51275 1
40368 25163 1
23984 41547 1
15792 49739 1
46512 19019 1
30128 35403 1
54704 10827 1
47536 17995 1
31152 34379 1
55728 9803 1
44720 20811 1
28336 37195 1
52912 12619 1
40624 24907 1
24240 41291 1
16048 49483 1
46768 18763 1
30384 35147 1
54960 10571 1
59056 6475 1
47792 17739 1
31408 34123 1
55984 9547 1
60080 5451 1
48304 17227 1
31920 33611 1
56496 9035 1
46896 18631 1
30512 35015 1
55088 10439 1
59184 6343 1
31536 33991 1
56112 9415 1
60208 5319 1
48432 17095 1
32048 33479 1
56624 8903 1
60720 4807 1
46896 18635 1
55088 10443 1
59184 6347 1
47920 17611 1
31536 33995 1
56112 9419 1
60208 5323 1
48432 17099 1
32048 33483 1
56624 8907 1
48688 16839 1
32304 33223 1
56880 8647 1
60976 4551 1
48688 16843 1
32304 33227 1
56880 8651 1
60976 4555 1
43888 21645 1
27504 38029 1
52080 13453 1
39792 25741 1
23408 42125 1
15216 50317 1
45936 19597 1
54128 11405 1
58224 7309 1
42864 22669 1
51056 14477 1
38768 26765 1
44400 21133 1
28016 37517 1
52592 12941 1
40304 25229 1
23920 41613 1
15728 49805 1
46448 19085 1
54640 10893 1
58736 6797 1
47472 18061 1
31088 34445 1
55664 9869 1
59760 5773 1
44656 20877 1
28272 37261 1
52848 12685 1
40560 24973 1
24176 41357 1
15984 49549 1
46704 18829 1
54896 10637 1
58992 6541 1
47728 17805 1
31344 34189 1
55920 9613 1
60016 5517 1
48240 17293 1
31856 33677 1
56432 9101 1
60528 5005 1
27568 37965 1
52144 13389 1
23472 42061 1
29616 35917 1
54192 11341 1
58288 7245 1
42928 22605 1
26544 38989 1
51120 14413 1
38832 26701 1
22448 43085 1
14256 51277 1
40368 25165 1
23984 41549 1
15792 49741 1
46512 19021 1
30128 35405 1
54704 10829 1
31152 34381 1
55728 9805 1
44720 20813 1
28336 37197 1
52912 12621 1
40624 24909 1
24240 41293 1
16048 49485 1
46768 18765 1
30384 35149 1
54960 10573 1
59056 6477 1
31408 34125 1
55984 9549 1
60080 5453 1
48304 17229 1
31920 33613 1
56496 9037 1
46896 18637 1
55088 10445 1
59184 6349 1
31536 33997 1
56112 9421 1
60208 5325 1
48432 17101 1
32048 33485 1
56624 8909 1
48688 16845 1
32304 33229 1
56880 8653 1
60976 4557 1
43984 21543 1
52176 13351 1
39888 25639 1
46032 19495 1
54224 11303 1
58320 7207 1
42960 22567 1
26576 38951 1
51152 14375 1
38864 26663 1
22480 43047 1
14288 51239 1
44496 21031 1
28112 37415 1
15824 49703 1
46544 18983 1
30160 35367 1
58832 6695 1
47568 17959 1
59856 5671 1
44752 20775 1
28368 37159 1
52944 12583 1
40656 24871 1
24272 41255 1
16080 49447 1
46800 18727 1
30416 35111 1
54992 10535 1
59088 6439 1
47824 17703 1
56016 9511 1
60112 5415 1
48336 17191 1
31952 33575 1
60624 4903 1
43984 21547 1
52176 13355 1
39888 25643 1
46032 19499 1
54224 11307 1
58320 7211 1
42960 22571 1
26576 38955 1
51152 14379 1
38864 26667 1
22480 43051 1
14288 51243 1
44496 21035 1
28112 37419 1
15824 49707 1
46544 18987 1
30160 35371 1
58832 6699 1
47568 17963 1
59856 5675 1
44752 20779 1
28368 37163 1
52944 12587 1
40656 24875 1
24272 41259 1
16080 49451 1
46800 18731 1
30416 35115 1
54992 10539 1
59088 6443 1
47824 17707 1
56016 9515 1
60112 5419 1
48336 17195 1
31952 33579 1
60624 4907 1
46928 18599 1
30544 34983 1
55120 10407 1
59216 6311 1
47952 17575 1
56144 9383 1
60240 5287 1
48464 17063 1
32080 33447 1
60752 4775 1
46928 18603 1
55120 10411 1
59216 6315 1
47952 17579 1
56144 9387 1
60240 5291 1
48464 17067 1
32080 33451 1
60752 4779 1
48720 16807 1
32336 33191 1
56912 8615 1
61008 4519 1
48720 16811 1
32336 33195 1
56912 8619 1
61008 4523 1
43984 21549 1
52176 13357 1
39888 25645 1
46032 19501 1
54224 11309 1
58320 7213 1
42960 22573 1
26576 38957 1
51152 14381 1
38864 26669 1
22480 43053 1
14288 51245 1
44496 21037 1
28112 37421 1
52688 12845 1
40400 25133 1
24016 41517 1
15824 49709 1
46544 18989 1
30160 35373 1
54736 10797 1
58832 6701 1
47568 17965 1
55760 9773 1
59856 5677 1
44752 20781 1
28368 37165 1
52944 12589 1
40656 24877 1
24272 41261 1
16080 49453 1
46800 18733 1
30416 35117 1
54992 10541 1
59088 6445 1
47824 17709 1
56016 9517 1
60112 5421 1
48336 17197 1
31952 33581 1
56528 9005 1
60624 4909 1
46928 18605 1
55120 10413 1
59216 6317 1
47952 17581 1
56144 9389 1
60240 5293 1
48464 17069 1
32080 33453 1
56656 8877 1
60752 4781 1
48720 16813 1
32336 33197 1
56912 8621 1
61008 4525 1
46992 18535 1
30608 34919 1
55184 10343 1
59280 6247 1
56208 9319 1
60304 5223 1
48528 16999 1
32144 33383 1
60816 4711 1
46992 18539 1
30608 34923 1
55184 10347 1
59280 6251 1
48016 17515 1
56208 9323 1
60304 5227 1
48528 17003 1
32144 33387 1
48784 16743 1
32400 33127 1
56976 8551 1
61072 4455 1
48784 16747 1
32400 33131 1
56976 8555 1
61072 4459 1
46992 18541 1
30608 34925 1
55184 10349 1
59280 6253 1
56208 9325 1
60304 5229 1
48528 17005 1
32144 33389 1
56720 8813 1
48784 16749 1
32400 33133 1
56976 8557 1
61072 4461 1
43888 21646 1
27504 38030 1
52080 13454 1
39792 25742 1
23408 42126 1
15216 50318 1
45936 19598 1
54128 11406 1
58224 7310 1
42864 22670 1
51056 14478 1
38768 26766 1
44400 21134 1
28016 37518 1
52592 12942 1
40304 25230 1
23920 41614 1
15728 49806 1
46448 19086 1
54640 10894 1
58736 6798 1
47472 18062 1
31088 34446 1
55664 9870 1
59760 5774 1
44656 20878 1
28272 37262 1
52848 12686 1
40560 24974 1
24176 41358 1
15984 49550 1
46704 18830 1
54896 10638 1
58992 6542 1
47728 17806 1
31344 34190 1
55920 9614 1
60016 5518 1
48240 17294 1
31856 33678 1
56432 9102 1
60528 5006 1
27568 37966 1
52144 13390 1
23472 42062 1
29616 35918 1
54192 11342 1
58288 7246 1
42928 22606 1
26544 38990 1
51120 14414 1
38832 26702 1
22448 43086 1
14256 51278 1
40368 25166 1
23984 41550 1
15792 49742 1
46512 19022 1
30128 35406 1
54704 10830 1
31152 34382 1
55728 9806 1
44720 20814 1
28336 37198 1
52912 12622 1
40624 24910 1
24240 41294 1
16048 49486 1
46768 18766 1
30384 35150 1
54960 10574 1
59056 6478 1
31408 34126 1
55984 9550 1
60080 5454 1
48304 17230 1
31920 33614 1
56496 9038 1
46896 18638 1
55088 10446 1
59184 6350 1
31536 33998 1
56112 9422 1
60208 5326 1
48432 17102 1
32048 33486 1
56624 8910 1
48688 16846 1
32304 33230 1
56880 8654 1
60976 4558 1
43984 21550 1
27600 37934 1
52176 13358 1
39888 25646 1
23504 42030 1
15312 50222 1
46032 19502 1
29648 35886 1
54224 11310 1
58320 7214 1
42960 22574 1
26576 38958 1
51152 14382 1
38864 26670 1
22480 43054 1
14288 51246 1
44496 21038 1
28112 37422 1
15824 49710 1
46544 18990 1
30160 35374 1
58832 6702 1
47568 17966 1
31184 34350 1
59856 5678 1
44752 20782 1
28368 37166 1
52944 12590 1
40656 24878 1
24272 41262 1
16080 49454 1
46800 18734 1
30416 35118 1
54992 10542 1
59088 6446 1
47824 17710 1
31440 34094 1
56016 9518 1
60112 5422 1
48336 17198 1
31952 33582 1
60624 4910 1
46928 18606 1
55120 10414 1
59216 6318 1
47952 17582 1
31568 33966 1
56144 9390 1
60240 5294 1
48464 17070 1
32080 33454 1
60752 4782 1
48720 16814 1
32336 33198 1
56912 8622 1
61008 4526 1
46992 18542 1
30608 34926 1
55184 10350 1
59280 6254 1
31632 33902 1
56208 9326 1
60304 5230 1
48528 17006 1
32144 33390 1
48784 16750 1
32400 33134 1
56976 8558 1
61072 4462 1
44000 21527 1
27616 37911 1
52192 13335 1
39904 25623 1
23520 42007 1
15328 50199 1
46048 19479 1
29664 35863 1
54240 11287 1
58336 7191 1
42976 22551 1
26592 38935 1
51168 14359 1
38880 26647 1
22496 43031 1
14304 51223 1
44512 21015 1
28128 37399 1
52704 12823 1
40416 25111 1
24032 41495 1
15840 49687 1
46560 18967 1
30176 35351 1
54752 10775 1
58848 6679 1
47584 17943 1
31200 34327 1
55776 9751 1
59872 5655 1
40672 24855 1
24288 41239 1
16096 49431 1
46816 18711 1
30432 35095 1
55008 10519 1
47840 17687 1
31456 34071 1
56032 9495 1
48352 17175 1
31968 33559 1
56544 8983 1
44000 21531 1
27616 37915 1
52192 13339 1
39904 25627 1
23520 42011 1
15328 50203 1
46048 19483 1
29664 35867 1
54240 11291 1
58336 7195 1
42976 22555 1
26592 38939 1
51168 14363 1
38880 26651 1
22496 43035 1
14304 51227 1
44512 21019 1
28128 37403 1
52704 12827 1
40416 25115 1
24032 41499 1
15840 49691 1
46560 18971 1
30176 35355 1
54752 10779 1
58848 6683 1
47584 17947 1
31200 34331 1
55776 9755 1
59872 5659 1
40672 24859 1
24288 41243 1
16096 49435 1
46816 18715 1
30432 35099 1
55008 10523 1
47840 17691 1
31456 34075 1
56032 9499 1
48352 17179 1
31968 33563 1
56544 8987 1
46944 18583 1
30560 34967 1
55136 10391 1
59232 6295 1
47968 17559 1
31584 33943 1
56160 9367 1
60256 5271 1
48480 17047 1
32096 33431 1
56672 8855 1
60768 4759 1
46944 18587 1
55136 10395 1
59232 6299 1
47968 17563 1
31584 33947 1
56160 9371 1
60256 5275 1
48480 17051 1
32096 33435 1
56672 8859 1
60768 4763 1
48736 16791 1
32352 33175 1
56928 8599 1
48736 16795 1
32352 33179 1
56928 8603 1
44000 21533 1
27616 37917 1
52192 13341 1
39904 25629 1
23520 42013 1
15328 50205 1
46048 19485 1
29664 35869 1
54240 11293 1
58336 7197 1
42976 22557 1
26592 38941 1
51168 14365 1
38880 26653 1
22496 43037 1
14304 51229 1
44512 21021 1
28128 37405 1
52704 12829 1
40416 25117 1
24032 41501 1
15840 49693 1
46560 18973 1
30176 35357 1
54752 10781 1
58848 6685 1
47584 17949 1
31200 34333 1
55776 9757 1
59872 5661 1
40672 24861 1
24288 41245 1
16096 49437 1
46816 18717 1
30432 35101 1
55008 10525 1
47840 17693 1
31456 34077 1
56032 9501 1
48352 17181 1
31968 33565 1
56544 8989 1
46944 18589 1
55136 10397 1
59232 6301 1
47968 17565 1
31584 33949 1
56160 9373 1
60256 5277 1
48480 17053 1
32096 33437 1
56672 8861 1
60768 4765 1
48736 16797 1
32352 33181 1
56928 8605 1
47008 18519 1
30624 34903 1
55200 10327 1
59296 6231 1
31648 33879 1
56224 9303 1
60320 5207 1
48544 16983 1
32160 33367 1
56736 8791 1
60832 4695 1
47008 18523 1
30624 34907 1
55200 10331 1
59296 6235 1
48032 17499 1
31648 33883 1
56224 9307 1
60320 5211 1
48544 16987 1
32160 33371 1
56736 8795 1
48800 16727 1
32416 33111 1
56992 8535 1
48800 16731 1
32416 33115 1
56992 8539 1
47008 18525 1
30624 34909 1
55200 10333 1
59296 6237 1
31648 33885 1
56224 9309 1
60320 5213 1
48544 16989 1
32160 33373 1
56736 8797 1
48800 16733 1
32416 33117 1
56992 8541 1
44000 21534 1
27616 37918 1
52192 13342 1
39904 25630 1
23520 42014 1
15328 50206 1
46048 19486 1
29664 35870 1
54240 11294 1
58336 7198 1
42976 22558 1
26592 38942 1
51168 14366 1
38880 26654 1
22496 43038 1
14304 51230 1
44512 21022 1
28128 37406 1
52704 12830 1
40416 25118 1
24032 41502 1
15840 49694 1
46560 18974 1
30176 35358 1
54752 10782 1
58848 6686 1
47584 17950 1
31200 34334 1
55776 9758 1
59872 5662 1
44768 20766 1
28384 37150 1
52960 12574 1
40672 24862 1
24288 41246 1
16096 49438 1
46816 18718 1
30432 35102 1
55008 10526 1
59104 6430 1
47840 17694 1
31456 34078 1
56032 9502 1
60128 5406 1
48352 17182 1
31968 33566 1
56544 8990 1
60640 4894 1
46944 18590 1
55136 10398 1
59232 6302 1
47968 17566 1
31584 33950 1
56160 9374 1
60256 5278 1
48480 17054 1
32096 33438 1
56672 8862 1
60768 4766 1
48736 16798 1
32352 33182 1
56928 8606 1
61024 4510 1
47008 18526 1
30624 34910 1
55200 10334 1
59296 6238 1
31648 33886 1
56224 9310 1
60320 5214 1
48544 16990 1
32160 33374 1
56736 8798 1
48800 16734 1
32416 33118 1
56992 8542 1
61088 4446 1
47040 18487 1
30656 34871 1
55232 10295 1
59328 6199 1
48064 17463 1
56256 9271 1
60352 5175 1
48576 16951 1
32192 33335 1
60864 4663 1
47040 18491 1
30656 34875 1
55232 10299 1
59328 6203 1
48064 17467 1
56256 9275 1
60352 5179 1
48576 16955 1
32192 33339 1
60864 4667 1
48832 16695 1
32448 33079 1
57024 8503 1
48832 16699 1
32448 33083 1
57024 8507 1
47040 18493 1
30656 34877 1
55232 10301 1
59328 6205 1
48064 17469 1
56256 9277 1
60352 5181 1
48576 16957 1
32192 33341 1
56768 8765 1
60864 4669 1
48832 16701 1
32448 33085 1
57024 8509 1
47040 18494 1
30656 34878 1
55232 10302 1
59328 6206 1
48064 17470 1
31680 33854 1
56256 9278 1
60352 5182 1
48576 16958 1
32192 33342 1
60864 4670 1
48832 16702 1
32448 33086 1
57024 8510 1
61120 4414 1
