# gale's game: 4x4 FOUR in a row (m,n,k = 4,4,4), no gravity,
# a stone may be placed in any empty cell.  Five in a row is impossible
# on a 4x4 grid -- the longest line is 4 -- and is not this game.
#
# value    : +1 the SIDE TO MOVE wins with best play, 0 draw, -1 loses.
#           This table covers every ply, so the side to move alternates:
#           even ply -> P0 to move, odd ply -> P1 to move.  The ply is
#           popcount(p0|p1), so a reader can recover it from the boards.
#           The P0-perspective value is value for an even ply and
#           -value for an odd ply.
# horizon  : NONE.  The board is 16 cells, so the search always reaches
#           the end of the game.  Every row is exact.
# legality : the game has not already ended -- neither side has four in
#           a row and the board is not full.  Terminal positions are
#           excluded and counted separately in the manifest.
# order    : lexicographic in the first cell-index sequence that reaches
#           the position, cell indices 0..15 row-major from the top
#           left.  Deduplicated on the position itself.
# fields   : p0 p1 value -- p0 and p1 are the 16-bit boards in unsigned
#           decimal (bit i is cell i), value in {-1,0,+1}.
# digest   : FNV-1a 64 over the data lines of all ply files in ply order,
#           terminating newlines included, '#' lines excluded.
5 10 0
5 18 0
5 34 0
5 66 0
5 130 0
5 258 0
5 514 0
5 1026 0
5 2050 0
5 4098 0
5 8194 0
5 16386 0
5 32770 0
9 6 0
9 18 0
9 34 0
9 66 0
9 130 0
9 258 0
9 514 0
9 1026 0
9 2050 0
9 4098 0
9 8194 0
9 16386 0
9 32770 0
17 6 0
17 10 0
17 34 0
17 66 0
17 130 0
17 258 0
17 514 0
17 1026 0
17 2050 0
17 4098 0
17 8194 0
17 16386 0
17 32770 0
33 6 0
33 10 0
33 18 0
33 66 0
33 130 0
33 258 0
33 514 0
33 1026 0
33 2050 0
33 4098 0
33 8194 0
33 16386 0
33 32770 0
65 6 0
65 10 0
65 18 0
65 34 0
65 130 0
65 258 0
65 514 0
65 1026 0
65 2050 0
65 4098 0
65 8194 0
65 16386 0
65 32770 0
129 6 0
129 10 0
129 18 0
129 34 0
129 66 0
129 258 0
129 514 0
129 1026 0
129 2050 0
129 4098 0
129 8194 0
129 16386 0
129 32770 0
257 6 0
257 10 0
257 18 0
257 34 0
257 66 0
257 130 0
257 514 0
257 1026 0
257 2050 0
257 4098 0
257 8194 0
257 16386 0
257 32770 0
513 6 0
513 10 0
513 18 0
513 34 0
513 66 0
513 130 0
513 258 0
513 1026 0
513 2050 0
513 4098 0
513 8194 0
513 16386 0
513 32770 0
1025 6 0
1025 10 0
1025 18 0
1025 34 0
1025 66 0
1025 130 0
1025 258 0
1025 514 0
1025 2050 0
1025 4098 0
1025 8194 0
1025 16386 0
1025 32770 0
2049 6 0
2049 10 0
2049 18 0
2049 34 0
2049 66 0
2049 130 0
2049 258 0
2049 514 0
2049 1026 0
2049 4098 0
2049 8194 0
2049 16386 0
2049 32770 0
4097 6 0
4097 10 0
4097 18 0
4097 34 0
4097 66 0
4097 130 0
4097 258 0
4097 514 0
4097 1026 0
4097 2050 0
4097 8194 0
4097 16386 0
4097 32770 0
8193 6 0
8193 10 0
8193 18 0
8193 34 0
8193 66 0
8193 130 0
8193 258 0
8193 514 0
8193 1026 0
8193 2050 0
8193 4098 0
8193 16386 0
8193 32770 0
16385 6 0
16385 10 0
16385 18 0
16385 34 0
16385 66 0
16385 130 0
16385 258 0
16385 514 0
16385 1026 0
16385 2050 0
16385 4098 0
16385 8194 0
16385 32770 0
32769 6 0
32769 10 0
32769 18 0
32769 34 0
32769 66 0
32769 130 0
32769 258 0
32769 514 0
32769 1026 0
32769 2050 0
32769 4098 0
32769 8194 0
32769 16386 0
3 12 0
3 20 0
3 36 0
3 68 0
3 132 0
3 260 0
3 516 0
3 1028 0
3 2052 0
3 4100 0
3 8196 0
3 16388 0
3 32772 0
9 20 0
9 36 0
9 68 0
9 132 0
9 260 0
9 516 0
9 1028 0
9 2052 0
9 4100 0
9 8196 0
9 16388 0
9 32772 0
17 12 0
17 36 0
17 68 0
17 132 0
17 260 0
17 516 0
17 1028 0
17 2052 0
17 4100 0
17 8196 0
17 16388 0
17 32772 0
33 12 0
33 20 0
33 68 0
33 132 0
33 260 0
33 516 0
33 1028 0
33 2052 0
33 4100 0
33 8196 0
33 16388 0
33 32772 0
65 12 0
65 20 0
65 36 0
65 132 0
65 260 0
65 516 0
65 1028 0
65 2052 0
65 4100 0
65 8196 0
65 16388 0
65 32772 0
129 12 0
129 20 0
129 36 0
129 68 0
129 260 0
129 516 0
129 1028 0
129 2052 0
129 4100 0
129 8196 0
129 16388 0
129 32772 0
257 12 0
257 20 0
257 36 0
257 68 0
257 132 0
257 516 0
257 1028 0
257 2052 0
257 4100 0
257 8196 0
257 16388 0
257 32772 0
513 12 0
513 20 0
513 36 0
513 68 0
513 132 0
513 260 0
513 1028 0
513 2052 0
513 4100 0
513 8196 0
513 16388 0
513 32772 0
1025 12 0
1025 20 0
1025 36 0
1025 68 0
1025 132 0
1025 260 0
1025 516 0
1025 2052 0
1025 4100 0
1025 8196 0
1025 16388 0
1025 32772 0
2049 12 0
2049 20 0
2049 36 0
2049 68 0
2049 132 0
2049 260 0
2049 516 0
2049 1028 0
2049 4100 0
2049 8196 0
2049 16388 0
2049 32772 0
4097 12 0
4097 20 0
4097 36 0
4097 68 0
4097 132 0
4097 260 0
4097 516 0
4097 1028 0
4097 2052 0
4097 8196 0
4097 16388 0
4097 32772 0
8193 12 0
8193 20 0
8193 36 0
8193 68 0
8193 132 0
8193 260 0
8193 516 0
8193 1028 0
8193 2052 0
8193 4100 0
8193 16388 0
8193 32772 0
16385 12 0
16385 20 0
16385 36 0
16385 68 0
16385 132 0
16385 260 0
16385 516 0
16385 1028 0
16385 2052 0
16385 4100 0
16385 8196 0
16385 32772 0
32769 12 0
32769 20 0
32769 36 0
32769 68 0
32769 132 0
32769 260 0
32769 516 0
32769 1028 0
32769 2052 0
32769 4100 0
32769 8196 0
32769 16388 0
3 24 0
3 40 0
3 72 0
3 136 0
3 264 0
3 520 0
3 1032 0
3 2056 0
3 4104 0
3 8200 0
3 16392 0
3 32776 0
5 24 0
5 40 0
5 72 0
5 136 0
5 264 0
5 520 0
5 1032 0
5 2056 0
5 4104 0
5 8200 0
5 16392 0
5 32776 0
17 40 0
17 72 0
17 136 0
17 264 0
17 520 0
17 1032 0
17 2056 0
17 4104 0
17 8200 0
17 16392 0
17 32776 0
33 24 0
33 72 0
33 136 0
33 264 0
33 520 0
33 1032 0
33 2056 0
33 4104 0
33 8200 0
33 16392 0
33 32776 0
65 24 0
65 40 0
65 136 0
65 264 0
65 520 0
65 1032 0
65 2056 0
65 4104 0
65 8200 0
65 16392 0
65 32776 0
129 24 0
129 40 0
129 72 0
129 264 0
129 520 0
129 1032 0
129 2056 0
129 4104 0
129 8200 0
129 16392 0
129 32776 0
257 24 0
257 40 0
257 72 0
257 136 0
257 520 0
257 1032 0
257 2056 0
257 4104 0
257 8200 0
257 16392 0
257 32776 0
513 24 0
513 40 0
513 72 0
513 136 0
513 264 0
513 1032 0
513 2056 0
513 4104 0
513 8200 0
513 16392 0
513 32776 0
1025 24 0
1025 40 0
1025 72 0
1025 136 0
1025 264 0
1025 520 0
1025 2056 0
1025 4104 0
1025 8200 0
1025 16392 0
1025 32776 0
2049 24 0
2049 40 0
2049 72 0
2049 136 0
2049 264 0
2049 520 0
2049 1032 0
2049 4104 0
2049 8200 0
2049 16392 0
2049 32776 0
4097 24 0
4097 40 0
4097 72 0
4097 136 0
4097 264 0
4097 520 0
4097 1032 0
4097 2056 0
4097 8200 0
4097 16392 0
4097 32776 0
8193 24 0
8193 40 0
8193 72 0
8193 136 0
8193 264 0
8193 520 0
8193 1032 0
8193 2056 0
8193 4104 0
8193 16392 0
8193 32776 0
16385 24 0
16385 40 0
16385 72 0
16385 136 0
16385 264 0
16385 520 0
16385 1032 0
16385 2056 0
16385 4104 0
16385 8200 0
16385 32776 0
32769 24 0
32769 40 0
32769 72 0
32769 136 0
32769 264 0
32769 520 0
32769 1032 0
32769 2056 0
32769 4104 0
32769 8200 0
32769 16392 0
3 48 0
3 80 0
3 144 0
3 272 0
3 528 0
3 1040 0
3 2064 0
3 4112 0
3 8208 0
3 16400 0
3 32784 0
5 48 0
5 80 0
5 144 0
5 272 0
5 528 0
5 1040 0
5 2064 0
5 4112 0
5 8208 0
5 16400 0
5 32784 0
9 48 0
9 80 0
9 144 0
9 272 0
9 528 0
9 1040 0
9 2064 0
9 4112 0
9 8208 0
9 16400 0
9 32784 0
33 80 0
33 144 0
33 272 0
33 528 0
33 1040 0
33 2064 0
33 4112 0
33 8208 0
33 16400 0
33 32784 0
65 48 0
65 144 0
65 272 0
65 528 0
65 1040 0
65 2064 0
65 4112 0
65 8208 0
65 16400 0
65 32784 0
129 48 0
129 80 0
129 272 0
129 528 0
129 1040 0
129 2064 0
129 4112 0
129 8208 0
129 16400 0
129 32784 0
257 48 0
257 80 0
257 144 0
257 528 0
257 1040 0
257 2064 0
257 4112 0
257 8208 0
257 16400 0
257 32784 0
513 48 0
513 80 0
513 144 0
513 272 0
513 1040 0
513 2064 0
513 4112 0
513 8208 0
513 16400 0
513 32784 0
1025 48 0
1025 80 0
1025 144 0
1025 272 0
1025 528 0
1025 2064 0
1025 4112 0
1025 8208 0
1025 16400 0
1025 32784 0
2049 48 0
2049 80 0
2049 144 0
2049 272 0
2049 528 0
2049 1040 0
2049 4112 0
2049 8208 0
2049 16400 0
2049 32784 0
4097 48 0
4097 80 0
4097 144 0
4097 272 0
4097 528 0
4097 1040 0
4097 2064 0
4097 8208 0
4097 16400 0
4097 32784 0
8193 48 0
8193 80 0
8193 144 0
8193 272 0
8193 528 0
8193 1040 0
8193 2064 0
8193 4112 0
8193 16400 0
8193 32784 0
16385 48 0
16385 80 0
16385 144 0
16385 272 0
16385 528 0
16385 1040 0
16385 2064 0
16385 4112 0
16385 8208 0
16385 32784 0
32769 48 0
32769 80 0
32769 144 0
32769 272 0
32769 528 0
32769 1040 0
32769 2064 0
32769 4112 0
32769 8208 0
32769 16400 0
3 96 0
3 160 0
3 288 0
3 544 0
3 1056 0
3 2080 0
3 4128 0
3 8224 0
3 16416 0
3 32800 0
5 96 0
5 160 0
5 288 0
5 544 0
5 1056 0
5 2080 0
5 4128 0
5 8224 0
5 16416 0
5 32800 0
9 96 0
9 160 0
9 288 0
9 544 0
9 1056 0
9 2080 0
9 4128 0
9 8224 0
9 16416 0
9 32800 0
17 96 0
17 160 0
17 288 0
17 544 0
17 1056 0
17 2080 0
17 4128 0
17 8224 0
17 16416 0
17 32800 0
65 160 0
65 288 0
65 544 0
65 1056 0
65 2080 0
65 4128 0
65 8224 0
65 16416 0
65 32800 0
129 96 0
129 288 0
129 544 0
129 1056 0
129 2080 0
129 4128 0
129 8224 0
129 16416 0
129 32800 0
257 96 0
257 160 0
257 544 0
257 1056 0
257 2080 0
257 4128 0
257 8224 0
257 16416 0
257 32800 0
513 96 0
513 160 0
513 288 0
513 1056 0
513 2080 0
513 4128 0
513 8224 0
513 16416 0
513 32800 0
1025 96 0
1025 160 0
1025 288 0
1025 544 0
1025 2080 0
1025 4128 0
1025 8224 0
1025 16416 0
1025 32800 0
2049 96 0
2049 160 0
2049 288 0
2049 544 0
2049 1056 0
2049 4128 0
2049 8224 0
2049 16416 0
2049 32800 0
4097 96 0
4097 160 0
4097 288 0
4097 544 0
4097 1056 0
4097 2080 0
4097 8224 0
4097 16416 0
4097 32800 0
8193 96 0
8193 160 0
8193 288 0
8193 544 0
8193 1056 0
8193 2080 0
8193 4128 0
8193 16416 0
8193 32800 0
16385 96 0
16385 160 0
16385 288 0
16385 544 0
16385 1056 0
16385 2080 0
16385 4128 0
16385 8224 0
16385 32800 0
32769 96 0
32769 160 0
32769 288 0
32769 544 0
32769 1056 0
32769 2080 0
32769 4128 0
32769 8224 0
32769 16416 0
3 192 0
3 320 0
3 576 0
3 1088 0
3 2112 0
3 4160 0
3 8256 0
3 16448 0
3 32832 0
5 192 0
5 320 0
5 576 0
5 1088 0
5 2112 0
5 4160 0
5 8256 0
5 16448 0
5 32832 0
9 192 0
9 320 0
9 576 0
9 1088 0
9 2112 0
9 4160 0
9 8256 0
9 16448 0
9 32832 0
17 192 0
17 320 0
17 576 0
17 1088 0
17 2112 0
17 4160 0
17 8256 0
17 16448 0
17 32832 0
33 192 0
33 320 0
33 576 0
33 1088 0
33 2112 0
33 4160 0
33 8256 0
33 16448 0
33 32832 0
129 320 0
129 576 0
129 1088 0
129 2112 0
129 4160 0
129 8256 0
129 16448 0
129 32832 0
257 192 0
257 576 0
257 1088 0
257 2112 0
257 4160 0
257 8256 0
257 16448 0
257 32832 0
513 192 0
513 320 0
513 1088 0
513 2112 0
513 4160 0
513 8256 0
513 16448 0
513 32832 0
1025 192 0
1025 320 0
1025 576 0
1025 2112 0
1025 4160 0
1025 8256 0
1025 16448 0
1025 32832 0
2049 192 0
2049 320 0
2049 576 0
2049 1088 0
2049 4160 0
2049 8256 0
2049 16448 0
2049 32832 0
4097 192 0
4097 320 0
4097 576 0
4097 1088 0
4097 2112 0
4097 8256 0
4097 16448 0
4097 32832 0
8193 192 0
8193 320 0
8193 576 0
8193 1088 0
8193 2112 0
8193 4160 0
8193 16448 0
8193 32832 0
16385 192 0
16385 320 0
16385 576 0
16385 1088 0
16385 2112 0
16385 4160 0
16385 8256 0
16385 32832 0
32769 192 0
32769 320 0
32769 576 0
32769 1088 0
32769 2112 0
32769 4160 0
32769 8256 0
32769 16448 0
3 384 0
3 640 0
3 1152 0
3 2176 0
3 4224 0
3 8320 0
3 16512 0
3 32896 0
5 384 0
5 640 0
5 1152 0
5 2176 0
5 4224 0
5 8320 0
5 16512 0
5 32896 0
9 384 0
9 640 0
9 1152 0
9 2176 0
9 4224 0
9 8320 0
9 16512 0
9 32896 0
17 384 0
17 640 0
17 1152 0
17 2176 0
17 4224 0
17 8320 0
17 16512 0
17 32896 0
33 384 0
33 640 0
33 1152 0
33 2176 0
33 4224 0
33 8320 0
33 16512 0
33 32896 0
65 384 0
65 640 0
65 1152 0
65 2176 0
65 4224 0
65 8320 0
65 16512 0
65 32896 0
257 640 0
257 1152 0
257 2176 0
257 4224 0
257 8320 0
257 16512 0
257 32896 0
513 384 0
513 1152 0
513 2176 0
513 4224 0
513 8320 0
513 16512 0
513 32896 0
1025 384 0
1025 640 0
1025 2176 0
1025 4224 0
1025 8320 0
1025 16512 0
1025 32896 0
2049 384 0
2049 640 0
2049 1152 0
2049 4224 0
2049 8320 0
2049 16512 0
2049 32896 0
4097 384 0
4097 640 0
4097 1152 0
4097 2176 0
4097 8320 0
4097 16512 0
4097 32896 0
8193 384 0
8193 640 0
8193 1152 0
8193 2176 0
8193 4224 0
8193 16512 0
8193 32896 0
16385 384 0
16385 640 0
16385 1152 0
16385 2176 0
16385 4224 0
16385 8320 0
16385 32896 0
32769 384 0
32769 640 0
32769 1152 0
32769 2176 0
32769 4224 0
32769 8320 0
32769 16512 0
3 768 0
3 1280 0
3 2304 0
3 4352 0
3 8448 0
3 16640 0
3 33024 0
5 768 0
5 1280 0
5 2304 0
5 4352 0
5 8448 0
5 16640 0
5 33024 0
9 768 0
9 1280 0
9 2304 0
9 4352 0
9 8448 0
9 16640 0
9 33024 0
17 768 0
17 1280 0
17 2304 0
17 4352 0
17 8448 0
17 16640 0
17 33024 0
33 768 0
33 1280 0
33 2304 0
33 4352 0
33 8448 0
33 16640 0
33 33024 0
65 768 0
65 1280 0
65 2304 0
65 4352 0
65 8448 0
65 16640 0
65 33024 0
129 768 0
129 1280 0
129 2304 0
129 4352 0
129 8448 0
129 16640 0
129 33024 0
513 1280 0
513 2304 0
513 4352 0
513 8448 0
513 16640 0
513 33024 0
1025 768 0
1025 2304 0
1025 4352 0
1025 8448 0
1025 16640 0
1025 33024 0
2049 768 0
2049 1280 0
2049 4352 0
2049 8448 0
2049 16640 0
2049 33024 0
4097 768 0
4097 1280 0
4097 2304 0
4097 8448 0
4097 16640 0
4097 33024 0
8193 768 0
8193 1280 0
8193 2304 0
8193 4352 0
8193 16640 0
8193 33024 0
16385 768 0
16385 1280 0
16385 2304 0
16385 4352 0
16385 8448 0
16385 33024 0
32769 768 0
32769 1280 0
32769 2304 0
32769 4352 0
32769 8448 0
32769 16640 0
3 1536 0
3 2560 0
3 4608 0
3 8704 0
3 16896 0
3 33280 0
5 1536 0
5 2560 0
5 4608 0
5 8704 0
5 16896 0
5 33280 0
9 1536 0
9 2560 0
9 4608 0
9 8704 0
9 16896 0
9 33280 0
17 1536 0
17 2560 0
17 4608 0
17 8704 0
17 16896 0
17 33280 0
33 1536 0
33 2560 0
33 4608 0
33 8704 0
33 16896 0
33 33280 0
65 1536 0
65 2560 0
65 4608 0
65 8704 0
65 16896 0
65 33280 0
129 1536 0
129 2560 0
129 4608 0
129 8704 0
129 16896 0
129 33280 0
257 1536 0
257 2560 0
257 4608 0
257 8704 0
257 16896 0
257 33280 0
1025 2560 0
1025 4608 0
1025 8704 0
1025 16896 0
1025 33280 0
2049 1536 0
2049 4608 0
2049 8704 0
2049 16896 0
2049 33280 0
4097 1536 0
4097 2560 0
4097 8704 0
4097 16896 0
4097 33280 0
8193 1536 0
8193 2560 0
8193 4608 0
8193 16896 0
8193 33280 0
16385 1536 0
16385 2560 0
16385 4608 0
16385 8704 0
16385 33280 0
32769 1536 0
32769 2560 0
32769 4608 0
32769 8704 0
32769 16896 0
3 3072 0
3 5120 0
3 9216 0
3 17408 0
3 33792 0
5 3072 0
5 5120 0
5 9216 0
5 17408 0
5 33792 0
9 3072 0
9 5120 0
9 9216 0
9 17408 0
9 33792 0
17 3072 0
17 5120 0
17 9216 0
17 17408 0
17 33792 0
33 3072 0
33 5120 0
33 9216 0
33 17408 0
33 33792 0
65 3072 0
65 5120 0
65 9216 0
65 17408 0
65 33792 0
129 3072 0
129 5120 0
129 9216 0
129 17408 0
129 33792 0
257 3072 0
257 5120 0
257 9216 0
257 17408 0
257 33792 0
513 3072 0
513 5120 0
513 9216 0
513 17408 0
513 33792 0
2049 5120 0
2049 9216 0
2049 17408 0
2049 33792 0
4097 3072 0
4097 9216 0
4097 17408 0
4097 33792 0
8193 3072 0
8193 5120 0
8193 17408 0
8193 33792 0
16385 3072 0
16385 5120 0
16385 9216 0
16385 33792 0
32769 3072 0
32769 5120 0
32769 9216 0
32769 17408 0
3 6144 0
3 10240 0
3 18432 0
3 34816 0
5 6144 0
5 10240 0
5 18432 0
5 34816 0
9 6144 0
9 10240 0
9 18432 0
9 34816 0
17 6144 0
17 10240 0
17 18432 0
17 34816 0
33 6144 0
33 10240 0
33 18432 0
33 34816 0
65 6144 0
65 10240 0
65 18432 0
65 34816 0
129 6144 0
129 10240 0
129 18432 0
129 34816 0
257 6144 0
257 10240 0
257 18432 0
257 34816 0
513 6144 0
513 10240 0
513 18432 0
513 34816 0
1025 6144 0
1025 10240 0
1025 18432 0
1025 34816 0
4097 10240 0
4097 18432 0
4097 34816 0
8193 6144 0
8193 18432 0
8193 34816 0
16385 6144 0
16385 10240 0
16385 34816 0
32769 6144 0
32769 10240 0
32769 18432 0
3 12288 0
3 20480 0
3 36864 0
5 12288 0
5 20480 0
5 36864 0
9 12288 0
9 20480 0
9 36864 0
17 12288 0
17 20480 0
17 36864 0
33 12288 0
33 20480 0
33 36864 0
65 12288 0
65 20480 0
65 36864 0
129 12288 0
129 20480 0
129 36864 0
257 12288 0
257 20480 0
257 36864 0
513 12288 0
513 20480 0
513 36864 0
1025 12288 0
1025 20480 0
1025 36864 0
2049 12288 0
2049 20480 0
2049 36864 0
8193 20480 0
8193 36864 0
16385 12288 0
16385 36864 0
32769 12288 0
32769 20480 0
3 24576 0
3 40960 0
5 24576 0
5 40960 0
9 24576 0
9 40960 0
17 24576 0
17 40960 0
33 24576 0
33 40960 0
65 24576 0
65 40960 0
129 24576 0
129 40960 0
257 24576 0
257 40960 0
513 24576 0
513 40960 0
1025 24576 0
1025 40960 0
2049 24576 0
2049 40960 0
4097 24576 0
4097 40960 0
16385 40960 0
32769 24576 0
3 49152 0
5 49152 0
9 49152 0
17 49152 0
33 49152 0
65 49152 0
129 49152 0
257 49152 0
513 49152 0
1025 49152 0
2049 49152 0
4097 49152 0
8193 49152 0
6 9 0
6 17 0
6 33 0
6 65 0
6 129 0
6 257 0
6 513 0
6 1025 0
6 2049 0
6 4097 0
6 8193 0
6 16385 0
6 32769 0
10 5 0
10 17 0
10 33 0
10 65 0
10 129 0
10 257 0
10 513 0
10 1025 0
10 2049 0
10 4097 0
10 8193 0
10 16385 0
10 32769 0
18 5 0
18 9 0
18 33 0
18 65 0
18 129 0
18 257 0
18 513 0
18 1025 0
18 2049 0
18 4097 0
18 8193 0
18 16385 0
18 32769 0
34 5 0
34 9 0
34 17 0
34 65 0
34 129 0
34 257 0
34 513 0
34 1025 0
34 2049 0
34 4097 0
34 8193 0
34 16385 0
34 32769 0
66 5 0
66 9 0
66 17 0
66 33 0
66 129 0
66 257 0
66 513 0
66 1025 0
66 2049 0
66 4097 0
66 8193 0
66 16385 0
66 32769 0
130 5 0
130 9 0
130 17 0
130 33 0
130 65 0
130 257 0
130 513 0
130 1025 0
130 2049 0
130 4097 0
130 8193 0
130 16385 0
130 32769 0
258 5 0
258 9 0
258 17 0
258 33 0
258 65 0
258 129 0
258 513 0
258 1025 0
258 2049 0
258 4097 0
258 8193 0
258 16385 0
258 32769 0
514 5 0
514 9 0
514 17 0
514 33 0
514 65 0
514 129 0
514 257 0
514 1025 0
514 2049 0
514 4097 0
514 8193 0
514 16385 0
514 32769 0
1026 5 0
1026 9 0
1026 17 0
1026 33 0
1026 65 0
1026 129 0
1026 257 0
1026 513 0
1026 2049 0
1026 4097 0
1026 8193 0
1026 16385 0
1026 32769 0
2050 5 0
2050 9 0
2050 17 0
2050 33 0
2050 65 0
2050 129 0
2050 257 0
2050 513 0
2050 1025 0
2050 4097 0
2050 8193 0
2050 16385 0
2050 32769 0
4098 5 0
4098 9 0
4098 17 0
4098 33 0
4098 65 0
4098 129 0
4098 257 0
4098 513 0
4098 1025 0
4098 2049 0
4098 8193 0
4098 16385 0
4098 32769 0
8194 5 0
8194 9 0
8194 17 0
8194 33 0
8194 65 0
8194 129 0
8194 257 0
8194 513 0
8194 1025 0
8194 2049 0
8194 4097 0
8194 16385 0
8194 32769 0
16386 5 0
16386 9 0
16386 17 0
16386 33 0
16386 65 0
16386 129 0
16386 257 0
16386 513 0
16386 1025 0
16386 2049 0
16386 4097 0
16386 8193 0
16386 32769 0
32770 5 0
32770 9 0
32770 17 0
32770 33 0
32770 65 0
32770 129 0
32770 257 0
32770 513 0
32770 1025 0
32770 2049 0
32770 4097 0
32770 8193 0
32770 16385 0
10 20 0
10 36 0
10 68 0
10 132 0
10 260 0
10 516 0
10 1028 0
10 2052 0
10 4100 0
10 8196 0
10 16388 0
10 32772 0
18 12 0
18 36 0
18 68 0
18 132 0
18 260 0
18 516 0
18 1028 0
18 2052 0
18 4100 0
18 8196 0
18 16388 0
18 32772 0
34 12 0
34 20 0
34 68 0
34 132 0
34 260 0
34 516 0
34 1028 0
34 2052 0
34 4100 0
34 8196 0
34 16388 0
34 32772 0
66 12 0
66 20 0
66 36 0
66 132 0
66 260 0
66 516 0
66 1028 0
66 2052 0
66 4100 0
66 8196 0
66 16388 0
66 32772 0
130 12 0
130 20 0
130 36 0
130 68 0
130 260 0
130 516 0
130 1028 0
130 2052 0
130 4100 0
130 8196 0
130 16388 0
130 32772 0
258 12 0
258 20 0
258 36 0
258 68 0
258 132 0
258 516 0
258 1028 0
258 2052 0
258 4100 0
258 8196 0
258 16388 0
258 32772 0
514 12 0
514 20 0
514 36 0
514 68 0
514 132 0
514 260 0
514 1028 0
514 2052 0
514 4100 0
514 8196 0
514 16388 0
514 32772 0
1026 12 0
1026 20 0
1026 36 0
1026 68 0
1026 132 0
1026 260 0
1026 516 0
1026 2052 0
1026 4100 0
1026 8196 0
1026 16388 0
1026 32772 0
2050 12 0
2050 20 0
2050 36 0
2050 68 0
2050 132 0
2050 260 0
2050 516 0
2050 1028 0
2050 4100 0
2050 8196 0
2050 16388 0
2050 32772 0
4098 12 0
4098 20 0
4098 36 0
4098 68 0
4098 132 0
4098 260 0
4098 516 0
4098 1028 0
4098 2052 0
4098 8196 0
4098 16388 0
4098 32772 0
8194 12 0
8194 20 0
8194 36 0
8194 68 0
8194 132 0
8194 260 0
8194 516 0
8194 1028 0
8194 2052 0
8194 4100 0
8194 16388 0
8194 32772 0
16386 12 0
16386 20 0
16386 36 0
16386 68 0
16386 132 0
16386 260 0
16386 516 0
16386 1028 0
16386 2052 0
16386 4100 0
16386 8196 0
16386 32772 0
32770 12 0
32770 20 0
32770 36 0
32770 68 0
32770 132 0
32770 260 0
32770 516 0
32770 1028 0
32770 2052 0
32770 4100 0
32770 8196 0
32770 16388 0
6 24 0
6 40 0
6 72 0
6 136 0
6 264 0
6 520 0
6 1032 0
6 2056 0
6 4104 0
6 8200 0
6 16392 0
6 32776 0
18 40 0
18 72 0
18 136 0
18 264 0
18 520 0
18 1032 0
18 2056 0
18 4104 0
18 8200 0
18 16392 0
18 32776 0
34 24 0
34 72 0
34 136 0
34 264 0
34 520 0
34 1032 0
34 2056 0
34 4104 0
34 8200 0
34 16392 0
34 32776 0
66 24 0
66 40 0
66 136 0
66 264 0
66 520 0
66 1032 0
66 2056 0
66 4104 0
66 8200 0
66 16392 0
66 32776 0
130 24 0
130 40 0
130 72 0
130 264 0
130 520 0
130 1032 0
130 2056 0
130 4104 0
130 8200 0
130 16392 0
130 32776 0
258 24 0
258 40 0
258 72 0
258 136 0
258 520 0
258 1032 0
258 2056 0
258 4104 0
258 8200 0
258 16392 0
258 32776 0
514 24 0
514 40 0
514 72 0
514 136 0
514 264 0
514 1032 0
514 2056 0
514 4104 0
514 8200 0
514 16392 0
514 32776 0
1026 24 0
1026 40 0
1026 72 0
1026 136 0
1026 264 0
1026 520 0
1026 2056 0
1026 4104 0
1026 8200 0
1026 16392 0
1026 32776 0
2050 24 0
2050 40 0
2050 72 0
2050 136 0
2050 264 0
2050 520 0
2050 1032 0
2050 4104 0
2050 8200 0
2050 16392 0
2050 32776 0
4098 24 0
4098 40 0
4098 72 0
4098 136 0
4098 264 0
4098 520 0
4098 1032 0
4098 2056 0
4098 8200 0
4098 16392 0
4098 32776 0
8194 24 0
8194 40 0
8194 72 0
8194 136 0
8194 264 0
8194 520 0
8194 1032 0
8194 2056 0
8194 4104 0
8194 16392 0
8194 32776 0
16386 24 0
16386 40 0
16386 72 0
16386 136 0
16386 264 0
16386 520 0
16386 1032 0
16386 2056 0
16386 4104 0
16386 8200 0
16386 32776 0
32770 24 0
32770 40 0
32770 72 0
32770 136 0
32770 264 0
32770 520 0
32770 1032 0
32770 2056 0
32770 4104 0
32770 8200 0
32770 16392 0
6 48 0
6 80 0
6 144 0
6 272 0
6 528 0
6 1040 0
6 2064 0
6 4112 0
6 8208 0
6 16400 0
6 32784 0
10 48 0
10 80 0
10 144 0
10 272 0
10 528 0
10 1040 0
10 2064 0
10 4112 0
10 8208 0
10 16400 0
10 32784 0
34 80 0
34 144 0
34 272 0
34 528 0
34 1040 0
34 2064 0
34 4112 0
34 8208 0
34 16400 0
34 32784 0
66 48 0
66 144 0
66 272 0
66 528 0
66 1040 0
66 2064 0
66 4112 0
66 8208 0
66 16400 0
66 32784 0
130 48 0
130 80 0
130 272 0
130 528 0
130 1040 0
130 2064 0
130 4112 0
130 8208 0
130 16400 0
130 32784 0
258 48 0
258 80 0
258 144 0
258 528 0
258 1040 0
258 2064 0
258 4112 0
258 8208 0
258 16400 0
258 32784 0
514 48 0
514 80 0
514 144 0
514 272 0
514 1040 0
514 2064 0
514 4112 0
514 8208 0
514 16400 0
514 32784 0
1026 48 0
1026 80 0
1026 144 0
1026 272 0
1026 528 0
1026 2064 0
1026 4112 0
1026 8208 0
1026 16400 0
1026 32784 0
2050 48 0
2050 80 0
2050 144 0
2050 272 0
2050 528 0
2050 1040 0
2050 4112 0
2050 8208 0
2050 16400 0
2050 32784 0
4098 48 0
4098 80 0
4098 144 0
4098 272 0
4098 528 0
4098 1040 0
4098 2064 0
4098 8208 0
4098 16400 0
4098 32784 0
8194 48 0
8194 80 0
8194 144 0
8194 272 0
8194 528 0
8194 1040 0
8194 2064 0
8194 4112 0
8194 16400 0
8194 32784 0
16386 48 0
16386 80 0
16386 144 0
16386 272 0
16386 528 0
16386 1040 0
16386 2064 0
16386 4112 0
16386 8208 0
16386 32784 0
32770 48 0
32770 80 0
32770 144 0
32770 272 0
32770 528 0
32770 1040 0
32770 2064 0
32770 4112 0
32770 8208 0
32770 16400 0
6 96 0
6 160 0
6 288 0
6 544 0
6 1056 0
6 2080 0
6 4128 0
6 8224 0
6 16416 0
6 32800 0
10 96 0
10 160 0
10 288 0
10 544 0
10 1056 0
10 2080 0
10 4128 0
10 8224 0
10 16416 0
10 32800 0
18 96 0
18 160 0
18 288 0
18 544 0
18 1056 0
18 2080 0
18 4128 0
18 8224 0
18 16416 0
18 32800 0
66 160 0
66 288 0
66 544 0
66 1056 0
66 2080 0
66 4128 0
66 8224 0
66 16416 0
66 32800 0
130 96 0
130 288 0
130 544 0
130 1056 0
130 2080 0
130 4128 0
130 8224 0
130 16416 0
130 32800 0
258 96 0
258 160 0
258 544 0
258 1056 0
258 2080 0
258 4128 0
258 8224 0
258 16416 0
258 32800 0
514 96 0
514 160 0
514 288 0
514 1056 0
514 2080 0
514 4128 0
514 8224 0
514 16416 0
514 32800 0
1026 96 0
1026 160 0
1026 288 0
1026 544 0
1026 2080 0
1026 4128 0
1026 8224 0
1026 16416 0
1026 32800 0
2050 96 0
2050 160 0
2050 288 0
2050 544 0
2050 1056 0
2050 4128 0
2050 8224 0
2050 16416 0
2050 32800 0
4098 96 0
4098 160 0
4098 288 0
4098 544 0
4098 1056 0
4098 2080 0
4098 8224 0
4098 16416 0
4098 32800 0
8194 96 0
8194 160 0
8194 288 0
8194 544 0
8194 1056 0
8194 2080 0
8194 4128 0
8194 16416 0
8194 32800 0
16386 96 0
16386 160 0
16386 288 0
16386 544 0
16386 1056 0
16386 2080 0
16386 4128 0
16386 8224 0
16386 32800 0
32770 96 0
32770 160 0
32770 288 0
32770 544 0
32770 1056 0
32770 2080 0
32770 4128 0
32770 8224 0
32770 16416 0
6 192 0
6 320 0
6 576 0
6 1088 0
6 2112 0
6 4160 0
6 8256 0
6 16448 0
6 32832 0
10 192 0
10 320 0
10 576 0
10 1088 0
10 2112 0
10 4160 0
10 8256 0
10 16448 0
10 32832 0
18 192 0
18 320 0
18 576 0
18 1088 0
18 2112 0
18 4160 0
18 8256 0
18 16448 0
18 32832 0
34 192 0
34 320 0
34 576 0
34 1088 0
34 2112 0
34 4160 0
34 8256 0
34 16448 0
34 32832 0
130 320 0
130 576 0
130 1088 0
130 2112 0
130 4160 0
130 8256 0
130 16448 0
130 32832 0
258 192 0
258 576 0
258 1088 0
258 2112 0
258 4160 0
258 8256 0
258 16448 0
258 32832 0
514 192 0
514 320 0
514 1088 0
514 2112 0
514 4160 0
514 8256 0
514 16448 0
514 32832 0
1026 192 0
1026 320 0
1026 576 0
1026 2112 0
1026 4160 0
1026 8256 0
1026 16448 0
1026 32832 0
2050 192 0
2050 320 0
2050 576 0
2050 1088 0
2050 4160 0
2050 8256 0
2050 16448 0
2050 32832 0
4098 192 0
4098 320 0
4098 576 0
4098 1088 0
4098 2112 0
4098 8256 0
4098 16448 0
4098 32832 0
8194 192 0
8194 320 0
8194 576 0
8194 1088 0
8194 2112 0
8194 4160 0
8194 16448 0
8194 32832 0
16386 192 0
16386 320 0
16386 576 0
16386 1088 0
16386 2112 0
16386 4160 0
16386 8256 0
16386 32832 0
32770 192 0
32770 320 0
32770 576 0
32770 1088 0
32770 2112 0
32770 4160 0
32770 8256 0
32770 16448 0
6 384 0
6 640 0
6 1152 0
6 2176 0
6 4224 0
6 8320 0
6 16512 0
6 32896 0
10 384 0
10 640 0
10 1152 0
10 2176 0
10 4224 0
10 8320 0
10 16512 0
10 32896 0
18 384 0
18 640 0
18 1152 0
18 2176 0
18 4224 0
18 8320 0
18 16512 0
18 32896 0
34 384 0
34 640 0
34 1152 0
34 2176 0
34 4224 0
34 8320 0
34 16512 0
34 32896 0
66 384 0
66 640 0
66 1152 0
66 2176 0
66 4224 0
66 8320 0
66 16512 0
66 32896 0
258 640 0
258 1152 0
258 2176 0
258 4224 0
258 8320 0
258 16512 0
258 32896 0
514 384 0
514 1152 0
514 2176 0
514 4224 0
514 8320 0
514 16512 0
514 32896 0
1026 384 0
1026 640 0
1026 2176 0
1026 4224 0
1026 8320 0
1026 16512 0
1026 32896 0
2050 384 0
2050 640 0
2050 1152 0
2050 4224 0
2050 8320 0
2050 16512 0
2050 32896 0
4098 384 0
4098 640 0
4098 1152 0
4098 2176 0
4098 8320 0
4098 16512 0
4098 32896 0
8194 384 0
8194 640 0
8194 1152 0
8194 2176 0
8194 4224 0
8194 16512 0
8194 32896 0
16386 384 0
16386 640 0
16386 1152 0
16386 2176 0
16386 4224 0
16386 8320 0
16386 32896 0
32770 384 0
32770 640 0
32770 1152 0
32770 2176 0
32770 4224 0
32770 8320 0
32770 16512 0
6 768 0
6 1280 0
6 2304 0
6 4352 0
6 8448 0
6 16640 0
6 33024 0
10 768 0
10 1280 0
10 2304 0
10 4352 0
10 8448 0
10 16640 0
10 33024 0
18 768 0
18 1280 0
18 2304 0
18 4352 0
18 8448 0
18 16640 0
18 33024 0
34 768 0
34 1280 0
34 2304 0
34 4352 0
34 8448 0
34 16640 0
34 33024 0
66 768 0
66 1280 0
66 2304 0
66 4352 0
66 8448 0
66 16640 0
66 33024 0
130 768 0
130 1280 0
130 2304 0
130 4352 0
130 8448 0
130 16640 0
130 33024 0
514 1280 0
514 2304 0
514 4352 0
514 8448 0
514 16640 0
514 33024 0
1026 768 0
1026 2304 0
1026 4352 0
1026 8448 0
1026 16640 0
1026 33024 0
2050 768 0
2050 1280 0
2050 4352 0
2050 8448 0
2050 16640 0
2050 33024 0
4098 768 0
4098 1280 0
4098 2304 0
4098 8448 0
4098 16640 0
4098 33024 0
8194 768 0
8194 1280 0
8194 2304 0
8194 4352 0
8194 16640 0
8194 33024 0
16386 768 0
16386 1280 0
16386 2304 0
16386 4352 0
16386 8448 0
16386 33024 0
32770 768 0
32770 1280 0
32770 2304 0
32770 4352 0
32770 8448 0
32770 16640 0
6 1536 0
6 2560 0
6 4608 0
6 8704 0
6 16896 0
6 33280 0
10 1536 0
10 2560 0
10 4608 0
10 8704 0
10 16896 0
10 33280 0
18 1536 0
18 2560 0
18 4608 0
18 8704 0
18 16896 0
18 33280 0
34 1536 0
34 2560 0
34 4608 0
34 8704 0
34 16896 0
34 33280 0
66 1536 0
66 2560 0
66 4608 0
66 8704 0
66 16896 0
66 33280 0
130 1536 0
130 2560 0
130 4608 0
130 8704 0
130 16896 0
130 33280 0
258 1536 0
258 2560 0
258 4608 0
258 8704 0
258 16896 0
258 33280 0
1026 2560 0
1026 4608 0
1026 8704 0
1026 16896 0
1026 33280 0
2050 1536 0
2050 4608 0
2050 8704 0
2050 16896 0
2050 33280 0
4098 1536 0
4098 2560 0
4098 8704 0
4098 16896 0
4098 33280 0
8194 1536 0
8194 2560 0
8194 4608 0
8194 16896 0
8194 33280 0
16386 1536 0
16386 2560 0
16386 4608 0
16386 8704 0
16386 33280 0
32770 1536 0
32770 2560 0
32770 4608 0
32770 8704 0
32770 16896 0
6 3072 0
6 5120 0
6 9216 0
6 17408 0
6 33792 0
10 3072 0
10 5120 0
10 9216 0
10 17408 0
10 33792 0
18 3072 0
18 5120 0
18 9216 0
18 17408 0
18 33792 0
34 3072 0
34 5120 0
34 9216 0
34 17408 0
34 33792 0
66 3072 0
66 5120 0
66 9216 0
66 17408 0
66 33792 0
130 3072 0
130 5120 0
130 9216 0
130 17408 0
130 33792 0
258 3072 0
258 5120 0
258 9216 0
258 17408 0
258 33792 0
514 3072 0
514 5120 0
514 9216 0
514 17408 0
514 33792 0
2050 5120 0
2050 9216 0
2050 17408 0
2050 33792 0
4098 3072 0
4098 9216 0
4098 17408 0
4098 33792 0
8194 3072 0
8194 5120 0
8194 17408 0
8194 33792 0
16386 3072 0
16386 5120 0
16386 9216 0
16386 33792 0
32770 3072 0
32770 5120 0
32770 9216 0
32770 17408 0
6 6144 0
6 10240 0
6 18432 0
6 34816 0
10 6144 0
10 10240 0
10 18432 0
10 34816 0
18 6144 0
18 10240 0
18 18432 0
18 34816 0
34 6144 0
34 10240 0
34 18432 0
34 34816 0
66 6144 0
66 10240 0
66 18432 0
66 34816 0
130 6144 0
130 10240 0
130 18432 0
130 34816 0
258 6144 0
258 10240 0
258 18432 0
258 34816 0
514 6144 0
514 10240 0
514 18432 0
514 34816 0
1026 6144 0
1026 10240 0
1026 18432 0
1026 34816 0
4098 10240 0
4098 18432 0
4098 34816 0
8194 6144 0
8194 18432 0
8194 34816 0
16386 6144 0
16386 10240 0
16386 34816 0
32770 6144 0
32770 10240 0
32770 18432 0
6 12288 0
6 20480 0
6 36864 0
10 12288 0
10 20480 0
10 36864 0
18 12288 0
18 20480 0
18 36864 0
34 12288 0
34 20480 0
34 36864 0
66 12288 0
66 20480 0
66 36864 0
130 12288 0
130 20480 0
130 36864 0
258 12288 0
258 20480 0
258 36864 0
514 12288 0
514 20480 0
514 36864 0
1026 12288 0
1026 20480 0
1026 36864 0
2050 12288 0
2050 20480 0
2050 36864 0
8194 20480 0
8194 36864 0
16386 12288 0
16386 36864 0
32770 12288 0
32770 20480 0
6 24576 0
6 40960 0
10 24576 0
10 40960 0
18 24576 0
18 40960 0
34 24576 0
34 40960 0
66 24576 0
66 40960 0
130 24576 0
130 40960 0
258 24576 0
258 40960 0
514 24576 0
514 40960 0
1026 24576 0
1026 40960 0
2050 24576 0
2050 40960 0
4098 24576 0
4098 40960 0
16386 40960 0
32770 24576 0
6 49152 0
10 49152 0
18 49152 0
34 49152 0
66 49152 0
130 49152 0
258 49152 0
514 49152 0
1026 49152 0
2050 49152 0
4098 49152 0
8194 49152 0
12 3 0
12 17 0
12 33 0
12 65 0
12 129 0
12 257 0
12 513 0
12 1025 0
12 2049 0
12 4097 0
12 8193 0
12 16385 0
12 32769 0
20 3 0
20 9 0
20 33 0
20 65 0
20 129 0
20 257 0
20 513 0
20 1025 0
20 2049 0
20 4097 0
20 8193 0
20 16385 0
20 32769 0
36 3 0
36 9 0
36 17 0
36 65 0
36 129 0
36 257 0
36 513 0
36 1025 0
36 2049 0
36 4097 0
36 8193 0
36 16385 0
36 32769 0
68 3 0
68 9 0
68 17 0
68 33 0
68 129 0
68 257 0
68 513 0
68 1025 0
68 2049 0
68 4097 0
68 8193 0
68 16385 0
68 32769 0
132 3 0
132 9 0
132 17 0
132 33 0
132 65 0
132 257 0
132 513 0
132 1025 0
132 2049 0
132 4097 0
132 8193 0
132 16385 0
132 32769 0
260 3 0
260 9 0
260 17 0
260 33 0
260 65 0
260 129 0
260 513 0
260 1025 0
260 2049 0
260 4097 0
260 8193 0
260 16385 0
260 32769 0
516 3 0
516 9 0
516 17 0
516 33 0
516 65 0
516 129 0
516 257 0
516 1025 0
516 2049 0
516 4097 0
516 8193 0
516 16385 0
516 32769 0
1028 3 0
1028 9 0
1028 17 0
1028 33 0
1028 65 0
1028 129 0
1028 257 0
1028 513 0
1028 2049 0
1028 4097 0
1028 8193 0
1028 16385 0
1028 32769 0
2052 3 0
2052 9 0
2052 17 0
2052 33 0
2052 65 0
2052 129 0
2052 257 0
2052 513 0
2052 1025 0
2052 4097 0
2052 8193 0
2052 16385 0
2052 32769 0
4100 3 0
4100 9 0
4100 17 0
4100 33 0
4100 65 0
4100 129 0
4100 257 0
4100 513 0
4100 1025 0
4100 2049 0
4100 8193 0
4100 16385 0
4100 32769 0
8196 3 0
8196 9 0
8196 17 0
8196 33 0
8196 65 0
8196 129 0
8196 257 0
8196 513 0
8196 1025 0
8196 2049 0
8196 4097 0
8196 16385 0
8196 32769 0
16388 3 0
16388 9 0
16388 17 0
16388 33 0
16388 65 0
16388 129 0
16388 257 0
16388 513 0
16388 1025 0
16388 2049 0
16388 4097 0
16388 8193 0
16388 32769 0
32772 3 0
32772 9 0
32772 17 0
32772 33 0
32772 65 0
32772 129 0
32772 257 0
32772 513 0
32772 1025 0
32772 2049 0
32772 4097 0
32772 8193 0
32772 16385 0
12 18 0
12 34 0
12 66 0
12 130 0
12 258 0
12 514 0
12 1026 0
12 2050 0
12 4098 0
12 8194 0
12 16386 0
12 32770 0
20 10 0
20 34 0
20 66 0
20 130 0
20 258 0
20 514 0
20 1026 0
20 2050 0
20 4098 0
20 8194 0
20 16386 0
20 32770 0
36 10 0
36 18 0
36 66 0
36 130 0
36 258 0
36 514 0
36 1026 0
36 2050 0
36 4098 0
36 8194 0
36 16386 0
36 32770 0
68 10 0
68 18 0
68 34 0
68 130 0
68 258 0
68 514 0
68 1026 0
68 2050 0
68 4098 0
68 8194 0
68 16386 0
68 32770 0
132 10 0
132 18 0
132 34 0
132 66 0
132 258 0
132 514 0
132 1026 0
132 2050 0
132 4098 0
132 8194 0
132 16386 0
132 32770 0
260 10 0
260 18 0
260 34 0
260 66 0
260 130 0
260 514 0
260 1026 0
260 2050 0
260 4098 0
260 8194 0
260 16386 0
260 32770 0
516 10 0
516 18 0
516 34 0
516 66 0
516 130 0
516 258 0
516 1026 0
516 2050 0
516 4098 0
516 8194 0
516 16386 0
516 32770 0
1028 10 0
1028 18 0
1028 34 0
1028 66 0
1028 130 0
1028 258 0
1028 514 0
1028 2050 0
1028 4098 0
1028 8194 0
1028 16386 0
1028 32770 0
2052 10 0
2052 18 0
2052 34 0
2052 66 0
2052 130 0
2052 258 0
2052 514 0
2052 1026 0
2052 4098 0
2052 8194 0
2052 16386 0
2052 32770 0
4100 10 0
4100 18 0
4100 34 0
4100 66 0
4100 130 0
4100 258 0
4100 514 0
4100 1026 0
4100 2050 0
4100 8194 0
4100 16386 0
4100 32770 0
8196 10 0
8196 18 0
8196 34 0
8196 66 0
8196 130 0
8196 258 0
8196 514 0
8196 1026 0
8196 2050 0
8196 4098 0
8196 16386 0
8196 32770 0
16388 10 0
16388 18 0
16388 34 0
16388 66 0
16388 130 0
16388 258 0
16388 514 0
16388 1026 0
16388 2050 0
16388 4098 0
16388 8194 0
16388 32770 0
32772 10 0
32772 18 0
32772 34 0
32772 66 0
32772 130 0
32772 258 0
32772 514 0
32772 1026 0
32772 2050 0
32772 4098 0
32772 8194 0
32772 16386 0
20 40 0
20 72 0
20 136 0
20 264 0
20 520 0
20 1032 0
20 2056 0
20 4104 0
20 8200 0
20 16392 0
20 32776 0
36 24 0
36 72 0
36 136 0
36 264 0
36 520 0
36 1032 0
36 2056 0
36 4104 0
36 8200 0
36 16392 0
36 32776 0
68 24 0
68 40 0
68 136 0
68 264 0
68 520 0
68 1032 0
68 2056 0
68 4104 0
68 8200 0
68 16392 0
68 32776 0
132 24 0
132 40 0
132 72 0
132 264 0
132 520 0
132 1032 0
132 2056 0
132 4104 0
132 8200 0
132 16392 0
132 32776 0
260 24 0
260 40 0
260 72 0
260 136 0
260 520 0
260 1032 0
260 2056 0
260 4104 0
260 8200 0
260 16392 0
260 32776 0
516 24 0
516 40 0
516 72 0
516 136 0
516 264 0
516 1032 0
516 2056 0
516 4104 0
516 8200 0
516 16392 0
516 32776 0
1028 24 0
1028 40 0
1028 72 0
1028 136 0
1028 264 0
1028 520 0
1028 2056 0
1028 4104 0
1028 8200 0
1028 16392 0
1028 32776 0
2052 24 0
2052 40 0
2052 72 0
2052 136 0
2052 264 0
2052 520 0
2052 1032 0
2052 4104 0
2052 8200 0
2052 16392 0
2052 32776 0
4100 24 0
4100 40 0
4100 72 0
4100 136 0
4100 264 0
4100 520 0
4100 1032 0
4100 2056 0
4100 8200 0
4100 16392 0
4100 32776 0
8196 24 0
8196 40 0
8196 72 0
8196 136 0
8196 264 0
8196 520 0
8196 1032 0
8196 2056 0
8196 4104 0
8196 16392 0
8196 32776 0
16388 24 0
16388 40 0
16388 72 0
16388 136 0
16388 264 0
16388 520 0
16388 1032 0
16388 2056 0
16388 4104 0
16388 8200 0
16388 32776 0
32772 24 0
32772 40 0
32772 72 0
32772 136 0
32772 264 0
32772 520 0
32772 1032 0
32772 2056 0
32772 4104 0
32772 8200 0
32772 16392 0
12 48 0
12 80 0
12 144 0
12 272 0
12 528 0
12 1040 0
12 2064 0
12 4112 0
12 8208 0
12 16400 0
12 32784 0
36 80 0
36 144 0
36 272 0
36 528 0
36 1040 0
36 2064 0
36 4112 0
36 8208 0
36 16400 0
36 32784 0
68 48 0
68 144 0
68 272 0
68 528 0
68 1040 0
68 2064 0
68 4112 0
68 8208 0
68 16400 0
68 32784 0
132 48 0
132 80 0
132 272 0
132 528 0
132 1040 0
132 2064 0
132 4112 0
132 8208 0
132 16400 0
132 32784 0
260 48 0
260 80 0
260 144 0
260 528 0
260 1040 0
260 2064 0
260 4112 0
260 8208 0
260 16400 0
260 32784 0
516 48 0
516 80 0
516 144 0
516 272 0
516 1040 0
516 2064 0
516 4112 0
516 8208 0
516 16400 0
516 32784 0
1028 48 0
1028 80 0
1028 144 0
1028 272 0
1028 528 0
1028 2064 0
1028 4112 0
1028 8208 0
1028 16400 0
1028 32784 0
2052 48 0
2052 80 0
2052 144 0
2052 272 0
2052 528 0
2052 1040 0
2052 4112 0
2052 8208 0
2052 16400 0
2052 32784 0
4100 48 0
4100 80 0
4100 144 0
4100 272 0
4100 528 0
4100 1040 0
4100 2064 0
4100 8208 0
4100 16400 0
4100 32784 0
8196 48 0
8196 80 0
8196 144 0
8196 272 0
8196 528 0
8196 1040 0
8196 2064 0
8196 4112 0
8196 16400 0
8196 32784 0
16388 48 0
16388 80 0
16388 144 0
16388 272 0
16388 528 0
16388 1040 0
16388 2064 0
16388 4112 0
16388 8208 0
16388 32784 0
32772 48 0
32772 80 0
32772 144 0
32772 272 0
32772 528 0
32772 1040 0
32772 2064 0
32772 4112 0
32772 8208 0
32772 16400 0
12 96 0
12 160 0
12 288 0
12 544 0
12 1056 0
12 2080 0
12 4128 0
12 8224 0
12 16416 0
12 32800 0
20 96 0
20 160 0
20 288 0
20 544 0
20 1056 0
20 2080 0
20 4128 0
20 8224 0
20 16416 0
20 32800 0
68 160 0
68 288 0
68 544 0
68 1056 0
68 2080 0
68 4128 0
68 8224 0
68 16416 0
68 32800 0
132 96 0
132 288 0
132 544 0
132 1056 0
132 2080 0
132 4128 0
132 8224 0
132 16416 0
132 32800 0
260 96 0
260 160 0
260 544 0
260 1056 0
260 2080 0
260 4128 0
260 8224 0
260 16416 0
260 32800 0
516 96 0
516 160 0
516 288 0
516 1056 0
516 2080 0
516 4128 0
516 8224 0
516 16416 0
516 32800 0
1028 96 0
1028 160 0
1028 288 0
1028 544 0
1028 2080 0
1028 4128 0
1028 8224 0
1028 16416 0
1028 32800 0
2052 96 0
2052 160 0
2052 288 0
2052 544 0
2052 1056 0
2052 4128 0
2052 8224 0
2052 16416 0
2052 32800 0
4100 96 0
4100 160 0
4100 288 0
4100 544 0
4100 1056 0
4100 2080 0
4100 8224 0
4100 16416 0
4100 32800 0
8196 96 0
8196 160 0
8196 288 0
8196 544 0
8196 1056 0
8196 2080 0
8196 4128 0
8196 16416 0
8196 32800 0
16388 96 0
16388 160 0
16388 288 0
16388 544 0
16388 1056 0
16388 2080 0
16388 4128 0
16388 8224 0
16388 32800 0
32772 96 0
32772 160 0
32772 288 0
32772 544 0
32772 1056 0
32772 2080 0
32772 4128 0
32772 8224 0
32772 16416 0
12 192 0
12 320 0
12 576 0
12 1088 0
12 2112 0
12 4160 0
12 8256 0
12 16448 0
12 32832 0
20 192 0
20 320 0
20 576 0
20 1088 0
20 2112 0
20 4160 0
20 8256 0
20 16448 0
20 32832 0
36 192 0
36 320 0
36 576 0
36 1088 0
36 2112 0
36 4160 0
36 8256 0
36 16448 0
36 32832 0
132 320 0
132 576 0
132 1088 0
132 2112 0
132 4160 0
132 8256 0
132 16448 0
132 32832 0
260 192 0
260 576 0
260 1088 0
260 2112 0
260 4160 0
260 8256 0
260 16448 0
260 32832 0
516 192 0
516 320 0
516 1088 0
516 2112 0
516 4160 0
516 8256 0
516 16448 0
516 32832 0
1028 192 0
1028 320 0
1028 576 0
1028 2112 0
1028 4160 0
1028 8256 0
1028 16448 0
1028 32832 0
2052 192 0
2052 320 0
2052 576 0
2052 1088 0
2052 4160 0
2052 8256 0
2052 16448 0
2052 32832 0
4100 192 0
4100 320 0
4100 576 0
4100 1088 0
4100 2112 0
4100 8256 0
4100 16448 0
4100 32832 0
8196 192 0
8196 320 0
8196 576 0
8196 1088 0
8196 2112 0
8196 4160 0
8196 16448 0
8196 32832 0
16388 192 0
16388 320 0
16388 576 0
16388 1088 0
16388 2112 0
16388 4160 0
16388 8256 0
16388 32832 0
32772 192 0
32772 320 0
32772 576 0
32772 1088 0
32772 2112 0
32772 4160 0
32772 8256 0
32772 16448 0
12 384 0
12 640 0
12 1152 0
12 2176 0
12 4224 0
12 8320 0
12 16512 0
12 32896 0
20 384 0
20 640 0
20 1152 0
20 2176 0
20 4224 0
20 8320 0
20 16512 0
20 32896 0
36 384 0
36 640 0
36 1152 0
36 2176 0
36 4224 0
36 8320 0
36 16512 0
36 32896 0
68 384 0
68 640 0
68 1152 0
68 2176 0
68 4224 0
68 8320 0
68 16512 0
68 32896 0
260 640 0
260 1152 0
260 2176 0
260 4224 0
260 8320 0
260 16512 0
260 32896 0
516 384 0
516 1152 0
516 2176 0
516 4224 0
516 8320 0
516 16512 0
516 32896 0
1028 384 0
1028 640 0
1028 2176 0
1028 4224 0
1028 8320 0
1028 16512 0
1028 32896 0
2052 384 0
2052 640 0
2052 1152 0
2052 4224 0
2052 8320 0
2052 16512 0
2052 32896 0
4100 384 0
4100 640 0
4100 1152 0
4100 2176 0
4100 8320 0
4100 16512 0
4100 32896 0
8196 384 0
8196 640 0
8196 1152 0
8196 2176 0
8196 4224 0
8196 16512 0
8196 32896 0
16388 384 0
16388 640 0
16388 1152 0
16388 2176 0
16388 4224 0
16388 8320 0
16388 32896 0
32772 384 0
32772 640 0
32772 1152 0
32772 2176 0
32772 4224 0
32772 8320 0
32772 16512 0
12 768 0
12 1280 0
12 2304 0
12 4352 0
12 8448 0
12 16640 0
12 33024 0
20 768 0
20 1280 0
20 2304 0
20 4352 0
20 8448 0
20 16640 0
20 33024 0
36 768 0
36 1280 0
36 2304 0
36 4352 0
36 8448 0
36 16640 0
36 33024 0
68 768 0
68 1280 0
68 2304 0
68 4352 0
68 8448 0
68 16640 0
68 33024 0
132 768 0
132 1280 0
132 2304 0
132 4352 0
132 8448 0
132 16640 0
132 33024 0
516 1280 0
516 2304 0
516 4352 0
516 8448 0
516 16640 0
516 33024 0
1028 768 0
1028 2304 0
1028 4352 0
1028 8448 0
1028 16640 0
1028 33024 0
2052 768 0
2052 1280 0
2052 4352 0
2052 8448 0
2052 16640 0
2052 33024 0
4100 768 0
4100 1280 0
4100 2304 0
4100 8448 0
4100 16640 0
4100 33024 0
8196 768 0
8196 1280 0
8196 2304 0
8196 4352 0
8196 16640 0
8196 33024 0
16388 768 0
16388 1280 0
16388 2304 0
16388 4352 0
16388 8448 0
16388 33024 0
32772 768 0
32772 1280 0
32772 2304 0
32772 4352 0
32772 8448 0
32772 16640 0
12 1536 0
12 2560 0
12 4608 0
12 8704 0
12 16896 0
12 33280 0
20 1536 0
20 2560 0
20 4608 0
20 8704 0
20 16896 0
20 33280 0
36 1536 0
36 2560 0
36 4608 0
36 8704 0
36 16896 0
36 33280 0
68 1536 0
68 2560 0
68 4608 0
68 8704 0
68 16896 0
68 33280 0
132 1536 0
132 2560 0
132 4608 0
132 8704 0
132 16896 0
132 33280 0
260 1536 0
260 2560 0
260 4608 0
260 8704 0
260 16896 0
260 33280 0
1028 2560 0
1028 4608 0
1028 8704 0
1028 16896 0
1028 33280 0
2052 1536 0
2052 4608 0
2052 8704 0
2052 16896 0
2052 33280 0
4100 1536 0
4100 2560 0
4100 8704 0
4100 16896 0
4100 33280 0
8196 1536 0
8196 2560 0
8196 4608 0
8196 16896 0
8196 33280 0
16388 1536 0
16388 2560 0
16388 4608 0
16388 8704 0
16388 33280 0
32772 1536 0
32772 2560 0
32772 4608 0
32772 8704 0
32772 16896 0
12 3072 0
12 5120 0
12 9216 0
12 17408 0
12 33792 0
20 3072 0
20 5120 0
20 9216 0
20 17408 0
20 33792 0
36 3072 0
36 5120 0
36 9216 0
36 17408 0
36 33792 0
68 3072 0
68 5120 0
68 9216 0
68 17408 0
68 33792 0
132 3072 0
132 5120 0
132 9216 0
132 17408 0
132 33792 0
260 3072 0
260 5120 0
260 9216 0
260 17408 0
260 33792 0
516 3072 0
516 5120 0
516 9216 0
516 17408 0
516 33792 0
2052 5120 0
2052 9216 0
2052 17408 0
2052 33792 0
4100 3072 0
4100 9216 0
4100 17408 0
4100 33792 0
8196 3072 0
8196 5120 0
8196 17408 0
8196 33792 0
16388 3072 0
16388 5120 0
16388 9216 0
16388 33792 0
32772 3072 0
32772 5120 0
32772 9216 0
32772 17408 0
12 6144 0
12 10240 0
12 18432 0
12 34816 0
20 6144 0
20 10240 0
20 18432 0
20 34816 0
36 6144 0
36 10240 0
36 18432 0
36 34816 0
68 6144 0
68 10240 0
68 18432 0
68 34816 0
132 6144 0
132 10240 0
132 18432 0
132 34816 0
260 6144 0
260 10240 0
260 18432 0
260 34816 0
516 6144 0
516 10240 0
516 18432 0
516 34816 0
1028 6144 0
1028 10240 0
1028 18432 0
1028 34816 0
4100 10240 0
4100 18432 0
4100 34816 0
8196 6144 0
8196 18432 0
8196 34816 0
16388 6144 0
16388 10240 0
16388 34816 0
32772 6144 0
32772 10240 0
32772 18432 0
12 12288 0
12 20480 0
12 36864 0
20 12288 0
20 20480 0
20 36864 0
36 12288 0
36 20480 0
36 36864 0
68 12288 0
68 20480 0
68 36864 0
132 12288 0
132 20480 0
132 36864 0
260 12288 0
260 20480 0
260 36864 0
516 12288 0
516 20480 0
516 36864 0
1028 12288 0
1028 20480 0
1028 36864 0
2052 12288 0
2052 20480 0
2052 36864 0
8196 20480 0
8196 36864 0
16388 12288 0
16388 36864 0
32772 12288 0
32772 20480 0
12 24576 0
12 40960 0
20 24576 0
20 40960 0
36 24576 0
36 40960 0
68 24576 0
68 40960 0
132 24576 0
132 40960 0
260 24576 0
260 40960 0
516 24576 0
516 40960 0
1028 24576 0
1028 40960 0
2052 24576 0
2052 40960 0
4100 24576 0
4100 40960 0
16388 40960 0
32772 24576 0
12 49152 0
20 49152 0
36 49152 0
68 49152 0
132 49152 0
260 49152 0
516 49152 0
1028 49152 0
2052 49152 0
4100 49152 0
8196 49152 0
24 3 0
24 5 0
24 33 0
24 65 0
24 129 0
24 257 0
24 513 0
24 1025 0
24 2049 0
24 4097 0
24 8193 0
24 16385 0
24 32769 0
40 3 0
40 5 0
40 17 0
40 65 0
40 129 0
40 257 0
40 513 0
40 1025 0
40 2049 0
40 4097 0
40 8193 0
40 16385 0
40 32769 0
72 3 0
72 5 0
72 17 0
72 33 0
72 129 0
72 257 0
72 513 0
72 1025 0
72 2049 0
72 4097 0
72 8193 0
72 16385 0
72 32769 0
136 3 0
136 5 0
136 17 0
136 33 0
136 65 0
136 257 0
136 513 0
136 1025 0
136 2049 0
136 4097 0
136 8193 0
136 16385 0
136 32769 0
264 3 0
264 5 0
264 17 0
264 33 0
264 65 0
264 129 0
264 513 0
264 1025 0
264 2049 0
264 4097 0
264 8193 0
264 16385 0
264 32769 0
520 3 0
520 5 0
520 17 0
520 33 0
520 65 0
520 129 0
520 257 0
520 1025 0
520 2049 0
520 4097 0
520 8193 0
520 16385 0
520 32769 0
1032 3 0
1032 5 0
1032 17 0
1032 33 0
1032 65 0
1032 129 0
1032 257 0
1032 513 0
1032 2049 0
1032 4097 0
1032 8193 0
1032 16385 0
1032 32769 0
2056 3 0
2056 5 0
2056 17 0
2056 33 0
2056 65 0
2056 129 0
2056 257 0
2056 513 0
2056 1025 0
2056 4097 0
2056 8193 0
2056 16385 0
2056 32769 0
4104 3 0
4104 5 0
4104 17 0
4104 33 0
4104 65 0
4104 129 0
4104 257 0
4104 513 0
4104 1025 0
4104 2049 0
4104 8193 0
4104 16385 0
4104 32769 0
8200 3 0
8200 5 0
8200 17 0
8200 33 0
8200 65 0
8200 129 0
8200 257 0
8200 513 0
8200 1025 0
8200 2049 0
8200 4097 0
8200 16385 0
8200 32769 0
16392 3 0
16392 5 0
16392 17 0
16392 33 0
16392 65 0
16392 129 0
16392 257 0
16392 513 0
16392 1025 0
16392 2049 0
16392 4097 0
16392 8193 0
16392 32769 0
32776 3 0
32776 5 0
32776 17 0
32776 33 0
32776 65 0
32776 129 0
32776 257 0
32776 513 0
32776 1025 0
32776 2049 0
32776 4097 0
32776 8193 0
32776 16385 0
24 6 0
24 34 0
24 66 0
24 130 0
24 258 0
24 514 0
24 1026 0
24 2050 0
24 4098 0
24 8194 0
24 16386 0
24 32770 0
40 6 0
40 18 0
40 66 0
40 130 0
40 258 0
40 514 0
40 1026 0
40 2050 0
40 4098 0
40 8194 0
40 16386 0
40 32770 0
72 6 0
72 18 0
72 34 0
72 130 0
72 258 0
72 514 0
72 1026 0
72 2050 0
72 4098 0
72 8194 0
72 16386 0
72 32770 0
136 6 0
136 18 0
136 34 0
136 66 0
136 258 0
136 514 0
136 1026 0
136 2050 0
136 4098 0
136 8194 0
136 16386 0
136 32770 0
264 6 0
264 18 0
264 34 0
264 66 0
264 130 0
264 514 0
264 1026 0
264 2050 0
264 4098 0
264 8194 0
264 16386 0
264 32770 0
520 6 0
520 18 0
520 34 0
520 66 0
520 130 0
520 258 0
520 1026 0
520 2050 0
520 4098 0
520 8194 0
520 16386 0
520 32770 0
1032 6 0
1032 18 0
1032 34 0
1032 66 0
1032 130 0
1032 258 0
1032 514 0
1032 2050 0
1032 4098 0
1032 8194 0
1032 16386 0
1032 32770 0
2056 6 0
2056 18 0
2056 34 0
2056 66 0
2056 130 0
2056 258 0
2056 514 0
2056 1026 0
2056 4098 0
2056 8194 0
2056 16386 0
2056 32770 0
4104 6 0
4104 18 0
4104 34 0
4104 66 0
4104 130 0
4104 258 0
4104 514 0
4104 1026 0
4104 2050 0
4104 8194 0
4104 16386 0
4104 32770 0
8200 6 0
8200 18 0
8200 34 0
8200 66 0
8200 130 0
8200 258 0
8200 514 0
8200 1026 0
8200 2050 0
8200 4098 0
8200 16386 0
8200 32770 0
16392 6 0
16392 18 0
16392 34 0
16392 66 0
16392 130 0
16392 258 0
16392 514 0
16392 1026 0
16392 2050 0
16392 4098 0
16392 8194 0
16392 32770 0
32776 6 0
32776 18 0
32776 34 0
32776 66 0
32776 130 0
32776 258 0
32776 514 0
32776 1026 0
32776 2050 0
32776 4098 0
32776 8194 0
32776 16386 0
24 36 0
24 68 0
24 132 0
24 260 0
24 516 0
24 1028 0
24 2052 0
24 4100 0
24 8196 0
24 16388 0
24 32772 0
40 20 0
40 68 0
40 132 0
40 260 0
40 516 0
40 1028 0
40 2052 0
40 4100 0
40 8196 0
40 16388 0
40 32772 0
72 20 0
72 36 0
72 132 0
72 260 0
72 516 0
72 1028 0
72 2052 0
72 4100 0
72 8196 0
72 16388 0
72 32772 0
136 20 0
136 36 0
136 68 0
136 260 0
136 516 0
136 1028 0
136 2052 0
136 4100 0
136 8196 0
136 16388 0
136 32772 0
264 20 0
264 36 0
264 68 0
264 132 0
264 516 0
264 1028 0
264 2052 0
264 4100 0
264 8196 0
264 16388 0
264 32772 0
520 20 0
520 36 0
520 68 0
520 132 0
520 260 0
520 1028 0
520 2052 0
520 4100 0
520 8196 0
520 16388 0
520 32772 0
1032 20 0
1032 36 0
1032 68 0
1032 132 0
1032 260 0
1032 516 0
1032 2052 0
1032 4100 0
1032 8196 0
1032 16388 0
1032 32772 0
2056 20 0
2056 36 0
2056 68 0
2056 132 0
2056 260 0
2056 516 0
2056 1028 0
2056 4100 0
2056 8196 0
2056 16388 0
2056 32772 0
4104 20 0
4104 36 0
4104 68 0
4104 132 0
4104 260 0
4104 516 0
4104 1028 0
4104 2052 0
4104 8196 0
4104 16388 0
4104 32772 0
8200 20 0
8200 36 0
8200 68 0
8200 132 0
8200 260 0
8200 516 0
8200 1028 0
8200 2052 0
8200 4100 0
8200 16388 0
8200 32772 0
16392 20 0
16392 36 0
16392 68 0
16392 132 0
16392 260 0
16392 516 0
16392 1028 0
16392 2052 0
16392 4100 0
16392 8196 0
16392 32772 0
32776 20 0
32776 36 0
32776 68 0
32776 132 0
32776 260 0
32776 516 0
32776 1028 0
32776 2052 0
32776 4100 0
32776 8196 0
32776 16388 0
40 80 0
40 144 0
40 272 0
40 528 0
40 1040 0
40 2064 0
40 4112 0
40 8208 0
40 16400 0
40 32784 0
72 48 0
72 144 0
72 272 0
72 528 0
72 1040 0
72 2064 0
72 4112 0
72 8208 0
72 16400 0
72 32784 0
136 48 0
136 80 0
136 272 0
136 528 0
136 1040 0
136 2064 0
136 4112 0
136 8208 0
136 16400 0
136 32784 0
264 48 0
264 80 0
264 144 0
264 528 0
264 1040 0
264 2064 0
264 4112 0
264 8208 0
264 16400 0
264 32784 0
520 48 0
520 80 0
520 144 0
520 272 0
520 1040 0
520 2064 0
520 4112 0
520 8208 0
520 16400 0
520 32784 0
1032 48 0
1032 80 0
1032 144 0
1032 272 0
1032 528 0
1032 2064 0
1032 4112 0
1032 8208 0
1032 16400 0
1032 32784 0
2056 48 0
2056 80 0
2056 144 0
2056 272 0
2056 528 0
2056 1040 0
2056 4112 0
2056 8208 0
2056 16400 0
2056 32784 0
4104 48 0
4104 80 0
4104 144 0
4104 272 0
4104 528 0
4104 1040 0
4104 2064 0
4104 8208 0
4104 16400 0
4104 32784 0
8200 48 0
8200 80 0
8200 144 0
8200 272 0
8200 528 0
8200 1040 0
8200 2064 0
8200 4112 0
8200 16400 0
8200 32784 0
16392 48 0
16392 80 0
16392 144 0
16392 272 0
16392 528 0
16392 1040 0
16392 2064 0
16392 4112 0
16392 8208 0
16392 32784 0
32776 48 0
32776 80 0
32776 144 0
32776 272 0
32776 528 0
32776 1040 0
32776 2064 0
32776 4112 0
32776 8208 0
32776 16400 0
24 96 0
24 160 0
24 288 0
24 544 0
24 1056 0
24 2080 0
24 4128 0
24 8224 0
24 16416 0
24 32800 0
72 160 0
72 288 0
72 544 0
72 1056 0
72 2080 0
72 4128 0
72 8224 0
72 16416 0
72 32800 0
136 96 0
136 288 0
136 544 0
136 1056 0
136 2080 0
136 4128 0
136 8224 0
136 16416 0
136 32800 0
264 96 0
264 160 0
264 544 0
264 1056 0
264 2080 0
264 4128 0
264 8224 0
264 16416 0
264 32800 0
520 96 0
520 160 0
520 288 0
520 1056 0
520 2080 0
520 4128 0
520 8224 0
520 16416 0
520 32800 0
1032 96 0
1032 160 0
1032 288 0
1032 544 0
1032 2080 0
1032 4128 0
1032 8224 0
1032 16416 0
1032 32800 0
2056 96 0
2056 160 0
2056 288 0
2056 544 0
2056 1056 0
2056 4128 0
2056 8224 0
2056 16416 0
2056 32800 0
4104 96 0
4104 160 0
4104 288 0
4104 544 0
4104 1056 0
4104 2080 0
4104 8224 0
4104 16416 0
4104 32800 0
8200 96 0
8200 160 0
8200 288 0
8200 544 0
8200 1056 0
8200 2080 0
8200 4128 0
8200 16416 0
8200 32800 0
16392 96 0
16392 160 0
16392 288 0
16392 544 0
16392 1056 0
16392 2080 0
16392 4128 0
16392 8224 0
16392 32800 0
32776 96 0
32776 160 0
32776 288 0
32776 544 0
32776 1056 0
32776 2080 0
32776 4128 0
32776 8224 0
32776 16416 0
24 192 0
24 320 0
24 576 0
24 1088 0
24 2112 0
24 4160 0
24 8256 0
24 16448 0
24 32832 0
40 192 0
40 320 0
40 576 0
40 1088 0
40 2112 0
40 4160 0
40 8256 0
40 16448 0
40 32832 0
136 320 0
136 576 0
136 1088 0
136 2112 0
136 4160 0
136 8256 0
136 16448 0
136 32832 0
264 192 0
264 576 0
264 1088 0
264 2112 0
264 4160 0
264 8256 0
264 16448 0
264 32832 0
520 192 0
520 320 0
520 1088 0
520 2112 0
520 4160 0
520 8256 0
520 16448 0
520 32832 0
1032 192 0
1032 320 0
1032 576 0
1032 2112 0
1032 4160 0
1032 8256 0
1032 16448 0
1032 32832 0
2056 192 0
2056 320 0
2056 576 0
2056 1088 0
2056 4160 0
2056 8256 0
2056 16448 0
2056 32832 0
4104 192 0
4104 320 0
4104 576 0
4104 1088 0
4104 2112 0
4104 8256 0
4104 16448 0
4104 32832 0
8200 192 0
8200 320 0
8200 576 0
8200 1088 0
8200 2112 0
8200 4160 0
8200 16448 0
8200 32832 0
16392 192 0
16392 320 0
16392 576 0
16392 1088 0
16392 2112 0
16392 4160 0
16392 8256 0
16392 32832 0
32776 192 0
32776 320 0
32776 576 0
32776 1088 0
32776 2112 0
32776 4160 0
32776 8256 0
32776 16448 0
24 384 0
24 640 0
24 1152 0
24 2176 0
24 4224 0
24 8320 0
24 16512 0
24 32896 0
40 384 0
40 640 0
40 1152 0
40 2176 0
40 4224 0
40 8320 0
40 16512 0
40 32896 0
72 384 0
72 640 0
72 1152 0
72 2176 0
72 4224 0
72 8320 0
72 16512 0
72 32896 0
264 640 0
264 1152 0
264 2176 0
264 4224 0
264 8320 0
264 16512 0
264 32896 0
520 384 0
520 1152 0
520 2176 0
520 4224 0
520 8320 0
520 16512 0
520 32896 0
1032 384 0
1032 640 0
1032 2176 0
1032 4224 0
1032 8320 0
1032 16512 0
1032 32896 0
2056 384 0
2056 640 0
2056 1152 0
2056 4224 0
2056 8320 0
2056 16512 0
2056 32896 0
4104 384 0
4104 640 0
4104 1152 0
4104 2176 0
4104 8320 0
4104 16512 0
4104 32896 0
8200 384 0
8200 640 0
8200 1152 0
8200 2176 0
8200 4224 0
8200 16512 0
8200 32896 0
16392 384 0
16392 640 0
16392 1152 0
16392 2176 0
16392 4224 0
16392 8320 0
16392 32896 0
32776 384 0
32776 640 0
32776 1152 0
32776 2176 0
32776 4224 0
32776 8320 0
32776 16512 0
24 768 0
24 1280 0
24 2304 0
24 4352 0
24 8448 0
24 16640 0
24 33024 0
40 768 0
40 1280 0
40 2304 0
40 4352 0
40 8448 0
40 16640 0
40 33024 0
72 768 0
72 1280 0
72 2304 0
72 4352 0
72 8448 0
72 16640 0
72 33024 0
136 768 0
136 1280 0
136 2304 0
136 4352 0
136 8448 0
136 16640 0
136 33024 0
520 1280 0
520 2304 0
520 4352 0
520 8448 0
520 16640 0
520 33024 0
1032 768 0
1032 2304 0
1032 4352 0
1032 8448 0
1032 16640 0
1032 33024 0
2056 768 0
2056 1280 0
2056 4352 0
2056 8448 0
2056 16640 0
2056 33024 0
4104 768 0
4104 1280 0
4104 2304 0
4104 8448 0
4104 16640 0
4104 33024 0
8200 768 0
8200 1280 0
8200 2304 0
8200 4352 0
8200 16640 0
8200 33024 0
16392 768 0
16392 1280 0
16392 2304 0
16392 4352 0
16392 8448 0
16392 33024 0
32776 768 0
32776 1280 0
32776 2304 0
32776 4352 0
32776 8448 0
32776 16640 0
24 1536 0
24 2560 0
24 4608 0
24 8704 0
24 16896 0
24 33280 0
40 1536 0
40 2560 0
40 4608 0
40 8704 0
40 16896 0
40 33280 0
72 1536 0
72 2560 0
72 4608 0
72 8704 0
72 16896 0
72 33280 0
136 1536 0
136 2560 0
136 4608 0
136 8704 0
136 16896 0
136 33280 0
264 1536 0
264 2560 0
264 4608 0
264 8704 0
264 16896 0
264 33280 0
1032 2560 0
1032 4608 0
1032 8704 0
1032 16896 0
1032 33280 0
2056 1536 0
2056 4608 0
2056 8704 0
2056 16896 0
2056 33280 0
4104 1536 0
4104 2560 0
4104 8704 0
4104 16896 0
4104 33280 0
8200 1536 0
8200 2560 0
8200 4608 0
8200 16896 0
8200 33280 0
16392 1536 0
16392 2560 0
16392 4608 0
16392 8704 0
16392 33280 0
32776 1536 0
32776 2560 0
32776 4608 0
32776 8704 0
32776 16896 0
24 3072 0
24 5120 0
24 9216 0
24 17408 0
24 33792 0
40 3072 0
40 5120 0
40 9216 0
40 17408 0
40 33792 0
72 3072 0
72 5120 0
72 9216 0
72 17408 0
72 33792 0
136 3072 0
136 5120 0
136 9216 0
136 17408 0
136 33792 0
264 3072 0
264 5120 0
264 9216 0
264 17408 0
264 33792 0
520 3072 0
520 5120 0
520 9216 0
520 17408 0
520 33792 0
2056 5120 0
2056 9216 0
2056 17408 0
2056 33792 0
4104 3072 0
4104 9216 0
4104 17408 0
4104 33792 0
8200 3072 0
8200 5120 0
8200 17408 0
8200 33792 0
16392 3072 0
16392 5120 0
16392 9216 0
16392 33792 0
32776 3072 0
32776 5120 0
32776 9216 0
32776 17408 0
24 6144 0
24 10240 0
24 18432 0
24 34816 0
40 6144 0
40 10240 0
40 18432 0
40 34816 0
72 6144 0
72 10240 0
72 18432 0
72 34816 0
136 6144 0
136 10240 0
136 18432 0
136 34816 0
264 6144 0
264 10240 0
264 18432 0
264 34816 0
520 6144 0
520 10240 0
520 18432 0
520 34816 0
1032 6144 0
1032 10240 0
1032 18432 0
1032 34816 0
4104 10240 0
4104 18432 0
4104 34816 0
8200 6144 0
8200 18432 0
8200 34816 0
16392 6144 0
16392 10240 0
16392 34816 0
32776 6144 0
32776 10240 0
32776 18432 0
24 12288 0
24 20480 0
24 36864 0
40 12288 0
40 20480 0
40 36864 0
72 12288 0
72 20480 0
72 36864 0
136 12288 0
136 20480 0
136 36864 0
264 12288 0
264 20480 0
264 36864 0
520 12288 0
520 20480 0
520 36864 0
1032 12288 0
1032 20480 0
1032 36864 0
2056 12288 0
2056 20480 0
2056 36864 0
8200 20480 0
8200 36864 0
16392 12288 0
16392 36864 0
32776 12288 0
32776 20480 0
24 24576 0
24 40960 0
40 24576 0
40 40960 0
72 24576 0
72 40960 0
136 24576 0
136 40960 0
264 24576 0
264 40960 0
520 24576 0
520 40960 0
1032 24576 0
1032 40960 0
2056 24576 0
2056 40960 0
4104 24576 0
4104 40960 0
16392 40960 0
32776 24576 0
24 49152 0
40 49152 0
72 49152 0
136 49152 0
264 49152 0
520 49152 0
1032 49152 0
2056 49152 0
4104 49152 0
8200 49152 0
48 3 0
48 5 0
48 9 0
48 65 0
48 129 0
48 257 0
48 513 0
48 1025 0
48 2049 0
48 4097 0
48 8193 0
48 16385 0
48 32769 0
80 3 0
80 5 0
80 9 0
80 33 0
80 129 0
80 257 0
80 513 0
80 1025 0
80 2049 0
80 4097 0
80 8193 0
80 16385 0
80 32769 0
144 3 0
144 5 0
144 9 0
144 33 0
144 65 0
144 257 0
144 513 0
144 1025 0
144 2049 0
144 4097 0
144 8193 0
144 16385 0
144 32769 0
272 3 0
272 5 0
272 9 0
272 33 0
272 65 0
272 129 0
272 513 0
272 1025 0
272 2049 0
272 4097 0
272 8193 0
272 16385 0
272 32769 0
528 3 0
528 5 0
528 9 0
528 33 0
528 65 0
528 129 0
528 257 0
528 1025 0
528 2049 0
528 4097 0
528 8193 0
528 16385 0
528 32769 0
1040 3 0
1040 5 0
1040 9 0
1040 33 0
1040 65 0
1040 129 0
1040 257 0
1040 513 0
1040 2049 0
1040 4097 0
1040 8193 0
1040 16385 0
1040 32769 0
2064 3 0
2064 5 0
2064 9 0
2064 33 0
2064 65 0
2064 129 0
2064 257 0
2064 513 0
2064 1025 0
2064 4097 0
2064 8193 0
2064 16385 0
2064 32769 0
4112 3 0
4112 5 0
4112 9 0
4112 33 0
4112 65 0
4112 129 0
4112 257 0
4112 513 0
4112 1025 0
4112 2049 0
4112 8193 0
4112 16385 0
4112 32769 0
8208 3 0
8208 5 0
8208 9 0
8208 33 0
8208 65 0
8208 129 0
8208 257 0
8208 513 0
8208 1025 0
8208 2049 0
8208 4097 0
8208 16385 0
8208 32769 0
16400 3 0
16400 5 0
16400 9 0
16400 33 0
16400 65 0
16400 129 0
16400 257 0
16400 513 0
16400 1025 0
16400 2049 0
16400 4097 0
16400 8193 0
16400 32769 0
32784 3 0
32784 5 0
32784 9 0
32784 33 0
32784 65 0
32784 129 0
32784 257 0
32784 513 0
32784 1025 0
32784 2049 0
32784 4097 0
32784 8193 0
32784 16385 0
48 6 0
48 10 0
48 66 0
48 130 0
48 258 0
48 514 0
48 1026 0
48 2050 0
48 4098 0
48 8194 0
48 16386 0
48 32770 0
80 6 0
80 10 0
80 34 0
80 130 0
80 258 0
80 514 0
80 1026 0
80 2050 0
80 4098 0
80 8194 0
80 16386 0
80 32770 0
144 6 0
144 10 0
144 34 0
144 66 0
144 258 0
144 514 0
144 1026 0
144 2050 0
144 4098 0
144 8194 0
144 16386 0
144 32770 0
272 6 0
272 10 0
272 34 0
272 66 0
272 130 0
272 514 0
272 1026 0
272 2050 0
272 4098 0
272 8194 0
272 16386 0
272 32770 0
528 6 0
528 10 0
528 34 0
528 66 0
528 130 0
528 258 0
528 1026 0
528 2050 0
528 4098 0
528 8194 0
528 16386 0
528 32770 0
1040 6 0
1040 10 0
1040 34 0
1040 66 0
1040 130 0
1040 258 0
1040 514 0
1040 2050 0
1040 4098 0
1040 8194 0
1040 16386 0
1040 32770 0
2064 6 0
2064 10 0
2064 34 0
2064 66 0
2064 130 0
2064 258 0
2064 514 0
2064 1026 0
2064 4098 0
2064 8194 0
2064 16386 0
2064 32770 0
4112 6 0
4112 10 0
4112 34 0
4112 66 0
4112 130 0
4112 258 0
4112 514 0
4112 1026 0
4112 2050 0
4112 8194 0
4112 16386 0
4112 32770 0
8208 6 0
8208 10 0
8208 34 0
8208 66 0
8208 130 0
8208 258 0
8208 514 0
8208 1026 0
8208 2050 0
8208 4098 0
8208 16386 0
8208 32770 0
16400 6 0
16400 10 0
16400 34 0
16400 66 0
16400 130 0
16400 258 0
16400 514 0
16400 1026 0
16400 2050 0
16400 4098 0
16400 8194 0
16400 32770 0
32784 6 0
32784 10 0
32784 34 0
32784 66 0
32784 130 0
32784 258 0
32784 514 0
32784 1026 0
32784 2050 0
32784 4098 0
32784 8194 0
32784 16386 0
48 12 0
48 68 0
48 132 0
48 260 0
48 516 0
48 1028 0
48 2052 0
48 4100 0
48 8196 0
48 16388 0
48 32772 0
80 12 0
80 36 0
80 132 0
80 260 0
80 516 0
80 1028 0
80 2052 0
80 4100 0
80 8196 0
80 16388 0
80 32772 0
144 12 0
144 36 0
144 68 0
144 260 0
144 516 0
144 1028 0
144 2052 0
144 4100 0
144 8196 0
144 16388 0
144 32772 0
272 12 0
272 36 0
272 68 0
272 132 0
272 516 0
272 1028 0
272 2052 0
272 4100 0
272 8196 0
272 16388 0
272 32772 0
528 12 0
528 36 0
528 68 0
528 132 0
528 260 0
528 1028 0
528 2052 0
528 4100 0
528 8196 0
528 16388 0
528 32772 0
1040 12 0
1040 36 0
1040 68 0
1040 132 0
1040 260 0
1040 516 0
1040 2052 0
1040 4100 0
1040 8196 0
1040 16388 0
1040 32772 0
2064 12 0
2064 36 0
2064 68 0
2064 132 0
2064 260 0
2064 516 0
2064 1028 0
2064 4100 0
2064 8196 0
2064 16388 0
2064 32772 0
4112 12 0
4112 36 0
4112 68 0
4112 132 0
4112 260 0
4112 516 0
4112 1028 0
4112 2052 0
4112 8196 0
4112 16388 0
4112 32772 0
8208 12 0
8208 36 0
8208 68 0
8208 132 0
8208 260 0
8208 516 0
8208 1028 0
8208 2052 0
8208 4100 0
8208 16388 0
8208 32772 0
16400 12 0
16400 36 0
16400 68 0
16400 132 0
16400 260 0
16400 516 0
16400 1028 0
16400 2052 0
16400 4100 0
16400 8196 0
16400 32772 0
32784 12 0
32784 36 0
32784 68 0
32784 132 0
32784 260 0
32784 516 0
32784 1028 0
32784 2052 0
32784 4100 0
32784 8196 0
32784 16388 0
48 72 0
48 136 0
48 264 0
48 520 0
48 1032 0
48 2056 0
48 4104 0
48 8200 0
48 16392 0
48 32776 0
80 40 0
80 136 0
80 264 0
80 520 0
80 1032 0
80 2056 0
80 4104 0
80 8200 0
80 16392 0
80 32776 0
144 40 0
144 72 0
144 264 0
144 520 0
144 1032 0
144 2056 0
144 4104 0
144 8200 0
144 16392 0
144 32776 0
272 40 0
272 72 0
272 136 0
272 520 0
272 1032 0
272 2056 0
272 4104 0
272 8200 0
272 16392 0
272 32776 0
528 40 0
528 72 0
528 136 0
528 264 0
528 1032 0
528 2056 0
528 4104 0
528 8200 0
528 16392 0
528 32776 0
1040 40 0
1040 72 0
1040 136 0
1040 264 0
1040 520 0
1040 2056 0
1040 4104 0
1040 8200 0
1040 16392 0
1040 32776 0
2064 40 0
2064 72 0
2064 136 0
2064 264 0
2064 520 0
2064 1032 0
2064 4104 0
2064 8200 0
2064 16392 0
2064 32776 0
4112 40 0
4112 72 0
4112 136 0
4112 264 0
4112 520 0
4112 1032 0
4112 2056 0
4112 8200 0
4112 16392 0
4112 32776 0
8208 40 0
8208 72 0
8208 136 0
8208 264 0
8208 520 0
8208 1032 0
8208 2056 0
8208 4104 0
8208 16392 0
8208 32776 0
16400 40 0
16400 72 0
16400 136 0
16400 264 0
16400 520 0
16400 1032 0
16400 2056 0
16400 4104 0
16400 8200 0
16400 32776 0
32784 40 0
32784 72 0
32784 136 0
32784 264 0
32784 520 0
32784 1032 0
32784 2056 0
32784 4104 0
32784 8200 0
32784 16392 0
80 160 0
80 288 0
80 544 0
80 1056 0
80 2080 0
80 4128 0
80 8224 0
80 16416 0
80 32800 0
144 96 0
144 288 0
144 544 0
144 1056 0
144 2080 0
144 4128 0
144 8224 0
144 16416 0
144 32800 0
272 96 0
272 160 0
272 544 0
272 1056 0
272 2080 0
272 4128 0
272 8224 0
272 16416 0
272 32800 0
528 96 0
528 160 0
528 288 0
528 1056 0
528 2080 0
528 4128 0
528 8224 0
528 16416 0
528 32800 0
1040 96 0
1040 160 0
1040 288 0
1040 544 0
1040 2080 0
1040 4128 0
1040 8224 0
1040 16416 0
1040 32800 0
2064 96 0
2064 160 0
2064 288 0
2064 544 0
2064 1056 0
2064 4128 0
2064 8224 0
2064 16416 0
2064 32800 0
4112 96 0
4112 160 0
4112 288 0
4112 544 0
4112 1056 0
4112 2080 0
4112 8224 0
4112 16416 0
4112 32800 0
8208 96 0
8208 160 0
8208 288 0
8208 544 0
8208 1056 0
8208 2080 0
8208 4128 0
8208 16416 0
8208 32800 0
16400 96 0
16400 160 0
16400 288 0
16400 544 0
16400 1056 0
16400 2080 0
16400 4128 0
16400 8224 0
16400 32800 0
32784 96 0
32784 160 0
32784 288 0
32784 544 0
32784 1056 0
32784 2080 0
32784 4128 0
32784 8224 0
32784 16416 0
48 192 0
48 320 0
48 576 0
48 1088 0
48 2112 0
48 4160 0
48 8256 0
48 16448 0
48 32832 0
144 320 0
144 576 0
144 1088 0
144 2112 0
144 4160 0
144 8256 0
144 16448 0
144 32832 0
272 192 0
272 576 0
272 1088 0
272 2112 0
272 4160 0
272 8256 0
272 16448 0
272 32832 0
528 192 0
528 320 0
528 1088 0
528 2112 0
528 4160 0
528 8256 0
528 16448 0
528 32832 0
1040 192 0
1040 320 0
1040 576 0
1040 2112 0
1040 4160 0
1040 8256 0
1040 16448 0
1040 32832 0
2064 192 0
2064 320 0
2064 576 0
2064 1088 0
2064 4160 0
2064 8256 0
2064 16448 0
2064 32832 0
4112 192 0
4112 320 0
4112 576 0
4112 1088 0
4112 2112 0
4112 8256 0
4112 16448 0
4112 32832 0
8208 192 0
8208 320 0
8208 576 0
8208 1088 0
8208 2112 0
8208 4160 0
8208 16448 0
8208 32832 0
16400 192 0
16400 320 0
16400 576 0
16400 1088 0
16400 2112 0
16400 4160 0
16400 8256 0
16400 32832 0
32784 192 0
32784 320 0
32784 576 0
32784 1088 0
32784 2112 0
32784 4160 0
32784 8256 0
32784 16448 0
48 384 0
48 640 0
48 1152 0
48 2176 0
48 4224 0
48 8320 0
48 16512 0
48 32896 0
80 384 0
80 640 0
80 1152 0
80 2176 0
80 4224 0
80 8320 0
80 16512 0
80 32896 0
272 640 0
272 1152 0
272 2176 0
272 4224 0
272 8320 0
272 16512 0
272 32896 0
528 384 0
528 1152 0
528 2176 0
528 4224 0
528 8320 0
528 16512 0
528 32896 0
1040 384 0
1040 640 0
1040 2176 0
1040 4224 0
1040 8320 0
1040 16512 0
1040 32896 0
2064 384 0
2064 640 0
2064 1152 0
2064 4224 0
2064 8320 0
2064 16512 0
2064 32896 0
4112 384 0
4112 640 0
4112 1152 0
4112 2176 0
4112 8320 0
4112 16512 0
4112 32896 0
8208 384 0
8208 640 0
8208 1152 0
8208 2176 0
8208 4224 0
8208 16512 0
8208 32896 0
16400 384 0
16400 640 0
16400 1152 0
16400 2176 0
16400 4224 0
16400 8320 0
16400 32896 0
32784 384 0
32784 640 0
32784 1152 0
32784 2176 0
32784 4224 0
32784 8320 0
32784 16512 0
48 768 0
48 1280 0
48 2304 0
48 4352 0
48 8448 0
48 16640 0
48 33024 0
80 768 0
80 1280 0
80 2304 0
80 4352 0
80 8448 0
80 16640 0
80 33024 0
144 768 0
144 1280 0
144 2304 0
144 4352 0
144 8448 0
144 16640 0
144 33024 0
528 1280 0
528 2304 0
528 4352 0
528 8448 0
528 16640 0
528 33024 0
1040 768 0
1040 2304 0
1040 4352 0
1040 8448 0
1040 16640 0
1040 33024 0
2064 768 0
2064 1280 0
2064 4352 0
2064 8448 0
2064 16640 0
2064 33024 0
4112 768 0
4112 1280 0
4112 2304 0
4112 8448 0
4112 16640 0
4112 33024 0
8208 768 0
8208 1280 0
8208 2304 0
8208 4352 0
8208 16640 0
8208 33024 0
16400 768 0
16400 1280 0
16400 2304 0
16400 4352 0
16400 8448 0
16400 33024 0
32784 768 0
32784 1280 0
32784 2304 0
32784 4352 0
32784 8448 0
32784 16640 0
48 1536 0
48 2560 0
48 4608 0
48 8704 0
48 16896 0
48 33280 0
80 1536 0
80 2560 0
80 4608 0
80 8704 0
80 16896 0
80 33280 0
144 1536 0
144 2560 0
144 4608 0
144 8704 0
144 16896 0
144 33280 0
272 1536 0
272 2560 0
272 4608 0
272 8704 0
272 16896 0
272 33280 0
1040 2560 0
1040 4608 0
1040 8704 0
1040 16896 0
1040 33280 0
2064 1536 0
2064 4608 0
2064 8704 0
2064 16896 0
2064 33280 0
4112 1536 0
4112 2560 0
4112 8704 0
4112 16896 0
4112 33280 0
8208 1536 0
8208 2560 0
8208 4608 0
8208 16896 0
8208 33280 0
16400 1536 0
16400 2560 0
16400 4608 0
16400 8704 0
16400 33280 0
32784 1536 0
32784 2560 0
32784 4608 0
32784 8704 0
32784 16896 0
48 3072 0
48 5120 0
48 9216 0
48 17408 0
48 33792 0
80 3072 0
80 5120 0
80 9216 0
80 17408 0
80 33792 0
144 3072 0
144 5120 0
144 9216 0
144 17408 0
144 33792 0
272 3072 0
272 5120 0
272 9216 0
272 17408 0
272 33792 0
528 3072 0
528 5120 0
528 9216 0
528 17408 0
528 33792 0
2064 5120 0
2064 9216 0
2064 17408 0
2064 33792 0
4112 3072 0
4112 9216 0
4112 17408 0
4112 33792 0
8208 3072 0
8208 5120 0
8208 17408 0
8208 33792 0
16400 3072 0
16400 5120 0
16400 9216 0
16400 33792 0
32784 3072 0
32784 5120 0
32784 9216 0
32784 17408 0
48 6144 0
48 10240 0
48 18432 0
48 34816 0
80 6144 0
80 10240 0
80 18432 0
80 34816 0
144 6144 0
144 10240 0
144 18432 0
144 34816 0
272 6144 0
272 10240 0
272 18432 0
272 34816 0
528 6144 0
528 10240 0
528 18432 0
528 34816 0
1040 6144 0
1040 10240 0
1040 18432 0
1040 34816 0
4112 10240 0
4112 18432 0
4112 34816 0
8208 6144 0
8208 18432 0
8208 34816 0
16400 6144 0
16400 10240 0
16400 34816 0
32784 6144 0
32784 10240 0
32784 18432 0
48 12288 0
48 20480 0
48 36864 0
80 12288 0
80 20480 0
80 36864 0
144 12288 0
144 20480 0
144 36864 0
272 12288 0
272 20480 0
272 36864 0
528 12288 0
528 20480 0
528 36864 0
1040 12288 0
1040 20480 0
1040 36864 0
2064 12288 0
2064 20480 0
2064 36864 0
8208 20480 0
8208 36864 0
16400 12288 0
16400 36864 0
32784 12288 0
32784 20480 0
48 24576 0
48 40960 0
80 24576 0
80 40960 0
144 24576 0
144 40960 0
272 24576 0
272 40960 0
528 24576 0
528 40960 0
1040 24576 0
1040 40960 0
2064 24576 0
2064 40960 0
4112 24576 0
4112 40960 0
16400 40960 0
32784 24576 0
48 49152 0
80 49152 0
144 49152 0
272 49152 0
528 49152 0
1040 49152 0
2064 49152 0
4112 49152 0
8208 49152 0
96 3 0
96 5 0
96 9 0
96 17 0
96 129 0
96 257 0
96 513 0
96 1025 0
96 2049 0
96 4097 0
96 8193 0
96 16385 0
96 32769 0
160 3 0
160 5 0
160 9 0
160 17 0
160 65 0
160 257 0
160 513 0
160 1025 0
160 2049 0
160 4097 0
160 8193 0
160 16385 0
160 32769 0
288 3 0
288 5 0
288 9 0
288 17 0
288 65 0
288 129 0
288 513 0
288 1025 0
288 2049 0
288 4097 0
288 8193 0
288 16385 0
288 32769 0
544 3 0
544 5 0
544 9 0
544 17 0
544 65 0
544 129 0
544 257 0
544 1025 0
544 2049 0
544 4097 0
544 8193 0
544 16385 0
544 32769 0
1056 3 0
1056 5 0
1056 9 0
1056 17 0
1056 65 0
1056 129 0
1056 257 0
1056 513 0
1056 2049 0
1056 4097 0
1056 8193 0
1056 16385 0
1056 32769 0
2080 3 0
2080 5 0
2080 9 0
2080 17 0
2080 65 0
2080 129 0
2080 257 0
2080 513 0
2080 1025 0
2080 4097 0
2080 8193 0
2080 16385 0
2080 32769 0
4128 3 0
4128 5 0
4128 9 0
4128 17 0
4128 65 0
4128 129 0
4128 257 0
4128 513 0
4128 1025 0
4128 2049 0
4128 8193 0
4128 16385 0
4128 32769 0
8224 3 0
8224 5 0
8224 9 0
8224 17 0
8224 65 0
8224 129 0
8224 257 0
8224 513 0
8224 1025 0
8224 2049 0
8224 4097 0
8224 16385 0
8224 32769 0
16416 3 0
16416 5 0
16416 9 0
16416 17 0
16416 65 0
16416 129 0
16416 257 0
16416 513 0
16416 1025 0
16416 2049 0
16416 4097 0
16416 8193 0
16416 32769 0
32800 3 0
32800 5 0
32800 9 0
32800 17 0
32800 65 0
32800 129 0
32800 257 0
32800 513 0
32800 1025 0
32800 2049 0
32800 4097 0
32800 8193 0
32800 16385 0
96 6 0
96 10 0
96 18 0
96 130 0
96 258 0
96 514 0
96 1026 0
96 2050 0
96 4098 0
96 8194 0
96 16386 0
96 32770 0
160 6 0
160 10 0
160 18 0
160 66 0
160 258 0
160 514 0
160 1026 0
160 2050 0
160 4098 0
160 8194 0
160 16386 0
160 32770 0
288 6 0
288 10 0
288 18 0
288 66 0
288 130 0
288 514 0
288 1026 0
288 2050 0
288 4098 0
288 8194 0
288 16386 0
288 32770 0
544 6 0
544 10 0
544 18 0
544 66 0
544 130 0
544 258 0
544 1026 0
544 2050 0
544 4098 0
544 8194 0
544 16386 0
544 32770 0
1056 6 0
1056 10 0
1056 18 0
1056 66 0
1056 130 0
1056 258 0
1056 514 0
1056 2050 0
1056 4098 0
1056 8194 0
1056 16386 0
1056 32770 0
2080 6 0
2080 10 0
2080 18 0
2080 66 0
2080 130 0
2080 258 0
2080 514 0
2080 1026 0
2080 4098 0
2080 8194 0
2080 16386 0
2080 32770 0
4128 6 0
4128 10 0
4128 18 0
4128 66 0
4128 130 0
4128 258 0
4128 514 0
4128 1026 0
4128 2050 0
4128 8194 0
4128 16386 0
4128 32770 0
8224 6 0
8224 10 0
8224 18 0
8224 66 0
8224 130 0
8224 258 0
8224 514 0
8224 1026 0
8224 2050 0
8224 4098 0
8224 16386 0
8224 32770 0
16416 6 0
16416 10 0
16416 18 0
16416 66 0
16416 130 0
16416 258 0
16416 514 0
16416 1026 0
16416 2050 0
16416 4098 0
16416 8194 0
16416 32770 0
32800 6 0
32800 10 0
32800 18 0
32800 66 0
32800 130 0
32800 258 0
32800 514 0
32800 1026 0
32800 2050 0
32800 4098 0
32800 8194 0
32800 16386 0
96 12 0
96 20 0
96 132 0
96 260 0
96 516 0
96 1028 0
96 2052 0
96 4100 0
96 8196 0
96 16388 0
96 32772 0
160 12 0
160 20 0
160 68 0
160 260 0
160 516 0
160 1028 0
160 2052 0
160 4100 0
160 8196 0
160 16388 0
160 32772 0
288 12 0
288 20 0
288 68 0
288 132 0
288 516 0
288 1028 0
288 2052 0
288 4100 0
288 8196 0
288 16388 0
288 32772 0
544 12 0
544 20 0
544 68 0
544 132 0
544 260 0
544 1028 0
544 2052 0
544 4100 0
544 8196 0
544 16388 0
544 32772 0
1056 12 0
1056 20 0
1056 68 0
1056 132 0
1056 260 0
1056 516 0
1056 2052 0
1056 4100 0
1056 8196 0
1056 16388 0
1056 32772 0
2080 12 0
2080 20 0
2080 68 0
2080 132 0
2080 260 0
2080 516 0
2080 1028 0
2080 4100 0
2080 8196 0
2080 16388 0
2080 32772 0
4128 12 0
4128 20 0
4128 68 0
4128 132 0
4128 260 0
4128 516 0
4128 1028 0
4128 2052 0
4128 8196 0
4128 16388 0
4128 32772 0
8224 12 0
8224 20 0
8224 68 0
8224 132 0
8224 260 0
8224 516 0
8224 1028 0
8224 2052 0
8224 4100 0
8224 16388 0
8224 32772 0
16416 12 0
16416 20 0
16416 68 0
16416 132 0
16416 260 0
16416 516 0
16416 1028 0
16416 2052 0
16416 4100 0
16416 8196 0
16416 32772 0
32800 12 0
32800 20 0
32800 68 0
32800 132 0
32800 260 0
32800 516 0
32800 1028 0
32800 2052 0
32800 4100 0
32800 8196 0
32800 16388 0
96 24 0
96 136 0
96 264 0
96 520 0
96 1032 0
96 2056 0
96 4104 0
96 8200 0
96 16392 0
96 32776 0
160 24 0
160 72 0
160 264 0
160 520 0
160 1032 0
160 2056 0
160 4104 0
160 8200 0
160 16392 0
160 32776 0
288 24 0
288 72 0
288 136 0
288 520 0
288 1032 0
288 2056 0
288 4104 0
288 8200 0
288 16392 0
288 32776 0
544 24 0
544 72 0
544 136 0
544 264 0
544 1032 0
544 2056 0
544 4104 0
544 8200 0
544 16392 0
544 32776 0
1056 24 0
1056 72 0
1056 136 0
1056 264 0
1056 520 0
1056 2056 0
1056 4104 0
1056 8200 0
1056 16392 0
1056 32776 0
2080 24 0
2080 72 0
2080 136 0
2080 264 0
2080 520 0
2080 1032 0
2080 4104 0
2080 8200 0
2080 16392 0
2080 32776 0
4128 24 0
4128 72 0
4128 136 0
4128 264 0
4128 520 0
4128 1032 0
4128 2056 0
4128 8200 0
4128 16392 0
4128 32776 0
8224 24 0
8224 72 0
8224 136 0
8224 264 0
8224 520 0
8224 1032 0
8224 2056 0
8224 4104 0
8224 16392 0
8224 32776 0
16416 24 0
16416 72 0
16416 136 0
16416 264 0
16416 520 0
16416 1032 0
16416 2056 0
16416 4104 0
16416 8200 0
16416 32776 0
32800 24 0
32800 72 0
32800 136 0
32800 264 0
32800 520 0
32800 1032 0
32800 2056 0
32800 4104 0
32800 8200 0
32800 16392 0
96 144 0
96 272 0
96 528 0
96 1040 0
96 2064 0
96 4112 0
96 8208 0
96 16400 0
96 32784 0
160 80 0
160 272 0
160 528 0
160 1040 0
160 2064 0
160 4112 0
160 8208 0
160 16400 0
160 32784 0
288 80 0
288 144 0
288 528 0
288 1040 0
288 2064 0
288 4112 0
288 8208 0
288 16400 0
288 32784 0
544 80 0
544 144 0
544 272 0
544 1040 0
544 2064 0
544 4112 0
544 8208 0
544 16400 0
544 32784 0
1056 80 0
1056 144 0
1056 272 0
1056 528 0
1056 2064 0
1056 4112 0
1056 8208 0
1056 16400 0
1056 32784 0
2080 80 0
2080 144 0
2080 272 0
2080 528 0
2080 1040 0
2080 4112 0
2080 8208 0
2080 16400 0
2080 32784 0
4128 80 0
4128 144 0
4128 272 0
4128 528 0
4128 1040 0
4128 2064 0
4128 8208 0
4128 16400 0
4128 32784 0
8224 80 0
8224 144 0
8224 272 0
8224 528 0
8224 1040 0
8224 2064 0
8224 4112 0
8224 16400 0
8224 32784 0
16416 80 0
16416 144 0
16416 272 0
16416 528 0
16416 1040 0
16416 2064 0
16416 4112 0
16416 8208 0
16416 32784 0
32800 80 0
32800 144 0
32800 272 0
32800 528 0
32800 1040 0
32800 2064 0
32800 4112 0
32800 8208 0
32800 16400 0
160 320 0
160 576 0
160 1088 0
160 2112 0
160 4160 0
160 8256 0
160 16448 0
160 32832 0
288 192 0
288 576 0
288 1088 0
288 2112 0
288 4160 0
288 8256 0
288 16448 0
288 32832 0
544 192 0
544 320 0
544 1088 0
544 2112 0
544 4160 0
544 8256 0
544 16448 0
544 32832 0
1056 192 0
1056 320 0
1056 576 0
1056 2112 0
1056 4160 0
1056 8256 0
1056 16448 0
1056 32832 0
2080 192 0
2080 320 0
2080 576 0
2080 1088 0
2080 4160 0
2080 8256 0
2080 16448 0
2080 32832 0
4128 192 0
4128 320 0
4128 576 0
4128 1088 0
4128 2112 0
4128 8256 0
4128 16448 0
4128 32832 0
8224 192 0
8224 320 0
8224 576 0
8224 1088 0
8224 2112 0
8224 4160 0
8224 16448 0
8224 32832 0
16416 192 0
16416 320 0
16416 576 0
16416 1088 0
16416 2112 0
16416 4160 0
16416 8256 0
16416 32832 0
32800 192 0
32800 320 0
32800 576 0
32800 1088 0
32800 2112 0
32800 4160 0
32800 8256 0
32800 16448 0
96 384 0
96 640 0
96 1152 0
96 2176 0
96 4224 0
96 8320 0
96 16512 0
96 32896 0
288 640 0
288 1152 0
288 2176 0
288 4224 0
288 8320 0
288 16512 0
288 32896 0
544 384 0
544 1152 0
544 2176 0
544 4224 0
544 8320 0
544 16512 0
544 32896 0
1056 384 0
1056 640 0
1056 2176 0
1056 4224 0
1056 8320 0
1056 16512 0
1056 32896 0
2080 384 0
2080 640 0
2080 1152 0
2080 4224 0
2080 8320 0
2080 16512 0
2080 32896 0
4128 384 0
4128 640 0
4128 1152 0
4128 2176 0
4128 8320 0
4128 16512 0
4128 32896 0
8224 384 0
8224 640 0
8224 1152 0
8224 2176 0
8224 4224 0
8224 16512 0
8224 32896 0
16416 384 0
16416 640 0
16416 1152 0
16416 2176 0
16416 4224 0
16416 8320 0
16416 32896 0
32800 384 0
32800 640 0
32800 1152 0
32800 2176 0
32800 4224 0
32800 8320 0
32800 16512 0
96 768 0
96 1280 0
96 2304 0
96 4352 0
96 8448 0
96 16640 0
96 33024 0
160 768 0
160 1280 0
160 2304 0
160 4352 0
160 8448 0
160 16640 0
160 33024 0
544 1280 0
544 2304 0
544 4352 0
544 8448 0
544 16640 0
544 33024 0
1056 768 0
1056 2304 0
1056 4352 0
1056 8448 0
1056 16640 0
1056 33024 0
2080 768 0
2080 1280 0
2080 4352 0
2080 8448 0
2080 16640 0
2080 33024 0
4128 768 0
4128 1280 0
4128 2304 0
4128 8448 0
4128 16640 0
4128 33024 0
8224 768 0
8224 1280 0
8224 2304 0
8224 4352 0
8224 16640 0
8224 33024 0
16416 768 0
16416 1280 0
16416 2304 0
16416 4352 0
16416 8448 0
16416 33024 0
32800 768 0
32800 1280 0
32800 2304 0
32800 4352 0
32800 8448 0
32800 16640 0
96 1536 0
96 2560 0
96 4608 0
96 8704 0
96 16896 0
96 33280 0
160 1536 0
160 2560 0
160 4608 0
160 8704 0
160 16896 0
160 33280 0
288 1536 0
288 2560 0
288 4608 0
288 8704 0
288 16896 0
288 33280 0
1056 2560 0
1056 4608 0
1056 8704 0
1056 16896 0
1056 33280 0
2080 1536 0
2080 4608 0
2080 8704 0
2080 16896 0
2080 33280 0
4128 1536 0
4128 2560 0
4128 8704 0
4128 16896 0
4128 33280 0
8224 1536 0
8224 2560 0
8224 4608 0
8224 16896 0
8224 33280 0
16416 1536 0
16416 2560 0
16416 4608 0
16416 8704 0
16416 33280 0
32800 1536 0
32800 2560 0
32800 4608 0
32800 8704 0
32800 16896 0
96 3072 0
96 5120 0
96 9216 0
96 17408 0
96 33792 0
160 3072 0
160 5120 0
160 9216 0
160 17408 0
160 33792 0
288 3072 0
288 5120 0
288 9216 0
288 17408 0
288 33792 0
544 3072 0
544 5120 0
544 9216 0
544 17408 0
544 33792 0
2080 5120 0
2080 9216 0
2080 17408 0
2080 33792 0
4128 3072 0
4128 9216 0
4128 17408 0
4128 33792 0
8224 3072 0
8224 5120 0
8224 17408 0
8224 33792 0
16416 3072 0
16416 5120 0
16416 9216 0
16416 33792 0
32800 3072 0
32800 5120 0
32800 9216 0
32800 17408 0
96 6144 0
96 10240 0
96 18432 0
96 34816 0
160 6144 0
160 10240 0
160 18432 0
160 34816 0
288 6144 0
288 10240 0
288 18432 0
288 34816 0
544 6144 0
544 10240 0
544 18432 0
544 34816 0
1056 6144 0
1056 10240 0
1056 18432 0
1056 34816 0
4128 10240 0
4128 18432 0
4128 34816 0
8224 6144 0
8224 18432 0
8224 34816 0
16416 6144 0
16416 10240 0
16416 34816 0
32800 6144 0
32800 10240 0
32800 18432 0
96 12288 0
96 20480 0
96 36864 0
160 12288 0
160 20480 0
160 36864 0
288 12288 0
288 20480 0
288 36864 0
544 12288 0
544 20480 0
544 36864 0
1056 12288 0
1056 20480 0
1056 36864 0
2080 12288 0
2080 20480 0
2080 36864 0
8224 20480 0
8224 36864 0
16416 12288 0
16416 36864 0
32800 12288 0
32800 20480 0
96 24576 0
96 40960 0
160 24576 0
160 40960 0
288 24576 0
288 40960 0
544 24576 0
544 40960 0
1056 24576 0
1056 40960 0
2080 24576 0
2080 40960 0
4128 24576 0
4128 40960 0
16416 40960 0
32800 24576 0
96 49152 0
160 49152 0
288 49152 0
544 49152 0
1056 49152 0
2080 49152 0
4128 49152 0
8224 49152 0
192 3 0
192 5 0
192 9 0
192 17 0
192 33 0
192 257 0
192 513 0
192 1025 0
192 2049 0
192 4097 0
192 8193 0
192 16385 0
192 32769 0
320 3 0
320 5 0
320 9 0
320 17 0
320 33 0
320 129 0
320 513 0
320 1025 0
320 2049 0
320 4097 0
320 8193 0
320 16385 0
320 32769 0
576 3 0
576 5 0
576 9 0
576 17 0
576 33 0
576 129 0
576 257 0
576 1025 0
576 2049 0
576 4097 0
576 8193 0
576 16385 0
576 32769 0
1088 3 0
1088 5 0
1088 9 0
1088 17 0
1088 33 0
1088 129 0
1088 257 0
1088 513 0
1088 2049 0
1088 4097 0
1088 8193 0
1088 16385 0
1088 32769 0
2112 3 0
2112 5 0
2112 9 0
2112 17 0
2112 33 0
2112 129 0
2112 257 0
2112 513 0
2112 1025 0
2112 4097 0
2112 8193 0
2112 16385 0
2112 32769 0
4160 3 0
4160 5 0
4160 9 0
4160 17 0
4160 33 0
4160 129 0
4160 257 0
4160 513 0
4160 1025 0
4160 2049 0
4160 8193 0
4160 16385 0
4160 32769 0
8256 3 0
8256 5 0
8256 9 0
8256 17 0
8256 33 0
8256 129 0
8256 257 0
8256 513 0
8256 1025 0
8256 2049 0
8256 4097 0
8256 16385 0
8256 32769 0
16448 3 0
16448 5 0
16448 9 0
16448 17 0
16448 33 0
16448 129 0
16448 257 0
16448 513 0
16448 1025 0
16448 2049 0
16448 4097 0
16448 8193 0
16448 32769 0
32832 3 0
32832 5 0
32832 9 0
32832 17 0
32832 33 0
32832 129 0
32832 257 0
32832 513 0
32832 1025 0
32832 2049 0
32832 4097 0
32832 8193 0
32832 16385 0
192 6 0
192 10 0
192 18 0
192 34 0
192 258 0
192 514 0
192 1026 0
192 2050 0
192 4098 0
192 8194 0
192 16386 0
192 32770 0
320 6 0
320 10 0
320 18 0
320 34 0
320 130 0
320 514 0
320 1026 0
320 2050 0
320 4098 0
320 8194 0
320 16386 0
320 32770 0
576 6 0
576 10 0
576 18 0
576 34 0
576 130 0
576 258 0
576 1026 0
576 2050 0
576 4098 0
576 8194 0
576 16386 0
576 32770 0
1088 6 0
1088 10 0
1088 18 0
1088 34 0
1088 130 0
1088 258 0
1088 514 0
1088 2050 0
1088 4098 0
1088 8194 0
1088 16386 0
1088 32770 0
2112 6 0
2112 10 0
2112 18 0
2112 34 0
2112 130 0
2112 258 0
2112 514 0
2112 1026 0
2112 4098 0
2112 8194 0
2112 16386 0
2112 32770 0
4160 6 0
4160 10 0
4160 18 0
4160 34 0
4160 130 0
4160 258 0
4160 514 0
4160 1026 0
4160 2050 0
4160 8194 0
4160 16386 0
4160 32770 0
8256 6 0
8256 10 0
8256 18 0
8256 34 0
8256 130 0
8256 258 0
8256 514 0
8256 1026 0
8256 2050 0
8256 4098 0
8256 16386 0
8256 32770 0
16448 6 0
16448 10 0
16448 18 0
16448 34 0
16448 130 0
16448 258 0
16448 514 0
16448 1026 0
16448 2050 0
16448 4098 0
16448 8194 0
16448 32770 0
32832 6 0
32832 10 0
32832 18 0
32832 34 0
32832 130 0
32832 258 0
32832 514 0
32832 1026 0
32832 2050 0
32832 4098 0
32832 8194 0
32832 16386 0
192 12 0
192 20 0
192 36 0
192 260 0
192 516 0
192 1028 0
192 2052 0
192 4100 0
192 8196 0
192 16388 0
192 32772 0
320 12 0
320 20 0
320 36 0
320 132 0
320 516 0
320 1028 0
320 2052 0
320 4100 0
320 8196 0
320 16388 0
320 32772 0
576 12 0
576 20 0
576 36 0
576 132 0
576 260 0
576 1028 0
576 2052 0
576 4100 0
576 8196 0
576 16388 0
576 32772 0
1088 12 0
1088 20 0
1088 36 0
1088 132 0
1088 260 0
1088 516 0
1088 2052 0
1088 4100 0
1088 8196 0
1088 16388 0
1088 32772 0
2112 12 0
2112 20 0
2112 36 0
2112 132 0
2112 260 0
2112 516 0
2112 1028 0
2112 4100 0
2112 8196 0
2112 16388 0
2112 32772 0
4160 12 0
4160 20 0
4160 36 0
4160 132 0
4160 260 0
4160 516 0
4160 1028 0
4160 2052 0
4160 8196 0
4160 16388 0
4160 32772 0
8256 12 0
8256 20 0
8256 36 0
8256 132 0
8256 260 0
8256 516 0
8256 1028 0
8256 2052 0
8256 4100 0
8256 16388 0
8256 32772 0
16448 12 0
16448 20 0
16448 36 0
16448 132 0
16448 260 0
16448 516 0
16448 1028 0
16448 2052 0
16448 4100 0
16448 8196 0
16448 32772 0
32832 12 0
32832 20 0
32832 36 0
32832 132 0
32832 260 0
32832 516 0
32832 1028 0
32832 2052 0
32832 4100 0
32832 8196 0
32832 16388 0
192 24 0
192 40 0
192 264 0
192 520 0
192 1032 0
192 2056 0
192 4104 0
192 8200 0
192 16392 0
192 32776 0
320 24 0
320 40 0
320 136 0
320 520 0
320 1032 0
320 2056 0
320 4104 0
320 8200 0
320 16392 0
320 32776 0
576 24 0
576 40 0
576 136 0
576 264 0
576 1032 0
576 2056 0
576 4104 0
576 8200 0
576 16392 0
576 32776 0
1088 24 0
1088 40 0
1088 136 0
1088 264 0
1088 520 0
1088 2056 0
1088 4104 0
1088 8200 0
1088 16392 0
1088 32776 0
2112 24 0
2112 40 0
2112 136 0
2112 264 0
2112 520 0
2112 1032 0
2112 4104 0
2112 8200 0
2112 16392 0
2112 32776 0
4160 24 0
4160 40 0
4160 136 0
4160 264 0
4160 520 0
4160 1032 0
4160 2056 0
4160 8200 0
4160 16392 0
4160 32776 0
8256 24 0
8256 40 0
8256 136 0
8256 264 0
8256 520 0
8256 1032 0
8256 2056 0
8256 4104 0
8256 16392 0
8256 32776 0
16448 24 0
16448 40 0
16448 136 0
16448 264 0
16448 520 0
16448 1032 0
16448 2056 0
16448 4104 0
16448 8200 0
16448 32776 0
32832 24 0
32832 40 0
32832 136 0
32832 264 0
32832 520 0
32832 1032 0
32832 2056 0
32832 4104 0
32832 8200 0
32832 16392 0
192 48 0
192 272 0
192 528 0
192 1040 0
192 2064 0
192 4112 0
192 8208 0
192 16400 0
192 32784 0
320 48 0
320 144 0
320 528 0
320 1040 0
320 2064 0
320 4112 0
320 8208 0
320 16400 0
320 32784 0
576 48 0
576 144 0
576 272 0
576 1040 0
576 2064 0
576 4112 0
576 8208 0
576 16400 0
576 32784 0
1088 48 0
1088 144 0
1088 272 0
1088 528 0
1088 2064 0
1088 4112 0
1088 8208 0
1088 16400 0
1088 32784 0
2112 48 0
2112 144 0
2112 272 0
2112 528 0
2112 1040 0
2112 4112 0
2112 8208 0
2112 16400 0
2112 32784 0
4160 48 0
4160 144 0
4160 272 0
4160 528 0
4160 1040 0
4160 2064 0
4160 8208 0
4160 16400 0
4160 32784 0
8256 48 0
8256 144 0
8256 272 0
8256 528 0
8256 1040 0
8256 2064 0
8256 4112 0
8256 16400 0
8256 32784 0
16448 48 0
16448 144 0
16448 272 0
16448 528 0
16448 1040 0
16448 2064 0
16448 4112 0
16448 8208 0
16448 32784 0
32832 48 0
32832 144 0
32832 272 0
32832 528 0
32832 1040 0
32832 2064 0
32832 4112 0
32832 8208 0
32832 16400 0
192 288 0
192 544 0
192 1056 0
192 2080 0
192 4128 0
192 8224 0
192 16416 0
192 32800 0
320 160 0
320 544 0
320 1056 0
320 2080 0
320 4128 0
320 8224 0
320 16416 0
320 32800 0
576 160 0
576 288 0
576 1056 0
576 2080 0
576 4128 0
576 8224 0
576 16416 0
576 32800 0
1088 160 0
1088 288 0
1088 544 0
1088 2080 0
1088 4128 0
1088 8224 0
1088 16416 0
1088 32800 0
2112 160 0
2112 288 0
2112 544 0
2112 1056 0
2112 4128 0
2112 8224 0
2112 16416 0
2112 32800 0
4160 160 0
4160 288 0
4160 544 0
4160 1056 0
4160 2080 0
4160 8224 0
4160 16416 0
4160 32800 0
8256 160 0
8256 288 0
8256 544 0
8256 1056 0
8256 2080 0
8256 4128 0
8256 16416 0
8256 32800 0
16448 160 0
16448 288 0
16448 544 0
16448 1056 0
16448 2080 0
16448 4128 0
16448 8224 0
16448 32800 0
32832 160 0
32832 288 0
32832 544 0
32832 1056 0
32832 2080 0
32832 4128 0
32832 8224 0
32832 16416 0
320 640 0
320 1152 0
320 2176 0
320 4224 0
320 8320 0
320 16512 0
320 32896 0
576 384 0
576 1152 0
576 2176 0
576 4224 0
576 8320 0
576 16512 0
576 32896 0
1088 384 0
1088 640 0
1088 2176 0
1088 4224 0
1088 8320 0
1088 16512 0
1088 32896 0
2112 384 0
2112 640 0
2112 1152 0
2112 4224 0
2112 8320 0
2112 16512 0
2112 32896 0
4160 384 0
4160 640 0
4160 1152 0
4160 2176 0
4160 8320 0
4160 16512 0
4160 32896 0
8256 384 0
8256 640 0
8256 1152 0
8256 2176 0
8256 4224 0
8256 16512 0
8256 32896 0
16448 384 0
16448 640 0
16448 1152 0
16448 2176 0
16448 4224 0
16448 8320 0
16448 32896 0
32832 384 0
32832 640 0
32832 1152 0
32832 2176 0
32832 4224 0
32832 8320 0
32832 16512 0
192 768 0
192 1280 0
192 2304 0
192 4352 0
192 8448 0
192 16640 0
192 33024 0
576 1280 0
576 2304 0
576 4352 0
576 8448 0
576 16640 0
576 33024 0
1088 768 0
1088 2304 0
1088 4352 0
1088 8448 0
1088 16640 0
1088 33024 0
2112 768 0
2112 1280 0
2112 4352 0
2112 8448 0
2112 16640 0
2112 33024 0
4160 768 0
4160 1280 0
4160 2304 0
4160 8448 0
4160 16640 0
4160 33024 0
8256 768 0
8256 1280 0
8256 2304 0
8256 4352 0
8256 16640 0
8256 33024 0
16448 768 0
16448 1280 0
16448 2304 0
16448 4352 0
16448 8448 0
16448 33024 0
32832 768 0
32832 1280 0
32832 2304 0
32832 4352 0
32832 8448 0
32832 16640 0
192 1536 0
192 2560 0
192 4608 0
192 8704 0
192 16896 0
192 33280 0
320 1536 0
320 2560 0
320 4608 0
320 8704 0
320 16896 0
320 33280 0
1088 2560 0
1088 4608 0
1088 8704 0
1088 16896 0
1088 33280 0
2112 1536 0
2112 4608 0
2112 8704 0
2112 16896 0
2112 33280 0
4160 1536 0
4160 2560 0
4160 8704 0
4160 16896 0
4160 33280 0
8256 1536 0
8256 2560 0
8256 4608 0
8256 16896 0
8256 33280 0
16448 1536 0
16448 2560 0
16448 4608 0
16448 8704 0
16448 33280 0
32832 1536 0
32832 2560 0
32832 4608 0
32832 8704 0
32832 16896 0
192 3072 0
192 5120 0
192 9216 0
192 17408 0
192 33792 0
320 3072 0
320 5120 0
320 9216 0
320 17408 0
320 33792 0
576 3072 0
576 5120 0
576 9216 0
576 17408 0
576 33792 0
2112 5120 0
2112 9216 0
2112 17408 0
2112 33792 0
4160 3072 0
4160 9216 0
4160 17408 0
4160 33792 0
8256 3072 0
8256 5120 0
8256 17408 0
8256 33792 0
16448 3072 0
16448 5120 0
16448 9216 0
16448 33792 0
32832 3072 0
32832 5120 0
32832 9216 0
32832 17408 0
192 6144 0
192 10240 0
192 18432 0
192 34816 0
320 6144 0
320 10240 0
320 18432 0
320 34816 0
576 6144 0
576 10240 0
576 18432 0
576 34816 0
1088 6144 0
1088 10240 0
1088 18432 0
1088 34816 0
4160 10240 0
4160 18432 0
4160 34816 0
8256 6144 0
8256 18432 0
8256 34816 0
16448 6144 0
16448 10240 0
16448 34816 0
32832 6144 0
32832 10240 0
32832 18432 0
192 12288 0
192 20480 0
192 36864 0
320 12288 0
320 20480 0
320 36864 0
576 12288 0
576 20480 0
576 36864 0
1088 12288 0
1088 20480 0
1088 36864 0
2112 12288 0
2112 20480 0
2112 36864 0
8256 20480 0
8256 36864 0
16448 12288 0
16448 36864 0
32832 12288 0
32832 20480 0
192 24576 0
192 40960 0
320 24576 0
320 40960 0
576 24576 0
576 40960 0
1088 24576 0
1088 40960 0
2112 24576 0
2112 40960 0
4160 24576 0
4160 40960 0
16448 40960 0
32832 24576 0
192 49152 0
320 49152 0
576 49152 0
1088 49152 0
2112 49152 0
4160 49152 0
8256 49152 0
384 3 0
384 5 0
384 9 0
384 17 0
384 33 0
384 65 0
384 513 0
384 1025 0
384 2049 0
384 4097 0
384 8193 0
384 16385 0
384 32769 0
640 3 0
640 5 0
640 9 0
640 17 0
640 33 0
640 65 0
640 257 0
640 1025 0
640 2049 0
640 4097 0
640 8193 0
640 16385 0
640 32769 0
1152 3 0
1152 5 0
1152 9 0
1152 17 0
1152 33 0
1152 65 0
1152 257 0
1152 513 0
1152 2049 0
1152 4097 0
1152 8193 0
1152 16385 0
1152 32769 0
2176 3 0
2176 5 0
2176 9 0
2176 17 0
2176 33 0
2176 65 0
2176 257 0
2176 513 0
2176 1025 0
2176 4097 0
2176 8193 0
2176 16385 0
2176 32769 0
4224 3 0
4224 5 0
4224 9 0
4224 17 0
4224 33 0
4224 65 0
4224 257 0
4224 513 0
4224 1025 0
4224 2049 0
4224 8193 0
4224 16385 0
4224 32769 0
8320 3 0
8320 5 0
8320 9 0
8320 17 0
8320 33 0
8320 65 0
8320 257 0
8320 513 0
8320 1025 0
8320 2049 0
8320 4097 0
8320 16385 0
8320 32769 0
16512 3 0
16512 5 0
16512 9 0
16512 17 0
16512 33 0
16512 65 0
16512 257 0
16512 513 0
16512 1025 0
16512 2049 0
16512 4097 0
16512 8193 0
16512 32769 0
32896 3 0
32896 5 0
32896 9 0
32896 17 0
32896 33 0
32896 65 0
32896 257 0
32896 513 0
32896 1025 0
32896 2049 0
32896 4097 0
32896 8193 0
32896 16385 0
384 6 0
384 10 0
384 18 0
384 34 0
384 66 0
384 514 0
384 1026 0
384 2050 0
384 4098 0
384 8194 0
384 16386 0
384 32770 0
640 6 0
640 10 0
640 18 0
640 34 0
640 66 0
640 258 0
640 1026 0
640 2050 0
640 4098 0
640 8194 0
640 16386 0
640 32770 0
1152 6 0
1152 10 0
1152 18 0
1152 34 0
1152 66 0
1152 258 0
1152 514 0
1152 2050 0
1152 4098 0
1152 8194 0
1152 16386 0
1152 32770 0
2176 6 0
2176 10 0
2176 18 0
2176 34 0
2176 66 0
2176 258 0
2176 514 0
2176 1026 0
2176 4098 0
2176 8194 0
2176 16386 0
2176 32770 0
4224 6 0
4224 10 0
4224 18 0
4224 34 0
4224 66 0
4224 258 0
4224 514 0
4224 1026 0
4224 2050 0
4224 8194 0
4224 16386 0
4224 32770 0
8320 6 0
8320 10 0
8320 18 0
8320 34 0
8320 66 0
8320 258 0
8320 514 0
8320 1026 0
8320 2050 0
8320 4098 0
8320 16386 0
8320 32770 0
16512 6 0
16512 10 0
16512 18 0
16512 34 0
16512 66 0
16512 258 0
16512 514 0
16512 1026 0
16512 2050 0
16512 4098 0
16512 8194 0
16512 32770 0
32896 6 0
32896 10 0
32896 18 0
32896 34 0
32896 66 0
32896 258 0
32896 514 0
32896 1026 0
32896 2050 0
32896 4098 0
32896 8194 0
32896 16386 0
384 12 0
384 20 0
384 36 0
384 68 0
384 516 0
384 1028 0
384 2052 0
384 4100 0
384 8196 0
384 16388 0
384 32772 0
640 12 0
640 20 0
640 36 0
640 68 0
640 260 0
640 1028 0
640 2052 0
640 4100 0
640 8196 0
640 16388 0
640 32772 0
1152 12 0
1152 20 0
1152 36 0
1152 68 0
1152 260 0
1152 516 0
1152 2052 0
1152 4100 0
1152 8196 0
1152 16388 0
1152 32772 0
2176 12 0
2176 20 0
2176 36 0
2176 68 0
2176 260 0
2176 516 0
2176 1028 0
2176 4100 0
2176 8196 0
2176 16388 0
2176 32772 0
4224 12 0
4224 20 0
4224 36 0
4224 68 0
4224 260 0
4224 516 0
4224 1028 0
4224 2052 0
4224 8196 0
4224 16388 0
4224 32772 0
8320 12 0
8320 20 0
8320 36 0
8320 68 0
8320 260 0
8320 516 0
8320 1028 0
8320 2052 0
8320 4100 0
8320 16388 0
8320 32772 0
16512 12 0
16512 20 0
16512 36 0
16512 68 0
16512 260 0
16512 516 0
16512 1028 0
16512 2052 0
16512 4100 0
16512 8196 0
16512 32772 0
32896 12 0
32896 20 0
32896 36 0
32896 68 0
32896 260 0
32896 516 0
32896 1028 0
32896 2052 0
32896 4100 0
32896 8196 0
32896 16388 0
384 24 0
384 40 0
384 72 0
384 520 0
384 1032 0
384 2056 0
384 4104 0
384 8200 0
384 16392 0
384 32776 0
640 24 0
640 40 0
640 72 0
640 264 0
640 1032 0
640 2056 0
640 4104 0
640 8200 0
640 16392 0
640 32776 0
1152 24 0
1152 40 0
1152 72 0
1152 264 0
1152 520 0
1152 2056 0
1152 4104 0
1152 8200 0
1152 16392 0
1152 32776 0
2176 24 0
2176 40 0
2176 72 0
2176 264 0
2176 520 0
2176 1032 0
2176 4104 0
2176 8200 0
2176 16392 0
2176 32776 0
4224 24 0
4224 40 0
4224 72 0
4224 264 0
4224 520 0
4224 1032 0
4224 2056 0
4224 8200 0
4224 16392 0
4224 32776 0
8320 24 0
8320 40 0
8320 72 0
8320 264 0
8320 520 0
8320 1032 0
8320 2056 0
8320 4104 0
8320 16392 0
8320 32776 0
16512 24 0
16512 40 0
16512 72 0
16512 264 0
16512 520 0
16512 1032 0
16512 2056 0
16512 4104 0
16512 8200 0
16512 32776 0
32896 24 0
32896 40 0
32896 72 0
32896 264 0
32896 520 0
32896 1032 0
32896 2056 0
32896 4104 0
32896 8200 0
32896 16392 0
384 48 0
384 80 0
384 528 0
384 1040 0
384 2064 0
384 4112 0
384 8208 0
384 16400 0
384 32784 0
640 48 0
640 80 0
640 272 0
640 1040 0
640 2064 0
640 4112 0
640 8208 0
640 16400 0
640 32784 0
1152 48 0
1152 80 0
1152 272 0
1152 528 0
1152 2064 0
1152 4112 0
1152 8208 0
1152 16400 0
1152 32784 0
2176 48 0
2176 80 0
2176 272 0
2176 528 0
2176 1040 0
2176 4112 0
2176 8208 0
2176 16400 0
2176 32784 0
4224 48 0
4224 80 0
4224 272 0
4224 528 0
4224 1040 0
4224 2064 0
4224 8208 0
4224 16400 0
4224 32784 0
8320 48 0
8320 80 0
8320 272 0
8320 528 0
8320 1040 0
8320 2064 0
8320 4112 0
8320 16400 0
8320 32784 0
16512 48 0
16512 80 0
16512 272 0
16512 528 0
16512 1040 0
16512 2064 0
16512 4112 0
16512 8208 0
16512 32784 0
32896 48 0
32896 80 0
32896 272 0
32896 528 0
32896 1040 0
32896 2064 0
32896 4112 0
32896 8208 0
32896 16400 0
384 96 0
384 544 0
384 1056 0
384 2080 0
384 4128 0
384 8224 0
384 16416 0
384 32800 0
640 96 0
640 288 0
640 1056 0
640 2080 0
640 4128 0
640 8224 0
640 16416 0
640 32800 0
1152 96 0
1152 288 0
1152 544 0
1152 2080 0
1152 4128 0
1152 8224 0
1152 16416 0
1152 32800 0
2176 96 0
2176 288 0
2176 544 0
2176 1056 0
2176 4128 0
2176 8224 0
2176 16416 0
2176 32800 0
4224 96 0
4224 288 0
4224 544 0
4224 1056 0
4224 2080 0
4224 8224 0
4224 16416 0
4224 32800 0
8320 96 0
8320 288 0
8320 544 0
8320 1056 0
8320 2080 0
8320 4128 0
8320 16416 0
8320 32800 0
16512 96 0
16512 288 0
16512 544 0
16512 1056 0
16512 2080 0
16512 4128 0
16512 8224 0
16512 32800 0
32896 96 0
32896 288 0
32896 544 0
32896 1056 0
32896 2080 0
32896 4128 0
32896 8224 0
32896 16416 0
384 576 0
384 1088 0
384 2112 0
384 4160 0
384 8256 0
384 16448 0
384 32832 0
640 320 0
640 1088 0
640 2112 0
640 4160 0
640 8256 0
640 16448 0
640 32832 0
1152 320 0
1152 576 0
1152 2112 0
1152 4160 0
1152 8256 0
1152 16448 0
1152 32832 0
2176 320 0
2176 576 0
2176 1088 0
2176 4160 0
2176 8256 0
2176 16448 0
2176 32832 0
4224 320 0
4224 576 0
4224 1088 0
4224 2112 0
4224 8256 0
4224 16448 0
4224 32832 0
8320 320 0
8320 576 0
8320 1088 0
8320 2112 0
8320 4160 0
8320 16448 0
8320 32832 0
16512 320 0
16512 576 0
16512 1088 0
16512 2112 0
16512 4160 0
16512 8256 0
16512 32832 0
32896 320 0
32896 576 0
32896 1088 0
32896 2112 0
32896 4160 0
32896 8256 0
32896 16448 0
640 1280 0
640 2304 0
640 4352 0
640 8448 0
640 16640 0
640 33024 0
1152 768 0
1152 2304 0
1152 4352 0
1152 8448 0
1152 16640 0
1152 33024 0
2176 768 0
2176 1280 0
2176 4352 0
2176 8448 0
2176 16640 0
2176 33024 0
4224 768 0
4224 1280 0
4224 2304 0
4224 8448 0
4224 16640 0
4224 33024 0
8320 768 0
8320 1280 0
8320 2304 0
8320 4352 0
8320 16640 0
8320 33024 0
16512 768 0
16512 1280 0
16512 2304 0
16512 4352 0
16512 8448 0
16512 33024 0
32896 768 0
32896 1280 0
32896 2304 0
32896 4352 0
32896 8448 0
32896 16640 0
384 1536 0
384 2560 0
384 4608 0
384 8704 0
384 16896 0
384 33280 0
1152 2560 0
1152 4608 0
1152 8704 0
1152 16896 0
1152 33280 0
2176 1536 0
2176 4608 0
2176 8704 0
2176 16896 0
2176 33280 0
4224 1536 0
4224 2560 0
4224 8704 0
4224 16896 0
4224 33280 0
8320 1536 0
8320 2560 0
8320 4608 0
8320 16896 0
8320 33280 0
16512 1536 0
16512 2560 0
16512 4608 0
16512 8704 0
16512 33280 0
32896 1536 0
32896 2560 0
32896 4608 0
32896 8704 0
32896 16896 0
384 3072 0
384 5120 0
384 9216 0
384 17408 0
384 33792 0
640 3072 0
640 5120 0
640 9216 0
640 17408 0
640 33792 0
2176 5120 0
2176 9216 0
2176 17408 0
2176 33792 0
4224 3072 0
4224 9216 0
4224 17408 0
4224 33792 0
8320 3072 0
8320 5120 0
8320 17408 0
8320 33792 0
16512 3072 0
16512 5120 0
16512 9216 0
16512 33792 0
32896 3072 0
32896 5120 0
32896 9216 0
32896 17408 0
384 6144 0
384 10240 0
384 18432 0
384 34816 0
640 6144 0
640 10240 0
640 18432 0
640 34816 0
1152 6144 0
1152 10240 0
1152 18432 0
1152 34816 0
4224 10240 0
4224 18432 0
4224 34816 0
8320 6144 0
8320 18432 0
8320 34816 0
16512 6144 0
16512 10240 0
16512 34816 0
32896 6144 0
32896 10240 0
32896 18432 0
384 12288 0
384 20480 0
384 36864 0
640 12288 0
640 20480 0
640 36864 0
1152 12288 0
1152 20480 0
1152 36864 0
2176 12288 0
2176 20480 0
2176 36864 0
8320 20480 0
8320 36864 0
16512 12288 0
16512 36864 0
32896 12288 0
32896 20480 0
384 24576 0
384 40960 0
640 24576 0
640 40960 0
1152 24576 0
1152 40960 0
2176 24576 0
2176 40960 0
4224 24576 0
4224 40960 0
16512 40960 0
32896 24576 0
384 49152 0
640 49152 0
1152 49152 0
2176 49152 0
4224 49152 0
8320 49152 0
768 3 0
768 5 0
768 9 0
768 17 0
768 33 0
768 65 0
768 129 0
768 1025 0
768 2049 0
768 4097 0
768 8193 0
768 16385 0
768 32769 0
1280 3 0
1280 5 0
1280 9 0
1280 17 0
1280 33 0
1280 65 0
1280 129 0
1280 513 0
1280 2049 0
1280 4097 0
1280 8193 0
1280 16385 0
1280 32769 0
2304 3 0
2304 5 0
2304 9 0
2304 17 0
2304 33 0
2304 65 0
2304 129 0
2304 513 0
2304 1025 0
2304 4097 0
2304 8193 0
2304 16385 0
2304 32769 0
4352 3 0
4352 5 0
4352 9 0
4352 17 0
4352 33 0
4352 65 0
4352 129 0
4352 513 0
4352 1025 0
4352 2049 0
4352 8193 0
4352 16385 0
4352 32769 0
8448 3 0
8448 5 0
8448 9 0
8448 17 0
8448 33 0
8448 65 0
8448 129 0
8448 513 0
8448 1025 0
8448 2049 0
8448 4097 0
8448 16385 0
8448 32769 0
16640 3 0
16640 5 0
16640 9 0
16640 17 0
16640 33 0
16640 65 0
16640 129 0
16640 513 0
16640 1025 0
16640 2049 0
16640 4097 0
16640 8193 0
16640 32769 0
33024 3 0
33024 5 0
33024 9 0
33024 17 0
33024 33 0
33024 65 0
33024 129 0
33024 513 0
33024 1025 0
33024 2049 0
33024 4097 0
33024 8193 0
33024 16385 0
768 6 0
768 10 0
768 18 0
768 34 0
768 66 0
768 130 0
768 1026 0
768 2050 0
768 4098 0
768 8194 0
768 16386 0
768 32770 0
1280 6 0
1280 10 0
1280 18 0
1280 34 0
1280 66 0
1280 130 0
1280 514 0
1280 2050 0
1280 4098 0
1280 8194 0
1280 16386 0
1280 32770 0
2304 6 0
2304 10 0
2304 18 0
2304 34 0
2304 66 0
2304 130 0
2304 514 0
2304 1026 0
2304 4098 0
2304 8194 0
2304 16386 0
2304 32770 0
4352 6 0
4352 10 0
4352 18 0
4352 34 0
4352 66 0
4352 130 0
4352 514 0
4352 1026 0
4352 2050 0
4352 8194 0
4352 16386 0
4352 32770 0
8448 6 0
8448 10 0
8448 18 0
8448 34 0
8448 66 0
8448 130 0
8448 514 0
8448 1026 0
8448 2050 0
8448 4098 0
8448 16386 0
8448 32770 0
16640 6 0
16640 10 0
16640 18 0
16640 34 0
16640 66 0
16640 130 0
16640 514 0
16640 1026 0
16640 2050 0
16640 4098 0
16640 8194 0
16640 32770 0
33024 6 0
33024 10 0
33024 18 0
33024 34 0
33024 66 0
33024 130 0
33024 514 0
33024 1026 0
33024 2050 0
33024 4098 0
33024 8194 0
33024 16386 0
768 12 0
768 20 0
768 36 0
768 68 0
768 132 0
768 1028 0
768 2052 0
768 4100 0
768 8196 0
768 16388 0
768 32772 0
1280 12 0
1280 20 0
1280 36 0
1280 68 0
1280 132 0
1280 516 0
1280 2052 0
1280 4100 0
1280 8196 0
1280 16388 0
1280 32772 0
2304 12 0
2304 20 0
2304 36 0
2304 68 0
2304 132 0
2304 516 0
2304 1028 0
2304 4100 0
2304 8196 0
2304 16388 0
2304 32772 0
4352 12 0
4352 20 0
4352 36 0
4352 68 0
4352 132 0
4352 516 0
4352 1028 0
4352 2052 0
4352 8196 0
4352 16388 0
4352 32772 0
8448 12 0
8448 20 0
8448 36 0
8448 68 0
8448 132 0
8448 516 0
8448 1028 0
8448 2052 0
8448 4100 0
8448 16388 0
8448 32772 0
16640 12 0
16640 20 0
16640 36 0
16640 68 0
16640 132 0
16640 516 0
16640 1028 0
16640 2052 0
16640 4100 0
16640 8196 0
16640 32772 0
33024 12 0
33024 20 0
33024 36 0
33024 68 0
33024 132 0
33024 516 0
33024 1028 0
33024 2052 0
33024 4100 0
33024 8196 0
33024 16388 0
768 24 0
768 40 0
768 72 0
768 136 0
768 1032 0
768 2056 0
768 4104 0
768 8200 0
768 16392 0
768 32776 0
1280 24 0
1280 40 0
1280 72 0
1280 136 0
1280 520 0
1280 2056 0
1280 4104 0
1280 8200 0
1280 16392 0
1280 32776 0
2304 24 0
2304 40 0
2304 72 0
2304 136 0
2304 520 0
2304 1032 0
2304 4104 0
2304 8200 0
2304 16392 0
2304 32776 0
4352 24 0
4352 40 0
4352 72 0
4352 136 0
4352 520 0
4352 1032 0
4352 2056 0
4352 8200 0
4352 16392 0
4352 32776 0
8448 24 0
8448 40 0
8448 72 0
8448 136 0
8448 520 0
8448 1032 0
8448 2056 0
8448 4104 0
8448 16392 0
8448 32776 0
16640 24 0
16640 40 0
16640 72 0
16640 136 0
16640 520 0
16640 1032 0
16640 2056 0
16640 4104 0
16640 8200 0
16640 32776 0
33024 24 0
33024 40 0
33024 72 0
33024 136 0
33024 520 0
33024 1032 0
33024 2056 0
33024 4104 0
33024 8200 0
33024 16392 0
768 48 0
768 80 0
768 144 0
768 1040 0
768 2064 0
768 4112 0
768 8208 0
768 16400 0
768 32784 0
1280 48 0
1280 80 0
1280 144 0
1280 528 0
1280 2064 0
1280 4112 0
1280 8208 0
1280 16400 0
1280 32784 0
2304 48 0
2304 80 0
2304 144 0
2304 528 0
2304 1040 0
2304 4112 0
2304 8208 0
2304 16400 0
2304 32784 0
4352 48 0
4352 80 0
4352 144 0
4352 528 0
4352 1040 0
4352 2064 0
4352 8208 0
4352 16400 0
4352 32784 0
8448 48 0
8448 80 0
8448 144 0
8448 528 0
8448 1040 0
8448 2064 0
8448 4112 0
8448 16400 0
8448 32784 0
16640 48 0
16640 80 0
16640 144 0
16640 528 0
16640 1040 0
16640 2064 0
16640 4112 0
16640 8208 0
16640 32784 0
33024 48 0
33024 80 0
33024 144 0
33024 528 0
33024 1040 0
33024 2064 0
33024 4112 0
33024 8208 0
33024 16400 0
768 96 0
768 160 0
768 1056 0
768 2080 0
768 4128 0
768 8224 0
768 16416 0
768 32800 0
1280 96 0
1280 160 0
1280 544 0
1280 2080 0
1280 4128 0
1280 8224 0
1280 16416 0
1280 32800 0
2304 96 0
2304 160 0
2304 544 0
2304 1056 0
2304 4128 0
2304 8224 0
2304 16416 0
2304 32800 0
4352 96 0
4352 160 0
4352 544 0
4352 1056 0
4352 2080 0
4352 8224 0
4352 16416 0
4352 32800 0
8448 96 0
8448 160 0
8448 544 0
8448 1056 0
8448 2080 0
8448 4128 0
8448 16416 0
8448 32800 0
16640 96 0
16640 160 0
16640 544 0
16640 1056 0
16640 2080 0
16640 4128 0
16640 8224 0
16640 32800 0
33024 96 0
33024 160 0
33024 544 0
33024 1056 0
33024 2080 0
33024 4128 0
33024 8224 0
33024 16416 0
768 192 0
768 1088 0
768 2112 0
768 4160 0
768 8256 0
768 16448 0
768 32832 0
1280 192 0
1280 576 0
1280 2112 0
1280 4160 0
1280 8256 0
1280 16448 0
1280 32832 0
2304 192 0
2304 576 0
2304 1088 0
2304 4160 0
2304 8256 0
2304 16448 0
2304 32832 0
4352 192 0
4352 576 0
4352 1088 0
4352 2112 0
4352 8256 0
4352 16448 0
4352 32832 0
8448 192 0
8448 576 0
8448 1088 0
8448 2112 0
8448 4160 0
8448 16448 0
8448 32832 0
16640 192 0
16640 576 0
16640 1088 0
16640 2112 0
16640 4160 0
16640 8256 0
16640 32832 0
33024 192 0
33024 576 0
33024 1088 0
33024 2112 0
33024 4160 0
33024 8256 0
33024 16448 0
768 1152 0
768 2176 0
768 4224 0
768 8320 0
768 16512 0
768 32896 0
1280 640 0
1280 2176 0
1280 4224 0
1280 8320 0
1280 16512 0
1280 32896 0
2304 640 0
2304 1152 0
2304 4224 0
2304 8320 0
2304 16512 0
2304 32896 0
4352 640 0
4352 1152 0
4352 2176 0
4352 8320 0
4352 16512 0
4352 32896 0
8448 640 0
8448 1152 0
8448 2176 0
8448 4224 0
8448 16512 0
8448 32896 0
16640 640 0
16640 1152 0
16640 2176 0
16640 4224 0
16640 8320 0
16640 32896 0
33024 640 0
33024 1152 0
33024 2176 0
33024 4224 0
33024 8320 0
33024 16512 0
1280 2560 0
1280 4608 0
1280 8704 0
1280 16896 0
1280 33280 0
2304 1536 0
2304 4608 0
2304 8704 0
2304 16896 0
2304 33280 0
4352 1536 0
4352 2560 0
4352 8704 0
4352 16896 0
4352 33280 0
8448 1536 0
8448 2560 0
8448 4608 0
8448 16896 0
8448 33280 0
16640 1536 0
16640 2560 0
16640 4608 0
16640 8704 0
16640 33280 0
33024 1536 0
33024 2560 0
33024 4608 0
33024 8704 0
33024 16896 0
768 3072 0
768 5120 0
768 9216 0
768 17408 0
768 33792 0
2304 5120 0
2304 9216 0
2304 17408 0
2304 33792 0
4352 3072 0
4352 9216 0
4352 17408 0
4352 33792 0
8448 3072 0
8448 5120 0
8448 17408 0
8448 33792 0
16640 3072 0
16640 5120 0
16640 9216 0
16640 33792 0
33024 3072 0
33024 5120 0
33024 9216 0
33024 17408 0
768 6144 0
768 10240 0
768 18432 0
768 34816 0
1280 6144 0
1280 10240 0
1280 18432 0
1280 34816 0
4352 10240 0
4352 18432 0
4352 34816 0
8448 6144 0
8448 18432 0
8448 34816 0
16640 6144 0
16640 10240 0
16640 34816 0
33024 6144 0
33024 10240 0
33024 18432 0
768 12288 0
768 20480 0
768 36864 0
1280 12288 0
1280 20480 0
1280 36864 0
2304 12288 0
2304 20480 0
2304 36864 0
8448 20480 0
8448 36864 0
16640 12288 0
16640 36864 0
33024 12288 0
33024 20480 0
768 24576 0
768 40960 0
1280 24576 0
1280 40960 0
2304 24576 0
2304 40960 0
4352 24576 0
4352 40960 0
16640 40960 0
33024 24576 0
768 49152 0
1280 49152 0
2304 49152 0
4352 49152 0
8448 49152 0
1536 3 0
1536 5 0
1536 9 0
1536 17 0
1536 33 0
1536 65 0
1536 129 0
1536 257 0
1536 2049 0
1536 4097 0
1536 8193 0
1536 16385 0
1536 32769 0
2560 3 0
2560 5 0
2560 9 0
2560 17 0
2560 33 0
2560 65 0
2560 129 0
2560 257 0
2560 1025 0
2560 4097 0
2560 8193 0
2560 16385 0
2560 32769 0
4608 3 0
4608 5 0
4608 9 0
4608 17 0
4608 33 0
4608 65 0
4608 129 0
4608 257 0
4608 1025 0
4608 2049 0
4608 8193 0
4608 16385 0
4608 32769 0
8704 3 0
8704 5 0
8704 9 0
8704 17 0
8704 33 0
8704 65 0
8704 129 0
8704 257 0
8704 1025 0
8704 2049 0
8704 4097 0
8704 16385 0
8704 32769 0
16896 3 0
16896 5 0
16896 9 0
16896 17 0
16896 33 0
16896 65 0
16896 129 0
16896 257 0
16896 1025 0
16896 2049 0
16896 4097 0
16896 8193 0
16896 32769 0
33280 3 0
33280 5 0
33280 9 0
33280 17 0
33280 33 0
33280 65 0
33280 129 0
33280 257 0
33280 1025 0
33280 2049 0
33280 4097 0
33280 8193 0
33280 16385 0
1536 6 0
1536 10 0
1536 18 0
1536 34 0
1536 66 0
1536 130 0
1536 258 0
1536 2050 0
1536 4098 0
1536 8194 0
1536 16386 0
1536 32770 0
2560 6 0
2560 10 0
2560 18 0
2560 34 0
2560 66 0
2560 130 0
2560 258 0
2560 1026 0
2560 4098 0
2560 8194 0
2560 16386 0
2560 32770 0
4608 6 0
4608 10 0
4608 18 0
4608 34 0
4608 66 0
4608 130 0
4608 258 0
4608 1026 0
4608 2050 0
4608 8194 0
4608 16386 0
4608 32770 0
8704 6 0
8704 10 0
8704 18 0
8704 34 0
8704 66 0
8704 130 0
8704 258 0
8704 1026 0
8704 2050 0
8704 4098 0
8704 16386 0
8704 32770 0
16896 6 0
16896 10 0
16896 18 0
16896 34 0
16896 66 0
16896 130 0
16896 258 0
16896 1026 0
16896 2050 0
16896 4098 0
16896 8194 0
16896 32770 0
33280 6 0
33280 10 0
33280 18 0
33280 34 0
33280 66 0
33280 130 0
33280 258 0
33280 1026 0
33280 2050 0
33280 4098 0
33280 8194 0
33280 16386 0
1536 12 0
1536 20 0
1536 36 0
1536 68 0
1536 132 0
1536 260 0
1536 2052 0
1536 4100 0
1536 8196 0
1536 16388 0
1536 32772 0
2560 12 0
2560 20 0
2560 36 0
2560 68 0
2560 132 0
2560 260 0
2560 1028 0
2560 4100 0
2560 8196 0
2560 16388 0
2560 32772 0
4608 12 0
4608 20 0
4608 36 0
4608 68 0
4608 132 0
4608 260 0
4608 1028 0
4608 2052 0
4608 8196 0
4608 16388 0
4608 32772 0
8704 12 0
8704 20 0
8704 36 0
8704 68 0
8704 132 0
8704 260 0
8704 1028 0
8704 2052 0
8704 4100 0
8704 16388 0
8704 32772 0
16896 12 0
16896 20 0
16896 36 0
16896 68 0
16896 132 0
16896 260 0
16896 1028 0
16896 2052 0
16896 4100 0
16896 8196 0
16896 32772 0
33280 12 0
33280 20 0
33280 36 0
33280 68 0
33280 132 0
33280 260 0
33280 1028 0
33280 2052 0
33280 4100 0
33280 8196 0
33280 16388 0
1536 24 0
1536 40 0
1536 72 0
1536 136 0
1536 264 0
1536 2056 0
1536 4104 0
1536 8200 0
1536 16392 0
1536 32776 0
2560 24 0
2560 40 0
2560 72 0
2560 136 0
2560 264 0
2560 1032 0
2560 4104 0
2560 8200 0
2560 16392 0
2560 32776 0
4608 24 0
4608 40 0
4608 72 0
4608 136 0
4608 264 0
4608 1032 0
4608 2056 0
4608 8200 0
4608 16392 0
4608 32776 0
8704 24 0
8704 40 0
8704 72 0
8704 136 0
8704 264 0
8704 1032 0
8704 2056 0
8704 4104 0
8704 16392 0
8704 32776 0
16896 24 0
16896 40 0
16896 72 0
16896 136 0
16896 264 0
16896 1032 0
16896 2056 0
16896 4104 0
16896 8200 0
16896 32776 0
33280 24 0
33280 40 0
33280 72 0
33280 136 0
33280 264 0
33280 1032 0
33280 2056 0
33280 4104 0
33280 8200 0
33280 16392 0
1536 48 0
1536 80 0
1536 144 0
1536 272 0
1536 2064 0
1536 4112 0
1536 8208 0
1536 16400 0
1536 32784 0
2560 48 0
2560 80 0
2560 144 0
2560 272 0
2560 1040 0
2560 4112 0
2560 8208 0
2560 16400 0
2560 32784 0
4608 48 0
4608 80 0
4608 144 0
4608 272 0
4608 1040 0
4608 2064 0
4608 8208 0
4608 16400 0
4608 32784 0
8704 48 0
8704 80 0
8704 144 0
8704 272 0
8704 1040 0
8704 2064 0
8704 4112 0
8704 16400 0
8704 32784 0
16896 48 0
16896 80 0
16896 144 0
16896 272 0
16896 1040 0
16896 2064 0
16896 4112 0
16896 8208 0
16896 32784 0
33280 48 0
33280 80 0
33280 144 0
33280 272 0
33280 1040 0
33280 2064 0
33280 4112 0
33280 8208 0
33280 16400 0
1536 96 0
1536 160 0
1536 288 0
1536 2080 0
1536 4128 0
1536 8224 0
1536 16416 0
1536 32800 0
2560 96 0
2560 160 0
2560 288 0
2560 1056 0
2560 4128 0
2560 8224 0
2560 16416 0
2560 32800 0
4608 96 0
4608 160 0
4608 288 0
4608 1056 0
4608 2080 0
4608 8224 0
4608 16416 0
4608 32800 0
8704 96 0
8704 160 0
8704 288 0
8704 1056 0
8704 2080 0
8704 4128 0
8704 16416 0
8704 32800 0
16896 96 0
16896 160 0
16896 288 0
16896 1056 0
16896 2080 0
16896 4128 0
16896 8224 0
16896 32800 0
33280 96 0
33280 160 0
33280 288 0
33280 1056 0
33280 2080 0
33280 4128 0
33280 8224 0
33280 16416 0
1536 192 0
1536 320 0
1536 2112 0
1536 4160 0
1536 8256 0
1536 16448 0
1536 32832 0
2560 192 0
2560 320 0
2560 1088 0
2560 4160 0
2560 8256 0
2560 16448 0
2560 32832 0
4608 192 0
4608 320 0
4608 1088 0
4608 2112 0
4608 8256 0
4608 16448 0
4608 32832 0
8704 192 0
8704 320 0
8704 1088 0
8704 2112 0
8704 4160 0
8704 16448 0
8704 32832 0
16896 192 0
16896 320 0
16896 1088 0
16896 2112 0
16896 4160 0
16896 8256 0
16896 32832 0
33280 192 0
33280 320 0
33280 1088 0
33280 2112 0
33280 4160 0
33280 8256 0
33280 16448 0
1536 384 0
1536 2176 0
1536 4224 0
1536 8320 0
1536 16512 0
1536 32896 0
2560 384 0
2560 1152 0
2560 4224 0
2560 8320 0
2560 16512 0
2560 32896 0
4608 384 0
4608 1152 0
4608 2176 0
4608 8320 0
4608 16512 0
4608 32896 0
8704 384 0
8704 1152 0
8704 2176 0
8704 4224 0
8704 16512 0
8704 32896 0
16896 384 0
16896 1152 0
16896 2176 0
16896 4224 0
16896 8320 0
16896 32896 0
33280 384 0
33280 1152 0
33280 2176 0
33280 4224 0
33280 8320 0
33280 16512 0
1536 2304 0
1536 4352 0
1536 8448 0
1536 16640 0
1536 33024 0
2560 1280 0
2560 4352 0
2560 8448 0
2560 16640 0
2560 33024 0
4608 1280 0
4608 2304 0
4608 8448 0
4608 16640 0
4608 33024 0
8704 1280 0
8704 2304 0
8704 4352 0
8704 16640 0
8704 33024 0
16896 1280 0
16896 2304 0
16896 4352 0
16896 8448 0
16896 33024 0
33280 1280 0
33280 2304 0
33280 4352 0
33280 8448 0
33280 16640 0
2560 5120 0
2560 9216 0
2560 17408 0
2560 33792 0
4608 3072 0
4608 9216 0
4608 17408 0
4608 33792 0
8704 3072 0
8704 5120 0
8704 17408 0
8704 33792 0
16896 3072 0
16896 5120 0
16896 9216 0
16896 33792 0
33280 3072 0
33280 5120 0
33280 9216 0
33280 17408 0
1536 6144 0
1536 10240 0
1536 18432 0
1536 34816 0
4608 10240 0
4608 18432 0
4608 34816 0
8704 6144 0
8704 18432 0
8704 34816 0
16896 6144 0
16896 10240 0
16896 34816 0
33280 6144 0
33280 10240 0
33280 18432 0
1536 12288 0
1536 20480 0
1536 36864 0
2560 12288 0
2560 20480 0
2560 36864 0
8704 20480 0
8704 36864 0
16896 12288 0
16896 36864 0
33280 12288 0
33280 20480 0
1536 24576 0
1536 40960 0
2560 24576 0
2560 40960 0
4608 24576 0
4608 40960 0
16896 40960 0
33280 24576 0
1536 49152 0
2560 49152 0
4608 49152 0
8704 49152 0
3072 3 0
3072 5 0
3072 9 0
3072 17 0
3072 33 0
3072 65 0
3072 129 0
3072 257 0
3072 513 0
3072 4097 0
3072 8193 0
3072 16385 0
3072 32769 0
5120 3 0
5120 5 0
5120 9 0
5120 17 0
5120 33 0
5120 65 0
5120 129 0
5120 257 0
5120 513 0
5120 2049 0
5120 8193 0
5120 16385 0
5120 32769 0
9216 3 0
9216 5 0
9216 9 0
9216 17 0
9216 33 0
9216 65 0
9216 129 0
9216 257 0
9216 513 0
9216 2049 0
9216 4097 0
9216 16385 0
9216 32769 0
17408 3 0
17408 5 0
17408 9 0
17408 17 0
17408 33 0
17408 65 0
17408 129 0
17408 257 0
17408 513 0
17408 2049 0
17408 4097 0
17408 8193 0
17408 32769 0
33792 3 0
33792 5 0
33792 9 0
33792 17 0
33792 33 0
33792 65 0
33792 129 0
33792 257 0
33792 513 0
33792 2049 0
33792 4097 0
33792 8193 0
33792 16385 0
3072 6 0
3072 10 0
3072 18 0
3072 34 0
3072 66 0
3072 130 0
3072 258 0
3072 514 0
3072 4098 0
3072 8194 0
3072 16386 0
3072 32770 0
5120 6 0
5120 10 0
5120 18 0
5120 34 0
5120 66 0
5120 130 0
5120 258 0
5120 514 0
5120 2050 0
5120 8194 0
5120 16386 0
5120 32770 0
9216 6 0
9216 10 0
9216 18 0
9216 34 0
9216 66 0
9216 130 0
9216 258 0
9216 514 0
9216 2050 0
9216 4098 0
9216 16386 0
9216 32770 0
17408 6 0
17408 10 0
17408 18 0
17408 34 0
17408 66 0
17408 130 0
17408 258 0
17408 514 0
17408 2050 0
17408 4098 0
17408 8194 0
17408 32770 0
33792 6 0
33792 10 0
33792 18 0
33792 34 0
33792 66 0
33792 130 0
33792 258 0
33792 514 0
33792 2050 0
33792 4098 0
33792 8194 0
33792 16386 0
3072 12 0
3072 20 0
3072 36 0
3072 68 0
3072 132 0
3072 260 0
3072 516 0
3072 4100 0
3072 8196 0
3072 16388 0
3072 32772 0
5120 12 0
5120 20 0
5120 36 0
5120 68 0
5120 132 0
5120 260 0
5120 516 0
5120 2052 0
5120 8196 0
5120 16388 0
5120 32772 0
9216 12 0
9216 20 0
9216 36 0
9216 68 0
9216 132 0
9216 260 0
9216 516 0
9216 2052 0
9216 4100 0
9216 16388 0
9216 32772 0
17408 12 0
17408 20 0
17408 36 0
17408 68 0
17408 132 0
17408 260 0
17408 516 0
17408 2052 0
17408 4100 0
17408 8196 0
17408 32772 0
33792 12 0
33792 20 0
33792 36 0
33792 68 0
33792 132 0
33792 260 0
33792 516 0
33792 2052 0
33792 4100 0
33792 8196 0
33792 16388 0
3072 24 0
3072 40 0
3072 72 0
3072 136 0
3072 264 0
3072 520 0
3072 4104 0
3072 8200 0
3072 16392 0
3072 32776 0
5120 24 0
5120 40 0
5120 72 0
5120 136 0
5120 264 0
5120 520 0
5120 2056 0
5120 8200 0
5120 16392 0
5120 32776 0
9216 24 0
9216 40 0
9216 72 0
9216 136 0
9216 264 0
9216 520 0
9216 2056 0
9216 4104 0
9216 16392 0
9216 32776 0
17408 24 0
17408 40 0
17408 72 0
17408 136 0
17408 264 0
17408 520 0
17408 2056 0
17408 4104 0
17408 8200 0
17408 32776 0
33792 24 0
33792 40 0
33792 72 0
33792 136 0
33792 264 0
33792 520 0
33792 2056 0
33792 4104 0
33792 8200 0
33792 16392 0
3072 48 0
3072 80 0
3072 144 0
3072 272 0
3072 528 0
3072 4112 0
3072 8208 0
3072 16400 0
3072 32784 0
5120 48 0
5120 80 0
5120 144 0
5120 272 0
5120 528 0
5120 2064 0
5120 8208 0
5120 16400 0
5120 32784 0
9216 48 0
9216 80 0
9216 144 0
9216 272 0
9216 528 0
9216 2064 0
9216 4112 0
9216 16400 0
9216 32784 0
17408 48 0
17408 80 0
17408 144 0
17408 272 0
17408 528 0
17408 2064 0
17408 4112 0
17408 8208 0
17408 32784 0
33792 48 0
33792 80 0
33792 144 0
33792 272 0
33792 528 0
33792 2064 0
33792 4112 0
33792 8208 0
33792 16400 0
3072 96 0
3072 160 0
3072 288 0
3072 544 0
3072 4128 0
3072 8224 0
3072 16416 0
3072 32800 0
5120 96 0
5120 160 0
5120 288 0
5120 544 0
5120 2080 0
5120 8224 0
5120 16416 0
5120 32800 0
9216 96 0
9216 160 0
9216 288 0
9216 544 0
9216 2080 0
9216 4128 0
9216 16416 0
9216 32800 0
17408 96 0
17408 160 0
17408 288 0
17408 544 0
17408 2080 0
17408 4128 0
17408 8224 0
17408 32800 0
33792 96 0
33792 160 0
33792 288 0
33792 544 0
33792 2080 0
33792 4128 0
33792 8224 0
33792 16416 0
3072 192 0
3072 320 0
3072 576 0
3072 4160 0
3072 8256 0
3072 16448 0
3072 32832 0
5120 192 0
5120 320 0
5120 576 0
5120 2112 0
5120 8256 0
5120 16448 0
5120 32832 0
9216 192 0
9216 320 0
9216 576 0
9216 2112 0
9216 4160 0
9216 16448 0
9216 32832 0
17408 192 0
17408 320 0
17408 576 0
17408 2112 0
17408 4160 0
17408 8256 0
17408 32832 0
33792 192 0
33792 320 0
33792 576 0
33792 2112 0
33792 4160 0
33792 8256 0
33792 16448 0
3072 384 0
3072 640 0
3072 4224 0
3072 8320 0
3072 16512 0
3072 32896 0
5120 384 0
5120 640 0
5120 2176 0
5120 8320 0
5120 16512 0
5120 32896 0
9216 384 0
9216 640 0
9216 2176 0
9216 4224 0
9216 16512 0
9216 32896 0
17408 384 0
17408 640 0
17408 2176 0
17408 4224 0
17408 8320 0
17408 32896 0
33792 384 0
33792 640 0
33792 2176 0
33792 4224 0
33792 8320 0
33792 16512 0
3072 768 0
3072 4352 0
3072 8448 0
3072 16640 0
3072 33024 0
5120 768 0
5120 2304 0
5120 8448 0
5120 16640 0
5120 33024 0
9216 768 0
9216 2304 0
9216 4352 0
9216 16640 0
9216 33024 0
17408 768 0
17408 2304 0
17408 4352 0
17408 8448 0
17408 33024 0
33792 768 0
33792 2304 0
33792 4352 0
33792 8448 0
33792 16640 0
3072 4608 0
3072 8704 0
3072 16896 0
3072 33280 0
5120 2560 0
5120 8704 0
5120 16896 0
5120 33280 0
9216 2560 0
9216 4608 0
9216 16896 0
9216 33280 0
17408 2560 0
17408 4608 0
17408 8704 0
17408 33280 0
33792 2560 0
33792 4608 0
33792 8704 0
33792 16896 0
5120 10240 0
5120 18432 0
5120 34816 0
9216 6144 0
9216 18432 0
9216 34816 0
17408 6144 0
17408 10240 0
17408 34816 0
33792 6144 0
33792 10240 0
33792 18432 0
3072 12288 0
3072 20480 0
3072 36864 0
9216 20480 0
9216 36864 0
17408 12288 0
17408 36864 0
33792 12288 0
33792 20480 0
3072 24576 0
3072 40960 0
5120 24576 0
5120 40960 0
17408 40960 0
33792 24576 0
3072 49152 0
5120 49152 0
9216 49152 0
6144 3 0
6144 5 0
6144 9 0
6144 17 0
6144 33 0
6144 65 0
6144 129 0
6144 257 0
6144 513 0
6144 1025 0
6144 8193 0
6144 16385 0
6144 32769 0
10240 3 0
10240 5 0
10240 9 0
10240 17 0
10240 33 0
10240 65 0
10240 129 0
10240 257 0
10240 513 0
10240 1025 0
10240 4097 0
10240 16385 0
10240 32769 0
18432 3 0
18432 5 0
18432 9 0
18432 17 0
18432 33 0
18432 65 0
18432 129 0
18432 257 0
18432 513 0
18432 1025 0
18432 4097 0
18432 8193 0
18432 32769 0
34816 3 0
34816 5 0
34816 9 0
34816 17 0
34816 33 0
34816 65 0
34816 129 0
34816 257 0
34816 513 0
34816 1025 0
34816 4097 0
34816 8193 0
34816 16385 0
6144 6 0
6144 10 0
6144 18 0
6144 34 0
6144 66 0
6144 130 0
6144 258 0
6144 514 0
6144 1026 0
6144 8194 0
6144 16386 0
6144 32770 0
10240 6 0
10240 10 0
10240 18 0
10240 34 0
10240 66 0
10240 130 0
10240 258 0
10240 514 0
10240 1026 0
10240 4098 0
10240 16386 0
10240 32770 0
18432 6 0
18432 10 0
18432 18 0
18432 34 0
18432 66 0
18432 130 0
18432 258 0
18432 514 0
18432 1026 0
18432 4098 0
18432 8194 0
18432 32770 0
34816 6 0
34816 10 0
34816 18 0
34816 34 0
34816 66 0
34816 130 0
34816 258 0
34816 514 0
34816 1026 0
34816 4098 0
34816 8194 0
34816 16386 0
6144 12 0
6144 20 0
6144 36 0
6144 68 0
6144 132 0
6144 260 0
6144 516 0
6144 1028 0
6144 8196 0
6144 16388 0
6144 32772 0
10240 12 0
10240 20 0
10240 36 0
10240 68 0
10240 132 0
10240 260 0
10240 516 0
10240 1028 0
10240 4100 0
10240 16388 0
10240 32772 0
18432 12 0
18432 20 0
18432 36 0
18432 68 0
18432 132 0
18432 260 0
18432 516 0
18432 1028 0
18432 4100 0
18432 8196 0
18432 32772 0
34816 12 0
34816 20 0
34816 36 0
34816 68 0
34816 132 0
34816 260 0
34816 516 0
34816 1028 0
34816 4100 0
34816 8196 0
34816 16388 0
6144 24 0
6144 40 0
6144 72 0
6144 136 0
6144 264 0
6144 520 0
6144 1032 0
6144 8200 0
6144 16392 0
6144 32776 0
10240 24 0
10240 40 0
10240 72 0
10240 136 0
10240 264 0
10240 520 0
10240 1032 0
10240 4104 0
10240 16392 0
10240 32776 0
18432 24 0
18432 40 0
18432 72 0
18432 136 0
18432 264 0
18432 520 0
18432 1032 0
18432 4104 0
18432 8200 0
18432 32776 0
34816 24 0
34816 40 0
34816 72 0
34816 136 0
34816 264 0
34816 520 0
34816 1032 0
34816 4104 0
34816 8200 0
34816 16392 0
6144 48 0
6144 80 0
6144 144 0
6144 272 0
6144 528 0
6144 1040 0
6144 8208 0
6144 16400 0
6144 32784 0
10240 48 0
10240 80 0
10240 144 0
10240 272 0
10240 528 0
10240 1040 0
10240 4112 0
10240 16400 0
10240 32784 0
18432 48 0
18432 80 0
18432 144 0
18432 272 0
18432 528 0
18432 1040 0
18432 4112 0
18432 8208 0
18432 32784 0
34816 48 0
34816 80 0
34816 144 0
34816 272 0
34816 528 0
34816 1040 0
34816 4112 0
34816 8208 0
34816 16400 0
6144 96 0
6144 160 0
6144 288 0
6144 544 0
6144 1056 0
6144 8224 0
6144 16416 0
6144 32800 0
10240 96 0
10240 160 0
10240 288 0
10240 544 0
10240 1056 0
10240 4128 0
10240 16416 0
10240 32800 0
18432 96 0
18432 160 0
18432 288 0
18432 544 0
18432 1056 0
18432 4128 0
18432 8224 0
18432 32800 0
34816 96 0
34816 160 0
34816 288 0
34816 544 0
34816 1056 0
34816 4128 0
34816 8224 0
34816 16416 0
6144 192 0
6144 320 0
6144 576 0
6144 1088 0
6144 8256 0
6144 16448 0
6144 32832 0
10240 192 0
10240 320 0
10240 576 0
10240 1088 0
10240 4160 0
10240 16448 0
10240 32832 0
18432 192 0
18432 320 0
18432 576 0
18432 1088 0
18432 4160 0
18432 8256 0
18432 32832 0
34816 192 0
34816 320 0
34816 576 0
34816 1088 0
34816 4160 0
34816 8256 0
34816 16448 0
6144 384 0
6144 640 0
6144 1152 0
6144 8320 0
6144 16512 0
6144 32896 0
10240 384 0
10240 640 0
10240 1152 0
10240 4224 0
10240 16512 0
10240 32896 0
18432 384 0
18432 640 0
18432 1152 0
18432 4224 0
18432 8320 0
18432 32896 0
34816 384 0
34816 640 0
34816 1152 0
34816 4224 0
34816 8320 0
34816 16512 0
6144 768 0
6144 1280 0
6144 8448 0
6144 16640 0
6144 33024 0
10240 768 0
10240 1280 0
10240 4352 0
10240 16640 0
10240 33024 0
18432 768 0
18432 1280 0
18432 4352 0
18432 8448 0
18432 33024 0
34816 768 0
34816 1280 0
34816 4352 0
34816 8448 0
34816 16640 0
6144 1536 0
6144 8704 0
6144 16896 0
6144 33280 0
10240 1536 0
10240 4608 0
10240 16896 0
10240 33280 0
18432 1536 0
18432 4608 0
18432 8704 0
18432 33280 0
34816 1536 0
34816 4608 0
34816 8704 0
34816 16896 0
6144 9216 0
6144 17408 0
6144 33792 0
10240 5120 0
10240 17408 0
10240 33792 0
18432 5120 0
18432 9216 0
18432 33792 0
34816 5120 0
34816 9216 0
34816 17408 0
10240 20480 0
10240 36864 0
18432 12288 0
18432 36864 0
34816 12288 0
34816 20480 0
6144 24576 0
6144 40960 0
18432 40960 0
34816 24576 0
6144 49152 0
10240 49152 0
12288 3 0
12288 5 0
12288 9 0
12288 17 0
12288 33 0
12288 65 0
12288 129 0
12288 257 0
12288 513 0
12288 1025 0
12288 2049 0
12288 16385 0
12288 32769 0
20480 3 0
20480 5 0
20480 9 0
20480 17 0
20480 33 0
20480 65 0
20480 129 0
20480 257 0
20480 513 0
20480 1025 0
20480 2049 0
20480 8193 0
20480 32769 0
36864 3 0
36864 5 0
36864 9 0
36864 17 0
36864 33 0
36864 65 0
36864 129 0
36864 257 0
36864 513 0
36864 1025 0
36864 2049 0
36864 8193 0
36864 16385 0
12288 6 0
12288 10 0
12288 18 0
12288 34 0
12288 66 0
12288 130 0
12288 258 0
12288 514 0
12288 1026 0
12288 2050 0
12288 16386 0
12288 32770 0
20480 6 0
20480 10 0
20480 18 0
20480 34 0
20480 66 0
20480 130 0
20480 258 0
20480 514 0
20480 1026 0
20480 2050 0
20480 8194 0
20480 32770 0
36864 6 0
36864 10 0
36864 18 0
36864 34 0
36864 66 0
36864 130 0
36864 258 0
36864 514 0
36864 1026 0
36864 2050 0
36864 8194 0
36864 16386 0
12288 12 0
12288 20 0
12288 36 0
12288 68 0
12288 132 0
12288 260 0
12288 516 0
12288 1028 0
12288 2052 0
12288 16388 0
12288 32772 0
20480 12 0
20480 20 0
20480 36 0
20480 68 0
20480 132 0
20480 260 0
20480 516 0
20480 1028 0
20480 2052 0
20480 8196 0
20480 32772 0
36864 12 0
36864 20 0
36864 36 0
36864 68 0
36864 132 0
36864 260 0
36864 516 0
36864 1028 0
36864 2052 0
36864 8196 0
36864 16388 0
12288 24 0
12288 40 0
12288 72 0
12288 136 0
12288 264 0
12288 520 0
12288 1032 0
12288 2056 0
12288 16392 0
12288 32776 0
20480 24 0
20480 40 0
20480 72 0
20480 136 0
20480 264 0
20480 520 0
20480 1032 0
20480 2056 0
20480 8200 0
20480 32776 0
36864 24 0
36864 40 0
36864 72 0
36864 136 0
36864 264 0
36864 520 0
36864 1032 0
36864 2056 0
36864 8200 0
36864 16392 0
12288 48 0
12288 80 0
12288 144 0
12288 272 0
12288 528 0
12288 1040 0
12288 2064 0
12288 16400 0
12288 32784 0
20480 48 0
20480 80 0
20480 144 0
20480 272 0
20480 528 0
20480 1040 0
20480 2064 0
20480 8208 0
20480 32784 0
36864 48 0
36864 80 0
36864 144 0
36864 272 0
36864 528 0
36864 1040 0
36864 2064 0
36864 8208 0
36864 16400 0
12288 96 0
12288 160 0
12288 288 0
12288 544 0
12288 1056 0
12288 2080 0
12288 16416 0
12288 32800 0
20480 96 0
20480 160 0
20480 288 0
20480 544 0
20480 1056 0
20480 2080 0
20480 8224 0
20480 32800 0
36864 96 0
36864 160 0
36864 288 0
36864 544 0
36864 1056 0
36864 2080 0
36864 8224 0
36864 16416 0
12288 192 0
12288 320 0
12288 576 0
12288 1088 0
12288 2112 0
12288 16448 0
12288 32832 0
20480 192 0
20480 320 0
20480 576 0
20480 1088 0
20480 2112 0
20480 8256 0
20480 32832 0
36864 192 0
36864 320 0
36864 576 0
36864 1088 0
36864 2112 0
36864 8256 0
36864 16448 0
12288 384 0
12288 640 0
12288 1152 0
12288 2176 0
12288 16512 0
12288 32896 0
20480 384 0
20480 640 0
20480 1152 0
20480 2176 0
20480 8320 0
20480 32896 0
36864 384 0
36864 640 0
36864 1152 0
36864 2176 0
36864 8320 0
36864 16512 0
12288 768 0
12288 1280 0
12288 2304 0
12288 16640 0
12288 33024 0
20480 768 0
20480 1280 0
20480 2304 0
20480 8448 0
20480 33024 0
36864 768 0
36864 1280 0
36864 2304 0
36864 8448 0
36864 16640 0
12288 1536 0
12288 2560 0
12288 16896 0
12288 33280 0
20480 1536 0
20480 2560 0
20480 8704 0
20480 33280 0
36864 1536 0
36864 2560 0
36864 8704 0
36864 16896 0
12288 3072 0
12288 17408 0
12288 33792 0
20480 3072 0
20480 9216 0
20480 33792 0
36864 3072 0
36864 9216 0
36864 17408 0
12288 18432 0
12288 34816 0
20480 10240 0
20480 34816 0
36864 10240 0
36864 18432 0
20480 40960 0
36864 24576 0
12288 49152 0
24576 3 0
24576 5 0
24576 9 0
24576 17 0
24576 33 0
24576 65 0
24576 129 0
24576 257 0
24576 513 0
24576 1025 0
24576 2049 0
24576 4097 0
24576 32769 0
40960 3 0
40960 5 0
40960 9 0
40960 17 0
40960 33 0
40960 65 0
40960 129 0
40960 257 0
40960 513 0
40960 1025 0
40960 2049 0
40960 4097 0
40960 16385 0
24576 6 0
24576 10 0
24576 18 0
24576 34 0
24576 66 0
24576 130 0
24576 258 0
24576 514 0
24576 1026 0
24576 2050 0
24576 4098 0
24576 32770 0
40960 6 0
40960 10 0
40960 18 0
40960 34 0
40960 66 0
40960 130 0
40960 258 0
40960 514 0
40960 1026 0
40960 2050 0
40960 4098 0
40960 16386 0
24576 12 0
24576 20 0
24576 36 0
24576 68 0
24576 132 0
24576 260 0
24576 516 0
24576 1028 0
24576 2052 0
24576 4100 0
24576 32772 0
40960 12 0
40960 20 0
40960 36 0
40960 68 0
40960 132 0
40960 260 0
40960 516 0
40960 1028 0
40960 2052 0
40960 4100 0
40960 16388 0
24576 24 0
24576 40 0
24576 72 0
24576 136 0
24576 264 0
24576 520 0
24576 1032 0
24576 2056 0
24576 4104 0
24576 32776 0
40960 24 0
40960 40 0
40960 72 0
40960 136 0
40960 264 0
40960 520 0
40960 1032 0
40960 2056 0
40960 4104 0
40960 16392 0
24576 48 0
24576 80 0
24576 144 0
24576 272 0
24576 528 0
24576 1040 0
24576 2064 0
24576 4112 0
24576 32784 0
40960 48 0
40960 80 0
40960 144 0
40960 272 0
40960 528 0
40960 1040 0
40960 2064 0
40960 4112 0
40960 16400 0
24576 96 0
24576 160 0
24576 288 0
24576 544 0
24576 1056 0
24576 2080 0
24576 4128 0
24576 32800 0
40960 96 0
40960 160 0
40960 288 0
40960 544 0
40960 1056 0
40960 2080 0
40960 4128 0
40960 16416 0
24576 192 0
24576 320 0
24576 576 0
24576 1088 0
24576 2112 0
24576 4160 0
24576 32832 0
40960 192 0
40960 320 0
40960 576 0
40960 1088 0
40960 2112 0
40960 4160 0
40960 16448 0
24576 384 0
24576 640 0
24576 1152 0
24576 2176 0
24576 4224 0
24576 32896 0
40960 384 0
40960 640 0
40960 1152 0
40960 2176 0
40960 4224 0
40960 16512 0
24576 768 0
24576 1280 0
24576 2304 0
24576 4352 0
24576 33024 0
40960 768 0
40960 1280 0
40960 2304 0
40960 4352 0
40960 16640 0
24576 1536 0
24576 2560 0
24576 4608 0
24576 33280 0
40960 1536 0
40960 2560 0
40960 4608 0
40960 16896 0
24576 3072 0
24576 5120 0
24576 33792 0
40960 3072 0
40960 5120 0
40960 17408 0
24576 6144 0
24576 34816 0
40960 6144 0
40960 18432 0
24576 36864 0
40960 20480 0
49152 3 0
49152 5 0
49152 9 0
49152 17 0
49152 33 0
49152 65 0
49152 129 0
49152 257 0
49152 513 0
49152 1025 0
49152 2049 0
49152 4097 0
49152 8193 0
49152 6 0
49152 10 0
49152 18 0
49152 34 0
49152 66 0
49152 130 0
49152 258 0
49152 514 0
49152 1026 0
49152 2050 0
49152 4098 0
49152 8194 0
49152 12 0
49152 20 0
49152 36 0
49152 68 0
49152 132 0
49152 260 0
49152 516 0
49152 1028 0
49152 2052 0
49152 4100 0
49152 8196 0
49152 24 0
49152 40 0
49152 72 0
49152 136 0
49152 264 0
49152 520 0
49152 1032 0
49152 2056 0
49152 4104 0
49152 8200 0
49152 48 0
49152 80 0
49152 144 0
49152 272 0
49152 528 0
49152 1040 0
49152 2064 0
49152 4112 0
49152 8208 0
49152 96 0
49152 160 0
49152 288 0
49152 544 0
49152 1056 0
49152 2080 0
49152 4128 0
49152 8224 0
49152 192 0
49152 320 0
49152 576 0
49152 1088 0
49152 2112 0
49152 4160 0
49152 8256 0
49152 384 0
49152 640 0
49152 1152 0
49152 2176 0
49152 4224 0
49152 8320 0
49152 768 0
49152 1280 0
49152 2304 0
49152 4352 0
49152 8448 0
49152 1536 0
49152 2560 0
49152 4608 0
49152 8704 0
49152 3072 0
49152 5120 0
49152 9216 0
49152 6144 0
49152 10240 0
49152 12288 0
