# gale's game: 4x4 FOUR in a row (m,n,k = 4,4,4), no gravity,
# a stone may be placed in any empty cell.  Five in a row is impossible
# on a 4x4 grid -- the longest line is 4 -- and is not this game.
#
# value    : +1 the SIDE TO MOVE wins with best play, 0 draw, -1 loses.
#           This table covers every ply, so the side to move alternates:
#           even ply -> P0 to move, odd ply -> P1 to move.  The ply is
#           popcount(p0|p1), so a reader can recover it from the boards.
#           The P0-perspective value is value for an even ply and
#           -value for an odd ply.
# horizon  : NONE.  The board is 16 cells, so the search always reaches
#           the end of the game.  Every row is exact.
# legality : the game has not already ended -- neither side has four in
#           a row and the board is not full.  Terminal positions are
#           excluded and counted separately in the manifest.
# order    : lexicographic in the first cell-index sequence that reaches
#           the position, cell indices 0..15 row-major from the top
#           left.  Deduplicated on the position itself.
# fields   : p0 p1 value -- p0 and p1 are the 16-bit boards in unsigned
#           decimal (bit i is cell i), value in {-1,0,+1}.
# digest   : FNV-1a 64 over the data lines of all ply files in ply order,
#           terminating newlines included, '#' lines excluded.
21 10 0
37 10 0
69 10 0
133 10 0
261 10 0
517 10 0
1029 10 0
2053 10 0
4101 10 0
8197 10 0
16389 10 0
32773 10 0
13 18 0
37 18 0
69 18 0
133 18 0
261 18 0
517 18 0
1029 18 0
2053 18 0
4101 18 0
8197 18 0
16389 18 0
32773 18 0
13 34 0
21 34 0
69 34 0
133 34 0
261 34 0
517 34 0
1029 34 0
2053 34 0
4101 34 0
8197 34 0
16389 34 0
32773 34 0
13 66 0
21 66 0
37 66 0
133 66 0
261 66 0
517 66 0
1029 66 0
2053 66 0
4101 66 0
8197 66 0
16389 66 0
32773 66 0
13 130 0
21 130 0
37 130 0
69 130 0
261 130 0
517 130 0
1029 130 0
2053 130 0
4101 130 0
8197 130 0
16389 130 0
32773 130 0
13 258 0
21 258 0
37 258 0
69 258 0
133 258 0
517 258 0
1029 258 0
2053 258 0
4101 258 0
8197 258 0
16389 258 0
32773 258 0
13 514 0
21 514 0
37 514 0
69 514 0
133 514 0
261 514 0
1029 514 0
2053 514 0
4101 514 0
8197 514 0
16389 514 0
32773 514 0
13 1026 0
21 1026 0
37 1026 0
69 1026 0
133 1026 0
261 1026 0
517 1026 0
2053 1026 0
4101 1026 0
8197 1026 0
16389 1026 0
32773 1026 0
13 2050 0
21 2050 0
37 2050 0
69 2050 0
133 2050 0
261 2050 0
517 2050 0
1029 2050 0
4101 2050 0
8197 2050 0
16389 2050 0
32773 2050 0
13 4098 0
21 4098 0
37 4098 0
69 4098 0
133 4098 0
261 4098 0
517 4098 0
1029 4098 0
2053 4098 0
8197 4098 0
16389 4098 0
32773 4098 0
13 8194 0
21 8194 0
37 8194 0
69 8194 0
133 8194 0
261 8194 0
517 8194 0
1029 8194 0
2053 8194 0
4101 8194 0
16389 8194 0
32773 8194 0
13 16386 0
21 16386 0
37 16386 0
69 16386 0
133 16386 0
261 16386 0
517 16386 0
1029 16386 0
2053 16386 0
4101 16386 0
8197 16386 0
32773 16386 0
13 32770 0
21 32770 0
37 32770 0
69 32770 0
133 32770 0
261 32770 0
517 32770 0
1029 32770 0
2053 32770 0
4101 32770 0
8197 32770 0
16389 32770 0
25 6 0
41 6 0
73 6 0
137 6 0
265 6 0
521 6 0
1033 6 0
2057 6 0
4105 6 0
8201 6 0
16393 6 0
32777 6 0
41 18 0
73 18 0
137 18 0
265 18 0
521 18 0
1033 18 0
2057 18 0
4105 18 0
8201 18 0
16393 18 0
32777 18 0
25 34 0
73 34 0
137 34 0
265 34 0
521 34 0
1033 34 0
2057 34 0
4105 34 0
8201 34 0
16393 34 0
32777 34 0
25 66 0
41 66 0
137 66 0
265 66 0
521 66 0
1033 66 0
2057 66 0
4105 66 0
8201 66 0
16393 66 0
32777 66 0
25 130 0
41 130 0
73 130 0
265 130 0
521 130 0
1033 130 0
2057 130 0
4105 130 0
8201 130 0
16393 130 0
32777 130 0
25 258 0
41 258 0
73 258 0
137 258 0
521 258 0
1033 258 0
2057 258 0
4105 258 0
8201 258 0
16393 258 0
32777 258 0
25 514 0
41 514 0
73 514 0
137 514 0
265 514 0
1033 514 0
2057 514 0
4105 514 0
8201 514 0
16393 514 0
32777 514 0
25 1026 0
41 1026 0
73 1026 0
137 1026 0
265 1026 0
521 1026 0
2057 1026 0
4105 1026 0
8201 1026 0
16393 1026 0
32777 1026 0
25 2050 0
41 2050 0
73 2050 0
137 2050 0
265 2050 0
521 2050 0
1033 2050 0
4105 2050 0
8201 2050 0
16393 2050 0
32777 2050 0
25 4098 0
41 4098 0
73 4098 0
137 4098 0
265 4098 0
521 4098 0
1033 4098 0
2057 4098 0
8201 4098 0
16393 4098 0
32777 4098 0
25 8194 0
41 8194 0
73 8194 0
137 8194 0
265 8194 0
521 8194 0
1033 8194 0
2057 8194 0
4105 8194 0
16393 8194 0
32777 8194 0
25 16386 0
41 16386 0
73 16386 0
137 16386 0
265 16386 0
521 16386 0
1033 16386 0
2057 16386 0
4105 16386 0
8201 16386 0
32777 16386 0
25 32770 0
41 32770 0
73 32770 0
137 32770 0
265 32770 0
521 32770 0
1033 32770 0
2057 32770 0
4105 32770 0
8201 32770 0
16393 32770 0
49 6 0
81 6 0
145 6 0
273 6 0
529 6 0
1041 6 0
2065 6 0
4113 6 0
8209 6 0
16401 6 0
32785 6 0
49 10 0
81 10 0
145 10 0
273 10 0
529 10 0
1041 10 0
2065 10 0
4113 10 0
8209 10 0
16401 10 0
32785 10 0
81 34 0
145 34 0
273 34 0
529 34 0
1041 34 0
2065 34 0
4113 34 0
8209 34 0
16401 34 0
32785 34 0
49 66 0
145 66 0
273 66 0
529 66 0
1041 66 0
2065 66 0
4113 66 0
8209 66 0
16401 66 0
32785 66 0
49 130 0
81 130 0
273 130 0
529 130 0
1041 130 0
2065 130 0
4113 130 0
8209 130 0
16401 130 0
32785 130 0
49 258 0
81 258 0
145 258 0
529 258 0
1041 258 0
2065 258 0
4113 258 0
8209 258 0
16401 258 0
32785 258 0
49 514 0
81 514 0
145 514 0
273 514 0
1041 514 0
2065 514 0
4113 514 0
8209 514 0
16401 514 0
32785 514 0
49 1026 0
81 1026 0
145 1026 0
273 1026 0
529 1026 0
2065 1026 0
4113 1026 0
8209 1026 0
16401 1026 0
32785 1026 0
49 2050 0
81 2050 0
145 2050 0
273 2050 0
529 2050 0
1041 2050 0
4113 2050 0
8209 2050 0
16401 2050 0
32785 2050 0
49 4098 0
81 4098 0
145 4098 0
273 4098 0
529 4098 0
1041 4098 0
2065 4098 0
8209 4098 0
16401 4098 0
32785 4098 0
49 8194 0
81 8194 0
145 8194 0
273 8194 0
529 8194 0
1041 8194 0
2065 8194 0
4113 8194 0
16401 8194 0
32785 8194 0
49 16386 0
81 16386 0
145 16386 0
273 16386 0
529 16386 0
1041 16386 0
2065 16386 0
4113 16386 0
8209 16386 0
32785 16386 0
49 32770 0
81 32770 0
145 32770 0
273 32770 0
529 32770 0
1041 32770 0
2065 32770 0
4113 32770 0
8209 32770 0
16401 32770 0
97 6 0
161 6 0
289 6 0
545 6 0
1057 6 0
2081 6 0
4129 6 0
8225 6 0
16417 6 0
32801 6 0
97 10 0
161 10 0
289 10 0
545 10 0
1057 10 0
2081 10 0
4129 10 0
8225 10 0
16417 10 0
32801 10 0
97 18 0
161 18 0
289 18 0
545 18 0
1057 18 0
2081 18 0
4129 18 0
8225 18 0
16417 18 0
32801 18 0
161 66 0
289 66 0
545 66 0
1057 66 0
2081 66 0
4129 66 0
8225 66 0
16417 66 0
32801 66 0
97 130 0
289 130 0
545 130 0
1057 130 0
2081 130 0
4129 130 0
8225 130 0
16417 130 0
32801 130 0
97 258 0
161 258 0
545 258 0
1057 258 0
2081 258 0
4129 258 0
8225 258 0
16417 258 0
32801 258 0
97 514 0
161 514 0
289 514 0
1057 514 0
2081 514 0
4129 514 0
8225 514 0
16417 514 0
32801 514 0
97 1026 0
161 1026 0
289 1026 0
545 1026 0
2081 1026 0
4129 1026 0
8225 1026 0
16417 1026 0
32801 1026 0
97 2050 0
161 2050 0
289 2050 0
545 2050 0
1057 2050 0
4129 2050 0
8225 2050 0
16417 2050 0
32801 2050 0
97 4098 0
161 4098 0
289 4098 0
545 4098 0
1057 4098 0
2081 4098 0
8225 4098 0
16417 4098 0
32801 4098 0
97 8194 0
161 8194 0
289 8194 0
545 8194 0
1057 8194 0
2081 8194 0
4129 8194 0
16417 8194 0
32801 8194 0
97 16386 0
161 16386 0
289 16386 0
545 16386 0
1057 16386 0
2081 16386 0
4129 16386 0
8225 16386 0
32801 16386 0
97 32770 0
161 32770 0
289 32770 0
545 32770 0
1057 32770 0
2081 32770 0
4129 32770 0
8225 32770 0
16417 32770 0
193 6 0
321 6 0
577 6 0
1089 6 0
2113 6 0
4161 6 0
8257 6 0
16449 6 0
32833 6 0
193 10 0
321 10 0
577 10 0
1089 10 0
2113 10 0
4161 10 0
8257 10 0
16449 10 0
32833 10 0
193 18 0
321 18 0
577 18 0
1089 18 0
2113 18 0
4161 18 0
8257 18 0
16449 18 0
32833 18 0
193 34 0
321 34 0
577 34 0
1089 34 0
2113 34 0
4161 34 0
8257 34 0
16449 34 0
32833 34 0
321 130 0
577 130 0
1089 130 0
2113 130 0
4161 130 0
8257 130 0
16449 130 0
32833 130 0
193 258 0
577 258 0
1089 258 0
2113 258 0
4161 258 0
8257 258 0
16449 258 0
32833 258 0
193 514 0
321 514 0
1089 514 0
2113 514 0
4161 514 0
8257 514 0
16449 514 0
32833 514 0
193 1026 0
321 1026 0
577 1026 0
2113 1026 0
4161 1026 0
8257 1026 0
16449 1026 0
32833 1026 0
193 2050 0
321 2050 0
577 2050 0
1089 2050 0
4161 2050 0
8257 2050 0
16449 2050 0
32833 2050 0
193 4098 0
321 4098 0
577 4098 0
1089 4098 0
2113 4098 0
8257 4098 0
16449 4098 0
32833 4098 0
193 8194 0
321 8194 0
577 8194 0
1089 8194 0
2113 8194 0
4161 8194 0
16449 8194 0
32833 8194 0
193 16386 0
321 16386 0
577 16386 0
1089 16386 0
2113 16386 0
4161 16386 0
8257 16386 0
32833 16386 0
193 32770 0
321 32770 0
577 32770 0
1089 32770 0
2113 32770 0
4161 32770 0
8257 32770 0
16449 32770 0
385 6 0
641 6 0
1153 6 0
2177 6 0
4225 6 0
8321 6 0
16513 6 0
32897 6 0
385 10 0
641 10 0
1153 10 0
2177 10 0
4225 10 0
8321 10 0
16513 10 0
32897 10 0
385 18 0
641 18 0
1153 18 0
2177 18 0
4225 18 0
8321 18 0
16513 18 0
32897 18 0
385 34 0
641 34 0
1153 34 0
2177 34 0
4225 34 0
8321 34 0
16513 34 0
32897 34 0
385 66 0
641 66 0
1153 66 0
2177 66 0
4225 66 0
8321 66 0
16513 66 0
32897 66 0
641 258 0
1153 258 0
2177 258 0
4225 258 0
8321 258 0
16513 258 0
32897 258 0
385 514 0
1153 514 0
2177 514 0
4225 514 0
8321 514 0
16513 514 0
32897 514 0
385 1026 0
641 1026 0
2177 1026 0
4225 1026 0
8321 1026 0
16513 1026 0
32897 1026 0
385 2050 0
641 2050 0
1153 2050 0
4225 2050 0
8321 2050 0
16513 2050 0
32897 2050 0
385 4098 0
641 4098 0
1153 4098 0
2177 4098 0
8321 4098 0
16513 4098 0
32897 4098 0
385 8194 0
641 8194 0
1153 8194 0
2177 8194 0
4225 8194 0
16513 8194 0
32897 8194 0
385 16386 0
641 16386 0
1153 16386 0
2177 16386 0
4225 16386 0
8321 16386 0
32897 16386 0
385 32770 0
641 32770 0
1153 32770 0
2177 32770 0
4225 32770 0
8321 32770 0
16513 32770 0
769 6 0
1281 6 0
2305 6 0
4353 6 0
8449 6 0
16641 6 0
33025 6 0
769 10 0
1281 10 0
2305 10 0
4353 10 0
8449 10 0
16641 10 0
33025 10 0
769 18 0
1281 18 0
2305 18 0
4353 18 0
8449 18 0
16641 18 0
33025 18 0
769 34 0
1281 34 0
2305 34 0
4353 34 0
8449 34 0
16641 34 0
33025 34 0
769 66 0
1281 66 0
2305 66 0
4353 66 0
8449 66 0
16641 66 0
33025 66 0
769 130 0
1281 130 0
2305 130 0
4353 130 0
8449 130 0
16641 130 0
33025 130 0
1281 514 0
2305 514 0
4353 514 0
8449 514 0
16641 514 0
33025 514 0
769 1026 0
2305 1026 0
4353 1026 0
8449 1026 0
16641 1026 0
33025 1026 0
769 2050 0
1281 2050 0
4353 2050 0
8449 2050 0
16641 2050 0
33025 2050 0
769 4098 0
1281 4098 0
2305 4098 0
8449 4098 0
16641 4098 0
33025 4098 0
769 8194 0
1281 8194 0
2305 8194 0
4353 8194 0
16641 8194 0
33025 8194 0
769 16386 0
1281 16386 0
2305 16386 0
4353 16386 0
8449 16386 0
33025 16386 0
769 32770 0
1281 32770 0
2305 32770 0
4353 32770 0
8449 32770 0
16641 32770 0
1537 6 0
2561 6 0
4609 6 0
8705 6 0
16897 6 0
33281 6 0
1537 10 0
2561 10 0
4609 10 0
8705 10 0
16897 10 0
33281 10 0
1537 18 0
2561 18 0
4609 18 0
8705 18 0
16897 18 0
33281 18 0
1537 34 0
2561 34 0
4609 34 0
8705 34 0
16897 34 0
33281 34 0
1537 66 0
2561 66 0
4609 66 0
8705 66 0
16897 66 0
33281 66 0
1537 130 0
2561 130 0
4609 130 0
8705 130 0
16897 130 0
33281 130 0
1537 258 0
2561 258 0
4609 258 0
8705 258 0
16897 258 0
33281 258 0
2561 1026 0
4609 1026 0
8705 1026 0
16897 1026 0
33281 1026 0
1537 2050 0
4609 2050 0
8705 2050 0
16897 2050 0
33281 2050 0
1537 4098 0
2561 4098 0
8705 4098 0
16897 4098 0
33281 4098 0
1537 8194 0
2561 8194 0
4609 8194 0
16897 8194 0
33281 8194 0
1537 16386 0
2561 16386 0
4609 16386 0
8705 16386 0
33281 16386 0
1537 32770 0
2561 32770 0
4609 32770 0
8705 32770 0
16897 32770 0
3073 6 0
5121 6 0
9217 6 0
17409 6 0
33793 6 0
3073 10 0
5121 10 0
9217 10 0
17409 10 0
33793 10 0
3073 18 0
5121 18 0
9217 18 0
17409 18 0
33793 18 0
3073 34 0
5121 34 0
9217 34 0
17409 34 0
33793 34 0
3073 66 0
5121 66 0
9217 66 0
17409 66 0
33793 66 0
3073 130 0
5121 130 0
9217 130 0
17409 130 0
33793 130 0
3073 258 0
5121 258 0
9217 258 0
17409 258 0
33793 258 0
3073 514 0
5121 514 0
9217 514 0
17409 514 0
33793 514 0
5121 2050 0
9217 2050 0
17409 2050 0
33793 2050 0
3073 4098 0
9217 4098 0
17409 4098 0
33793 4098 0
3073 8194 0
5121 8194 0
17409 8194 0
33793 8194 0
3073 16386 0
5121 16386 0
9217 16386 0
33793 16386 0
3073 32770 0
5121 32770 0
9217 32770 0
17409 32770 0
6145 6 0
10241 6 0
18433 6 0
34817 6 0
6145 10 0
10241 10 0
18433 10 0
34817 10 0
6145 18 0
10241 18 0
18433 18 0
34817 18 0
6145 34 0
10241 34 0
18433 34 0
34817 34 0
6145 66 0
10241 66 0
18433 66 0
34817 66 0
6145 130 0
10241 130 0
18433 130 0
34817 130 0
6145 258 0
10241 258 0
18433 258 0
34817 258 0
6145 514 0
10241 514 0
18433 514 0
34817 514 0
6145 1026 0
10241 1026 0
18433 1026 0
34817 1026 0
10241 4098 0
18433 4098 0
34817 4098 0
6145 8194 0
18433 8194 0
34817 8194 0
6145 16386 0
10241 16386 0
34817 16386 0
6145 32770 0
10241 32770 0
18433 32770 0
12289 6 0
20481 6 0
36865 6 0
12289 10 0
20481 10 0
36865 10 0
12289 18 0
20481 18 0
36865 18 0
12289 34 0
20481 34 0
36865 34 0
12289 66 0
20481 66 0
36865 66 0
12289 130 0
20481 130 0
36865 130 0
12289 258 0
20481 258 0
36865 258 0
12289 514 0
20481 514 0
36865 514 0
12289 1026 0
20481 1026 0
36865 1026 0
12289 2050 0
20481 2050 0
36865 2050 0
20481 8194 0
36865 8194 0
12289 16386 0
36865 16386 0
12289 32770 0
20481 32770 0
24577 6 0
40961 6 0
24577 10 0
40961 10 0
24577 18 0
40961 18 0
24577 34 0
40961 34 0
24577 66 0
40961 66 0
24577 130 0
40961 130 0
24577 258 0
40961 258 0
24577 514 0
40961 514 0
24577 1026 0
40961 1026 0
24577 2050 0
40961 2050 0
24577 4098 0
40961 4098 0
40961 16386 0
24577 32770 0
49153 6 0
49153 10 0
49153 18 0
49153 34 0
49153 66 0
49153 130 0
49153 258 0
49153 514 0
49153 1026 0
49153 2050 0
49153 4098 0
49153 8194 0
19 12 0
35 12 0
67 12 0
131 12 0
259 12 0
515 12 0
1027 12 0
2051 12 0
4099 12 0
8195 12 0
16387 12 0
32771 12 0
11 20 0
35 20 0
67 20 0
131 20 0
259 20 0
515 20 0
1027 20 0
2051 20 0
4099 20 0
8195 20 0
16387 20 0
32771 20 0
11 36 0
19 36 0
67 36 0
131 36 0
259 36 0
515 36 0
1027 36 0
2051 36 0
4099 36 0
8195 36 0
16387 36 0
32771 36 0
11 68 0
19 68 0
35 68 0
131 68 0
259 68 0
515 68 0
1027 68 0
2051 68 0
4099 68 0
8195 68 0
16387 68 0
32771 68 0
11 132 0
19 132 0
35 132 0
67 132 0
259 132 0
515 132 0
1027 132 0
2051 132 0
4099 132 0
8195 132 0
16387 132 0
32771 132 0
11 260 0
19 260 0
35 260 0
67 260 0
131 260 0
515 260 0
1027 260 0
2051 260 0
4099 260 0
8195 260 0
16387 260 0
32771 260 0
11 516 0
19 516 0
35 516 0
67 516 0
131 516 0
259 516 0
1027 516 0
2051 516 0
4099 516 0
8195 516 0
16387 516 0
32771 516 0
11 1028 0
19 1028 0
35 1028 0
67 1028 0
131 1028 0
259 1028 0
515 1028 0
2051 1028 0
4099 1028 0
8195 1028 0
16387 1028 0
32771 1028 0
11 2052 0
19 2052 0
35 2052 0
67 2052 0
131 2052 0
259 2052 0
515 2052 0
1027 2052 0
4099 2052 0
8195 2052 0
16387 2052 0
32771 2052 0
11 4100 0
19 4100 0
35 4100 0
67 4100 0
131 4100 0
259 4100 0
515 4100 0
1027 4100 0
2051 4100 0
8195 4100 0
16387 4100 0
32771 4100 0
11 8196 0
19 8196 0
35 8196 0
67 8196 0
131 8196 0
259 8196 0
515 8196 0
1027 8196 0
2051 8196 0
4099 8196 0
16387 8196 0
32771 8196 0
11 16388 0
19 16388 0
35 16388 0
67 16388 0
131 16388 0
259 16388 0
515 16388 0
1027 16388 0
2051 16388 0
4099 16388 0
8195 16388 0
32771 16388 0
11 32772 0
19 32772 0
35 32772 0
67 32772 0
131 32772 0
259 32772 0
515 32772 0
1027 32772 0
2051 32772 0
4099 32772 0
8195 32772 0
16387 32772 0
41 20 0
73 20 0
137 20 0
265 20 0
521 20 0
1033 20 0
2057 20 0
4105 20 0
8201 20 0
16393 20 0
32777 20 0
25 36 0
73 36 0
137 36 0
265 36 0
521 36 0
1033 36 0
2057 36 0
4105 36 0
8201 36 0
16393 36 0
32777 36 0
25 68 0
41 68 0
137 68 0
265 68 0
521 68 0
1033 68 0
2057 68 0
4105 68 0
8201 68 0
16393 68 0
32777 68 0
25 132 0
41 132 0
73 132 0
265 132 0
521 132 0
1033 132 0
2057 132 0
4105 132 0
8201 132 0
16393 132 0
32777 132 0
25 260 0
41 260 0
73 260 0
137 260 0
521 260 0
1033 260 0
2057 260 0
4105 260 0
8201 260 0
16393 260 0
32777 260 0
25 516 0
41 516 0
73 516 0
137 516 0
265 516 0
1033 516 0
2057 516 0
4105 516 0
8201 516 0
16393 516 0
32777 516 0
25 1028 0
41 1028 0
73 1028 0
137 1028 0
265 1028 0
521 1028 0
2057 1028 0
4105 1028 0
8201 1028 0
16393 1028 0
32777 1028 0
25 2052 0
41 2052 0
73 2052 0
137 2052 0
265 2052 0
521 2052 0
1033 2052 0
4105 2052 0
8201 2052 0
16393 2052 0
32777 2052 0
25 4100 0
41 4100 0
73 4100 0
137 4100 0
265 4100 0
521 4100 0
1033 4100 0
2057 4100 0
8201 4100 0
16393 4100 0
32777 4100 0
25 8196 0
41 8196 0
73 8196 0
137 8196 0
265 8196 0
521 8196 0
1033 8196 0
2057 8196 0
4105 8196 0
16393 8196 0
32777 8196 0
25 16388 0
41 16388 0
73 16388 0
137 16388 0
265 16388 0
521 16388 0
1033 16388 0
2057 16388 0
4105 16388 0
8201 16388 0
32777 16388 0
25 32772 0
41 32772 0
73 32772 0
137 32772 0
265 32772 0
521 32772 0
1033 32772 0
2057 32772 0
4105 32772 0
8201 32772 0
16393 32772 0
49 12 0
81 12 0
145 12 0
273 12 0
529 12 0
1041 12 0
2065 12 0
4113 12 0
8209 12 0
16401 12 0
32785 12 0
81 36 0
145 36 0
273 36 0
529 36 0
1041 36 0
2065 36 0
4113 36 0
8209 36 0
16401 36 0
32785 36 0
49 68 0
145 68 0
273 68 0
529 68 0
1041 68 0
2065 68 0
4113 68 0
8209 68 0
16401 68 0
32785 68 0
49 132 0
81 132 0
273 132 0
529 132 0
1041 132 0
2065 132 0
4113 132 0
8209 132 0
16401 132 0
32785 132 0
49 260 0
81 260 0
145 260 0
529 260 0
1041 260 0
2065 260 0
4113 260 0
8209 260 0
16401 260 0
32785 260 0
49 516 0
81 516 0
145 516 0
273 516 0
1041 516 0
2065 516 0
4113 516 0
8209 516 0
16401 516 0
32785 516 0
49 1028 0
81 1028 0
145 1028 0
273 1028 0
529 1028 0
2065 1028 0
4113 1028 0
8209 1028 0
16401 1028 0
32785 1028 0
49 2052 0
81 2052 0
145 2052 0
273 2052 0
529 2052 0
1041 2052 0
4113 2052 0
8209 2052 0
16401 2052 0
32785 2052 0
49 4100 0
81 4100 0
145 4100 0
273 4100 0
529 4100 0
1041 4100 0
2065 4100 0
8209 4100 0
16401 4100 0
32785 4100 0
49 8196 0
81 8196 0
145 8196 0
273 8196 0
529 8196 0
1041 8196 0
2065 8196 0
4113 8196 0
16401 8196 0
32785 8196 0
49 16388 0
81 16388 0
145 16388 0
273 16388 0
529 16388 0
1041 16388 0
2065 16388 0
4113 16388 0
8209 16388 0
32785 16388 0
49 32772 0
81 32772 0
145 32772 0
273 32772 0
529 32772 0
1041 32772 0
2065 32772 0
4113 32772 0
8209 32772 0
16401 32772 0
97 12 0
161 12 0
289 12 0
545 12 0
1057 12 0
2081 12 0
4129 12 0
8225 12 0
16417 12 0
32801 12 0
97 20 0
161 20 0
289 20 0
545 20 0
1057 20 0
2081 20 0
4129 20 0
8225 20 0
16417 20 0
32801 20 0
161 68 0
289 68 0
545 68 0
1057 68 0
2081 68 0
4129 68 0
8225 68 0
16417 68 0
32801 68 0
97 132 0
289 132 0
545 132 0
1057 132 0
2081 132 0
4129 132 0
8225 132 0
16417 132 0
32801 132 0
97 260 0
161 260 0
545 260 0
1057 260 0
2081 260 0
4129 260 0
8225 260 0
16417 260 0
32801 260 0
97 516 0
161 516 0
289 516 0
1057 516 0
2081 516 0
4129 516 0
8225 516 0
16417 516 0
32801 516 0
97 1028 0
161 1028 0
289 1028 0
545 1028 0
2081 1028 0
4129 1028 0
8225 1028 0
16417 1028 0
32801 1028 0
97 2052 0
161 2052 0
289 2052 0
545 2052 0
1057 2052 0
4129 2052 0
8225 2052 0
16417 2052 0
32801 2052 0
97 4100 0
161 4100 0
289 4100 0
545 4100 0
1057 4100 0
2081 4100 0
8225 4100 0
16417 4100 0
32801 4100 0
97 8196 0
161 8196 0
289 8196 0
545 8196 0
1057 8196 0
2081 8196 0
4129 8196 0
16417 8196 0
32801 8196 0
97 16388 0
161 16388 0
289 16388 0
545 16388 0
1057 16388 0
2081 16388 0
4129 16388 0
8225 16388 0
32801 16388 0
97 32772 0
161 32772 0
289 32772 0
545 32772 0
1057 32772 0
2081 32772 0
4129 32772 0
8225 32772 0
16417 32772 0
193 12 0
321 12 0
577 12 0
1089 12 0
2113 12 0
4161 12 0
8257 12 0
16449 12 0
32833 12 0
193 20 0
321 20 0
577 20 0
1089 20 0
2113 20 0
4161 20 0
8257 20 0
16449 20 0
32833 20 0
193 36 0
321 36 0
577 36 0
1089 36 0
2113 36 0
4161 36 0
8257 36 0
16449 36 0
32833 36 0
321 132 0
577 132 0
1089 132 0
2113 132 0
4161 132 0
8257 132 0
16449 132 0
32833 132 0
193 260 0
577 260 0
1089 260 0
2113 260 0
4161 260 0
8257 260 0
16449 260 0
32833 260 0
193 516 0
321 516 0
1089 516 0
2113 516 0
4161 516 0
8257 516 0
16449 516 0
32833 516 0
193 1028 0
321 1028 0
577 1028 0
2113 1028 0
4161 1028 0
8257 1028 0
16449 1028 0
32833 1028 0
193 2052 0
321 2052 0
577 2052 0
1089 2052 0
4161 2052 0
8257 2052 0
16449 2052 0
32833 2052 0
193 4100 0
321 4100 0
577 4100 0
1089 4100 0
2113 4100 0
8257 4100 0
16449 4100 0
32833 4100 0
193 8196 0
321 8196 0
577 8196 0
1089 8196 0
2113 8196 0
4161 8196 0
16449 8196 0
32833 8196 0
193 16388 0
321 16388 0
577 16388 0
1089 16388 0
2113 16388 0
4161 16388 0
8257 16388 0
32833 16388 0
193 32772 0
321 32772 0
577 32772 0
1089 32772 0
2113 32772 0
4161 32772 0
8257 32772 0
16449 32772 0
385 12 0
641 12 0
1153 12 0
2177 12 0
4225 12 0
8321 12 0
16513 12 0
32897 12 0
385 20 0
641 20 0
1153 20 0
2177 20 0
4225 20 0
8321 20 0
16513 20 0
32897 20 0
385 36 0
641 36 0
1153 36 0
2177 36 0
4225 36 0
8321 36 0
16513 36 0
32897 36 0
385 68 0
641 68 0
1153 68 0
2177 68 0
4225 68 0
8321 68 0
16513 68 0
32897 68 0
641 260 0
1153 260 0
2177 260 0
4225 260 0
8321 260 0
16513 260 0
32897 260 0
385 516 0
1153 516 0
2177 516 0
4225 516 0
8321 516 0
16513 516 0
32897 516 0
385 1028 0
641 1028 0
2177 1028 0
4225 1028 0
8321 1028 0
16513 1028 0
32897 1028 0
385 2052 0
641 2052 0
1153 2052 0
4225 2052 0
8321 2052 0
16513 2052 0
32897 2052 0
385 4100 0
641 4100 0
1153 4100 0
2177 4100 0
8321 4100 0
16513 4100 0
32897 4100 0
385 8196 0
641 8196 0
1153 8196 0
2177 8196 0
4225 8196 0
16513 8196 0
32897 8196 0
385 16388 0
641 16388 0
1153 16388 0
2177 16388 0
4225 16388 0
8321 16388 0
32897 16388 0
385 32772 0
641 32772 0
1153 32772 0
2177 32772 0
4225 32772 0
8321 32772 0
16513 32772 0
769 12 0
1281 12 0
2305 12 0
4353 12 0
8449 12 0
16641 12 0
33025 12 0
769 20 0
1281 20 0
2305 20 0
4353 20 0
8449 20 0
16641 20 0
33025 20 0
769 36 0
1281 36 0
2305 36 0
4353 36 0
8449 36 0
16641 36 0
33025 36 0
769 68 0
1281 68 0
2305 68 0
4353 68 0
8449 68 0
16641 68 0
33025 68 0
769 132 0
1281 132 0
2305 132 0
4353 132 0
8449 132 0
16641 132 0
33025 132 0
1281 516 0
2305 516 0
4353 516 0
8449 516 0
16641 516 0
33025 516 0
769 1028 0
2305 1028 0
4353 1028 0
8449 1028 0
16641 1028 0
33025 1028 0
769 2052 0
1281 2052 0
4353 2052 0
8449 2052 0
16641 2052 0
33025 2052 0
769 4100 0
1281 4100 0
2305 4100 0
8449 4100 0
16641 4100 0
33025 4100 0
769 8196 0
1281 8196 0
2305 8196 0
4353 8196 0
16641 8196 0
33025 8196 0
769 16388 0
1281 16388 0
2305 16388 0
4353 16388 0
8449 16388 0
33025 16388 0
769 32772 0
1281 32772 0
2305 32772 0
4353 32772 0
8449 32772 0
16641 32772 0
1537 12 0
2561 12 0
4609 12 0
8705 12 0
16897 12 0
33281 12 0
1537 20 0
2561 20 0
4609 20 0
8705 20 0
16897 20 0
33281 20 0
1537 36 0
2561 36 0
4609 36 0
8705 36 0
16897 36 0
33281 36 0
1537 68 0
2561 68 0
4609 68 0
8705 68 0
16897 68 0
33281 68 0
1537 132 0
2561 132 0
4609 132 0
8705 132 0
16897 132 0
33281 132 0
1537 260 0
2561 260 0
4609 260 0
8705 260 0
16897 260 0
33281 260 0
2561 1028 0
4609 1028 0
8705 1028 0
16897 1028 0
33281 1028 0
1537 2052 0
4609 2052 0
8705 2052 0
16897 2052 0
33281 2052 0
1537 4100 0
2561 4100 0
8705 4100 0
16897 4100 0
33281 4100 0
1537 8196 0
2561 8196 0
4609 8196 0
16897 8196 0
33281 8196 0
1537 16388 0
2561 16388 0
4609 16388 0
8705 16388 0
33281 16388 0
1537 32772 0
2561 32772 0
4609 32772 0
8705 32772 0
16897 32772 0
3073 12 0
5121 12 0
9217 12 0
17409 12 0
33793 12 0
3073 20 0
5121 20 0
9217 20 0
17409 20 0
33793 20 0
3073 36 0
5121 36 0
9217 36 0
17409 36 0
33793 36 0
3073 68 0
5121 68 0
9217 68 0
17409 68 0
33793 68 0
3073 132 0
5121 132 0
9217 132 0
17409 132 0
33793 132 0
3073 260 0
5121 260 0
9217 260 0
17409 260 0
33793 260 0
3073 516 0
5121 516 0
9217 516 0
17409 516 0
33793 516 0
5121 2052 0
9217 2052 0
17409 2052 0
33793 2052 0
3073 4100 0
9217 4100 0
17409 4100 0
33793 4100 0
3073 8196 0
5121 8196 0
17409 8196 0
33793 8196 0
3073 16388 0
5121 16388 0
9217 16388 0
33793 16388 0
3073 32772 0
5121 32772 0
9217 32772 0
17409 32772 0
6145 12 0
10241 12 0
18433 12 0
34817 12 0
6145 20 0
10241 20 0
18433 20 0
34817 20 0
6145 36 0
10241 36 0
18433 36 0
34817 36 0
6145 68 0
10241 68 0
18433 68 0
34817 68 0
6145 132 0
10241 132 0
18433 132 0
34817 132 0
6145 260 0
10241 260 0
18433 260 0
34817 260 0
6145 516 0
10241 516 0
18433 516 0
34817 516 0
6145 1028 0
10241 1028 0
18433 1028 0
34817 1028 0
10241 4100 0
18433 4100 0
34817 4100 0
6145 8196 0
18433 8196 0
34817 8196 0
6145 16388 0
10241 16388 0
34817 16388 0
6145 32772 0
10241 32772 0
18433 32772 0
12289 12 0
20481 12 0
36865 12 0
12289 20 0
20481 20 0
36865 20 0
12289 36 0
20481 36 0
36865 36 0
12289 68 0
20481 68 0
36865 68 0
12289 132 0
20481 132 0
36865 132 0
12289 260 0
20481 260 0
36865 260 0
12289 516 0
20481 516 0
36865 516 0
12289 1028 0
20481 1028 0
36865 1028 0
12289 2052 0
20481 2052 0
36865 2052 0
20481 8196 0
36865 8196 0
12289 16388 0
36865 16388 0
12289 32772 0
20481 32772 0
24577 12 0
40961 12 0
24577 20 0
40961 20 0
24577 36 0
40961 36 0
24577 68 0
40961 68 0
24577 132 0
40961 132 0
24577 260 0
40961 260 0
24577 516 0
40961 516 0
24577 1028 0
40961 1028 0
24577 2052 0
40961 2052 0
24577 4100 0
40961 4100 0
40961 16388 0
24577 32772 0
49153 12 0
49153 20 0
49153 36 0
49153 68 0
49153 132 0
49153 260 0
49153 516 0
49153 1028 0
49153 2052 0
49153 4100 0
49153 8196 0
7 24 0
35 24 0
67 24 0
131 24 0
259 24 0
515 24 0
1027 24 0
2051 24 0
4099 24 0
8195 24 0
16387 24 0
32771 24 0
7 40 0
19 40 0
67 40 0
131 40 0
259 40 0
515 40 0
1027 40 0
2051 40 0
4099 40 0
8195 40 0
16387 40 0
32771 40 0
7 72 0
19 72 0
35 72 0
131 72 0
259 72 0
515 72 0
1027 72 0
2051 72 0
4099 72 0
8195 72 0
16387 72 0
32771 72 0
7 136 0
19 136 0
35 136 0
67 136 0
259 136 0
515 136 0
1027 136 0
2051 136 0
4099 136 0
8195 136 0
16387 136 0
32771 136 0
7 264 0
19 264 0
35 264 0
67 264 0
131 264 0
515 264 0
1027 264 0
2051 264 0
4099 264 0
8195 264 0
16387 264 0
32771 264 0
7 520 0
19 520 0
35 520 0
67 520 0
131 520 0
259 520 0
1027 520 0
2051 520 0
4099 520 0
8195 520 0
16387 520 0
32771 520 0
7 1032 0
19 1032 0
35 1032 0
67 1032 0
131 1032 0
259 1032 0
515 1032 0
2051 1032 0
4099 1032 0
8195 1032 0
16387 1032 0
32771 1032 0
7 2056 0
19 2056 0
35 2056 0
67 2056 0
131 2056 0
259 2056 0
515 2056 0
1027 2056 0
4099 2056 0
8195 2056 0
16387 2056 0
32771 2056 0
7 4104 0
19 4104 0
35 4104 0
67 4104 0
131 4104 0
259 4104 0
515 4104 0
1027 4104 0
2051 4104 0
8195 4104 0
16387 4104 0
32771 4104 0
7 8200 0
19 8200 0
35 8200 0
67 8200 0
131 8200 0
259 8200 0
515 8200 0
1027 8200 0
2051 8200 0
4099 8200 0
16387 8200 0
32771 8200 0
7 16392 0
19 16392 0
35 16392 0
67 16392 0
131 16392 0
259 16392 0
515 16392 0
1027 16392 0
2051 16392 0
4099 16392 0
8195 16392 0
32771 16392 0
7 32776 0
19 32776 0
35 32776 0
67 32776 0
131 32776 0
259 32776 0
515 32776 0
1027 32776 0
2051 32776 0
4099 32776 0
8195 32776 0
16387 32776 0
37 24 0
69 24 0
133 24 0
261 24 0
517 24 0
1029 24 0
2053 24 0
4101 24 0
8197 24 0
16389 24 0
32773 24 0
21 40 0
69 40 0
133 40 0
261 40 0
517 40 0
1029 40 0
2053 40 0
4101 40 0
8197 40 0
16389 40 0
32773 40 0
21 72 0
37 72 0
133 72 0
261 72 0
517 72 0
1029 72 0
2053 72 0
4101 72 0
8197 72 0
16389 72 0
32773 72 0
21 136 0
37 136 0
69 136 0
261 136 0
517 136 0
1029 136 0
2053 136 0
4101 136 0
8197 136 0
16389 136 0
32773 136 0
21 264 0
37 264 0
69 264 0
133 264 0
517 264 0
1029 264 0
2053 264 0
4101 264 0
8197 264 0
16389 264 0
32773 264 0
21 520 0
37 520 0
69 520 0
133 520 0
261 520 0
1029 520 0
2053 520 0
4101 520 0
8197 520 0
16389 520 0
32773 520 0
21 1032 0
37 1032 0
69 1032 0
133 1032 0
261 1032 0
517 1032 0
2053 1032 0
4101 1032 0
8197 1032 0
16389 1032 0
32773 1032 0
21 2056 0
37 2056 0
69 2056 0
133 2056 0
261 2056 0
517 2056 0
1029 2056 0
4101 2056 0
8197 2056 0
16389 2056 0
32773 2056 0
21 4104 0
37 4104 0
69 4104 0
133 4104 0
261 4104 0
517 4104 0
1029 4104 0
2053 4104 0
8197 4104 0
16389 4104 0
32773 4104 0
21 8200 0
37 8200 0
69 8200 0
133 8200 0
261 8200 0
517 8200 0
1029 8200 0
2053 8200 0
4101 8200 0
16389 8200 0
32773 8200 0
21 16392 0
37 16392 0
69 16392 0
133 16392 0
261 16392 0
517 16392 0
1029 16392 0
2053 16392 0
4101 16392 0
8197 16392 0
32773 16392 0
21 32776 0
37 32776 0
69 32776 0
133 32776 0
261 32776 0
517 32776 0
1029 32776 0
2053 32776 0
4101 32776 0
8197 32776 0
16389 32776 0
81 40 0
145 40 0
273 40 0
529 40 0
1041 40 0
2065 40 0
4113 40 0
8209 40 0
16401 40 0
32785 40 0
49 72 0
145 72 0
273 72 0
529 72 0
1041 72 0
2065 72 0
4113 72 0
8209 72 0
16401 72 0
32785 72 0
49 136 0
81 136 0
273 136 0
529 136 0
1041 136 0
2065 136 0
4113 136 0
8209 136 0
16401 136 0
32785 136 0
49 264 0
81 264 0
145 264 0
529 264 0
1041 264 0
2065 264 0
4113 264 0
8209 264 0
16401 264 0
32785 264 0
49 520 0
81 520 0
145 520 0
273 520 0
1041 520 0
2065 520 0
4113 520 0
8209 520 0
16401 520 0
32785 520 0
49 1032 0
81 1032 0
145 1032 0
273 1032 0
529 1032 0
2065 1032 0
4113 1032 0
8209 1032 0
16401 1032 0
32785 1032 0
49 2056 0
81 2056 0
145 2056 0
273 2056 0
529 2056 0
1041 2056 0
4113 2056 0
8209 2056 0
16401 2056 0
32785 2056 0
49 4104 0
81 4104 0
145 4104 0
273 4104 0
529 4104 0
1041 4104 0
2065 4104 0
8209 4104 0
16401 4104 0
32785 4104 0
49 8200 0
81 8200 0
145 8200 0
273 8200 0
529 8200 0
1041 8200 0
2065 8200 0
4113 8200 0
16401 8200 0
32785 8200 0
49 16392 0
81 16392 0
145 16392 0
273 16392 0
529 16392 0
1041 16392 0
2065 16392 0
4113 16392 0
8209 16392 0
32785 16392 0
49 32776 0
81 32776 0
145 32776 0
273 32776 0
529 32776 0
1041 32776 0
2065 32776 0
4113 32776 0
8209 32776 0
16401 32776 0
97 24 0
161 24 0
289 24 0
545 24 0
1057 24 0
2081 24 0
4129 24 0
8225 24 0
16417 24 0
32801 24 0
161 72 0
289 72 0
545 72 0
1057 72 0
2081 72 0
4129 72 0
8225 72 0
16417 72 0
32801 72 0
97 136 0
289 136 0
545 136 0
1057 136 0
2081 136 0
4129 136 0
8225 136 0
16417 136 0
32801 136 0
97 264 0
161 264 0
545 264 0
1057 264 0
2081 264 0
4129 264 0
8225 264 0
16417 264 0
32801 264 0
97 520 0
161 520 0
289 520 0
1057 520 0
2081 520 0
4129 520 0
8225 520 0
16417 520 0
32801 520 0
97 1032 0
161 1032 0
289 1032 0
545 1032 0
2081 1032 0
4129 1032 0
8225 1032 0
16417 1032 0
32801 1032 0
97 2056 0
161 2056 0
289 2056 0
545 2056 0
1057 2056 0
4129 2056 0
8225 2056 0
16417 2056 0
32801 2056 0
97 4104 0
161 4104 0
289 4104 0
545 4104 0
1057 4104 0
2081 4104 0
8225 4104 0
16417 4104 0
32801 4104 0
97 8200 0
161 8200 0
289 8200 0
545 8200 0
1057 8200 0
2081 8200 0
4129 8200 0
16417 8200 0
32801 8200 0
97 16392 0
161 16392 0
289 16392 0
545 16392 0
1057 16392 0
2081 16392 0
4129 16392 0
8225 16392 0
32801 16392 0
97 32776 0
161 32776 0
289 32776 0
545 32776 0
1057 32776 0
2081 32776 0
4129 32776 0
8225 32776 0
16417 32776 0
193 24 0
321 24 0
577 24 0
1089 24 0
2113 24 0
4161 24 0
8257 24 0
16449 24 0
32833 24 0
193 40 0
321 40 0
577 40 0
1089 40 0
2113 40 0
4161 40 0
8257 40 0
16449 40 0
32833 40 0
321 136 0
577 136 0
1089 136 0
2113 136 0
4161 136 0
8257 136 0
16449 136 0
32833 136 0
193 264 0
577 264 0
1089 264 0
2113 264 0
4161 264 0
8257 264 0
16449 264 0
32833 264 0
193 520 0
321 520 0
1089 520 0
2113 520 0
4161 520 0
8257 520 0
16449 520 0
32833 520 0
193 1032 0
321 1032 0
577 1032 0
2113 1032 0
4161 1032 0
8257 1032 0
16449 1032 0
32833 1032 0
193 2056 0
321 2056 0
577 2056 0
1089 2056 0
4161 2056 0
8257 2056 0
16449 2056 0
32833 2056 0
193 4104 0
321 4104 0
577 4104 0
1089 4104 0
2113 4104 0
8257 4104 0
16449 4104 0
32833 4104 0
193 8200 0
321 8200 0
577 8200 0
1089 8200 0
2113 8200 0
4161 8200 0
16449 8200 0
32833 8200 0
193 16392 0
321 16392 0
577 16392 0
1089 16392 0
2113 16392 0
4161 16392 0
8257 16392 0
32833 16392 0
193 32776 0
321 32776 0
577 32776 0
1089 32776 0
2113 32776 0
4161 32776 0
8257 32776 0
16449 32776 0
385 24 0
641 24 0
1153 24 0
2177 24 0
4225 24 0
8321 24 0
16513 24 0
32897 24 0
385 40 0
641 40 0
1153 40 0
2177 40 0
4225 40 0
8321 40 0
16513 40 0
32897 40 0
385 72 0
641 72 0
1153 72 0
2177 72 0
4225 72 0
8321 72 0
16513 72 0
32897 72 0
641 264 0
1153 264 0
2177 264 0
4225 264 0
8321 264 0
16513 264 0
32897 264 0
385 520 0
1153 520 0
2177 520 0
4225 520 0
8321 520 0
16513 520 0
32897 520 0
385 1032 0
641 1032 0
2177 1032 0
4225 1032 0
8321 1032 0
16513 1032 0
32897 1032 0
385 2056 0
641 2056 0
1153 2056 0
4225 2056 0
8321 2056 0
16513 2056 0
32897 2056 0
385 4104 0
641 4104 0
1153 4104 0
2177 4104 0
8321 4104 0
16513 4104 0
32897 4104 0
385 8200 0
641 8200 0
1153 8200 0
2177 8200 0
4225 8200 0
16513 8200 0
32897 8200 0
385 16392 0
641 16392 0
1153 16392 0
2177 16392 0
4225 16392 0
8321 16392 0
32897 16392 0
385 32776 0
641 32776 0
1153 32776 0
2177 32776 0
4225 32776 0
8321 32776 0
16513 32776 0
769 24 0
1281 24 0
2305 24 0
4353 24 0
8449 24 0
16641 24 0
33025 24 0
769 40 0
1281 40 0
2305 40 0
4353 40 0
8449 40 0
16641 40 0
33025 40 0
769 72 0
1281 72 0
2305 72 0
4353 72 0
8449 72 0
16641 72 0
33025 72 0
769 136 0
1281 136 0
2305 136 0
4353 136 0
8449 136 0
16641 136 0
33025 136 0
1281 520 0
2305 520 0
4353 520 0
8449 520 0
16641 520 0
33025 520 0
769 1032 0
2305 1032 0
4353 1032 0
8449 1032 0
16641 1032 0
33025 1032 0
769 2056 0
1281 2056 0
4353 2056 0
8449 2056 0
16641 2056 0
33025 2056 0
769 4104 0
1281 4104 0
2305 4104 0
8449 4104 0
16641 4104 0
33025 4104 0
769 8200 0
1281 8200 0
2305 8200 0
4353 8200 0
16641 8200 0
33025 8200 0
769 16392 0
1281 16392 0
2305 16392 0
4353 16392 0
8449 16392 0
33025 16392 0
769 32776 0
1281 32776 0
2305 32776 0
4353 32776 0
8449 32776 0
16641 32776 0
1537 24 0
2561 24 0
4609 24 0
8705 24 0
16897 24 0
33281 24 0
1537 40 0
2561 40 0
4609 40 0
8705 40 0
16897 40 0
33281 40 0
1537 72 0
2561 72 0
4609 72 0
8705 72 0
16897 72 0
33281 72 0
1537 136 0
2561 136 0
4609 136 0
8705 136 0
16897 136 0
33281 136 0
1537 264 0
2561 264 0
4609 264 0
8705 264 0
16897 264 0
33281 264 0
2561 1032 0
4609 1032 0
8705 1032 0
16897 1032 0
33281 1032 0
1537 2056 0
4609 2056 0
8705 2056 0
16897 2056 0
33281 2056 0
1537 4104 0
2561 4104 0
8705 4104 0
16897 4104 0
33281 4104 0
1537 8200 0
2561 8200 0
4609 8200 0
16897 8200 0
33281 8200 0
1537 16392 0
2561 16392 0
4609 16392 0
8705 16392 0
33281 16392 0
1537 32776 0
2561 32776 0
4609 32776 0
8705 32776 0
16897 32776 0
3073 24 0
5121 24 0
9217 24 0
17409 24 0
33793 24 0
3073 40 0
5121 40 0
9217 40 0
17409 40 0
33793 40 0
3073 72 0
5121 72 0
9217 72 0
17409 72 0
33793 72 0
3073 136 0
5121 136 0
9217 136 0
17409 136 0
33793 136 0
3073 264 0
5121 264 0
9217 264 0
17409 264 0
33793 264 0
3073 520 0
5121 520 0
9217 520 0
17409 520 0
33793 520 0
5121 2056 0
9217 2056 0
17409 2056 0
33793 2056 0
3073 4104 0
9217 4104 0
17409 4104 0
33793 4104 0
3073 8200 0
5121 8200 0
17409 8200 0
33793 8200 0
3073 16392 0
5121 16392 0
9217 16392 0
33793 16392 0
3073 32776 0
5121 32776 0
9217 32776 0
17409 32776 0
6145 24 0
10241 24 0
18433 24 0
34817 24 0
6145 40 0
10241 40 0
18433 40 0
34817 40 0
6145 72 0
10241 72 0
18433 72 0
34817 72 0
6145 136 0
10241 136 0
18433 136 0
34817 136 0
6145 264 0
10241 264 0
18433 264 0
34817 264 0
6145 520 0
10241 520 0
18433 520 0
34817 520 0
6145 1032 0
10241 1032 0
18433 1032 0
34817 1032 0
10241 4104 0
18433 4104 0
34817 4104 0
6145 8200 0
18433 8200 0
34817 8200 0
6145 16392 0
10241 16392 0
34817 16392 0
6145 32776 0
10241 32776 0
18433 32776 0
12289 24 0
20481 24 0
36865 24 0
12289 40 0
20481 40 0
36865 40 0
12289 72 0
20481 72 0
36865 72 0
12289 136 0
20481 136 0
36865 136 0
12289 264 0
20481 264 0
36865 264 0
12289 520 0
20481 520 0
36865 520 0
12289 1032 0
20481 1032 0
36865 1032 0
12289 2056 0
20481 2056 0
36865 2056 0
20481 8200 0
36865 8200 0
12289 16392 0
36865 16392 0
12289 32776 0
20481 32776 0
24577 24 0
40961 24 0
24577 40 0
40961 40 0
24577 72 0
40961 72 0
24577 136 0
40961 136 0
24577 264 0
40961 264 0
24577 520 0
40961 520 0
24577 1032 0
40961 1032 0
24577 2056 0
40961 2056 0
24577 4104 0
40961 4104 0
40961 16392 0
24577 32776 0
49153 24 0
49153 40 0
49153 72 0
49153 136 0
49153 264 0
49153 520 0
49153 1032 0
49153 2056 0
49153 4104 0
49153 8200 0
7 48 0
11 48 0
67 48 0
131 48 0
259 48 0
515 48 0
1027 48 0
2051 48 0
4099 48 0
8195 48 0
16387 48 0
32771 48 0
7 80 0
11 80 0
35 80 0
131 80 0
259 80 0
515 80 0
1027 80 0
2051 80 0
4099 80 0
8195 80 0
16387 80 0
32771 80 0
7 144 0
11 144 0
35 144 0
67 144 0
259 144 0
515 144 0
1027 144 0
2051 144 0
4099 144 0
8195 144 0
16387 144 0
32771 144 0
7 272 0
11 272 0
35 272 0
67 272 0
131 272 0
515 272 0
1027 272 0
2051 272 0
4099 272 0
8195 272 0
16387 272 0
32771 272 0
7 528 0
11 528 0
35 528 0
67 528 0
131 528 0
259 528 0
1027 528 0
2051 528 0
4099 528 0
8195 528 0
16387 528 0
32771 528 0
7 1040 0
11 1040 0
35 1040 0
67 1040 0
131 1040 0
259 1040 0
515 1040 0
2051 1040 0
4099 1040 0
8195 1040 0
16387 1040 0
32771 1040 0
7 2064 0
11 2064 0
35 2064 0
67 2064 0
131 2064 0
259 2064 0
515 2064 0
1027 2064 0
4099 2064 0
8195 2064 0
16387 2064 0
32771 2064 0
7 4112 0
11 4112 0
35 4112 0
67 4112 0
131 4112 0
259 4112 0
515 4112 0
1027 4112 0
2051 4112 0
8195 4112 0
16387 4112 0
32771 4112 0
7 8208 0
11 8208 0
35 8208 0
67 8208 0
131 8208 0
259 8208 0
515 8208 0
1027 8208 0
2051 8208 0
4099 8208 0
16387 8208 0
32771 8208 0
7 16400 0
11 16400 0
35 16400 0
67 16400 0
131 16400 0
259 16400 0
515 16400 0
1027 16400 0
2051 16400 0
4099 16400 0
8195 16400 0
32771 16400 0
7 32784 0
11 32784 0
35 32784 0
67 32784 0
131 32784 0
259 32784 0
515 32784 0
1027 32784 0
2051 32784 0
4099 32784 0
8195 32784 0
16387 32784 0
13 48 0
69 48 0
133 48 0
261 48 0
517 48 0
1029 48 0
2053 48 0
4101 48 0
8197 48 0
16389 48 0
32773 48 0
13 80 0
37 80 0
133 80 0
261 80 0
517 80 0
1029 80 0
2053 80 0
4101 80 0
8197 80 0
16389 80 0
32773 80 0
13 144 0
37 144 0
69 144 0
261 144 0
517 144 0
1029 144 0
2053 144 0
4101 144 0
8197 144 0
16389 144 0
32773 144 0
13 272 0
37 272 0
69 272 0
133 272 0
517 272 0
1029 272 0
2053 272 0
4101 272 0
8197 272 0
16389 272 0
32773 272 0
13 528 0
37 528 0
69 528 0
133 528 0
261 528 0
1029 528 0
2053 528 0
4101 528 0
8197 528 0
16389 528 0
32773 528 0
13 1040 0
37 1040 0
69 1040 0
133 1040 0
261 1040 0
517 1040 0
2053 1040 0
4101 1040 0
8197 1040 0
16389 1040 0
32773 1040 0
13 2064 0
37 2064 0
69 2064 0
133 2064 0
261 2064 0
517 2064 0
1029 2064 0
4101 2064 0
8197 2064 0
16389 2064 0
32773 2064 0
13 4112 0
37 4112 0
69 4112 0
133 4112 0
261 4112 0
517 4112 0
1029 4112 0
2053 4112 0
8197 4112 0
16389 4112 0
32773 4112 0
13 8208 0
37 8208 0
69 8208 0
133 8208 0
261 8208 0
517 8208 0
1029 8208 0
2053 8208 0
4101 8208 0
16389 8208 0
32773 8208 0
13 16400 0
37 16400 0
69 16400 0
133 16400 0
261 16400 0
517 16400 0
1029 16400 0
2053 16400 0
4101 16400 0
8197 16400 0
32773 16400 0
13 32784 0
37 32784 0
69 32784 0
133 32784 0
261 32784 0
517 32784 0
1029 32784 0
2053 32784 0
4101 32784 0
8197 32784 0
16389 32784 0
73 48 0
137 48 0
265 48 0
521 48 0
1033 48 0
2057 48 0
4105 48 0
8201 48 0
16393 48 0
32777 48 0
41 80 0
137 80 0
265 80 0
521 80 0
1033 80 0
2057 80 0
4105 80 0
8201 80 0
16393 80 0
32777 80 0
41 144 0
73 144 0
265 144 0
521 144 0
1033 144 0
2057 144 0
4105 144 0
8201 144 0
16393 144 0
32777 144 0
41 272 0
73 272 0
137 272 0
521 272 0
1033 272 0
2057 272 0
4105 272 0
8201 272 0
16393 272 0
32777 272 0
41 528 0
73 528 0
137 528 0
265 528 0
1033 528 0
2057 528 0
4105 528 0
8201 528 0
16393 528 0
32777 528 0
41 1040 0
73 1040 0
137 1040 0
265 1040 0
521 1040 0
2057 1040 0
4105 1040 0
8201 1040 0
16393 1040 0
32777 1040 0
41 2064 0
73 2064 0
137 2064 0
265 2064 0
521 2064 0
1033 2064 0
4105 2064 0
8201 2064 0
16393 2064 0
32777 2064 0
41 4112 0
73 4112 0
137 4112 0
265 4112 0
521 4112 0
1033 4112 0
2057 4112 0
8201 4112 0
16393 4112 0
32777 4112 0
41 8208 0
73 8208 0
137 8208 0
265 8208 0
521 8208 0
1033 8208 0
2057 8208 0
4105 8208 0
16393 8208 0
32777 8208 0
41 16400 0
73 16400 0
137 16400 0
265 16400 0
521 16400 0
1033 16400 0
2057 16400 0
4105 16400 0
8201 16400 0
32777 16400 0
41 32784 0
73 32784 0
137 32784 0
265 32784 0
521 32784 0
1033 32784 0
2057 32784 0
4105 32784 0
8201 32784 0
16393 32784 0
161 80 0
289 80 0
545 80 0
1057 80 0
2081 80 0
4129 80 0
8225 80 0
16417 80 0
32801 80 0
97 144 0
289 144 0
545 144 0
1057 144 0
2081 144 0
4129 144 0
8225 144 0
16417 144 0
32801 144 0
97 272 0
161 272 0
545 272 0
1057 272 0
2081 272 0
4129 272 0
8225 272 0
16417 272 0
32801 272 0
97 528 0
161 528 0
289 528 0
1057 528 0
2081 528 0
4129 528 0
8225 528 0
16417 528 0
32801 528 0
97 1040 0
161 1040 0
289 1040 0
545 1040 0
2081 1040 0
4129 1040 0
8225 1040 0
16417 1040 0
32801 1040 0
97 2064 0
161 2064 0
289 2064 0
545 2064 0
1057 2064 0
4129 2064 0
8225 2064 0
16417 2064 0
32801 2064 0
97 4112 0
161 4112 0
289 4112 0
545 4112 0
1057 4112 0
2081 4112 0
8225 4112 0
16417 4112 0
32801 4112 0
97 8208 0
161 8208 0
289 8208 0
545 8208 0
1057 8208 0
2081 8208 0
4129 8208 0
16417 8208 0
32801 8208 0
97 16400 0
161 16400 0
289 16400 0
545 16400 0
1057 16400 0
2081 16400 0
4129 16400 0
8225 16400 0
32801 16400 0
97 32784 0
161 32784 0
289 32784 0
545 32784 0
1057 32784 0
2081 32784 0
4129 32784 0
8225 32784 0
16417 32784 0
193 48 0
321 48 0
577 48 0
1089 48 0
2113 48 0
4161 48 0
8257 48 0
16449 48 0
32833 48 0
321 144 0
577 144 0
1089 144 0
2113 144 0
4161 144 0
8257 144 0
16449 144 0
32833 144 0
193 272 0
577 272 0
1089 272 0
2113 272 0
4161 272 0
8257 272 0
16449 272 0
32833 272 0
193 528 0
321 528 0
1089 528 0
2113 528 0
4161 528 0
8257 528 0
16449 528 0
32833 528 0
193 1040 0
321 1040 0
577 1040 0
2113 1040 0
4161 1040 0
8257 1040 0
16449 1040 0
32833 1040 0
193 2064 0
321 2064 0
577 2064 0
1089 2064 0
4161 2064 0
8257 2064 0
16449 2064 0
32833 2064 0
193 4112 0
321 4112 0
577 4112 0
1089 4112 0
2113 4112 0
8257 4112 0
16449 4112 0
32833 4112 0
193 8208 0
321 8208 0
577 8208 0
1089 8208 0
2113 8208 0
4161 8208 0
16449 8208 0
32833 8208 0
193 16400 0
321 16400 0
577 16400 0
1089 16400 0
2113 16400 0
4161 16400 0
8257 16400 0
32833 16400 0
193 32784 0
321 32784 0
577 32784 0
1089 32784 0
2113 32784 0
4161 32784 0
8257 32784 0
16449 32784 0
385 48 0
641 48 0
1153 48 0
2177 48 0
4225 48 0
8321 48 0
16513 48 0
32897 48 0
385 80 0
641 80 0
1153 80 0
2177 80 0
4225 80 0
8321 80 0
16513 80 0
32897 80 0
641 272 0
1153 272 0
2177 272 0
4225 272 0
8321 272 0
16513 272 0
32897 272 0
385 528 0
1153 528 0
2177 528 0
4225 528 0
8321 528 0
16513 528 0
32897 528 0
385 1040 0
641 1040 0
2177 1040 0
4225 1040 0
8321 1040 0
16513 1040 0
32897 1040 0
385 2064 0
641 2064 0
1153 2064 0
4225 2064 0
8321 2064 0
16513 2064 0
32897 2064 0
385 4112 0
641 4112 0
1153 4112 0
2177 4112 0
8321 4112 0
16513 4112 0
32897 4112 0
385 8208 0
641 8208 0
1153 8208 0
2177 8208 0
4225 8208 0
16513 8208 0
32897 8208 0
385 16400 0
641 16400 0
1153 16400 0
2177 16400 0
4225 16400 0
8321 16400 0
32897 16400 0
385 32784 0
641 32784 0
1153 32784 0
2177 32784 0
4225 32784 0
8321 32784 0
16513 32784 0
769 48 0
1281 48 0
2305 48 0
4353 48 0
8449 48 0
16641 48 0
33025 48 0
769 80 0
1281 80 0
2305 80 0
4353 80 0
8449 80 0
16641 80 0
33025 80 0
769 144 0
1281 144 0
2305 144 0
4353 144 0
8449 144 0
16641 144 0
33025 144 0
1281 528 0
2305 528 0
4353 528 0
8449 528 0
16641 528 0
33025 528 0
769 1040 0
2305 1040 0
4353 1040 0
8449 1040 0
16641 1040 0
33025 1040 0
769 2064 0
1281 2064 0
4353 2064 0
8449 2064 0
16641 2064 0
33025 2064 0
769 4112 0
1281 4112 0
2305 4112 0
8449 4112 0
16641 4112 0
33025 4112 0
769 8208 0
1281 8208 0
2305 8208 0
4353 8208 0
16641 8208 0
33025 8208 0
769 16400 0
1281 16400 0
2305 16400 0
4353 16400 0
8449 16400 0
33025 16400 0
769 32784 0
1281 32784 0
2305 32784 0
4353 32784 0
8449 32784 0
16641 32784 0
1537 48 0
2561 48 0
4609 48 0
8705 48 0
16897 48 0
33281 48 0
1537 80 0
2561 80 0
4609 80 0
8705 80 0
16897 80 0
33281 80 0
1537 144 0
2561 144 0
4609 144 0
8705 144 0
16897 144 0
33281 144 0
1537 272 0
2561 272 0
4609 272 0
8705 272 0
16897 272 0
33281 272 0
2561 1040 0
4609 1040 0
8705 1040 0
16897 1040 0
33281 1040 0
1537 2064 0
4609 2064 0
8705 2064 0
16897 2064 0
33281 2064 0
1537 4112 0
2561 4112 0
8705 4112 0
16897 4112 0
33281 4112 0
1537 8208 0
2561 8208 0
4609 8208 0
16897 8208 0
33281 8208 0
1537 16400 0
2561 16400 0
4609 16400 0
8705 16400 0
33281 16400 0
1537 32784 0
2561 32784 0
4609 32784 0
8705 32784 0
16897 32784 0
3073 48 0
5121 48 0
9217 48 0
17409 48 0
33793 48 0
3073 80 0
5121 80 0
9217 80 0
17409 80 0
33793 80 0
3073 144 0
5121 144 0
9217 144 0
17409 144 0
33793 144 0
3073 272 0
5121 272 0
9217 272 0
17409 272 0
33793 272 0
3073 528 0
5121 528 0
9217 528 0
17409 528 0
33793 528 0
5121 2064 0
9217 2064 0
17409 2064 0
33793 2064 0
3073 4112 0
9217 4112 0
17409 4112 0
33793 4112 0
3073 8208 0
5121 8208 0
17409 8208 0
33793 8208 0
3073 16400 0
5121 16400 0
9217 16400 0
33793 16400 0
3073 32784 0
5121 32784 0
9217 32784 0
17409 32784 0
6145 48 0
10241 48 0
18433 48 0
34817 48 0
6145 80 0
10241 80 0
18433 80 0
34817 80 0
6145 144 0
10241 144 0
18433 144 0
34817 144 0
6145 272 0
10241 272 0
18433 272 0
34817 272 0
6145 528 0
10241 528 0
18433 528 0
34817 528 0
6145 1040 0
10241 1040 0
18433 1040 0
34817 1040 0
10241 4112 0
18433 4112 0
34817 4112 0
6145 8208 0
18433 8208 0
34817 8208 0
6145 16400 0
10241 16400 0
34817 16400 0
6145 32784 0
10241 32784 0
18433 32784 0
12289 48 0
20481 48 0
36865 48 0
12289 80 0
20481 80 0
36865 80 0
12289 144 0
20481 144 0
36865 144 0
12289 272 0
20481 272 0
36865 272 0
12289 528 0
20481 528 0
36865 528 0
12289 1040 0
20481 1040 0
36865 1040 0
12289 2064 0
20481 2064 0
36865 2064 0
20481 8208 0
36865 8208 0
12289 16400 0
36865 16400 0
12289 32784 0
20481 32784 0
24577 48 0
40961 48 0
24577 80 0
40961 80 0
24577 144 0
40961 144 0
24577 272 0
40961 272 0
24577 528 0
40961 528 0
24577 1040 0
40961 1040 0
24577 2064 0
40961 2064 0
24577 4112 0
40961 4112 0
40961 16400 0
24577 32784 0
49153 48 0
49153 80 0
49153 144 0
49153 272 0
49153 528 0
49153 1040 0
49153 2064 0
49153 4112 0
49153 8208 0
7 96 0
11 96 0
19 96 0
131 96 0
259 96 0
515 96 0
1027 96 0
2051 96 0
4099 96 0
8195 96 0
16387 96 0
32771 96 0
7 160 0
11 160 0
19 160 0
67 160 0
259 160 0
515 160 0
1027 160 0
2051 160 0
4099 160 0
8195 160 0
16387 160 0
32771 160 0
7 288 0
11 288 0
19 288 0
67 288 0
131 288 0
515 288 0
1027 288 0
2051 288 0
4099 288 0
8195 288 0
16387 288 0
32771 288 0
7 544 0
11 544 0
19 544 0
67 544 0
131 544 0
259 544 0
1027 544 0
2051 544 0
4099 544 0
8195 544 0
16387 544 0
32771 544 0
7 1056 0
11 1056 0
19 1056 0
67 1056 0
131 1056 0
259 1056 0
515 1056 0
2051 1056 0
4099 1056 0
8195 1056 0
16387 1056 0
32771 1056 0
7 2080 0
11 2080 0
19 2080 0
67 2080 0
131 2080 0
259 2080 0
515 2080 0
1027 2080 0
4099 2080 0
8195 2080 0
16387 2080 0
32771 2080 0
7 4128 0
11 4128 0
19 4128 0
67 4128 0
131 4128 0
259 4128 0
515 4128 0
1027 4128 0
2051 4128 0
8195 4128 0
16387 4128 0
32771 4128 0
7 8224 0
11 8224 0
19 8224 0
67 8224 0
131 8224 0
259 8224 0
515 8224 0
1027 8224 0
2051 8224 0
4099 8224 0
16387 8224 0
32771 8224 0
7 16416 0
11 16416 0
19 16416 0
67 16416 0
131 16416 0
259 16416 0
515 16416 0
1027 16416 0
2051 16416 0
4099 16416 0
8195 16416 0
32771 16416 0
7 32800 0
11 32800 0
19 32800 0
67 32800 0
131 32800 0
259 32800 0
515 32800 0
1027 32800 0
2051 32800 0
4099 32800 0
8195 32800 0
16387 32800 0
13 96 0
21 96 0
133 96 0
261 96 0
517 96 0
1029 96 0
2053 96 0
4101 96 0
8197 96 0
16389 96 0
32773 96 0
13 160 0
21 160 0
69 160 0
261 160 0
517 160 0
1029 160 0
2053 160 0
4101 160 0
8197 160 0
16389 160 0
32773 160 0
13 288 0
21 288 0
69 288 0
133 288 0
517 288 0
1029 288 0
2053 288 0
4101 288 0
8197 288 0
16389 288 0
32773 288 0
13 544 0
21 544 0
69 544 0
133 544 0
261 544 0
1029 544 0
2053 544 0
4101 544 0
8197 544 0
16389 544 0
32773 544 0
13 1056 0
21 1056 0
69 1056 0
133 1056 0
261 1056 0
517 1056 0
2053 1056 0
4101 1056 0
8197 1056 0
16389 1056 0
32773 1056 0
13 2080 0
21 2080 0
69 2080 0
133 2080 0
261 2080 0
517 2080 0
1029 2080 0
4101 2080 0
8197 2080 0
16389 2080 0
32773 2080 0
13 4128 0
21 4128 0
69 4128 0
133 4128 0
261 4128 0
517 4128 0
1029 4128 0
2053 4128 0
8197 4128 0
16389 4128 0
32773 4128 0
13 8224 0
21 8224 0
69 8224 0
133 8224 0
261 8224 0
517 8224 0
1029 8224 0
2053 8224 0
4101 8224 0
16389 8224 0
32773 8224 0
13 16416 0
21 16416 0
69 16416 0
133 16416 0
261 16416 0
517 16416 0
1029 16416 0
2053 16416 0
4101 16416 0
8197 16416 0
32773 16416 0
13 32800 0
21 32800 0
69 32800 0
133 32800 0
261 32800 0
517 32800 0
1029 32800 0
2053 32800 0
4101 32800 0
8197 32800 0
16389 32800 0
25 96 0
137 96 0
265 96 0
521 96 0
1033 96 0
2057 96 0
4105 96 0
8201 96 0
16393 96 0
32777 96 0
25 160 0
73 160 0
265 160 0
521 160 0
1033 160 0
2057 160 0
4105 160 0
8201 160 0
16393 160 0
32777 160 0
25 288 0
73 288 0
137 288 0
521 288 0
1033 288 0
2057 288 0
4105 288 0
8201 288 0
16393 288 0
32777 288 0
25 544 0
73 544 0
137 544 0
265 544 0
1033 544 0
2057 544 0
4105 544 0
8201 544 0
16393 544 0
32777 544 0
25 1056 0
73 1056 0
137 1056 0
265 1056 0
521 1056 0
2057 1056 0
4105 1056 0
8201 1056 0
16393 1056 0
32777 1056 0
25 2080 0
73 2080 0
137 2080 0
265 2080 0
521 2080 0
1033 2080 0
4105 2080 0
8201 2080 0
16393 2080 0
32777 2080 0
25 4128 0
73 4128 0
137 4128 0
265 4128 0
521 4128 0
1033 4128 0
2057 4128 0
8201 4128 0
16393 4128 0
32777 4128 0
25 8224 0
73 8224 0
137 8224 0
265 8224 0
521 8224 0
1033 8224 0
2057 8224 0
4105 8224 0
16393 8224 0
32777 8224 0
25 16416 0
73 16416 0
137 16416 0
265 16416 0
521 16416 0
1033 16416 0
2057 16416 0
4105 16416 0
8201 16416 0
32777 16416 0
25 32800 0
73 32800 0
137 32800 0
265 32800 0
521 32800 0
1033 32800 0
2057 32800 0
4105 32800 0
8201 32800 0
16393 32800 0
145 96 0
273 96 0
529 96 0
1041 96 0
2065 96 0
4113 96 0
8209 96 0
16401 96 0
32785 96 0
81 160 0
273 160 0
529 160 0
1041 160 0
2065 160 0
4113 160 0
8209 160 0
16401 160 0
32785 160 0
81 288 0
145 288 0
529 288 0
1041 288 0
2065 288 0
4113 288 0
8209 288 0
16401 288 0
32785 288 0
81 544 0
145 544 0
273 544 0
1041 544 0
2065 544 0
4113 544 0
8209 544 0
16401 544 0
32785 544 0
81 1056 0
145 1056 0
273 1056 0
529 1056 0
2065 1056 0
4113 1056 0
8209 1056 0
16401 1056 0
32785 1056 0
81 2080 0
145 2080 0
273 2080 0
529 2080 0
1041 2080 0
4113 2080 0
8209 2080 0
16401 2080 0
32785 2080 0
81 4128 0
145 4128 0
273 4128 0
529 4128 0
1041 4128 0
2065 4128 0
8209 4128 0
16401 4128 0
32785 4128 0
81 8224 0
145 8224 0
273 8224 0
529 8224 0
1041 8224 0
2065 8224 0
4113 8224 0
16401 8224 0
32785 8224 0
81 16416 0
145 16416 0
273 16416 0
529 16416 0
1041 16416 0
2065 16416 0
4113 16416 0
8209 16416 0
32785 16416 0
81 32800 0
145 32800 0
273 32800 0
529 32800 0
1041 32800 0
2065 32800 0
4113 32800 0
8209 32800 0
16401 32800 0
321 160 0
577 160 0
1089 160 0
2113 160 0
4161 160 0
8257 160 0
16449 160 0
32833 160 0
193 288 0
577 288 0
1089 288 0
2113 288 0
4161 288 0
8257 288 0
16449 288 0
32833 288 0
193 544 0
321 544 0
1089 544 0
2113 544 0
4161 544 0
8257 544 0
16449 544 0
32833 544 0
193 1056 0
321 1056 0
577 1056 0
2113 1056 0
4161 1056 0
8257 1056 0
16449 1056 0
32833 1056 0
193 2080 0
321 2080 0
577 2080 0
1089 2080 0
4161 2080 0
8257 2080 0
16449 2080 0
32833 2080 0
193 4128 0
321 4128 0
577 4128 0
1089 4128 0
2113 4128 0
8257 4128 0
16449 4128 0
32833 4128 0
193 8224 0
321 8224 0
577 8224 0
1089 8224 0
2113 8224 0
4161 8224 0
16449 8224 0
32833 8224 0
193 16416 0
321 16416 0
577 16416 0
1089 16416 0
2113 16416 0
4161 16416 0
8257 16416 0
32833 16416 0
193 32800 0
321 32800 0
577 32800 0
1089 32800 0
2113 32800 0
4161 32800 0
8257 32800 0
16449 32800 0
385 96 0
641 96 0
1153 96 0
2177 96 0
4225 96 0
8321 96 0
16513 96 0
32897 96 0
641 288 0
1153 288 0
2177 288 0
4225 288 0
8321 288 0
16513 288 0
32897 288 0
385 544 0
1153 544 0
2177 544 0
4225 544 0
8321 544 0
16513 544 0
32897 544 0
385 1056 0
641 1056 0
2177 1056 0
4225 1056 0
8321 1056 0
16513 1056 0
32897 1056 0
385 2080 0
641 2080 0
1153 2080 0
4225 2080 0
8321 2080 0
16513 2080 0
32897 2080 0
385 4128 0
641 4128 0
1153 4128 0
2177 4128 0
8321 4128 0
16513 4128 0
32897 4128 0
385 8224 0
641 8224 0
1153 8224 0
2177 8224 0
4225 8224 0
16513 8224 0
32897 8224 0
385 16416 0
641 16416 0
1153 16416 0
2177 16416 0
4225 16416 0
8321 16416 0
32897 16416 0
385 32800 0
641 32800 0
1153 32800 0
2177 32800 0
4225 32800 0
8321 32800 0
16513 32800 0
769 96 0
1281 96 0
2305 96 0
4353 96 0
8449 96 0
16641 96 0
33025 96 0
769 160 0
1281 160 0
2305 160 0
4353 160 0
8449 160 0
16641 160 0
33025 160 0
1281 544 0
2305 544 0
4353 544 0
8449 544 0
16641 544 0
33025 544 0
769 1056 0
2305 1056 0
4353 1056 0
8449 1056 0
16641 1056 0
33025 1056 0
769 2080 0
1281 2080 0
4353 2080 0
8449 2080 0
16641 2080 0
33025 2080 0
769 4128 0
1281 4128 0
2305 4128 0
8449 4128 0
16641 4128 0
33025 4128 0
769 8224 0
1281 8224 0
2305 8224 0
4353 8224 0
16641 8224 0
33025 8224 0
769 16416 0
1281 16416 0
2305 16416 0
4353 16416 0
8449 16416 0
33025 16416 0
769 32800 0
1281 32800 0
2305 32800 0
4353 32800 0
8449 32800 0
16641 32800 0
1537 96 0
2561 96 0
4609 96 0
8705 96 0
16897 96 0
33281 96 0
1537 160 0
2561 160 0
4609 160 0
8705 160 0
16897 160 0
33281 160 0
1537 288 0
2561 288 0
4609 288 0
8705 288 0
16897 288 0
33281 288 0
2561 1056 0
4609 1056 0
8705 1056 0
16897 1056 0
33281 1056 0
1537 2080 0
4609 2080 0
8705 2080 0
16897 2080 0
33281 2080 0
1537 4128 0
2561 4128 0
8705 4128 0
16897 4128 0
33281 4128 0
1537 8224 0
2561 8224 0
4609 8224 0
16897 8224 0
33281 8224 0
1537 16416 0
2561 16416 0
4609 16416 0
8705 16416 0
33281 16416 0
1537 32800 0
2561 32800 0
4609 32800 0
8705 32800 0
16897 32800 0
3073 96 0
5121 96 0
9217 96 0
17409 96 0
33793 96 0
3073 160 0
5121 160 0
9217 160 0
17409 160 0
33793 160 0
3073 288 0
5121 288 0
9217 288 0
17409 288 0
33793 288 0
3073 544 0
5121 544 0
9217 544 0
17409 544 0
33793 544 0
5121 2080 0
9217 2080 0
17409 2080 0
33793 2080 0
3073 4128 0
9217 4128 0
17409 4128 0
33793 4128 0
3073 8224 0
5121 8224 0
17409 8224 0
33793 8224 0
3073 16416 0
5121 16416 0
9217 16416 0
33793 16416 0
3073 32800 0
5121 32800 0
9217 32800 0
17409 32800 0
6145 96 0
10241 96 0
18433 96 0
34817 96 0
6145 160 0
10241 160 0
18433 160 0
34817 160 0
6145 288 0
10241 288 0
18433 288 0
34817 288 0
6145 544 0
10241 544 0
18433 544 0
34817 544 0
6145 1056 0
10241 1056 0
18433 1056 0
34817 1056 0
10241 4128 0
18433 4128 0
34817 4128 0
6145 8224 0
18433 8224 0
34817 8224 0
6145 16416 0
10241 16416 0
34817 16416 0
6145 32800 0
10241 32800 0
18433 32800 0
12289 96 0
20481 96 0
36865 96 0
12289 160 0
20481 160 0
36865 160 0
12289 288 0
20481 288 0
36865 288 0
12289 544 0
20481 544 0
36865 544 0
12289 1056 0
20481 1056 0
36865 1056 0
12289 2080 0
20481 2080 0
36865 2080 0
20481 8224 0
36865 8224 0
12289 16416 0
36865 16416 0
12289 32800 0
20481 32800 0
24577 96 0
40961 96 0
24577 160 0
40961 160 0
24577 288 0
40961 288 0
24577 544 0
40961 544 0
24577 1056 0
40961 1056 0
24577 2080 0
40961 2080 0
24577 4128 0
40961 4128 0
40961 16416 0
24577 32800 0
49153 96 0
49153 160 0
49153 288 0
49153 544 0
49153 1056 0
49153 2080 0
49153 4128 0
49153 8224 0
7 192 0
11 192 0
19 192 0
35 192 0
259 192 0
515 192 0
1027 192 0
2051 192 0
4099 192 0
8195 192 0
16387 192 0
32771 192 0
7 320 0
11 320 0
19 320 0
35 320 0
131 320 0
515 320 0
1027 320 0
2051 320 0
4099 320 0
8195 320 0
16387 320 0
32771 320 0
7 576 0
11 576 0
19 576 0
35 576 0
131 576 0
259 576 0
1027 576 0
2051 576 0
4099 576 0
8195 576 0
16387 576 0
32771 576 0
7 1088 0
11 1088 0
19 1088 0
35 1088 0
131 1088 0
259 1088 0
515 1088 0
2051 1088 0
4099 1088 0
8195 1088 0
16387 1088 0
32771 1088 0
7 2112 0
11 2112 0
19 2112 0
35 2112 0
131 2112 0
259 2112 0
515 2112 0
1027 2112 0
4099 2112 0
8195 2112 0
16387 2112 0
32771 2112 0
7 4160 0
11 4160 0
19 4160 0
35 4160 0
131 4160 0
259 4160 0
515 4160 0
1027 4160 0
2051 4160 0
8195 4160 0
16387 4160 0
32771 4160 0
7 8256 0
11 8256 0
19 8256 0
35 8256 0
131 8256 0
259 8256 0
515 8256 0
1027 8256 0
2051 8256 0
4099 8256 0
16387 8256 0
32771 8256 0
7 16448 0
11 16448 0
19 16448 0
35 16448 0
131 16448 0
259 16448 0
515 16448 0
1027 16448 0
2051 16448 0
4099 16448 0
8195 16448 0
32771 16448 0
7 32832 0
11 32832 0
19 32832 0
35 32832 0
131 32832 0
259 32832 0
515 32832 0
1027 32832 0
2051 32832 0
4099 32832 0
8195 32832 0
16387 32832 0
13 192 0
21 192 0
37 192 0
261 192 0
517 192 0
1029 192 0
2053 192 0
4101 192 0
8197 192 0
16389 192 0
32773 192 0
13 320 0
21 320 0
37 320 0
133 320 0
517 320 0
1029 320 0
2053 320 0
4101 320 0
8197 320 0
16389 320 0
32773 320 0
13 576 0
21 576 0
37 576 0
133 576 0
261 576 0
1029 576 0
2053 576 0
4101 576 0
8197 576 0
16389 576 0
32773 576 0
13 1088 0
21 1088 0
37 1088 0
133 1088 0
261 1088 0
517 1088 0
2053 1088 0
4101 1088 0
8197 1088 0
16389 1088 0
32773 1088 0
13 2112 0
21 2112 0
37 2112 0
133 2112 0
261 2112 0
517 2112 0
1029 2112 0
4101 2112 0
8197 2112 0
16389 2112 0
32773 2112 0
13 4160 0
21 4160 0
37 4160 0
133 4160 0
261 4160 0
517 4160 0
1029 4160 0
2053 4160 0
8197 4160 0
16389 4160 0
32773 4160 0
13 8256 0
21 8256 0
37 8256 0
133 8256 0
261 8256 0
517 8256 0
1029 8256 0
2053 8256 0
4101 8256 0
16389 8256 0
32773 8256 0
13 16448 0
21 16448 0
37 16448 0
133 16448 0
261 16448 0
517 16448 0
1029 16448 0
2053 16448 0
4101 16448 0
8197 16448 0
32773 16448 0
13 32832 0
21 32832 0
37 32832 0
133 32832 0
261 32832 0
517 32832 0
1029 32832 0
2053 32832 0
4101 32832 0
8197 32832 0
16389 32832 0
25 192 0
41 192 0
265 192 0
521 192 0
1033 192 0
2057 192 0
4105 192 0
8201 192 0
16393 192 0
32777 192 0
25 320 0
41 320 0
137 320 0
521 320 0
1033 320 0
2057 320 0
4105 320 0
8201 320 0
16393 320 0
32777 320 0
25 576 0
41 576 0
137 576 0
265 576 0
1033 576 0
2057 576 0
4105 576 0
8201 576 0
16393 576 0
32777 576 0
25 1088 0
41 1088 0
137 1088 0
265 1088 0
521 1088 0
2057 1088 0
4105 1088 0
8201 1088 0
16393 1088 0
32777 1088 0
25 2112 0
41 2112 0
137 2112 0
265 2112 0
521 2112 0
1033 2112 0
4105 2112 0
8201 2112 0
16393 2112 0
32777 2112 0
25 4160 0
41 4160 0
137 4160 0
265 4160 0
521 4160 0
1033 4160 0
2057 4160 0
8201 4160 0
16393 4160 0
32777 4160 0
25 8256 0
41 8256 0
137 8256 0
265 8256 0
521 8256 0
1033 8256 0
2057 8256 0
4105 8256 0
16393 8256 0
32777 8256 0
25 16448 0
41 16448 0
137 16448 0
265 16448 0
521 16448 0
1033 16448 0
2057 16448 0
4105 16448 0
8201 16448 0
32777 16448 0
25 32832 0
41 32832 0
137 32832 0
265 32832 0
521 32832 0
1033 32832 0
2057 32832 0
4105 32832 0
8201 32832 0
16393 32832 0
49 192 0
273 192 0
529 192 0
1041 192 0
2065 192 0
4113 192 0
8209 192 0
16401 192 0
32785 192 0
49 320 0
145 320 0
529 320 0
1041 320 0
2065 320 0
4113 320 0
8209 320 0
16401 320 0
32785 320 0
49 576 0
145 576 0
273 576 0
1041 576 0
2065 576 0
4113 576 0
8209 576 0
16401 576 0
32785 576 0
49 1088 0
145 1088 0
273 1088 0
529 1088 0
2065 1088 0
4113 1088 0
8209 1088 0
16401 1088 0
32785 1088 0
49 2112 0
145 2112 0
273 2112 0
529 2112 0
1041 2112 0
4113 2112 0
8209 2112 0
16401 2112 0
32785 2112 0
49 4160 0
145 4160 0
273 4160 0
529 4160 0
1041 4160 0
2065 4160 0
8209 4160 0
16401 4160 0
32785 4160 0
49 8256 0
145 8256 0
273 8256 0
529 8256 0
1041 8256 0
2065 8256 0
4113 8256 0
16401 8256 0
32785 8256 0
49 16448 0
145 16448 0
273 16448 0
529 16448 0
1041 16448 0
2065 16448 0
4113 16448 0
8209 16448 0
32785 16448 0
49 32832 0
145 32832 0
273 32832 0
529 32832 0
1041 32832 0
2065 32832 0
4113 32832 0
8209 32832 0
16401 32832 0
289 192 0
545 192 0
1057 192 0
2081 192 0
4129 192 0
8225 192 0
16417 192 0
32801 192 0
161 320 0
545 320 0
1057 320 0
2081 320 0
4129 320 0
8225 320 0
16417 320 0
32801 320 0
161 576 0
289 576 0
1057 576 0
2081 576 0
4129 576 0
8225 576 0
16417 576 0
32801 576 0
161 1088 0
289 1088 0
545 1088 0
2081 1088 0
4129 1088 0
8225 1088 0
16417 1088 0
32801 1088 0
161 2112 0
289 2112 0
545 2112 0
1057 2112 0
4129 2112 0
8225 2112 0
16417 2112 0
32801 2112 0
161 4160 0
289 4160 0
545 4160 0
1057 4160 0
2081 4160 0
8225 4160 0
16417 4160 0
32801 4160 0
161 8256 0
289 8256 0
545 8256 0
1057 8256 0
2081 8256 0
4129 8256 0
16417 8256 0
32801 8256 0
161 16448 0
289 16448 0
545 16448 0
1057 16448 0
2081 16448 0
4129 16448 0
8225 16448 0
32801 16448 0
161 32832 0
289 32832 0
545 32832 0
1057 32832 0
2081 32832 0
4129 32832 0
8225 32832 0
16417 32832 0
641 320 0
1153 320 0
2177 320 0
4225 320 0
8321 320 0
16513 320 0
32897 320 0
385 576 0
1153 576 0
2177 576 0
4225 576 0
8321 576 0
16513 576 0
32897 576 0
385 1088 0
641 1088 0
2177 1088 0
4225 1088 0
8321 1088 0
16513 1088 0
32897 1088 0
385 2112 0
641 2112 0
1153 2112 0
4225 2112 0
8321 2112 0
16513 2112 0
32897 2112 0
385 4160 0
641 4160 0
1153 4160 0
2177 4160 0
8321 4160 0
16513 4160 0
32897 4160 0
385 8256 0
641 8256 0
1153 8256 0
2177 8256 0
4225 8256 0
16513 8256 0
32897 8256 0
385 16448 0
641 16448 0
1153 16448 0
2177 16448 0
4225 16448 0
8321 16448 0
32897 16448 0
385 32832 0
641 32832 0
1153 32832 0
2177 32832 0
4225 32832 0
8321 32832 0
16513 32832 0
769 192 0
1281 192 0
2305 192 0
4353 192 0
8449 192 0
16641 192 0
33025 192 0
1281 576 0
2305 576 0
4353 576 0
8449 576 0
16641 576 0
33025 576 0
769 1088 0
2305 1088 0
4353 1088 0
8449 1088 0
16641 1088 0
33025 1088 0
769 2112 0
1281 2112 0
4353 2112 0
8449 2112 0
16641 2112 0
33025 2112 0
769 4160 0
1281 4160 0
2305 4160 0
8449 4160 0
16641 4160 0
33025 4160 0
769 8256 0
1281 8256 0
2305 8256 0
4353 8256 0
16641 8256 0
33025 8256 0
769 16448 0
1281 16448 0
2305 16448 0
4353 16448 0
8449 16448 0
33025 16448 0
769 32832 0
1281 32832 0
2305 32832 0
4353 32832 0
8449 32832 0
16641 32832 0
1537 192 0
2561 192 0
4609 192 0
8705 192 0
16897 192 0
33281 192 0
1537 320 0
2561 320 0
4609 320 0
8705 320 0
16897 320 0
33281 320 0
2561 1088 0
4609 1088 0
8705 1088 0
16897 1088 0
33281 1088 0
1537 2112 0
4609 2112 0
8705 2112 0
16897 2112 0
33281 2112 0
1537 4160 0
2561 4160 0
8705 4160 0
16897 4160 0
33281 4160 0
1537 8256 0
2561 8256 0
4609 8256 0
16897 8256 0
33281 8256 0
1537 16448 0
2561 16448 0
4609 16448 0
8705 16448 0
33281 16448 0
1537 32832 0
2561 32832 0
4609 32832 0
8705 32832 0
16897 32832 0
3073 192 0
5121 192 0
9217 192 0
17409 192 0
33793 192 0
3073 320 0
5121 320 0
9217 320 0
17409 320 0
33793 320 0
3073 576 0
5121 576 0
9217 576 0
17409 576 0
33793 576 0
5121 2112 0
9217 2112 0
17409 2112 0
33793 2112 0
3073 4160 0
9217 4160 0
17409 4160 0
33793 4160 0
3073 8256 0
5121 8256 0
17409 8256 0
33793 8256 0
3073 16448 0
5121 16448 0
9217 16448 0
33793 16448 0
3073 32832 0
5121 32832 0
9217 32832 0
17409 32832 0
6145 192 0
10241 192 0
18433 192 0
34817 192 0
6145 320 0
10241 320 0
18433 320 0
34817 320 0
6145 576 0
10241 576 0
18433 576 0
34817 576 0
6145 1088 0
10241 1088 0
18433 1088 0
34817 1088 0
10241 4160 0
18433 4160 0
34817 4160 0
6145 8256 0
18433 8256 0
34817 8256 0
6145 16448 0
10241 16448 0
34817 16448 0
6145 32832 0
10241 32832 0
18433 32832 0
12289 192 0
20481 192 0
36865 192 0
12289 320 0
20481 320 0
36865 320 0
12289 576 0
20481 576 0
36865 576 0
12289 1088 0
20481 1088 0
36865 1088 0
12289 2112 0
20481 2112 0
36865 2112 0
20481 8256 0
36865 8256 0
12289 16448 0
36865 16448 0
12289 32832 0
20481 32832 0
24577 192 0
40961 192 0
24577 320 0
40961 320 0
24577 576 0
40961 576 0
24577 1088 0
40961 1088 0
24577 2112 0
40961 2112 0
24577 4160 0
40961 4160 0
40961 16448 0
24577 32832 0
49153 192 0
49153 320 0
49153 576 0
49153 1088 0
49153 2112 0
49153 4160 0
49153 8256 0
7 384 0
11 384 0
19 384 0
35 384 0
67 384 0
515 384 0
1027 384 0
2051 384 0
4099 384 0
8195 384 0
16387 384 0
32771 384 0
7 640 0
11 640 0
19 640 0
35 640 0
67 640 0
259 640 0
1027 640 0
2051 640 0
4099 640 0
8195 640 0
16387 640 0
32771 640 0
7 1152 0
11 1152 0
19 1152 0
35 1152 0
67 1152 0
259 1152 0
515 1152 0
2051 1152 0
4099 1152 0
8195 1152 0
16387 1152 0
32771 1152 0
7 2176 0
11 2176 0
19 2176 0
35 2176 0
67 2176 0
259 2176 0
515 2176 0
1027 2176 0
4099 2176 0
8195 2176 0
16387 2176 0
32771 2176 0
7 4224 0
11 4224 0
19 4224 0
35 4224 0
67 4224 0
259 4224 0
515 4224 0
1027 4224 0
2051 4224 0
8195 4224 0
16387 4224 0
32771 4224 0
7 8320 0
11 8320 0
19 8320 0
35 8320 0
67 8320 0
259 8320 0
515 8320 0
1027 8320 0
2051 8320 0
4099 8320 0
16387 8320 0
32771 8320 0
7 16512 0
11 16512 0
19 16512 0
35 16512 0
67 16512 0
259 16512 0
515 16512 0
1027 16512 0
2051 16512 0
4099 16512 0
8195 16512 0
32771 16512 0
7 32896 0
11 32896 0
19 32896 0
35 32896 0
67 32896 0
259 32896 0
515 32896 0
1027 32896 0
2051 32896 0
4099 32896 0
8195 32896 0
16387 32896 0
13 384 0
21 384 0
37 384 0
69 384 0
517 384 0
1029 384 0
2053 384 0
4101 384 0
8197 384 0
16389 384 0
32773 384 0
13 640 0
21 640 0
37 640 0
69 640 0
261 640 0
1029 640 0
2053 640 0
4101 640 0
8197 640 0
16389 640 0
32773 640 0
13 1152 0
21 1152 0
37 1152 0
69 1152 0
261 1152 0
517 1152 0
2053 1152 0
4101 1152 0
8197 1152 0
16389 1152 0
32773 1152 0
13 2176 0
21 2176 0
37 2176 0
69 2176 0
261 2176 0
517 2176 0
1029 2176 0
4101 2176 0
8197 2176 0
16389 2176 0
32773 2176 0
13 4224 0
21 4224 0
37 4224 0
69 4224 0
261 4224 0
517 4224 0
1029 4224 0
2053 4224 0
8197 4224 0
16389 4224 0
32773 4224 0
13 8320 0
21 8320 0
37 8320 0
69 8320 0
261 8320 0
517 8320 0
1029 8320 0
2053 8320 0
4101 8320 0
16389 8320 0
32773 8320 0
13 16512 0
21 16512 0
37 16512 0
69 16512 0
261 16512 0
517 16512 0
1029 16512 0
2053 16512 0
4101 16512 0
8197 16512 0
32773 16512 0
13 32896 0
21 32896 0
37 32896 0
69 32896 0
261 32896 0
517 32896 0
1029 32896 0
2053 32896 0
4101 32896 0
8197 32896 0
16389 32896 0
25 384 0
41 384 0
73 384 0
521 384 0
1033 384 0
2057 384 0
4105 384 0
8201 384 0
16393 384 0
32777 384 0
25 640 0
41 640 0
73 640 0
265 640 0
1033 640 0
2057 640 0
4105 640 0
8201 640 0
16393 640 0
32777 640 0
25 1152 0
41 1152 0
73 1152 0
265 1152 0
521 1152 0
2057 1152 0
4105 1152 0
8201 1152 0
16393 1152 0
32777 1152 0
25 2176 0
41 2176 0
73 2176 0
265 2176 0
521 2176 0
1033 2176 0
4105 2176 0
8201 2176 0
16393 2176 0
32777 2176 0
25 4224 0
41 4224 0
73 4224 0
265 4224 0
521 4224 0
1033 4224 0
2057 4224 0
8201 4224 0
16393 4224 0
32777 4224 0
25 8320 0
41 8320 0
73 8320 0
265 8320 0
521 8320 0
1033 8320 0
2057 8320 0
4105 8320 0
16393 8320 0
32777 8320 0
25 16512 0
41 16512 0
73 16512 0
265 16512 0
521 16512 0
1033 16512 0
2057 16512 0
4105 16512 0
8201 16512 0
32777 16512 0
25 32896 0
41 32896 0
73 32896 0
265 32896 0
521 32896 0
1033 32896 0
2057 32896 0
4105 32896 0
8201 32896 0
16393 32896 0
49 384 0
81 384 0
529 384 0
1041 384 0
2065 384 0
4113 384 0
8209 384 0
16401 384 0
32785 384 0
49 640 0
81 640 0
273 640 0
1041 640 0
2065 640 0
4113 640 0
8209 640 0
16401 640 0
32785 640 0
49 1152 0
81 1152 0
273 1152 0
529 1152 0
2065 1152 0
4113 1152 0
8209 1152 0
16401 1152 0
32785 1152 0
49 2176 0
81 2176 0
273 2176 0
529 2176 0
1041 2176 0
4113 2176 0
8209 2176 0
16401 2176 0
32785 2176 0
49 4224 0
81 4224 0
273 4224 0
529 4224 0
1041 4224 0
2065 4224 0
8209 4224 0
16401 4224 0
32785 4224 0
49 8320 0
81 8320 0
273 8320 0
529 8320 0
1041 8320 0
2065 8320 0
4113 8320 0
16401 8320 0
32785 8320 0
49 16512 0
81 16512 0
273 16512 0
529 16512 0
1041 16512 0
2065 16512 0
4113 16512 0
8209 16512 0
32785 16512 0
49 32896 0
81 32896 0
273 32896 0
529 32896 0
1041 32896 0
2065 32896 0
4113 32896 0
8209 32896 0
16401 32896 0
97 384 0
545 384 0
1057 384 0
2081 384 0
4129 384 0
8225 384 0
16417 384 0
32801 384 0
97 640 0
289 640 0
1057 640 0
2081 640 0
4129 640 0
8225 640 0
16417 640 0
32801 640 0
97 1152 0
289 1152 0
545 1152 0
2081 1152 0
4129 1152 0
8225 1152 0
16417 1152 0
32801 1152 0
97 2176 0
289 2176 0
545 2176 0
1057 2176 0
4129 2176 0
8225 2176 0
16417 2176 0
32801 2176 0
97 4224 0
289 4224 0
545 4224 0
1057 4224 0
2081 4224 0
8225 4224 0
16417 4224 0
32801 4224 0
97 8320 0
289 8320 0
545 8320 0
1057 8320 0
2081 8320 0
4129 8320 0
16417 8320 0
32801 8320 0
97 16512 0
289 16512 0
545 16512 0
1057 16512 0
2081 16512 0
4129 16512 0
8225 16512 0
32801 16512 0
97 32896 0
289 32896 0
545 32896 0
1057 32896 0
2081 32896 0
4129 32896 0
8225 32896 0
16417 32896 0
577 384 0
1089 384 0
2113 384 0
4161 384 0
8257 384 0
16449 384 0
32833 384 0
321 640 0
1089 640 0
2113 640 0
4161 640 0
8257 640 0
16449 640 0
32833 640 0
321 1152 0
577 1152 0
2113 1152 0
4161 1152 0
8257 1152 0
16449 1152 0
32833 1152 0
321 2176 0
577 2176 0
1089 2176 0
4161 2176 0
8257 2176 0
16449 2176 0
32833 2176 0
321 4224 0
577 4224 0
1089 4224 0
2113 4224 0
8257 4224 0
16449 4224 0
32833 4224 0
321 8320 0
577 8320 0
1089 8320 0
2113 8320 0
4161 8320 0
16449 8320 0
32833 8320 0
321 16512 0
577 16512 0
1089 16512 0
2113 16512 0
4161 16512 0
8257 16512 0
32833 16512 0
321 32896 0
577 32896 0
1089 32896 0
2113 32896 0
4161 32896 0
8257 32896 0
16449 32896 0
1281 640 0
2305 640 0
4353 640 0
8449 640 0
16641 640 0
33025 640 0
769 1152 0
2305 1152 0
4353 1152 0
8449 1152 0
16641 1152 0
33025 1152 0
769 2176 0
1281 2176 0
4353 2176 0
8449 2176 0
16641 2176 0
33025 2176 0
769 4224 0
1281 4224 0
2305 4224 0
8449 4224 0
16641 4224 0
33025 4224 0
769 8320 0
1281 8320 0
2305 8320 0
4353 8320 0
16641 8320 0
33025 8320 0
769 16512 0
1281 16512 0
2305 16512 0
4353 16512 0
8449 16512 0
33025 16512 0
769 32896 0
1281 32896 0
2305 32896 0
4353 32896 0
8449 32896 0
16641 32896 0
1537 384 0
2561 384 0
4609 384 0
8705 384 0
16897 384 0
33281 384 0
2561 1152 0
4609 1152 0
8705 1152 0
16897 1152 0
33281 1152 0
1537 2176 0
4609 2176 0
8705 2176 0
16897 2176 0
33281 2176 0
1537 4224 0
2561 4224 0
8705 4224 0
16897 4224 0
33281 4224 0
1537 8320 0
2561 8320 0
4609 8320 0
16897 8320 0
33281 8320 0
1537 16512 0
2561 16512 0
4609 16512 0
8705 16512 0
33281 16512 0
1537 32896 0
2561 32896 0
4609 32896 0
8705 32896 0
16897 32896 0
3073 384 0
5121 384 0
9217 384 0
17409 384 0
33793 384 0
3073 640 0
5121 640 0
9217 640 0
17409 640 0
33793 640 0
5121 2176 0
9217 2176 0
17409 2176 0
33793 2176 0
3073 4224 0
9217 4224 0
17409 4224 0
33793 4224 0
3073 8320 0
5121 8320 0
17409 8320 0
33793 8320 0
3073 16512 0
5121 16512 0
9217 16512 0
33793 16512 0
3073 32896 0
5121 32896 0
9217 32896 0
17409 32896 0
6145 384 0
10241 384 0
18433 384 0
34817 384 0
6145 640 0
10241 640 0
18433 640 0
34817 640 0
6145 1152 0
10241 1152 0
18433 1152 0
34817 1152 0
10241 4224 0
18433 4224 0
34817 4224 0
6145 8320 0
18433 8320 0
34817 8320 0
6145 16512 0
10241 16512 0
34817 16512 0
6145 32896 0
10241 32896 0
18433 32896 0
12289 384 0
20481 384 0
36865 384 0
12289 640 0
20481 640 0
36865 640 0
12289 1152 0
20481 1152 0
36865 1152 0
12289 2176 0
20481 2176 0
36865 2176 0
20481 8320 0
36865 8320 0
12289 16512 0
36865 16512 0
12289 32896 0
20481 32896 0
24577 384 0
40961 384 0
24577 640 0
40961 640 0
24577 1152 0
40961 1152 0
24577 2176 0
40961 2176 0
24577 4224 0
40961 4224 0
40961 16512 0
24577 32896 0
49153 384 0
49153 640 0
49153 1152 0
49153 2176 0
49153 4224 0
49153 8320 0
7 768 0
11 768 0
19 768 0
35 768 0
67 768 0
131 768 0
1027 768 0
2051 768 0
4099 768 0
8195 768 0
16387 768 0
32771 768 0
7 1280 0
11 1280 0
19 1280 0
35 1280 0
67 1280 0
131 1280 0
515 1280 0
2051 1280 0
4099 1280 0
8195 1280 0
16387 1280 0
32771 1280 0
7 2304 0
11 2304 0
19 2304 0
35 2304 0
67 2304 0
131 2304 0
515 2304 0
1027 2304 0
4099 2304 0
8195 2304 0
16387 2304 0
32771 2304 0
7 4352 0
11 4352 0
19 4352 0
35 4352 0
67 4352 0
131 4352 0
515 4352 0
1027 4352 0
2051 4352 0
8195 4352 0
16387 4352 0
32771 4352 0
7 8448 0
11 8448 0
19 8448 0
35 8448 0
67 8448 0
131 8448 0
515 8448 0
1027 8448 0
2051 8448 0
4099 8448 0
16387 8448 0
32771 8448 0
7 16640 0
11 16640 0
19 16640 0
35 16640 0
67 16640 0
131 16640 0
515 16640 0
1027 16640 0
2051 16640 0
4099 16640 0
8195 16640 0
32771 16640 0
7 33024 0
11 33024 0
19 33024 0
35 33024 0
67 33024 0
131 33024 0
515 33024 0
1027 33024 0
2051 33024 0
4099 33024 0
8195 33024 0
16387 33024 0
13 768 0
21 768 0
37 768 0
69 768 0
133 768 0
1029 768 0
2053 768 0
4101 768 0
8197 768 0
16389 768 0
32773 768 0
13 1280 0
21 1280 0
37 1280 0
69 1280 0
133 1280 0
517 1280 0
2053 1280 0
4101 1280 0
8197 1280 0
16389 1280 0
32773 1280 0
13 2304 0
21 2304 0
37 2304 0
69 2304 0
133 2304 0
517 2304 0
1029 2304 0
4101 2304 0
8197 2304 0
16389 2304 0
32773 2304 0
13 4352 0
21 4352 0
37 4352 0
69 4352 0
133 4352 0
517 4352 0
1029 4352 0
2053 4352 0
8197 4352 0
16389 4352 0
32773 4352 0
13 8448 0
21 8448 0
37 8448 0
69 8448 0
133 8448 0
517 8448 0
1029 8448 0
2053 8448 0
4101 8448 0
16389 8448 0
32773 8448 0
13 16640 0
21 16640 0
37 16640 0
69 16640 0
133 16640 0
517 16640 0
1029 16640 0
2053 16640 0
4101 16640 0
8197 16640 0
32773 16640 0
13 33024 0
21 33024 0
37 33024 0
69 33024 0
133 33024 0
517 33024 0
1029 33024 0
2053 33024 0
4101 33024 0
8197 33024 0
16389 33024 0
25 768 0
41 768 0
73 768 0
137 768 0
1033 768 0
2057 768 0
4105 768 0
8201 768 0
16393 768 0
32777 768 0
25 1280 0
41 1280 0
73 1280 0
137 1280 0
521 1280 0
2057 1280 0
4105 1280 0
8201 1280 0
16393 1280 0
32777 1280 0
25 2304 0
41 2304 0
73 2304 0
137 2304 0
521 2304 0
1033 2304 0
4105 2304 0
8201 2304 0
16393 2304 0
32777 2304 0
25 4352 0
41 4352 0
73 4352 0
137 4352 0
521 4352 0
1033 4352 0
2057 4352 0
8201 4352 0
16393 4352 0
32777 4352 0
25 8448 0
41 8448 0
73 8448 0
137 8448 0
521 8448 0
1033 8448 0
2057 8448 0
4105 8448 0
16393 8448 0
32777 8448 0
25 16640 0
41 16640 0
73 16640 0
137 16640 0
521 16640 0
1033 16640 0
2057 16640 0
4105 16640 0
8201 16640 0
32777 16640 0
25 33024 0
41 33024 0
73 33024 0
137 33024 0
521 33024 0
1033 33024 0
2057 33024 0
4105 33024 0
8201 33024 0
16393 33024 0
49 768 0
81 768 0
145 768 0
1041 768 0
2065 768 0
4113 768 0
8209 768 0
16401 768 0
32785 768 0
49 1280 0
81 1280 0
145 1280 0
529 1280 0
2065 1280 0
4113 1280 0
8209 1280 0
16401 1280 0
32785 1280 0
49 2304 0
81 2304 0
145 2304 0
529 2304 0
1041 2304 0
4113 2304 0
8209 2304 0
16401 2304 0
32785 2304 0
49 4352 0
81 4352 0
145 4352 0
529 4352 0
1041 4352 0
2065 4352 0
8209 4352 0
16401 4352 0
32785 4352 0
49 8448 0
81 8448 0
145 8448 0
529 8448 0
1041 8448 0
2065 8448 0
4113 8448 0
16401 8448 0
32785 8448 0
49 16640 0
81 16640 0
145 16640 0
529 16640 0
1041 16640 0
2065 16640 0
4113 16640 0
8209 16640 0
32785 16640 0
49 33024 0
81 33024 0
145 33024 0
529 33024 0
1041 33024 0
2065 33024 0
4113 33024 0
8209 33024 0
16401 33024 0
97 768 0
161 768 0
1057 768 0
2081 768 0
4129 768 0
8225 768 0
16417 768 0
32801 768 0
97 1280 0
161 1280 0
545 1280 0
2081 1280 0
4129 1280 0
8225 1280 0
16417 1280 0
32801 1280 0
97 2304 0
161 2304 0
545 2304 0
1057 2304 0
4129 2304 0
8225 2304 0
16417 2304 0
32801 2304 0
97 4352 0
161 4352 0
545 4352 0
1057 4352 0
2081 4352 0
8225 4352 0
16417 4352 0
32801 4352 0
97 8448 0
161 8448 0
545 8448 0
1057 8448 0
2081 8448 0
4129 8448 0
16417 8448 0
32801 8448 0
97 16640 0
161 16640 0
545 16640 0
1057 16640 0
2081 16640 0
4129 16640 0
8225 16640 0
32801 16640 0
97 33024 0
161 33024 0
545 33024 0
1057 33024 0
2081 33024 0
4129 33024 0
8225 33024 0
16417 33024 0
193 768 0
1089 768 0
2113 768 0
4161 768 0
8257 768 0
16449 768 0
32833 768 0
193 1280 0
577 1280 0
2113 1280 0
4161 1280 0
8257 1280 0
16449 1280 0
32833 1280 0
193 2304 0
577 2304 0
1089 2304 0
4161 2304 0
8257 2304 0
16449 2304 0
32833 2304 0
193 4352 0
577 4352 0
1089 4352 0
2113 4352 0
8257 4352 0
16449 4352 0
32833 4352 0
193 8448 0
577 8448 0
1089 8448 0
2113 8448 0
4161 8448 0
16449 8448 0
32833 8448 0
193 16640 0
577 16640 0
1089 16640 0
2113 16640 0
4161 16640 0
8257 16640 0
32833 16640 0
193 33024 0
577 33024 0
1089 33024 0
2113 33024 0
4161 33024 0
8257 33024 0
16449 33024 0
1153 768 0
2177 768 0
4225 768 0
8321 768 0
16513 768 0
32897 768 0
641 1280 0
2177 1280 0
4225 1280 0
8321 1280 0
16513 1280 0
32897 1280 0
641 2304 0
1153 2304 0
4225 2304 0
8321 2304 0
16513 2304 0
32897 2304 0
641 4352 0
1153 4352 0
2177 4352 0
8321 4352 0
16513 4352 0
32897 4352 0
641 8448 0
1153 8448 0
2177 8448 0
4225 8448 0
16513 8448 0
32897 8448 0
641 16640 0
1153 16640 0
2177 16640 0
4225 16640 0
8321 16640 0
32897 16640 0
641 33024 0
1153 33024 0
2177 33024 0
4225 33024 0
8321 33024 0
16513 33024 0
2561 1280 0
4609 1280 0
8705 1280 0
16897 1280 0
33281 1280 0
1537 2304 0
4609 2304 0
8705 2304 0
16897 2304 0
33281 2304 0
1537 4352 0
2561 4352 0
8705 4352 0
16897 4352 0
33281 4352 0
1537 8448 0
2561 8448 0
4609 8448 0
16897 8448 0
33281 8448 0
1537 16640 0
2561 16640 0
4609 16640 0
8705 16640 0
33281 16640 0
1537 33024 0
2561 33024 0
4609 33024 0
8705 33024 0
16897 33024 0
3073 768 0
5121 768 0
9217 768 0
17409 768 0
33793 768 0
5121 2304 0
9217 2304 0
17409 2304 0
33793 2304 0
3073 4352 0
9217 4352 0
17409 4352 0
33793 4352 0
3073 8448 0
5121 8448 0
17409 8448 0
33793 8448 0
3073 16640 0
5121 16640 0
9217 16640 0
33793 16640 0
3073 33024 0
5121 33024 0
9217 33024 0
17409 33024 0
6145 768 0
10241 768 0
18433 768 0
34817 768 0
6145 1280 0
10241 1280 0
18433 1280 0
34817 1280 0
10241 4352 0
18433 4352 0
34817 4352 0
6145 8448 0
18433 8448 0
34817 8448 0
6145 16640 0
10241 16640 0
34817 16640 0
6145 33024 0
10241 33024 0
18433 33024 0
12289 768 0
20481 768 0
36865 768 0
12289 1280 0
20481 1280 0
36865 1280 0
12289 2304 0
20481 2304 0
36865 2304 0
20481 8448 0
36865 8448 0
12289 16640 0
36865 16640 0
12289 33024 0
20481 33024 0
24577 768 0
40961 768 0
24577 1280 0
40961 1280 0
24577 2304 0
40961 2304 0
24577 4352 0
40961 4352 0
40961 16640 0
24577 33024 0
49153 768 0
49153 1280 0
49153 2304 0
49153 4352 0
49153 8448 0
7 1536 0
11 1536 0
19 1536 0
35 1536 0
67 1536 0
131 1536 0
259 1536 0
2051 1536 0
4099 1536 0
8195 1536 0
16387 1536 0
32771 1536 0
7 2560 0
11 2560 0
19 2560 0
35 2560 0
67 2560 0
131 2560 0
259 2560 0
1027 2560 0
4099 2560 0
8195 2560 0
16387 2560 0
32771 2560 0
7 4608 0
11 4608 0
19 4608 0
35 4608 0
67 4608 0
131 4608 0
259 4608 0
1027 4608 0
2051 4608 0
8195 4608 0
16387 4608 0
32771 4608 0
7 8704 0
11 8704 0
19 8704 0
35 8704 0
67 8704 0
131 8704 0
259 8704 0
1027 8704 0
2051 8704 0
4099 8704 0
16387 8704 0
32771 8704 0
7 16896 0
11 16896 0
19 16896 0
35 16896 0
67 16896 0
131 16896 0
259 16896 0
1027 16896 0
2051 16896 0
4099 16896 0
8195 16896 0
32771 16896 0
7 33280 0
11 33280 0
19 33280 0
35 33280 0
67 33280 0
131 33280 0
259 33280 0
1027 33280 0
2051 33280 0
4099 33280 0
8195 33280 0
16387 33280 0
13 1536 0
21 1536 0
37 1536 0
69 1536 0
133 1536 0
261 1536 0
2053 1536 0
4101 1536 0
8197 1536 0
16389 1536 0
32773 1536 0
13 2560 0
21 2560 0
37 2560 0
69 2560 0
133 2560 0
261 2560 0
1029 2560 0
4101 2560 0
8197 2560 0
16389 2560 0
32773 2560 0
13 4608 0
21 4608 0
37 4608 0
69 4608 0
133 4608 0
261 4608 0
1029 4608 0
2053 4608 0
8197 4608 0
16389 4608 0
32773 4608 0
13 8704 0
21 8704 0
37 8704 0
69 8704 0
133 8704 0
261 8704 0
1029 8704 0
2053 8704 0
4101 8704 0
16389 8704 0
32773 8704 0
13 16896 0
21 16896 0
37 16896 0
69 16896 0
133 16896 0
261 16896 0
1029 16896 0
2053 16896 0
4101 16896 0
8197 16896 0
32773 16896 0
13 33280 0
21 33280 0
37 33280 0
69 33280 0
133 33280 0
261 33280 0
1029 33280 0
2053 33280 0
4101 33280 0
8197 33280 0
16389 33280 0
25 1536 0
41 1536 0
73 1536 0
137 1536 0
265 1536 0
2057 1536 0
4105 1536 0
8201 1536 0
16393 1536 0
32777 1536 0
25 2560 0
41 2560 0
73 2560 0
137 2560 0
265 2560 0
1033 2560 0
4105 2560 0
8201 2560 0
16393 2560 0
32777 2560 0
25 4608 0
41 4608 0
73 4608 0
137 4608 0
265 4608 0
1033 4608 0
2057 4608 0
8201 4608 0
16393 4608 0
32777 4608 0
25 8704 0
41 8704 0
73 8704 0
137 8704 0
265 8704 0
1033 8704 0
2057 8704 0
4105 8704 0
16393 8704 0
32777 8704 0
25 16896 0
41 16896 0
73 16896 0
137 16896 0
265 16896 0
1033 16896 0
2057 16896 0
4105 16896 0
8201 16896 0
32777 16896 0
25 33280 0
41 33280 0
73 33280 0
137 33280 0
265 33280 0
1033 33280 0
2057 33280 0
4105 33280 0
8201 33280 0
16393 33280 0
49 1536 0
81 1536 0
145 1536 0
273 1536 0
2065 1536 0
4113 1536 0
8209 1536 0
16401 1536 0
32785 1536 0
49 2560 0
81 2560 0
145 2560 0
273 2560 0
1041 2560 0
4113 2560 0
8209 2560 0
16401 2560 0
32785 2560 0
49 4608 0
81 4608 0
145 4608 0
273 4608 0
1041 4608 0
2065 4608 0
8209 4608 0
16401 4608 0
32785 4608 0
49 8704 0
81 8704 0
145 8704 0
273 8704 0
1041 8704 0
2065 8704 0
4113 8704 0
16401 8704 0
32785 8704 0
49 16896 0
81 16896 0
145 16896 0
273 16896 0
1041 16896 0
2065 16896 0
4113 16896 0
8209 16896 0
32785 16896 0
49 33280 0
81 33280 0
145 33280 0
273 33280 0
1041 33280 0
2065 33280 0
4113 33280 0
8209 33280 0
16401 33280 0
97 1536 0
161 1536 0
289 1536 0
2081 1536 0
4129 1536 0
8225 1536 0
16417 1536 0
32801 1536 0
97 2560 0
161 2560 0
289 2560 0
1057 2560 0
4129 2560 0
8225 2560 0
16417 2560 0
32801 2560 0
97 4608 0
161 4608 0
289 4608 0
1057 4608 0
2081 4608 0
8225 4608 0
16417 4608 0
32801 4608 0
97 8704 0
161 8704 0
289 8704 0
1057 8704 0
2081 8704 0
4129 8704 0
16417 8704 0
32801 8704 0
97 16896 0
161 16896 0
289 16896 0
1057 16896 0
2081 16896 0
4129 16896 0
8225 16896 0
32801 16896 0
97 33280 0
161 33280 0
289 33280 0
1057 33280 0
2081 33280 0
4129 33280 0
8225 33280 0
16417 33280 0
193 1536 0
321 1536 0
2113 1536 0
4161 1536 0
8257 1536 0
16449 1536 0
32833 1536 0
193 2560 0
321 2560 0
1089 2560 0
4161 2560 0
8257 2560 0
16449 2560 0
32833 2560 0
193 4608 0
321 4608 0
1089 4608 0
2113 4608 0
8257 4608 0
16449 4608 0
32833 4608 0
193 8704 0
321 8704 0
1089 8704 0
2113 8704 0
4161 8704 0
16449 8704 0
32833 8704 0
193 16896 0
321 16896 0
1089 16896 0
2113 16896 0
4161 16896 0
8257 16896 0
32833 16896 0
193 33280 0
321 33280 0
1089 33280 0
2113 33280 0
4161 33280 0
8257 33280 0
16449 33280 0
385 1536 0
2177 1536 0
4225 1536 0
8321 1536 0
16513 1536 0
32897 1536 0
385 2560 0
1153 2560 0
4225 2560 0
8321 2560 0
16513 2560 0
32897 2560 0
385 4608 0
1153 4608 0
2177 4608 0
8321 4608 0
16513 4608 0
32897 4608 0
385 8704 0
1153 8704 0
2177 8704 0
4225 8704 0
16513 8704 0
32897 8704 0
385 16896 0
1153 16896 0
2177 16896 0
4225 16896 0
8321 16896 0
32897 16896 0
385 33280 0
1153 33280 0
2177 33280 0
4225 33280 0
8321 33280 0
16513 33280 0
2305 1536 0
4353 1536 0
8449 1536 0
16641 1536 0
33025 1536 0
1281 2560 0
4353 2560 0
8449 2560 0
16641 2560 0
33025 2560 0
1281 4608 0
2305 4608 0
8449 4608 0
16641 4608 0
33025 4608 0
1281 8704 0
2305 8704 0
4353 8704 0
16641 8704 0
33025 8704 0
1281 16896 0
2305 16896 0
4353 16896 0
8449 16896 0
33025 16896 0
1281 33280 0
2305 33280 0
4353 33280 0
8449 33280 0
16641 33280 0
5121 2560 0
9217 2560 0
17409 2560 0
33793 2560 0
3073 4608 0
9217 4608 0
17409 4608 0
33793 4608 0
3073 8704 0
5121 8704 0
17409 8704 0
33793 8704 0
3073 16896 0
5121 16896 0
9217 16896 0
33793 16896 0
3073 33280 0
5121 33280 0
9217 33280 0
17409 33280 0
6145 1536 0
10241 1536 0
18433 1536 0
34817 1536 0
10241 4608 0
18433 4608 0
34817 4608 0
6145 8704 0
18433 8704 0
34817 8704 0
6145 16896 0
10241 16896 0
34817 16896 0
6145 33280 0
10241 33280 0
18433 33280 0
12289 1536 0
20481 1536 0
36865 1536 0
12289 2560 0
20481 2560 0
36865 2560 0
20481 8704 0
36865 8704 0
12289 16896 0
36865 16896 0
12289 33280 0
20481 33280 0
24577 1536 0
40961 1536 0
24577 2560 0
40961 2560 0
24577 4608 0
40961 4608 0
40961 16896 0
24577 33280 0
49153 1536 0
49153 2560 0
49153 4608 0
49153 8704 0
7 3072 0
11 3072 0
19 3072 0
35 3072 0
67 3072 0
131 3072 0
259 3072 0
515 3072 0
4099 3072 0
8195 3072 0
16387 3072 0
32771 3072 0
7 5120 0
11 5120 0
19 5120 0
35 5120 0
67 5120 0
131 5120 0
259 5120 0
515 5120 0
2051 5120 0
8195 5120 0
16387 5120 0
32771 5120 0
7 9216 0
11 9216 0
19 9216 0
35 9216 0
67 9216 0
131 9216 0
259 9216 0
515 9216 0
2051 9216 0
4099 9216 0
16387 9216 0
32771 9216 0
7 17408 0
11 17408 0
19 17408 0
35 17408 0
67 17408 0
131 17408 0
259 17408 0
515 17408 0
2051 17408 0
4099 17408 0
8195 17408 0
32771 17408 0
7 33792 0
11 33792 0
19 33792 0
35 33792 0
67 33792 0
131 33792 0
259 33792 0
515 33792 0
2051 33792 0
4099 33792 0
8195 33792 0
16387 33792 0
13 3072 0
21 3072 0
37 3072 0
69 3072 0
133 3072 0
261 3072 0
517 3072 0
4101 3072 0
8197 3072 0
16389 3072 0
32773 3072 0
13 5120 0
21 5120 0
37 5120 0
69 5120 0
133 5120 0
261 5120 0
517 5120 0
2053 5120 0
8197 5120 0
16389 5120 0
32773 5120 0
13 9216 0
21 9216 0
37 9216 0
69 9216 0
133 9216 0
261 9216 0
517 9216 0
2053 9216 0
4101 9216 0
16389 9216 0
32773 9216 0
13 17408 0
21 17408 0
37 17408 0
69 17408 0
133 17408 0
261 17408 0
517 17408 0
2053 17408 0
4101 17408 0
8197 17408 0
32773 17408 0
13 33792 0
21 33792 0
37 33792 0
69 33792 0
133 33792 0
261 33792 0
517 33792 0
2053 33792 0
4101 33792 0
8197 33792 0
16389 33792 0
25 3072 0
41 3072 0
73 3072 0
137 3072 0
265 3072 0
521 3072 0
4105 3072 0
8201 3072 0
16393 3072 0
32777 3072 0
25 5120 0
41 5120 0
73 5120 0
137 5120 0
265 5120 0
521 5120 0
2057 5120 0
8201 5120 0
16393 5120 0
32777 5120 0
25 9216 0
41 9216 0
73 9216 0
137 9216 0
265 9216 0
521 9216 0
2057 9216 0
4105 9216 0
16393 9216 0
32777 9216 0
25 17408 0
41 17408 0
73 17408 0
137 17408 0
265 17408 0
521 17408 0
2057 17408 0
4105 17408 0
8201 17408 0
32777 17408 0
25 33792 0
41 33792 0
73 33792 0
137 33792 0
265 33792 0
521 33792 0
2057 33792 0
4105 33792 0
8201 33792 0
16393 33792 0
49 3072 0
81 3072 0
145 3072 0
273 3072 0
529 3072 0
4113 3072 0
8209 3072 0
16401 3072 0
32785 3072 0
49 5120 0
81 5120 0
145 5120 0
273 5120 0
529 5120 0
2065 5120 0
8209 5120 0
16401 5120 0
32785 5120 0
49 9216 0
81 9216 0
145 9216 0
273 9216 0
529 9216 0
2065 9216 0
4113 9216 0
16401 9216 0
32785 9216 0
49 17408 0
81 17408 0
145 17408 0
273 17408 0
529 17408 0
2065 17408 0
4113 17408 0
8209 17408 0
32785 17408 0
49 33792 0
81 33792 0
145 33792 0
273 33792 0
529 33792 0
2065 33792 0
4113 33792 0
8209 33792 0
16401 33792 0
97 3072 0
161 3072 0
289 3072 0
545 3072 0
4129 3072 0
8225 3072 0
16417 3072 0
32801 3072 0
97 5120 0
161 5120 0
289 5120 0
545 5120 0
2081 5120 0
8225 5120 0
16417 5120 0
32801 5120 0
97 9216 0
161 9216 0
289 9216 0
545 9216 0
2081 9216 0
4129 9216 0
16417 9216 0
32801 9216 0
97 17408 0
161 17408 0
289 17408 0
545 17408 0
2081 17408 0
4129 17408 0
8225 17408 0
32801 17408 0
97 33792 0
161 33792 0
289 33792 0
545 33792 0
2081 33792 0
4129 33792 0
8225 33792 0
16417 33792 0
193 3072 0
321 3072 0
577 3072 0
4161 3072 0
8257 3072 0
16449 3072 0
32833 3072 0
193 5120 0
321 5120 0
577 5120 0
2113 5120 0
8257 5120 0
16449 5120 0
32833 5120 0
193 9216 0
321 9216 0
577 9216 0
2113 9216 0
4161 9216 0
16449 9216 0
32833 9216 0
193 17408 0
321 17408 0
577 17408 0
2113 17408 0
4161 17408 0
8257 17408 0
32833 17408 0
193 33792 0
321 33792 0
577 33792 0
2113 33792 0
4161 33792 0
8257 33792 0
16449 33792 0
385 3072 0
641 3072 0
4225 3072 0
8321 3072 0
16513 3072 0
32897 3072 0
385 5120 0
641 5120 0
2177 5120 0
8321 5120 0
16513 5120 0
32897 5120 0
385 9216 0
641 9216 0
2177 9216 0
4225 9216 0
16513 9216 0
32897 9216 0
385 17408 0
641 17408 0
2177 17408 0
4225 17408 0
8321 17408 0
32897 17408 0
385 33792 0
641 33792 0
2177 33792 0
4225 33792 0
8321 33792 0
16513 33792 0
769 3072 0
4353 3072 0
8449 3072 0
16641 3072 0
33025 3072 0
769 5120 0
2305 5120 0
8449 5120 0
16641 5120 0
33025 5120 0
769 9216 0
2305 9216 0
4353 9216 0
16641 9216 0
33025 9216 0
769 17408 0
2305 17408 0
4353 17408 0
8449 17408 0
33025 17408 0
769 33792 0
2305 33792 0
4353 33792 0
8449 33792 0
16641 33792 0
4609 3072 0
8705 3072 0
16897 3072 0
33281 3072 0
2561 5120 0
8705 5120 0
16897 5120 0
33281 5120 0
2561 9216 0
4609 9216 0
16897 9216 0
33281 9216 0
2561 17408 0
4609 17408 0
8705 17408 0
33281 17408 0
2561 33792 0
4609 33792 0
8705 33792 0
16897 33792 0
10241 5120 0
18433 5120 0
34817 5120 0
6145 9216 0
18433 9216 0
34817 9216 0
6145 17408 0
10241 17408 0
34817 17408 0
6145 33792 0
10241 33792 0
18433 33792 0
12289 3072 0
20481 3072 0
36865 3072 0
20481 9216 0
36865 9216 0
12289 17408 0
36865 17408 0
12289 33792 0
20481 33792 0
24577 3072 0
40961 3072 0
24577 5120 0
40961 5120 0
40961 17408 0
24577 33792 0
49153 3072 0
49153 5120 0
49153 9216 0
7 6144 0
11 6144 0
19 6144 0
35 6144 0
67 6144 0
131 6144 0
259 6144 0
515 6144 0
1027 6144 0
8195 6144 0
16387 6144 0
32771 6144 0
7 10240 0
11 10240 0
19 10240 0
35 10240 0
67 10240 0
131 10240 0
259 10240 0
515 10240 0
1027 10240 0
4099 10240 0
16387 10240 0
32771 10240 0
7 18432 0
11 18432 0
19 18432 0
35 18432 0
67 18432 0
131 18432 0
259 18432 0
515 18432 0
1027 18432 0
4099 18432 0
8195 18432 0
32771 18432 0
7 34816 0
11 34816 0
19 34816 0
35 34816 0
67 34816 0
131 34816 0
259 34816 0
515 34816 0
1027 34816 0
4099 34816 0
8195 34816 0
16387 34816 0
13 6144 0
21 6144 0
37 6144 0
69 6144 0
133 6144 0
261 6144 0
517 6144 0
1029 6144 0
8197 6144 0
16389 6144 0
32773 6144 0
13 10240 0
21 10240 0
37 10240 0
69 10240 0
133 10240 0
261 10240 0
517 10240 0
1029 10240 0
4101 10240 0
16389 10240 0
32773 10240 0
13 18432 0
21 18432 0
37 18432 0
69 18432 0
133 18432 0
261 18432 0
517 18432 0
1029 18432 0
4101 18432 0
8197 18432 0
32773 18432 0
13 34816 0
21 34816 0
37 34816 0
69 34816 0
133 34816 0
261 34816 0
517 34816 0
1029 34816 0
4101 34816 0
8197 34816 0
16389 34816 0
25 6144 0
41 6144 0
73 6144 0
137 6144 0
265 6144 0
521 6144 0
1033 6144 0
8201 6144 0
16393 6144 0
32777 6144 0
25 10240 0
41 10240 0
73 10240 0
137 10240 0
265 10240 0
521 10240 0
1033 10240 0
4105 10240 0
16393 10240 0
32777 10240 0
25 18432 0
41 18432 0
73 18432 0
137 18432 0
265 18432 0
521 18432 0
1033 18432 0
4105 18432 0
8201 18432 0
32777 18432 0
25 34816 0
41 34816 0
73 34816 0
137 34816 0
265 34816 0
521 34816 0
1033 34816 0
4105 34816 0
8201 34816 0
16393 34816 0
49 6144 0
81 6144 0
145 6144 0
273 6144 0
529 6144 0
1041 6144 0
8209 6144 0
16401 6144 0
32785 6144 0
49 10240 0
81 10240 0
145 10240 0
273 10240 0
529 10240 0
1041 10240 0
4113 10240 0
16401 10240 0
32785 10240 0
49 18432 0
81 18432 0
145 18432 0
273 18432 0
529 18432 0
1041 18432 0
4113 18432 0
8209 18432 0
32785 18432 0
49 34816 0
81 34816 0
145 34816 0
273 34816 0
529 34816 0
1041 34816 0
4113 34816 0
8209 34816 0
16401 34816 0
97 6144 0
161 6144 0
289 6144 0
545 6144 0
1057 6144 0
8225 6144 0
16417 6144 0
32801 6144 0
97 10240 0
161 10240 0
289 10240 0
545 10240 0
1057 10240 0
4129 10240 0
16417 10240 0
32801 10240 0
97 18432 0
161 18432 0
289 18432 0
545 18432 0
1057 18432 0
4129 18432 0
8225 18432 0
32801 18432 0
97 34816 0
161 34816 0
289 34816 0
545 34816 0
1057 34816 0
4129 34816 0
8225 34816 0
16417 34816 0
193 6144 0
321 6144 0
577 6144 0
1089 6144 0
8257 6144 0
16449 6144 0
32833 6144 0
193 10240 0
321 10240 0
577 10240 0
1089 10240 0
4161 10240 0
16449 10240 0
32833 10240 0
193 18432 0
321 18432 0
577 18432 0
1089 18432 0
4161 18432 0
8257 18432 0
32833 18432 0
193 34816 0
321 34816 0
577 34816 0
1089 34816 0
4161 34816 0
8257 34816 0
16449 34816 0
385 6144 0
641 6144 0
1153 6144 0
8321 6144 0
16513 6144 0
32897 6144 0
385 10240 0
641 10240 0
1153 10240 0
4225 10240 0
16513 10240 0
32897 10240 0
385 18432 0
641 18432 0
1153 18432 0
4225 18432 0
8321 18432 0
32897 18432 0
385 34816 0
641 34816 0
1153 34816 0
4225 34816 0
8321 34816 0
16513 34816 0
769 6144 0
1281 6144 0
8449 6144 0
16641 6144 0
33025 6144 0
769 10240 0
1281 10240 0
4353 10240 0
16641 10240 0
33025 10240 0
769 18432 0
1281 18432 0
4353 18432 0
8449 18432 0
33025 18432 0
769 34816 0
1281 34816 0
4353 34816 0
8449 34816 0
16641 34816 0
1537 6144 0
8705 6144 0
16897 6144 0
33281 6144 0
1537 10240 0
4609 10240 0
16897 10240 0
33281 10240 0
1537 18432 0
4609 18432 0
8705 18432 0
33281 18432 0
1537 34816 0
4609 34816 0
8705 34816 0
16897 34816 0
9217 6144 0
17409 6144 0
33793 6144 0
5121 10240 0
17409 10240 0
33793 10240 0
5121 18432 0
9217 18432 0
33793 18432 0
5121 34816 0
9217 34816 0
17409 34816 0
20481 10240 0
36865 10240 0
12289 18432 0
36865 18432 0
12289 34816 0
20481 34816 0
24577 6144 0
40961 6144 0
40961 18432 0
24577 34816 0
49153 6144 0
49153 10240 0
7 12288 0
11 12288 0
19 12288 0
35 12288 0
67 12288 0
131 12288 0
259 12288 0
515 12288 0
1027 12288 0
2051 12288 0
16387 12288 0
32771 12288 0
7 20480 0
11 20480 0
19 20480 0
35 20480 0
67 20480 0
131 20480 0
259 20480 0
515 20480 0
1027 20480 0
2051 20480 0
8195 20480 0
32771 20480 0
7 36864 0
11 36864 0
19 36864 0
35 36864 0
67 36864 0
131 36864 0
259 36864 0
515 36864 0
1027 36864 0
2051 36864 0
8195 36864 0
16387 36864 0
13 12288 0
21 12288 0
37 12288 0
69 12288 0
133 12288 0
261 12288 0
517 12288 0
1029 12288 0
2053 12288 0
16389 12288 0
32773 12288 0
13 20480 0
21 20480 0
37 20480 0
69 20480 0
133 20480 0
261 20480 0
517 20480 0
1029 20480 0
2053 20480 0
8197 20480 0
32773 20480 0
13 36864 0
21 36864 0
37 36864 0
69 36864 0
133 36864 0
261 36864 0
517 36864 0
1029 36864 0
2053 36864 0
8197 36864 0
16389 36864 0
25 12288 0
41 12288 0
73 12288 0
137 12288 0
265 12288 0
521 12288 0
1033 12288 0
2057 12288 0
16393 12288 0
32777 12288 0
25 20480 0
41 20480 0
73 20480 0
137 20480 0
265 20480 0
521 20480 0
1033 20480 0
2057 20480 0
8201 20480 0
32777 20480 0
25 36864 0
41 36864 0
73 36864 0
137 36864 0
265 36864 0
521 36864 0
1033 36864 0
2057 36864 0
8201 36864 0
16393 36864 0
49 12288 0
81 12288 0
145 12288 0
273 12288 0
529 12288 0
1041 12288 0
2065 12288 0
16401 12288 0
32785 12288 0
49 20480 0
81 20480 0
145 20480 0
273 20480 0
529 20480 0
1041 20480 0
2065 20480 0
8209 20480 0
32785 20480 0
49 36864 0
81 36864 0
145 36864 0
273 36864 0
529 36864 0
1041 36864 0
2065 36864 0
8209 36864 0
16401 36864 0
97 12288 0
161 12288 0
289 12288 0
545 12288 0
1057 12288 0
2081 12288 0
16417 12288 0
32801 12288 0
97 20480 0
161 20480 0
289 20480 0
545 20480 0
1057 20480 0
2081 20480 0
8225 20480 0
32801 20480 0
97 36864 0
161 36864 0
289 36864 0
545 36864 0
1057 36864 0
2081 36864 0
8225 36864 0
16417 36864 0
193 12288 0
321 12288 0
577 12288 0
1089 12288 0
2113 12288 0
16449 12288 0
32833 12288 0
193 20480 0
321 20480 0
577 20480 0
1089 20480 0
2113 20480 0
8257 20480 0
32833 20480 0
193 36864 0
321 36864 0
577 36864 0
1089 36864 0
2113 36864 0
8257 36864 0
16449 36864 0
385 12288 0
641 12288 0
1153 12288 0
2177 12288 0
16513 12288 0
32897 12288 0
385 20480 0
641 20480 0
1153 20480 0
2177 20480 0
8321 20480 0
32897 20480 0
385 36864 0
641 36864 0
1153 36864 0
2177 36864 0
8321 36864 0
16513 36864 0
769 12288 0
1281 12288 0
2305 12288 0
16641 12288 0
33025 12288 0
769 20480 0
1281 20480 0
2305 20480 0
8449 20480 0
33025 20480 0
769 36864 0
1281 36864 0
2305 36864 0
8449 36864 0
16641 36864 0
1537 12288 0
2561 12288 0
16897 12288 0
33281 12288 0
1537 20480 0
2561 20480 0
8705 20480 0
33281 20480 0
1537 36864 0
2561 36864 0
8705 36864 0
16897 36864 0
3073 12288 0
17409 12288 0
33793 12288 0
3073 20480 0
9217 20480 0
33793 20480 0
3073 36864 0
9217 36864 0
17409 36864 0
18433 12288 0
34817 12288 0
10241 20480 0
34817 20480 0
10241 36864 0
18433 36864 0
40961 20480 0
24577 36864 0
49153 12288 0
7 24576 0
11 24576 0
19 24576 0
35 24576 0
67 24576 0
131 24576 0
259 24576 0
515 24576 0
1027 24576 0
2051 24576 0
4099 24576 0
32771 24576 0
7 40960 0
11 40960 0
19 40960 0
35 40960 0
67 40960 0
131 40960 0
259 40960 0
515 40960 0
1027 40960 0
2051 40960 0
4099 40960 0
16387 40960 0
13 24576 0
21 24576 0
37 24576 0
69 24576 0
133 24576 0
261 24576 0
517 24576 0
1029 24576 0
2053 24576 0
4101 24576 0
32773 24576 0
13 40960 0
21 40960 0
37 40960 0
69 40960 0
133 40960 0
261 40960 0
517 40960 0
1029 40960 0
2053 40960 0
4101 40960 0
16389 40960 0
25 24576 0
41 24576 0
73 24576 0
137 24576 0
265 24576 0
521 24576 0
1033 24576 0
2057 24576 0
4105 24576 0
32777 24576 0
25 40960 0
41 40960 0
73 40960 0
137 40960 0
265 40960 0
521 40960 0
1033 40960 0
2057 40960 0
4105 40960 0
16393 40960 0
49 24576 0
81 24576 0
145 24576 0
273 24576 0
529 24576 0
1041 24576 0
2065 24576 0
4113 24576 0
32785 24576 0
49 40960 0
81 40960 0
145 40960 0
273 40960 0
529 40960 0
1041 40960 0
2065 40960 0
4113 40960 0
16401 40960 0
97 24576 0
161 24576 0
289 24576 0
545 24576 0
1057 24576 0
2081 24576 0
4129 24576 0
32801 24576 0
97 40960 0
161 40960 0
289 40960 0
545 40960 0
1057 40960 0
2081 40960 0
4129 40960 0
16417 40960 0
193 24576 0
321 24576 0
577 24576 0
1089 24576 0
2113 24576 0
4161 24576 0
32833 24576 0
193 40960 0
321 40960 0
577 40960 0
1089 40960 0
2113 40960 0
4161 40960 0
16449 40960 0
385 24576 0
641 24576 0
1153 24576 0
2177 24576 0
4225 24576 0
32897 24576 0
385 40960 0
641 40960 0
1153 40960 0
2177 40960 0
4225 40960 0
16513 40960 0
769 24576 0
1281 24576 0
2305 24576 0
4353 24576 0
33025 24576 0
769 40960 0
1281 40960 0
2305 40960 0
4353 40960 0
16641 40960 0
1537 24576 0
2561 24576 0
4609 24576 0
33281 24576 0
1537 40960 0
2561 40960 0
4609 40960 0
16897 40960 0
3073 24576 0
5121 24576 0
33793 24576 0
3073 40960 0
5121 40960 0
17409 40960 0
6145 24576 0
34817 24576 0
6145 40960 0
18433 40960 0
36865 24576 0
20481 40960 0
7 49152 0
11 49152 0
19 49152 0
35 49152 0
67 49152 0
131 49152 0
259 49152 0
515 49152 0
1027 49152 0
2051 49152 0
4099 49152 0
8195 49152 0
13 49152 0
21 49152 0
37 49152 0
69 49152 0
133 49152 0
261 49152 0
517 49152 0
1029 49152 0
2053 49152 0
4101 49152 0
8197 49152 0
25 49152 0
41 49152 0
73 49152 0
137 49152 0
265 49152 0
521 49152 0
1033 49152 0
2057 49152 0
4105 49152 0
8201 49152 0
49 49152 0
81 49152 0
145 49152 0
273 49152 0
529 49152 0
1041 49152 0
2065 49152 0
4113 49152 0
8209 49152 0
97 49152 0
161 49152 0
289 49152 0
545 49152 0
1057 49152 0
2081 49152 0
4129 49152 0
8225 49152 0
193 49152 0
321 49152 0
577 49152 0
1089 49152 0
2113 49152 0
4161 49152 0
8257 49152 0
385 49152 0
641 49152 0
1153 49152 0
2177 49152 0
4225 49152 0
8321 49152 0
769 49152 0
1281 49152 0
2305 49152 0
4353 49152 0
8449 49152 0
1537 49152 0
2561 49152 0
4609 49152 0
8705 49152 0
3073 49152 0
5121 49152 0
9217 49152 0
6145 49152 0
10241 49152 0
12289 49152 0
22 9 0
38 9 0
70 9 0
134 9 0
262 9 0
518 9 0
1030 9 0
2054 9 0
4102 9 0
8198 9 0
16390 9 0
32774 9 0
14 17 0
38 17 0
70 17 0
134 17 0
262 17 0
518 17 0
1030 17 0
2054 17 0
4102 17 0
8198 17 0
16390 17 0
32774 17 0
14 33 0
22 33 0
70 33 0
134 33 0
262 33 0
518 33 0
1030 33 0
2054 33 0
4102 33 0
8198 33 0
16390 33 0
32774 33 0
14 65 0
22 65 0
38 65 0
134 65 0
262 65 0
518 65 0
1030 65 0
2054 65 0
4102 65 0
8198 65 0
16390 65 0
32774 65 0
14 129 0
22 129 0
38 129 0
70 129 0
262 129 0
518 129 0
1030 129 0
2054 129 0
4102 129 0
8198 129 0
16390 129 0
32774 129 0
14 257 0
22 257 0
38 257 0
70 257 0
134 257 0
518 257 0
1030 257 0
2054 257 0
4102 257 0
8198 257 0
16390 257 0
32774 257 0
14 513 0
22 513 0
38 513 0
70 513 0
134 513 0
262 513 0
1030 513 0
2054 513 0
4102 513 0
8198 513 0
16390 513 0
32774 513 0
14 1025 0
22 1025 0
38 1025 0
70 1025 0
134 1025 0
262 1025 0
518 1025 0
2054 1025 0
4102 1025 0
8198 1025 0
16390 1025 0
32774 1025 0
14 2049 0
22 2049 0
38 2049 0
70 2049 0
134 2049 0
262 2049 0
518 2049 0
1030 2049 0
4102 2049 0
8198 2049 0
16390 2049 0
32774 2049 0
14 4097 0
22 4097 0
38 4097 0
70 4097 0
134 4097 0
262 4097 0
518 4097 0
1030 4097 0
2054 4097 0
8198 4097 0
16390 4097 0
32774 4097 0
14 8193 0
22 8193 0
38 8193 0
70 8193 0
134 8193 0
262 8193 0
518 8193 0
1030 8193 0
2054 8193 0
4102 8193 0
16390 8193 0
32774 8193 0
14 16385 0
22 16385 0
38 16385 0
70 16385 0
134 16385 0
262 16385 0
518 16385 0
1030 16385 0
2054 16385 0
4102 16385 0
8198 16385 0
32774 16385 0
14 32769 0
22 32769 0
38 32769 0
70 32769 0
134 32769 0
262 32769 0
518 32769 0
1030 32769 0
2054 32769 0
4102 32769 0
8198 32769 0
16390 32769 0
26 5 0
42 5 0
74 5 0
138 5 0
266 5 0
522 5 0
1034 5 0
2058 5 0
4106 5 0
8202 5 0
16394 5 0
32778 5 0
42 17 0
74 17 0
138 17 0
266 17 0
522 17 0
1034 17 0
2058 17 0
4106 17 0
8202 17 0
16394 17 0
32778 17 0
26 33 0
74 33 0
138 33 0
266 33 0
522 33 0
1034 33 0
2058 33 0
4106 33 0
8202 33 0
16394 33 0
32778 33 0
26 65 0
42 65 0
138 65 0
266 65 0
522 65 0
1034 65 0
2058 65 0
4106 65 0
8202 65 0
16394 65 0
32778 65 0
26 129 0
42 129 0
74 129 0
266 129 0
522 129 0
1034 129 0
2058 129 0
4106 129 0
8202 129 0
16394 129 0
32778 129 0
26 257 0
42 257 0
74 257 0
138 257 0
522 257 0
1034 257 0
2058 257 0
4106 257 0
8202 257 0
16394 257 0
32778 257 0
26 513 0
42 513 0
74 513 0
138 513 0
266 513 0
1034 513 0
2058 513 0
4106 513 0
8202 513 0
16394 513 0
32778 513 0
26 1025 0
42 1025 0
74 1025 0
138 1025 0
266 1025 0
522 1025 0
2058 1025 0
4106 1025 0
8202 1025 0
16394 1025 0
32778 1025 0
26 2049 0
42 2049 0
74 2049 0
138 2049 0
266 2049 0
522 2049 0
1034 2049 0
4106 2049 0
8202 2049 0
16394 2049 0
32778 2049 0
26 4097 0
42 4097 0
74 4097 0
138 4097 0
266 4097 0
522 4097 0
1034 4097 0
2058 4097 0
8202 4097 0
16394 4097 0
32778 4097 0
26 8193 0
42 8193 0
74 8193 0
138 8193 0
266 8193 0
522 8193 0
1034 8193 0
2058 8193 0
4106 8193 0
16394 8193 0
32778 8193 0
26 16385 0
42 16385 0
74 16385 0
138 16385 0
266 16385 0
522 16385 0
1034 16385 0
2058 16385 0
4106 16385 0
8202 16385 0
32778 16385 0
26 32769 0
42 32769 0
74 32769 0
138 32769 0
266 32769 0
522 32769 0
1034 32769 0
2058 32769 0
4106 32769 0
8202 32769 0
16394 32769 0
50 5 0
82 5 0
146 5 0
274 5 0
530 5 0
1042 5 0
2066 5 0
4114 5 0
8210 5 0
16402 5 0
32786 5 0
50 9 0
82 9 0
146 9 0
274 9 0
530 9 0
1042 9 0
2066 9 0
4114 9 0
8210 9 0
16402 9 0
32786 9 0
82 33 0
146 33 0
274 33 0
530 33 0
1042 33 0
2066 33 0
4114 33 0
8210 33 0
16402 33 0
32786 33 0
50 65 0
146 65 0
274 65 0
530 65 0
1042 65 0
2066 65 0
4114 65 0
8210 65 0
16402 65 0
32786 65 0
50 129 0
82 129 0
274 129 0
530 129 0
1042 129 0
2066 129 0
4114 129 0
8210 129 0
16402 129 0
32786 129 0
50 257 0
82 257 0
146 257 0
530 257 0
1042 257 0
2066 257 0
4114 257 0
8210 257 0
16402 257 0
32786 257 0
50 513 0
82 513 0
146 513 0
274 513 0
1042 513 0
2066 513 0
4114 513 0
8210 513 0
16402 513 0
32786 513 0
50 1025 0
82 1025 0
146 1025 0
274 1025 0
530 1025 0
2066 1025 0
4114 1025 0
8210 1025 0
16402 1025 0
32786 1025 0
50 2049 0
82 2049 0
146 2049 0
274 2049 0
530 2049 0
1042 2049 0
4114 2049 0
8210 2049 0
16402 2049 0
32786 2049 0
50 4097 0
82 4097 0
146 4097 0
274 4097 0
530 4097 0
1042 4097 0
2066 4097 0
8210 4097 0
16402 4097 0
32786 4097 0
50 8193 0
82 8193 0
146 8193 0
274 8193 0
530 8193 0
1042 8193 0
2066 8193 0
4114 8193 0
16402 8193 0
32786 8193 0
50 16385 0
82 16385 0
146 16385 0
274 16385 0
530 16385 0
1042 16385 0
2066 16385 0
4114 16385 0
8210 16385 0
32786 16385 0
50 32769 0
82 32769 0
146 32769 0
274 32769 0
530 32769 0
1042 32769 0
2066 32769 0
4114 32769 0
8210 32769 0
16402 32769 0
98 5 0
162 5 0
290 5 0
546 5 0
1058 5 0
2082 5 0
4130 5 0
8226 5 0
16418 5 0
32802 5 0
98 9 0
162 9 0
290 9 0
546 9 0
1058 9 0
2082 9 0
4130 9 0
8226 9 0
16418 9 0
32802 9 0
98 17 0
162 17 0
290 17 0
546 17 0
1058 17 0
2082 17 0
4130 17 0
8226 17 0
16418 17 0
32802 17 0
162 65 0
290 65 0
546 65 0
1058 65 0
2082 65 0
4130 65 0
8226 65 0
16418 65 0
32802 65 0
98 129 0
290 129 0
546 129 0
1058 129 0
2082 129 0
4130 129 0
8226 129 0
16418 129 0
32802 129 0
98 257 0
162 257 0
546 257 0
1058 257 0
2082 257 0
4130 257 0
8226 257 0
16418 257 0
32802 257 0
98 513 0
162 513 0
290 513 0
1058 513 0
2082 513 0
4130 513 0
8226 513 0
16418 513 0
32802 513 0
98 1025 0
162 1025 0
290 1025 0
546 1025 0
2082 1025 0
4130 1025 0
8226 1025 0
16418 1025 0
32802 1025 0
98 2049 0
162 2049 0
290 2049 0
546 2049 0
1058 2049 0
4130 2049 0
8226 2049 0
16418 2049 0
32802 2049 0
98 4097 0
162 4097 0
290 4097 0
546 4097 0
1058 4097 0
2082 4097 0
8226 4097 0
16418 4097 0
32802 4097 0
98 8193 0
162 8193 0
290 8193 0
546 8193 0
1058 8193 0
2082 8193 0
4130 8193 0
16418 8193 0
32802 8193 0
98 16385 0
162 16385 0
290 16385 0
546 16385 0
1058 16385 0
2082 16385 0
4130 16385 0
8226 16385 0
32802 16385 0
98 32769 0
162 32769 0
290 32769 0
546 32769 0
1058 32769 0
2082 32769 0
4130 32769 0
8226 32769 0
16418 32769 0
194 5 0
322 5 0
578 5 0
1090 5 0
2114 5 0
4162 5 0
8258 5 0
16450 5 0
32834 5 0
194 9 0
322 9 0
578 9 0
1090 9 0
2114 9 0
4162 9 0
8258 9 0
16450 9 0
32834 9 0
194 17 0
322 17 0
578 17 0
1090 17 0
2114 17 0
4162 17 0
8258 17 0
16450 17 0
32834 17 0
194 33 0
322 33 0
578 33 0
1090 33 0
2114 33 0
4162 33 0
8258 33 0
16450 33 0
32834 33 0
322 129 0
578 129 0
1090 129 0
2114 129 0
4162 129 0
8258 129 0
16450 129 0
32834 129 0
194 257 0
578 257 0
1090 257 0
2114 257 0
4162 257 0
8258 257 0
16450 257 0
32834 257 0
194 513 0
322 513 0
1090 513 0
2114 513 0
4162 513 0
8258 513 0
16450 513 0
32834 513 0
194 1025 0
322 1025 0
578 1025 0
2114 1025 0
4162 1025 0
8258 1025 0
16450 1025 0
32834 1025 0
194 2049 0
322 2049 0
578 2049 0
1090 2049 0
4162 2049 0
8258 2049 0
16450 2049 0
32834 2049 0
194 4097 0
322 4097 0
578 4097 0
1090 4097 0
2114 4097 0
8258 4097 0
16450 4097 0
32834 4097 0
194 8193 0
322 8193 0
578 8193 0
1090 8193 0
2114 8193 0
4162 8193 0
16450 8193 0
32834 8193 0
194 16385 0
322 16385 0
578 16385 0
1090 16385 0
2114 16385 0
4162 16385 0
8258 16385 0
32834 16385 0
194 32769 0
322 32769 0
578 32769 0
1090 32769 0
2114 32769 0
4162 32769 0
8258 32769 0
16450 32769 0
386 5 0
642 5 0
1154 5 0
2178 5 0
4226 5 0
8322 5 0
16514 5 0
32898 5 0
386 9 0
642 9 0
1154 9 0
2178 9 0
4226 9 0
8322 9 0
16514 9 0
32898 9 0
386 17 0
642 17 0
1154 17 0
2178 17 0
4226 17 0
8322 17 0
16514 17 0
32898 17 0
386 33 0
642 33 0
1154 33 0
2178 33 0
4226 33 0
8322 33 0
16514 33 0
32898 33 0
386 65 0
642 65 0
1154 65 0
2178 65 0
4226 65 0
8322 65 0
16514 65 0
32898 65 0
642 257 0
1154 257 0
2178 257 0
4226 257 0
8322 257 0
16514 257 0
32898 257 0
386 513 0
1154 513 0
2178 513 0
4226 513 0
8322 513 0
16514 513 0
32898 513 0
386 1025 0
642 1025 0
2178 1025 0
4226 1025 0
8322 1025 0
16514 1025 0
32898 1025 0
386 2049 0
642 2049 0
1154 2049 0
4226 2049 0
8322 2049 0
16514 2049 0
32898 2049 0
386 4097 0
642 4097 0
1154 4097 0
2178 4097 0
8322 4097 0
16514 4097 0
32898 4097 0
386 8193 0
642 8193 0
1154 8193 0
2178 8193 0
4226 8193 0
16514 8193 0
32898 8193 0
386 16385 0
642 16385 0
1154 16385 0
2178 16385 0
4226 16385 0
8322 16385 0
32898 16385 0
386 32769 0
642 32769 0
1154 32769 0
2178 32769 0
4226 32769 0
8322 32769 0
16514 32769 0
770 5 0
1282 5 0
2306 5 0
4354 5 0
8450 5 0
16642 5 0
33026 5 0
770 9 0
1282 9 0
2306 9 0
4354 9 0
8450 9 0
16642 9 0
33026 9 0
770 17 0
1282 17 0
2306 17 0
4354 17 0
8450 17 0
16642 17 0
33026 17 0
770 33 0
1282 33 0
2306 33 0
4354 33 0
8450 33 0
16642 33 0
33026 33 0
770 65 0
1282 65 0
2306 65 0
4354 65 0
8450 65 0
16642 65 0
33026 65 0
770 129 0
1282 129 0
2306 129 0
4354 129 0
8450 129 0
16642 129 0
33026 129 0
1282 513 0
2306 513 0
4354 513 0
8450 513 0
16642 513 0
33026 513 0
770 1025 0
2306 1025 0
4354 1025 0
8450 1025 0
16642 1025 0
33026 1025 0
770 2049 0
1282 2049 0
4354 2049 0
8450 2049 0
16642 2049 0
33026 2049 0
770 4097 0
1282 4097 0
2306 4097 0
8450 4097 0
16642 4097 0
33026 4097 0
770 8193 0
1282 8193 0
2306 8193 0
4354 8193 0
16642 8193 0
33026 8193 0
770 16385 0
1282 16385 0
2306 16385 0
4354 16385 0
8450 16385 0
33026 16385 0
770 32769 0
1282 32769 0
2306 32769 0
4354 32769 0
8450 32769 0
16642 32769 0
1538 5 0
2562 5 0
4610 5 0
8706 5 0
16898 5 0
33282 5 0
1538 9 0
2562 9 0
4610 9 0
8706 9 0
16898 9 0
33282 9 0
1538 17 0
2562 17 0
4610 17 0
8706 17 0
16898 17 0
33282 17 0
1538 33 0
2562 33 0
4610 33 0
8706 33 0
16898 33 0
33282 33 0
1538 65 0
2562 65 0
4610 65 0
8706 65 0
16898 65 0
33282 65 0
1538 129 0
2562 129 0
4610 129 0
8706 129 0
16898 129 0
33282 129 0
1538 257 0
2562 257 0
4610 257 0
8706 257 0
16898 257 0
33282 257 0
2562 1025 0
4610 1025 0
8706 1025 0
16898 1025 0
33282 1025 0
1538 2049 0
4610 2049 0
8706 2049 0
16898 2049 0
33282 2049 0
1538 4097 0
2562 4097 0
8706 4097 0
16898 4097 0
33282 4097 0
1538 8193 0
2562 8193 0
4610 8193 0
16898 8193 0
33282 8193 0
1538 16385 0
2562 16385 0
4610 16385 0
8706 16385 0
33282 16385 0
1538 32769 0
2562 32769 0
4610 32769 0
8706 32769 0
16898 32769 0
3074 5 0
5122 5 0
9218 5 0
17410 5 0
33794 5 0
3074 9 0
5122 9 0
9218 9 0
17410 9 0
33794 9 0
3074 17 0
5122 17 0
9218 17 0
17410 17 0
33794 17 0
3074 33 0
5122 33 0
9218 33 0
17410 33 0
33794 33 0
3074 65 0
5122 65 0
9218 65 0
17410 65 0
33794 65 0
3074 129 0
5122 129 0
9218 129 0
17410 129 0
33794 129 0
3074 257 0
5122 257 0
9218 257 0
17410 257 0
33794 257 0
3074 513 0
5122 513 0
9218 513 0
17410 513 0
33794 513 0
5122 2049 0
9218 2049 0
17410 2049 0
33794 2049 0
3074 4097 0
9218 4097 0
17410 4097 0
33794 4097 0
3074 8193 0
5122 8193 0
17410 8193 0
33794 8193 0
3074 16385 0
5122 16385 0
9218 16385 0
33794 16385 0
3074 32769 0
5122 32769 0
9218 32769 0
17410 32769 0
6146 5 0
10242 5 0
18434 5 0
34818 5 0
6146 9 0
10242 9 0
18434 9 0
34818 9 0
6146 17 0
10242 17 0
18434 17 0
34818 17 0
6146 33 0
10242 33 0
18434 33 0
34818 33 0
6146 65 0
10242 65 0
18434 65 0
34818 65 0
6146 129 0
10242 129 0
18434 129 0
34818 129 0
6146 257 0
10242 257 0
18434 257 0
34818 257 0
6146 513 0
10242 513 0
18434 513 0
34818 513 0
6146 1025 0
10242 1025 0
18434 1025 0
34818 1025 0
10242 4097 0
18434 4097 0
34818 4097 0
6146 8193 0
18434 8193 0
34818 8193 0
6146 16385 0
10242 16385 0
34818 16385 0
6146 32769 0
10242 32769 0
18434 32769 0
12290 5 0
20482 5 0
36866 5 0
12290 9 0
20482 9 0
36866 9 0
12290 17 0
20482 17 0
36866 17 0
12290 33 0
20482 33 0
36866 33 0
12290 65 0
20482 65 0
36866 65 0
12290 129 0
20482 129 0
36866 129 0
12290 257 0
20482 257 0
36866 257 0
12290 513 0
20482 513 0
36866 513 0
12290 1025 0
20482 1025 0
36866 1025 0
12290 2049 0
20482 2049 0
36866 2049 0
20482 8193 0
36866 8193 0
12290 16385 0
36866 16385 0
12290 32769 0
20482 32769 0
24578 5 0
40962 5 0
24578 9 0
40962 9 0
24578 17 0
40962 17 0
24578 33 0
40962 33 0
24578 65 0
40962 65 0
24578 129 0
40962 129 0
24578 257 0
40962 257 0
24578 513 0
40962 513 0
24578 1025 0
40962 1025 0
24578 2049 0
40962 2049 0
24578 4097 0
40962 4097 0
40962 16385 0
24578 32769 0
49154 5 0
49154 9 0
49154 17 0
49154 33 0
49154 65 0
49154 129 0
49154 257 0
49154 513 0
49154 1025 0
49154 2049 0
49154 4097 0
49154 8193 0
42 20 0
74 20 0
138 20 0
266 20 0
522 20 0
1034 20 0
2058 20 0
4106 20 0
8202 20 0
16394 20 0
32778 20 0
26 36 0
74 36 0
138 36 0
266 36 0
522 36 0
1034 36 0
2058 36 0
4106 36 0
8202 36 0
16394 36 0
32778 36 0
26 68 0
42 68 0
138 68 0
266 68 0
522 68 0
1034 68 0
2058 68 0
4106 68 0
8202 68 0
16394 68 0
32778 68 0
26 132 0
42 132 0
74 132 0
266 132 0
522 132 0
1034 132 0
2058 132 0
4106 132 0
8202 132 0
16394 132 0
32778 132 0
26 260 0
42 260 0
74 260 0
138 260 0
522 260 0
1034 260 0
2058 260 0
4106 260 0
8202 260 0
16394 260 0
32778 260 0
26 516 0
42 516 0
74 516 0
138 516 0
266 516 0
1034 516 0
2058 516 0
4106 516 0
8202 516 0
16394 516 0
32778 516 0
26 1028 0
42 1028 0
74 1028 0
138 1028 0
266 1028 0
522 1028 0
2058 1028 0
4106 1028 0
8202 1028 0
16394 1028 0
32778 1028 0
26 2052 0
42 2052 0
74 2052 0
138 2052 0
266 2052 0
522 2052 0
1034 2052 0
4106 2052 0
8202 2052 0
16394 2052 0
32778 2052 0
26 4100 0
42 4100 0
74 4100 0
138 4100 0
266 4100 0
522 4100 0
1034 4100 0
2058 4100 0
8202 4100 0
16394 4100 0
32778 4100 0
26 8196 0
42 8196 0
74 8196 0
138 8196 0
266 8196 0
522 8196 0
1034 8196 0
2058 8196 0
4106 8196 0
16394 8196 0
32778 8196 0
26 16388 0
42 16388 0
74 16388 0
138 16388 0
266 16388 0
522 16388 0
1034 16388 0
2058 16388 0
4106 16388 0
8202 16388 0
32778 16388 0
26 32772 0
42 32772 0
74 32772 0
138 32772 0
266 32772 0
522 32772 0
1034 32772 0
2058 32772 0
4106 32772 0
8202 32772 0
16394 32772 0
50 12 0
82 12 0
146 12 0
274 12 0
530 12 0
1042 12 0
2066 12 0
4114 12 0
8210 12 0
16402 12 0
32786 12 0
82 36 0
146 36 0
274 36 0
530 36 0
1042 36 0
2066 36 0
4114 36 0
8210 36 0
16402 36 0
32786 36 0
50 68 0
146 68 0
274 68 0
530 68 0
1042 68 0
2066 68 0
4114 68 0
8210 68 0
16402 68 0
32786 68 0
50 132 0
82 132 0
274 132 0
530 132 0
1042 132 0
2066 132 0
4114 132 0
8210 132 0
16402 132 0
32786 132 0
50 260 0
82 260 0
146 260 0
530 260 0
1042 260 0
2066 260 0
4114 260 0
8210 260 0
16402 260 0
32786 260 0
50 516 0
82 516 0
146 516 0
274 516 0
1042 516 0
2066 516 0
4114 516 0
8210 516 0
16402 516 0
32786 516 0
50 1028 0
82 1028 0
146 1028 0
274 1028 0
530 1028 0
2066 1028 0
4114 1028 0
8210 1028 0
16402 1028 0
32786 1028 0
50 2052 0
82 2052 0
146 2052 0
274 2052 0
530 2052 0
1042 2052 0
4114 2052 0
8210 2052 0
16402 2052 0
32786 2052 0
50 4100 0
82 4100 0
146 4100 0
274 4100 0
530 4100 0
1042 4100 0
2066 4100 0
8210 4100 0
16402 4100 0
32786 4100 0
50 8196 0
82 8196 0
146 8196 0
274 8196 0
530 8196 0
1042 8196 0
2066 8196 0
4114 8196 0
16402 8196 0
32786 8196 0
50 16388 0
82 16388 0
146 16388 0
274 16388 0
530 16388 0
1042 16388 0
2066 16388 0
4114 16388 0
8210 16388 0
32786 16388 0
50 32772 0
82 32772 0
146 32772 0
274 32772 0
530 32772 0
1042 32772 0
2066 32772 0
4114 32772 0
8210 32772 0
16402 32772 0
98 12 0
162 12 0
290 12 0
546 12 0
1058 12 0
2082 12 0
4130 12 0
8226 12 0
16418 12 0
32802 12 0
98 20 0
162 20 0
290 20 0
546 20 0
1058 20 0
2082 20 0
4130 20 0
8226 20 0
16418 20 0
32802 20 0
162 68 0
290 68 0
546 68 0
1058 68 0
2082 68 0
4130 68 0
8226 68 0
16418 68 0
32802 68 0
98 132 0
290 132 0
546 132 0
1058 132 0
2082 132 0
4130 132 0
8226 132 0
16418 132 0
32802 132 0
98 260 0
162 260 0
546 260 0
1058 260 0
2082 260 0
4130 260 0
8226 260 0
16418 260 0
32802 260 0
98 516 0
162 516 0
290 516 0
1058 516 0
2082 516 0
4130 516 0
8226 516 0
16418 516 0
32802 516 0
98 1028 0
162 1028 0
290 1028 0
546 1028 0
2082 1028 0
4130 1028 0
8226 1028 0
16418 1028 0
32802 1028 0
98 2052 0
162 2052 0
290 2052 0
546 2052 0
1058 2052 0
4130 2052 0
8226 2052 0
16418 2052 0
32802 2052 0
98 4100 0
162 4100 0
290 4100 0
546 4100 0
1058 4100 0
2082 4100 0
8226 4100 0
16418 4100 0
32802 4100 0
98 8196 0
162 8196 0
290 8196 0
546 8196 0
1058 8196 0
2082 8196 0
4130 8196 0
16418 8196 0
32802 8196 0
98 16388 0
162 16388 0
290 16388 0
546 16388 0
1058 16388 0
2082 16388 0
4130 16388 0
8226 16388 0
32802 16388 0
98 32772 0
162 32772 0
290 32772 0
546 32772 0
1058 32772 0
2082 32772 0
4130 32772 0
8226 32772 0
16418 32772 0
194 12 0
322 12 0
578 12 0
1090 12 0
2114 12 0
4162 12 0
8258 12 0
16450 12 0
32834 12 0
194 20 0
322 20 0
578 20 0
1090 20 0
2114 20 0
4162 20 0
8258 20 0
16450 20 0
32834 20 0
194 36 0
322 36 0
578 36 0
1090 36 0
2114 36 0
4162 36 0
8258 36 0
16450 36 0
32834 36 0
322 132 0
578 132 0
1090 132 0
2114 132 0
4162 132 0
8258 132 0
16450 132 0
32834 132 0
194 260 0
578 260 0
1090 260 0
2114 260 0
4162 260 0
8258 260 0
16450 260 0
32834 260 0
194 516 0
322 516 0
1090 516 0
2114 516 0
4162 516 0
8258 516 0
16450 516 0
32834 516 0
194 1028 0
322 1028 0
578 1028 0
2114 1028 0
4162 1028 0
8258 1028 0
16450 1028 0
32834 1028 0
194 2052 0
322 2052 0
578 2052 0
1090 2052 0
4162 2052 0
8258 2052 0
16450 2052 0
32834 2052 0
194 4100 0
322 4100 0
578 4100 0
1090 4100 0
2114 4100 0
8258 4100 0
16450 4100 0
32834 4100 0
194 8196 0
322 8196 0
578 8196 0
1090 8196 0
2114 8196 0
4162 8196 0
16450 8196 0
32834 8196 0
194 16388 0
322 16388 0
578 16388 0
1090 16388 0
2114 16388 0
4162 16388 0
8258 16388 0
32834 16388 0
194 32772 0
322 32772 0
578 32772 0
1090 32772 0
2114 32772 0
4162 32772 0
8258 32772 0
16450 32772 0
386 12 0
642 12 0
1154 12 0
2178 12 0
4226 12 0
8322 12 0
16514 12 0
32898 12 0
386 20 0
642 20 0
1154 20 0
2178 20 0
4226 20 0
8322 20 0
16514 20 0
32898 20 0
386 36 0
642 36 0
1154 36 0
2178 36 0
4226 36 0
8322 36 0
16514 36 0
32898 36 0
386 68 0
642 68 0
1154 68 0
2178 68 0
4226 68 0
8322 68 0
16514 68 0
32898 68 0
642 260 0
1154 260 0
2178 260 0
4226 260 0
8322 260 0
16514 260 0
32898 260 0
386 516 0
1154 516 0
2178 516 0
4226 516 0
8322 516 0
16514 516 0
32898 516 0
386 1028 0
642 1028 0
2178 1028 0
4226 1028 0
8322 1028 0
16514 1028 0
32898 1028 0
386 2052 0
642 2052 0
1154 2052 0
4226 2052 0
8322 2052 0
16514 2052 0
32898 2052 0
386 4100 0
642 4100 0
1154 4100 0
2178 4100 0
8322 4100 0
16514 4100 0
32898 4100 0
386 8196 0
642 8196 0
1154 8196 0
2178 8196 0
4226 8196 0
16514 8196 0
32898 8196 0
386 16388 0
642 16388 0
1154 16388 0
2178 16388 0
4226 16388 0
8322 16388 0
32898 16388 0
386 32772 0
642 32772 0
1154 32772 0
2178 32772 0
4226 32772 0
8322 32772 0
16514 32772 0
770 12 0
1282 12 0
2306 12 0
4354 12 0
8450 12 0
16642 12 0
33026 12 0
770 20 0
1282 20 0
2306 20 0
4354 20 0
8450 20 0
16642 20 0
33026 20 0
770 36 0
1282 36 0
2306 36 0
4354 36 0
8450 36 0
16642 36 0
33026 36 0
770 68 0
1282 68 0
2306 68 0
4354 68 0
8450 68 0
16642 68 0
33026 68 0
770 132 0
1282 132 0
2306 132 0
4354 132 0
8450 132 0
16642 132 0
33026 132 0
1282 516 0
2306 516 0
4354 516 0
8450 516 0
16642 516 0
33026 516 0
770 1028 0
2306 1028 0
4354 1028 0
8450 1028 0
16642 1028 0
33026 1028 0
770 2052 0
1282 2052 0
4354 2052 0
8450 2052 0
16642 2052 0
33026 2052 0
770 4100 0
1282 4100 0
2306 4100 0
8450 4100 0
16642 4100 0
33026 4100 0
770 8196 0
1282 8196 0
2306 8196 0
4354 8196 0
16642 8196 0
33026 8196 0
770 16388 0
1282 16388 0
2306 16388 0
4354 16388 0
8450 16388 0
33026 16388 0
770 32772 0
1282 32772 0
2306 32772 0
4354 32772 0
8450 32772 0
16642 32772 0
1538 12 0
2562 12 0
4610 12 0
8706 12 0
16898 12 0
33282 12 0
1538 20 0
2562 20 0
4610 20 0
8706 20 0
16898 20 0
33282 20 0
1538 36 0
2562 36 0
4610 36 0
8706 36 0
16898 36 0
33282 36 0
1538 68 0
2562 68 0
4610 68 0
8706 68 0
16898 68 0
33282 68 0
1538 132 0
2562 132 0
4610 132 0
8706 132 0
16898 132 0
33282 132 0
1538 260 0
2562 260 0
4610 260 0
8706 260 0
16898 260 0
33282 260 0
2562 1028 0
4610 1028 0
8706 1028 0
16898 1028 0
33282 1028 0
1538 2052 0
4610 2052 0
8706 2052 0
16898 2052 0
33282 2052 0
1538 4100 0
2562 4100 0
8706 4100 0
16898 4100 0
33282 4100 0
1538 8196 0
2562 8196 0
4610 8196 0
16898 8196 0
33282 8196 0
1538 16388 0
2562 16388 0
4610 16388 0
8706 16388 0
33282 16388 0
1538 32772 0
2562 32772 0
4610 32772 0
8706 32772 0
16898 32772 0
3074 12 0
5122 12 0
9218 12 0
17410 12 0
33794 12 0
3074 20 0
5122 20 0
9218 20 0
17410 20 0
33794 20 0
3074 36 0
5122 36 0
9218 36 0
17410 36 0
33794 36 0
3074 68 0
5122 68 0
9218 68 0
17410 68 0
33794 68 0
3074 132 0
5122 132 0
9218 132 0
17410 132 0
33794 132 0
3074 260 0
5122 260 0
9218 260 0
17410 260 0
33794 260 0
3074 516 0
5122 516 0
9218 516 0
17410 516 0
33794 516 0
5122 2052 0
9218 2052 0
17410 2052 0
33794 2052 0
3074 4100 0
9218 4100 0
17410 4100 0
33794 4100 0
3074 8196 0
5122 8196 0
17410 8196 0
33794 8196 0
3074 16388 0
5122 16388 0
9218 16388 0
33794 16388 0
3074 32772 0
5122 32772 0
9218 32772 0
17410 32772 0
6146 12 0
10242 12 0
18434 12 0
34818 12 0
6146 20 0
10242 20 0
18434 20 0
34818 20 0
6146 36 0
10242 36 0
18434 36 0
34818 36 0
6146 68 0
10242 68 0
18434 68 0
34818 68 0
6146 132 0
10242 132 0
18434 132 0
34818 132 0
6146 260 0
10242 260 0
18434 260 0
34818 260 0
6146 516 0
10242 516 0
18434 516 0
34818 516 0
6146 1028 0
10242 1028 0
18434 1028 0
34818 1028 0
10242 4100 0
18434 4100 0
34818 4100 0
6146 8196 0
18434 8196 0
34818 8196 0
6146 16388 0
10242 16388 0
34818 16388 0
6146 32772 0
10242 32772 0
18434 32772 0
12290 12 0
20482 12 0
36866 12 0
12290 20 0
20482 20 0
36866 20 0
12290 36 0
20482 36 0
36866 36 0
12290 68 0
20482 68 0
36866 68 0
12290 132 0
20482 132 0
36866 132 0
12290 260 0
20482 260 0
36866 260 0
12290 516 0
20482 516 0
36866 516 0
12290 1028 0
20482 1028 0
36866 1028 0
12290 2052 0
20482 2052 0
36866 2052 0
20482 8196 0
36866 8196 0
12290 16388 0
36866 16388 0
12290 32772 0
20482 32772 0
24578 12 0
40962 12 0
24578 20 0
40962 20 0
24578 36 0
40962 36 0
24578 68 0
40962 68 0
24578 132 0
40962 132 0
24578 260 0
40962 260 0
24578 516 0
40962 516 0
24578 1028 0
40962 1028 0
24578 2052 0
40962 2052 0
24578 4100 0
40962 4100 0
40962 16388 0
24578 32772 0
49154 12 0
49154 20 0
49154 36 0
49154 68 0
49154 132 0
49154 260 0
49154 516 0
49154 1028 0
49154 2052 0
49154 4100 0
49154 8196 0
38 24 0
70 24 0
134 24 0
262 24 0
518 24 0
1030 24 0
2054 24 0
4102 24 0
8198 24 0
16390 24 0
32774 24 0
22 40 0
70 40 0
134 40 0
262 40 0
518 40 0
1030 40 0
2054 40 0
4102 40 0
8198 40 0
16390 40 0
32774 40 0
22 72 0
38 72 0
134 72 0
262 72 0
518 72 0
1030 72 0
2054 72 0
4102 72 0
8198 72 0
16390 72 0
32774 72 0
22 136 0
38 136 0
70 136 0
262 136 0
518 136 0
1030 136 0
2054 136 0
4102 136 0
8198 136 0
16390 136 0
32774 136 0
22 264 0
38 264 0
70 264 0
134 264 0
518 264 0
1030 264 0
2054 264 0
4102 264 0
8198 264 0
16390 264 0
32774 264 0
22 520 0
38 520 0
70 520 0
134 520 0
262 520 0
1030 520 0
2054 520 0
4102 520 0
8198 520 0
16390 520 0
32774 520 0
22 1032 0
38 1032 0
70 1032 0
134 1032 0
262 1032 0
518 1032 0
2054 1032 0
4102 1032 0
8198 1032 0
16390 1032 0
32774 1032 0
22 2056 0
38 2056 0
70 2056 0
134 2056 0
262 2056 0
518 2056 0
1030 2056 0
4102 2056 0
8198 2056 0
16390 2056 0
32774 2056 0
22 4104 0
38 4104 0
70 4104 0
134 4104 0
262 4104 0
518 4104 0
1030 4104 0
2054 4104 0
8198 4104 0
16390 4104 0
32774 4104 0
22 8200 0
38 8200 0
70 8200 0
134 8200 0
262 8200 0
518 8200 0
1030 8200 0
2054 8200 0
4102 8200 0
16390 8200 0
32774 8200 0
22 16392 0
38 16392 0
70 16392 0
134 16392 0
262 16392 0
518 16392 0
1030 16392 0
2054 16392 0
4102 16392 0
8198 16392 0
32774 16392 0
22 32776 0
38 32776 0
70 32776 0
134 32776 0
262 32776 0
518 32776 0
1030 32776 0
2054 32776 0
4102 32776 0
8198 32776 0
16390 32776 0
82 40 0
146 40 0
274 40 0
530 40 0
1042 40 0
2066 40 0
4114 40 0
8210 40 0
16402 40 0
32786 40 0
50 72 0
146 72 0
274 72 0
530 72 0
1042 72 0
2066 72 0
4114 72 0
8210 72 0
16402 72 0
32786 72 0
50 136 0
82 136 0
274 136 0
530 136 0
1042 136 0
2066 136 0
4114 136 0
8210 136 0
16402 136 0
32786 136 0
50 264 0
82 264 0
146 264 0
530 264 0
1042 264 0
2066 264 0
4114 264 0
8210 264 0
16402 264 0
32786 264 0
50 520 0
82 520 0
146 520 0
274 520 0
1042 520 0
2066 520 0
4114 520 0
8210 520 0
16402 520 0
32786 520 0
50 1032 0
82 1032 0
146 1032 0
274 1032 0
530 1032 0
2066 1032 0
4114 1032 0
8210 1032 0
16402 1032 0
32786 1032 0
50 2056 0
82 2056 0
146 2056 0
274 2056 0
530 2056 0
1042 2056 0
4114 2056 0
8210 2056 0
16402 2056 0
32786 2056 0
50 4104 0
82 4104 0
146 4104 0
274 4104 0
530 4104 0
1042 4104 0
2066 4104 0
8210 4104 0
16402 4104 0
32786 4104 0
50 8200 0
82 8200 0
146 8200 0
274 8200 0
530 8200 0
1042 8200 0
2066 8200 0
4114 8200 0
16402 8200 0
32786 8200 0
50 16392 0
82 16392 0
146 16392 0
274 16392 0
530 16392 0
1042 16392 0
2066 16392 0
4114 16392 0
8210 16392 0
32786 16392 0
50 32776 0
82 32776 0
146 32776 0
274 32776 0
530 32776 0
1042 32776 0
2066 32776 0
4114 32776 0
8210 32776 0
16402 32776 0
98 24 0
162 24 0
290 24 0
546 24 0
1058 24 0
2082 24 0
4130 24 0
8226 24 0
16418 24 0
32802 24 0
162 72 0
290 72 0
546 72 0
1058 72 0
2082 72 0
4130 72 0
8226 72 0
16418 72 0
32802 72 0
98 136 0
290 136 0
546 136 0
1058 136 0
2082 136 0
4130 136 0
8226 136 0
16418 136 0
32802 136 0
98 264 0
162 264 0
546 264 0
1058 264 0
2082 264 0
4130 264 0
8226 264 0
16418 264 0
32802 264 0
98 520 0
162 520 0
290 520 0
1058 520 0
2082 520 0
4130 520 0
8226 520 0
16418 520 0
32802 520 0
98 1032 0
162 1032 0
290 1032 0
546 1032 0
2082 1032 0
4130 1032 0
8226 1032 0
16418 1032 0
32802 1032 0
98 2056 0
162 2056 0
290 2056 0
546 2056 0
1058 2056 0
4130 2056 0
8226 2056 0
16418 2056 0
32802 2056 0
98 4104 0
162 4104 0
290 4104 0
546 4104 0
1058 4104 0
2082 4104 0
8226 4104 0
16418 4104 0
32802 4104 0
98 8200 0
162 8200 0
290 8200 0
546 8200 0
1058 8200 0
2082 8200 0
4130 8200 0
16418 8200 0
32802 8200 0
98 16392 0
162 16392 0
290 16392 0
546 16392 0
1058 16392 0
2082 16392 0
4130 16392 0
8226 16392 0
32802 16392 0
98 32776 0
162 32776 0
290 32776 0
546 32776 0
1058 32776 0
2082 32776 0
4130 32776 0
8226 32776 0
16418 32776 0
194 24 0
322 24 0
578 24 0
1090 24 0
2114 24 0
4162 24 0
8258 24 0
16450 24 0
32834 24 0
194 40 0
322 40 0
578 40 0
1090 40 0
2114 40 0
4162 40 0
8258 40 0
16450 40 0
32834 40 0
322 136 0
578 136 0
1090 136 0
2114 136 0
4162 136 0
8258 136 0
16450 136 0
32834 136 0
194 264 0
578 264 0
1090 264 0
2114 264 0
4162 264 0
8258 264 0
16450 264 0
32834 264 0
194 520 0
322 520 0
1090 520 0
2114 520 0
4162 520 0
8258 520 0
16450 520 0
32834 520 0
194 1032 0
322 1032 0
578 1032 0
2114 1032 0
4162 1032 0
8258 1032 0
16450 1032 0
32834 1032 0
194 2056 0
322 2056 0
578 2056 0
1090 2056 0
4162 2056 0
8258 2056 0
16450 2056 0
32834 2056 0
194 4104 0
322 4104 0
578 4104 0
1090 4104 0
2114 4104 0
8258 4104 0
16450 4104 0
32834 4104 0
194 8200 0
322 8200 0
578 8200 0
1090 8200 0
2114 8200 0
4162 8200 0
16450 8200 0
32834 8200 0
194 16392 0
322 16392 0
578 16392 0
1090 16392 0
2114 16392 0
4162 16392 0
8258 16392 0
32834 16392 0
194 32776 0
322 32776 0
578 32776 0
1090 32776 0
2114 32776 0
4162 32776 0
8258 32776 0
16450 32776 0
386 24 0
642 24 0
1154 24 0
2178 24 0
4226 24 0
8322 24 0
16514 24 0
32898 24 0
386 40 0
642 40 0
1154 40 0
2178 40 0
4226 40 0
8322 40 0
16514 40 0
32898 40 0
386 72 0
642 72 0
1154 72 0
2178 72 0
4226 72 0
8322 72 0
16514 72 0
32898 72 0
642 264 0
1154 264 0
2178 264 0
4226 264 0
8322 264 0
16514 264 0
32898 264 0
386 520 0
1154 520 0
2178 520 0
4226 520 0
8322 520 0
16514 520 0
32898 520 0
386 1032 0
642 1032 0
2178 1032 0
4226 1032 0
8322 1032 0
16514 1032 0
32898 1032 0
386 2056 0
642 2056 0
1154 2056 0
4226 2056 0
8322 2056 0
16514 2056 0
32898 2056 0
386 4104 0
642 4104 0
1154 4104 0
2178 4104 0
8322 4104 0
16514 4104 0
32898 4104 0
386 8200 0
642 8200 0
1154 8200 0
2178 8200 0
4226 8200 0
16514 8200 0
32898 8200 0
386 16392 0
642 16392 0
1154 16392 0
2178 16392 0
4226 16392 0
8322 16392 0
32898 16392 0
386 32776 0
642 32776 0
1154 32776 0
2178 32776 0
4226 32776 0
8322 32776 0
16514 32776 0
770 24 0
1282 24 0
2306 24 0
4354 24 0
8450 24 0
16642 24 0
33026 24 0
770 40 0
1282 40 0
2306 40 0
4354 40 0
8450 40 0
16642 40 0
33026 40 0
770 72 0
1282 72 0
2306 72 0
4354 72 0
8450 72 0
16642 72 0
33026 72 0
770 136 0
1282 136 0
2306 136 0
4354 136 0
8450 136 0
16642 136 0
33026 136 0
1282 520 0
2306 520 0
4354 520 0
8450 520 0
16642 520 0
33026 520 0
770 1032 0
2306 1032 0
4354 1032 0
8450 1032 0
16642 1032 0
33026 1032 0
770 2056 0
1282 2056 0
4354 2056 0
8450 2056 0
16642 2056 0
33026 2056 0
770 4104 0
1282 4104 0
2306 4104 0
8450 4104 0
16642 4104 0
33026 4104 0
770 8200 0
1282 8200 0
2306 8200 0
4354 8200 0
16642 8200 0
33026 8200 0
770 16392 0
1282 16392 0
2306 16392 0
4354 16392 0
8450 16392 0
33026 16392 0
770 32776 0
1282 32776 0
2306 32776 0
4354 32776 0
8450 32776 0
16642 32776 0
1538 24 0
2562 24 0
4610 24 0
8706 24 0
16898 24 0
33282 24 0
1538 40 0
2562 40 0
4610 40 0
8706 40 0
16898 40 0
33282 40 0
1538 72 0
2562 72 0
4610 72 0
8706 72 0
16898 72 0
33282 72 0
1538 136 0
2562 136 0
4610 136 0
8706 136 0
16898 136 0
33282 136 0
1538 264 0
2562 264 0
4610 264 0
8706 264 0
16898 264 0
33282 264 0
2562 1032 0
4610 1032 0
8706 1032 0
16898 1032 0
33282 1032 0
1538 2056 0
4610 2056 0
8706 2056 0
16898 2056 0
33282 2056 0
1538 4104 0
2562 4104 0
8706 4104 0
16898 4104 0
33282 4104 0
1538 8200 0
2562 8200 0
4610 8200 0
16898 8200 0
33282 8200 0
1538 16392 0
2562 16392 0
4610 16392 0
8706 16392 0
33282 16392 0
1538 32776 0
2562 32776 0
4610 32776 0
8706 32776 0
16898 32776 0
3074 24 0
5122 24 0
9218 24 0
17410 24 0
33794 24 0
3074 40 0
5122 40 0
9218 40 0
17410 40 0
33794 40 0
3074 72 0
5122 72 0
9218 72 0
17410 72 0
33794 72 0
3074 136 0
5122 136 0
9218 136 0
17410 136 0
33794 136 0
3074 264 0
5122 264 0
9218 264 0
17410 264 0
33794 264 0
3074 520 0
5122 520 0
9218 520 0
17410 520 0
33794 520 0
5122 2056 0
9218 2056 0
17410 2056 0
33794 2056 0
3074 4104 0
9218 4104 0
17410 4104 0
33794 4104 0
3074 8200 0
5122 8200 0
17410 8200 0
33794 8200 0
3074 16392 0
5122 16392 0
9218 16392 0
33794 16392 0
3074 32776 0
5122 32776 0
9218 32776 0
17410 32776 0
6146 24 0
10242 24 0
18434 24 0
34818 24 0
6146 40 0
10242 40 0
18434 40 0
34818 40 0
6146 72 0
10242 72 0
18434 72 0
34818 72 0
6146 136 0
10242 136 0
18434 136 0
34818 136 0
6146 264 0
10242 264 0
18434 264 0
34818 264 0
6146 520 0
10242 520 0
18434 520 0
34818 520 0
6146 1032 0
10242 1032 0
18434 1032 0
34818 1032 0
10242 4104 0
18434 4104 0
34818 4104 0
6146 8200 0
18434 8200 0
34818 8200 0
6146 16392 0
10242 16392 0
34818 16392 0
6146 32776 0
10242 32776 0
18434 32776 0
12290 24 0
20482 24 0
36866 24 0
12290 40 0
20482 40 0
36866 40 0
12290 72 0
20482 72 0
36866 72 0
12290 136 0
20482 136 0
36866 136 0
12290 264 0
20482 264 0
36866 264 0
12290 520 0
20482 520 0
36866 520 0
12290 1032 0
20482 1032 0
36866 1032 0
12290 2056 0
20482 2056 0
36866 2056 0
20482 8200 0
36866 8200 0
12290 16392 0
36866 16392 0
12290 32776 0
20482 32776 0
24578 24 0
40962 24 0
24578 40 0
40962 40 0
24578 72 0
40962 72 0
24578 136 0
40962 136 0
24578 264 0
40962 264 0
24578 520 0
40962 520 0
24578 1032 0
40962 1032 0
24578 2056 0
40962 2056 0
24578 4104 0
40962 4104 0
40962 16392 0
24578 32776 0
49154 24 0
49154 40 0
49154 72 0
49154 136 0
49154 264 0
49154 520 0
49154 1032 0
49154 2056 0
49154 4104 0
49154 8200 0
14 48 0
70 48 0
134 48 0
262 48 0
518 48 0
1030 48 0
2054 48 0
4102 48 0
8198 48 0
16390 48 0
32774 48 0
14 80 0
38 80 0
134 80 0
262 80 0
518 80 0
1030 80 0
2054 80 0
4102 80 0
8198 80 0
16390 80 0
32774 80 0
14 144 0
38 144 0
70 144 0
262 144 0
518 144 0
1030 144 0
2054 144 0
4102 144 0
8198 144 0
16390 144 0
32774 144 0
14 272 0
38 272 0
70 272 0
134 272 0
518 272 0
1030 272 0
2054 272 0
4102 272 0
8198 272 0
16390 272 0
32774 272 0
14 528 0
38 528 0
70 528 0
134 528 0
262 528 0
1030 528 0
2054 528 0
4102 528 0
8198 528 0
16390 528 0
32774 528 0
14 1040 0
38 1040 0
70 1040 0
134 1040 0
262 1040 0
518 1040 0
2054 1040 0
4102 1040 0
8198 1040 0
16390 1040 0
32774 1040 0
14 2064 0
38 2064 0
70 2064 0
134 2064 0
262 2064 0
518 2064 0
1030 2064 0
4102 2064 0
8198 2064 0
16390 2064 0
32774 2064 0
14 4112 0
38 4112 0
70 4112 0
134 4112 0
262 4112 0
518 4112 0
1030 4112 0
2054 4112 0
8198 4112 0
16390 4112 0
32774 4112 0
14 8208 0
38 8208 0
70 8208 0
134 8208 0
262 8208 0
518 8208 0
1030 8208 0
2054 8208 0
4102 8208 0
16390 8208 0
32774 8208 0
14 16400 0
38 16400 0
70 16400 0
134 16400 0
262 16400 0
518 16400 0
1030 16400 0
2054 16400 0
4102 16400 0
8198 16400 0
32774 16400 0
14 32784 0
38 32784 0
70 32784 0
134 32784 0
262 32784 0
518 32784 0
1030 32784 0
2054 32784 0
4102 32784 0
8198 32784 0
16390 32784 0
74 48 0
138 48 0
266 48 0
522 48 0
1034 48 0
2058 48 0
4106 48 0
8202 48 0
16394 48 0
32778 48 0
42 80 0
138 80 0
266 80 0
522 80 0
1034 80 0
2058 80 0
4106 80 0
8202 80 0
16394 80 0
32778 80 0
42 144 0
74 144 0
266 144 0
522 144 0
1034 144 0
2058 144 0
4106 144 0
8202 144 0
16394 144 0
32778 144 0
42 272 0
74 272 0
138 272 0
522 272 0
1034 272 0
2058 272 0
4106 272 0
8202 272 0
16394 272 0
32778 272 0
42 528 0
74 528 0
138 528 0
266 528 0
1034 528 0
2058 528 0
4106 528 0
8202 528 0
16394 528 0
32778 528 0
42 1040 0
74 1040 0
138 1040 0
266 1040 0
522 1040 0
2058 1040 0
4106 1040 0
8202 1040 0
16394 1040 0
32778 1040 0
42 2064 0
74 2064 0
138 2064 0
266 2064 0
522 2064 0
1034 2064 0
4106 2064 0
8202 2064 0
16394 2064 0
32778 2064 0
42 4112 0
74 4112 0
138 4112 0
266 4112 0
522 4112 0
1034 4112 0
2058 4112 0
8202 4112 0
16394 4112 0
32778 4112 0
42 8208 0
74 8208 0
138 8208 0
266 8208 0
522 8208 0
1034 8208 0
2058 8208 0
4106 8208 0
16394 8208 0
32778 8208 0
42 16400 0
74 16400 0
138 16400 0
266 16400 0
522 16400 0
1034 16400 0
2058 16400 0
4106 16400 0
8202 16400 0
32778 16400 0
42 32784 0
74 32784 0
138 32784 0
266 32784 0
522 32784 0
1034 32784 0
2058 32784 0
4106 32784 0
8202 32784 0
16394 32784 0
162 80 0
290 80 0
546 80 0
1058 80 0
2082 80 0
4130 80 0
8226 80 0
16418 80 0
32802 80 0
98 144 0
290 144 0
546 144 0
1058 144 0
2082 144 0
4130 144 0
8226 144 0
16418 144 0
32802 144 0
98 272 0
162 272 0
546 272 0
1058 272 0
2082 272 0
4130 272 0
8226 272 0
16418 272 0
32802 272 0
98 528 0
162 528 0
290 528 0
1058 528 0
2082 528 0
4130 528 0
8226 528 0
16418 528 0
32802 528 0
98 1040 0
162 1040 0
290 1040 0
546 1040 0
2082 1040 0
4130 1040 0
8226 1040 0
16418 1040 0
32802 1040 0
98 2064 0
162 2064 0
290 2064 0
546 2064 0
1058 2064 0
4130 2064 0
8226 2064 0
16418 2064 0
32802 2064 0
98 4112 0
162 4112 0
290 4112 0
546 4112 0
1058 4112 0
2082 4112 0
8226 4112 0
16418 4112 0
32802 4112 0
98 8208 0
162 8208 0
290 8208 0
546 8208 0
1058 8208 0
2082 8208 0
4130 8208 0
16418 8208 0
32802 8208 0
98 16400 0
162 16400 0
290 16400 0
546 16400 0
1058 16400 0
2082 16400 0
4130 16400 0
8226 16400 0
32802 16400 0
98 32784 0
162 32784 0
290 32784 0
546 32784 0
1058 32784 0
2082 32784 0
4130 32784 0
8226 32784 0
16418 32784 0
194 48 0
322 48 0
578 48 0
1090 48 0
2114 48 0
4162 48 0
8258 48 0
16450 48 0
32834 48 0
322 144 0
578 144 0
1090 144 0
2114 144 0
4162 144 0
8258 144 0
16450 144 0
32834 144 0
194 272 0
578 272 0
1090 272 0
2114 272 0
4162 272 0
8258 272 0
16450 272 0
32834 272 0
194 528 0
322 528 0
1090 528 0
2114 528 0
4162 528 0
8258 528 0
16450 528 0
32834 528 0
194 1040 0
322 1040 0
578 1040 0
2114 1040 0
4162 1040 0
8258 1040 0
16450 1040 0
32834 1040 0
194 2064 0
322 2064 0
578 2064 0
1090 2064 0
4162 2064 0
8258 2064 0
16450 2064 0
32834 2064 0
194 4112 0
322 4112 0
578 4112 0
1090 4112 0
2114 4112 0
8258 4112 0
16450 4112 0
32834 4112 0
194 8208 0
322 8208 0
578 8208 0
1090 8208 0
2114 8208 0
4162 8208 0
16450 8208 0
32834 8208 0
194 16400 0
322 16400 0
578 16400 0
1090 16400 0
2114 16400 0
4162 16400 0
8258 16400 0
32834 16400 0
194 32784 0
322 32784 0
578 32784 0
1090 32784 0
2114 32784 0
4162 32784 0
8258 32784 0
16450 32784 0
386 48 0
642 48 0
1154 48 0
2178 48 0
4226 48 0
8322 48 0
16514 48 0
32898 48 0
386 80 0
642 80 0
1154 80 0
2178 80 0
4226 80 0
8322 80 0
16514 80 0
32898 80 0
642 272 0
1154 272 0
2178 272 0
4226 272 0
8322 272 0
16514 272 0
32898 272 0
386 528 0
1154 528 0
2178 528 0
4226 528 0
8322 528 0
16514 528 0
32898 528 0
386 1040 0
642 1040 0
2178 1040 0
4226 1040 0
8322 1040 0
16514 1040 0
32898 1040 0
386 2064 0
642 2064 0
1154 2064 0
4226 2064 0
8322 2064 0
16514 2064 0
32898 2064 0
386 4112 0
642 4112 0
1154 4112 0
2178 4112 0
8322 4112 0
16514 4112 0
32898 4112 0
386 8208 0
642 8208 0
1154 8208 0
2178 8208 0
4226 8208 0
16514 8208 0
32898 8208 0
386 16400 0
642 16400 0
1154 16400 0
2178 16400 0
4226 16400 0
8322 16400 0
32898 16400 0
386 32784 0
642 32784 0
1154 32784 0
2178 32784 0
4226 32784 0
8322 32784 0
16514 32784 0
770 48 0
1282 48 0
2306 48 0
4354 48 0
8450 48 0
16642 48 0
33026 48 0
770 80 0
1282 80 0
2306 80 0
4354 80 0
8450 80 0
16642 80 0
33026 80 0
770 144 0
1282 144 0
2306 144 0
4354 144 0
8450 144 0
16642 144 0
33026 144 0
1282 528 0
2306 528 0
4354 528 0
8450 528 0
16642 528 0
33026 528 0
770 1040 0
2306 1040 0
4354 1040 0
8450 1040 0
16642 1040 0
33026 1040 0
770 2064 0
1282 2064 0
4354 2064 0
8450 2064 0
16642 2064 0
33026 2064 0
770 4112 0
1282 4112 0
2306 4112 0
8450 4112 0
16642 4112 0
33026 4112 0
770 8208 0
1282 8208 0
2306 8208 0
4354 8208 0
16642 8208 0
33026 8208 0
770 16400 0
1282 16400 0
2306 16400 0
4354 16400 0
8450 16400 0
33026 16400 0
770 32784 0
1282 32784 0
2306 32784 0
4354 32784 0
8450 32784 0
16642 32784 0
1538 48 0
2562 48 0
4610 48 0
8706 48 0
16898 48 0
33282 48 0
1538 80 0
2562 80 0
4610 80 0
8706 80 0
16898 80 0
33282 80 0
1538 144 0
2562 144 0
4610 144 0
8706 144 0
16898 144 0
33282 144 0
1538 272 0
2562 272 0
4610 272 0
8706 272 0
16898 272 0
33282 272 0
2562 1040 0
4610 1040 0
8706 1040 0
16898 1040 0
33282 1040 0
1538 2064 0
4610 2064 0
8706 2064 0
16898 2064 0
33282 2064 0
1538 4112 0
2562 4112 0
8706 4112 0
16898 4112 0
33282 4112 0
1538 8208 0
2562 8208 0
4610 8208 0
16898 8208 0
33282 8208 0
1538 16400 0
2562 16400 0
4610 16400 0
8706 16400 0
33282 16400 0
1538 32784 0
2562 32784 0
4610 32784 0
8706 32784 0
16898 32784 0
3074 48 0
5122 48 0
9218 48 0
17410 48 0
33794 48 0
3074 80 0
5122 80 0
9218 80 0
17410 80 0
33794 80 0
3074 144 0
5122 144 0
9218 144 0
17410 144 0
33794 144 0
3074 272 0
5122 272 0
9218 272 0
17410 272 0
33794 272 0
3074 528 0
5122 528 0
9218 528 0
17410 528 0
33794 528 0
5122 2064 0
9218 2064 0
17410 2064 0
33794 2064 0
3074 4112 0
9218 4112 0
17410 4112 0
33794 4112 0
3074 8208 0
5122 8208 0
17410 8208 0
33794 8208 0
3074 16400 0
5122 16400 0
9218 16400 0
33794 16400 0
3074 32784 0
5122 32784 0
9218 32784 0
17410 32784 0
6146 48 0
10242 48 0
18434 48 0
34818 48 0
6146 80 0
10242 80 0
18434 80 0
34818 80 0
6146 144 0
10242 144 0
18434 144 0
34818 144 0
6146 272 0
10242 272 0
18434 272 0
34818 272 0
6146 528 0
10242 528 0
18434 528 0
34818 528 0
6146 1040 0
10242 1040 0
18434 1040 0
34818 1040 0
10242 4112 0
18434 4112 0
34818 4112 0
6146 8208 0
18434 8208 0
34818 8208 0
6146 16400 0
10242 16400 0
34818 16400 0
6146 32784 0
10242 32784 0
18434 32784 0
12290 48 0
20482 48 0
36866 48 0
12290 80 0
20482 80 0
36866 80 0
12290 144 0
20482 144 0
36866 144 0
12290 272 0
20482 272 0
36866 272 0
12290 528 0
20482 528 0
36866 528 0
12290 1040 0
20482 1040 0
36866 1040 0
12290 2064 0
20482 2064 0
36866 2064 0
20482 8208 0
36866 8208 0
12290 16400 0
36866 16400 0
12290 32784 0
20482 32784 0
24578 48 0
40962 48 0
24578 80 0
40962 80 0
24578 144 0
40962 144 0
24578 272 0
40962 272 0
24578 528 0
40962 528 0
24578 1040 0
40962 1040 0
24578 2064 0
40962 2064 0
24578 4112 0
40962 4112 0
40962 16400 0
24578 32784 0
49154 48 0
49154 80 0
49154 144 0
49154 272 0
49154 528 0
49154 1040 0
49154 2064 0
49154 4112 0
49154 8208 0
14 96 0
22 96 0
134 96 0
262 96 0
518 96 0
1030 96 0
2054 96 0
4102 96 0
8198 96 0
16390 96 0
32774 96 0
14 160 0
22 160 0
70 160 0
262 160 0
518 160 0
1030 160 0
2054 160 0
4102 160 0
8198 160 0
16390 160 0
32774 160 0
14 288 0
22 288 0
70 288 0
134 288 0
518 288 0
1030 288 0
2054 288 0
4102 288 0
8198 288 0
16390 288 0
32774 288 0
14 544 0
22 544 0
70 544 0
134 544 0
262 544 0
1030 544 0
2054 544 0
4102 544 0
8198 544 0
16390 544 0
32774 544 0
14 1056 0
22 1056 0
70 1056 0
134 1056 0
262 1056 0
518 1056 0
2054 1056 0
4102 1056 0
8198 1056 0
16390 1056 0
32774 1056 0
14 2080 0
22 2080 0
70 2080 0
134 2080 0
262 2080 0
518 2080 0
1030 2080 0
4102 2080 0
8198 2080 0
16390 2080 0
32774 2080 0
14 4128 0
22 4128 0
70 4128 0
134 4128 0
262 4128 0
518 4128 0
1030 4128 0
2054 4128 0
8198 4128 0
16390 4128 0
32774 4128 0
14 8224 0
22 8224 0
70 8224 0
134 8224 0
262 8224 0
518 8224 0
1030 8224 0
2054 8224 0
4102 8224 0
16390 8224 0
32774 8224 0
14 16416 0
22 16416 0
70 16416 0
134 16416 0
262 16416 0
518 16416 0
1030 16416 0
2054 16416 0
4102 16416 0
8198 16416 0
32774 16416 0
14 32800 0
22 32800 0
70 32800 0
134 32800 0
262 32800 0
518 32800 0
1030 32800 0
2054 32800 0
4102 32800 0
8198 32800 0
16390 32800 0
26 96 0
138 96 0
266 96 0
522 96 0
1034 96 0
2058 96 0
4106 96 0
8202 96 0
16394 96 0
32778 96 0
26 160 0
74 160 0
266 160 0
522 160 0
1034 160 0
2058 160 0
4106 160 0
8202 160 0
16394 160 0
32778 160 0
26 288 0
74 288 0
138 288 0
522 288 0
1034 288 0
2058 288 0
4106 288 0
8202 288 0
16394 288 0
32778 288 0
26 544 0
74 544 0
138 544 0
266 544 0
1034 544 0
2058 544 0
4106 544 0
8202 544 0
16394 544 0
32778 544 0
26 1056 0
74 1056 0
138 1056 0
266 1056 0
522 1056 0
2058 1056 0
4106 1056 0
8202 1056 0
16394 1056 0
32778 1056 0
26 2080 0
74 2080 0
138 2080 0
266 2080 0
522 2080 0
1034 2080 0
4106 2080 0
8202 2080 0
16394 2080 0
32778 2080 0
26 4128 0
74 4128 0
138 4128 0
266 4128 0
522 4128 0
1034 4128 0
2058 4128 0
8202 4128 0
16394 4128 0
32778 4128 0
26 8224 0
74 8224 0
138 8224 0
266 8224 0
522 8224 0
1034 8224 0
2058 8224 0
4106 8224 0
16394 8224 0
32778 8224 0
26 16416 0
74 16416 0
138 16416 0
266 16416 0
522 16416 0
1034 16416 0
2058 16416 0
4106 16416 0
8202 16416 0
32778 16416 0
26 32800 0
74 32800 0
138 32800 0
266 32800 0
522 32800 0
1034 32800 0
2058 32800 0
4106 32800 0
8202 32800 0
16394 32800 0
146 96 0
274 96 0
530 96 0
1042 96 0
2066 96 0
4114 96 0
8210 96 0
16402 96 0
32786 96 0
82 160 0
274 160 0
530 160 0
1042 160 0
2066 160 0
4114 160 0
8210 160 0
16402 160 0
32786 160 0
82 288 0
146 288 0
530 288 0
1042 288 0
2066 288 0
4114 288 0
8210 288 0
16402 288 0
32786 288 0
82 544 0
146 544 0
274 544 0
1042 544 0
2066 544 0
4114 544 0
8210 544 0
16402 544 0
32786 544 0
82 1056 0
146 1056 0
274 1056 0
530 1056 0
2066 1056 0
4114 1056 0
8210 1056 0
16402 1056 0
32786 1056 0
82 2080 0
146 2080 0
274 2080 0
530 2080 0
1042 2080 0
4114 2080 0
8210 2080 0
16402 2080 0
32786 2080 0
82 4128 0
146 4128 0
274 4128 0
530 4128 0
1042 4128 0
2066 4128 0
8210 4128 0
16402 4128 0
32786 4128 0
82 8224 0
146 8224 0
274 8224 0
530 8224 0
1042 8224 0
2066 8224 0
4114 8224 0
16402 8224 0
32786 8224 0
82 16416 0
146 16416 0
274 16416 0
530 16416 0
1042 16416 0
2066 16416 0
4114 16416 0
8210 16416 0
32786 16416 0
82 32800 0
146 32800 0
274 32800 0
530 32800 0
1042 32800 0
2066 32800 0
4114 32800 0
8210 32800 0
16402 32800 0
322 160 0
578 160 0
1090 160 0
2114 160 0
4162 160 0
8258 160 0
16450 160 0
32834 160 0
194 288 0
578 288 0
1090 288 0
2114 288 0
4162 288 0
8258 288 0
16450 288 0
32834 288 0
194 544 0
322 544 0
1090 544 0
2114 544 0
4162 544 0
8258 544 0
16450 544 0
32834 544 0
194 1056 0
322 1056 0
578 1056 0
2114 1056 0
4162 1056 0
8258 1056 0
16450 1056 0
32834 1056 0
194 2080 0
322 2080 0
578 2080 0
1090 2080 0
4162 2080 0
8258 2080 0
16450 2080 0
32834 2080 0
194 4128 0
322 4128 0
578 4128 0
1090 4128 0
2114 4128 0
8258 4128 0
16450 4128 0
32834 4128 0
194 8224 0
322 8224 0
578 8224 0
1090 8224 0
2114 8224 0
4162 8224 0
16450 8224 0
32834 8224 0
194 16416 0
322 16416 0
578 16416 0
1090 16416 0
2114 16416 0
4162 16416 0
8258 16416 0
32834 16416 0
194 32800 0
322 32800 0
578 32800 0
1090 32800 0
2114 32800 0
4162 32800 0
8258 32800 0
16450 32800 0
386 96 0
642 96 0
1154 96 0
2178 96 0
4226 96 0
8322 96 0
16514 96 0
32898 96 0
642 288 0
1154 288 0
2178 288 0
4226 288 0
8322 288 0
16514 288 0
32898 288 0
386 544 0
1154 544 0
2178 544 0
4226 544 0
8322 544 0
16514 544 0
32898 544 0
386 1056 0
642 1056 0
2178 1056 0
4226 1056 0
8322 1056 0
16514 1056 0
32898 1056 0
386 2080 0
642 2080 0
1154 2080 0
4226 2080 0
8322 2080 0
16514 2080 0
32898 2080 0
386 4128 0
642 4128 0
1154 4128 0
2178 4128 0
8322 4128 0
16514 4128 0
32898 4128 0
386 8224 0
642 8224 0
1154 8224 0
2178 8224 0
4226 8224 0
16514 8224 0
32898 8224 0
386 16416 0
642 16416 0
1154 16416 0
2178 16416 0
4226 16416 0
8322 16416 0
32898 16416 0
386 32800 0
642 32800 0
1154 32800 0
2178 32800 0
4226 32800 0
8322 32800 0
16514 32800 0
770 96 0
1282 96 0
2306 96 0
4354 96 0
8450 96 0
16642 96 0
33026 96 0
770 160 0
1282 160 0
2306 160 0
4354 160 0
8450 160 0
16642 160 0
33026 160 0
1282 544 0
2306 544 0
4354 544 0
8450 544 0
16642 544 0
33026 544 0
770 1056 0
2306 1056 0
4354 1056 0
8450 1056 0
16642 1056 0
33026 1056 0
770 2080 0
1282 2080 0
4354 2080 0
8450 2080 0
16642 2080 0
33026 2080 0
770 4128 0
1282 4128 0
2306 4128 0
8450 4128 0
16642 4128 0
33026 4128 0
770 8224 0
1282 8224 0
2306 8224 0
4354 8224 0
16642 8224 0
33026 8224 0
770 16416 0
1282 16416 0
2306 16416 0
4354 16416 0
8450 16416 0
33026 16416 0
770 32800 0
1282 32800 0
2306 32800 0
4354 32800 0
8450 32800 0
16642 32800 0
1538 96 0
2562 96 0
4610 96 0
8706 96 0
16898 96 0
33282 96 0
1538 160 0
2562 160 0
4610 160 0
8706 160 0
16898 160 0
33282 160 0
1538 288 0
2562 288 0
4610 288 0
8706 288 0
16898 288 0
33282 288 0
2562 1056 0
4610 1056 0
8706 1056 0
16898 1056 0
33282 1056 0
1538 2080 0
4610 2080 0
8706 2080 0
16898 2080 0
33282 2080 0
1538 4128 0
2562 4128 0
8706 4128 0
16898 4128 0
33282 4128 0
1538 8224 0
2562 8224 0
4610 8224 0
16898 8224 0
33282 8224 0
1538 16416 0
2562 16416 0
4610 16416 0
8706 16416 0
33282 16416 0
1538 32800 0
2562 32800 0
4610 32800 0
8706 32800 0
16898 32800 0
3074 96 0
5122 96 0
9218 96 0
17410 96 0
33794 96 0
3074 160 0
5122 160 0
9218 160 0
17410 160 0
33794 160 0
3074 288 0
5122 288 0
9218 288 0
17410 288 0
33794 288 0
3074 544 0
5122 544 0
9218 544 0
17410 544 0
33794 544 0
5122 2080 0
9218 2080 0
17410 2080 0
33794 2080 0
3074 4128 0
9218 4128 0
17410 4128 0
33794 4128 0
3074 8224 0
5122 8224 0
17410 8224 0
33794 8224 0
3074 16416 0
5122 16416 0
9218 16416 0
33794 16416 0
3074 32800 0
5122 32800 0
9218 32800 0
17410 32800 0
6146 96 0
10242 96 0
18434 96 0
34818 96 0
6146 160 0
10242 160 0
18434 160 0
34818 160 0
6146 288 0
10242 288 0
18434 288 0
34818 288 0
6146 544 0
10242 544 0
18434 544 0
34818 544 0
6146 1056 0
10242 1056 0
18434 1056 0
34818 1056 0
10242 4128 0
18434 4128 0
34818 4128 0
6146 8224 0
18434 8224 0
34818 8224 0
6146 16416 0
10242 16416 0
34818 16416 0
6146 32800 0
10242 32800 0
18434 32800 0
12290 96 0
20482 96 0
36866 96 0
12290 160 0
20482 160 0
36866 160 0
12290 288 0
20482 288 0
36866 288 0
12290 544 0
20482 544 0
36866 544 0
12290 1056 0
20482 1056 0
36866 1056 0
12290 2080 0
20482 2080 0
36866 2080 0
20482 8224 0
36866 8224 0
12290 16416 0
36866 16416 0
12290 32800 0
20482 32800 0
24578 96 0
40962 96 0
24578 160 0
40962 160 0
24578 288 0
40962 288 0
24578 544 0
40962 544 0
24578 1056 0
40962 1056 0
24578 2080 0
40962 2080 0
24578 4128 0
40962 4128 0
40962 16416 0
24578 32800 0
49154 96 0
49154 160 0
49154 288 0
49154 544 0
49154 1056 0
49154 2080 0
49154 4128 0
49154 8224 0
14 192 0
22 192 0
38 192 0
262 192 0
518 192 0
1030 192 0
2054 192 0
4102 192 0
8198 192 0
16390 192 0
32774 192 0
14 320 0
22 320 0
38 320 0
134 320 0
518 320 0
1030 320 0
2054 320 0
4102 320 0
8198 320 0
16390 320 0
32774 320 0
14 576 0
22 576 0
38 576 0
134 576 0
262 576 0
1030 576 0
2054 576 0
4102 576 0
8198 576 0
16390 576 0
32774 576 0
14 1088 0
22 1088 0
38 1088 0
134 1088 0
262 1088 0
518 1088 0
2054 1088 0
4102 1088 0
8198 1088 0
16390 1088 0
32774 1088 0
14 2112 0
22 2112 0
38 2112 0
134 2112 0
262 2112 0
518 2112 0
1030 2112 0
4102 2112 0
8198 2112 0
16390 2112 0
32774 2112 0
14 4160 0
22 4160 0
38 4160 0
134 4160 0
262 4160 0
518 4160 0
1030 4160 0
2054 4160 0
8198 4160 0
16390 4160 0
32774 4160 0
14 8256 0
22 8256 0
38 8256 0
134 8256 0
262 8256 0
518 8256 0
1030 8256 0
2054 8256 0
4102 8256 0
16390 8256 0
32774 8256 0
14 16448 0
22 16448 0
38 16448 0
134 16448 0
262 16448 0
518 16448 0
1030 16448 0
2054 16448 0
4102 16448 0
8198 16448 0
32774 16448 0
14 32832 0
22 32832 0
38 32832 0
134 32832 0
262 32832 0
518 32832 0
1030 32832 0
2054 32832 0
4102 32832 0
8198 32832 0
16390 32832 0
26 192 0
42 192 0
266 192 0
522 192 0
1034 192 0
2058 192 0
4106 192 0
8202 192 0
16394 192 0
32778 192 0
26 320 0
42 320 0
138 320 0
522 320 0
1034 320 0
2058 320 0
4106 320 0
8202 320 0
16394 320 0
32778 320 0
26 576 0
42 576 0
138 576 0
266 576 0
1034 576 0
2058 576 0
4106 576 0
8202 576 0
16394 576 0
32778 576 0
26 1088 0
42 1088 0
138 1088 0
266 1088 0
522 1088 0
2058 1088 0
4106 1088 0
8202 1088 0
16394 1088 0
32778 1088 0
26 2112 0
42 2112 0
138 2112 0
266 2112 0
522 2112 0
1034 2112 0
4106 2112 0
8202 2112 0
16394 2112 0
32778 2112 0
26 4160 0
42 4160 0
138 4160 0
266 4160 0
522 4160 0
1034 4160 0
2058 4160 0
8202 4160 0
16394 4160 0
32778 4160 0
26 8256 0
42 8256 0
138 8256 0
266 8256 0
522 8256 0
1034 8256 0
2058 8256 0
4106 8256 0
16394 8256 0
32778 8256 0
26 16448 0
42 16448 0
138 16448 0
266 16448 0
522 16448 0
1034 16448 0
2058 16448 0
4106 16448 0
8202 16448 0
32778 16448 0
26 32832 0
42 32832 0
138 32832 0
266 32832 0
522 32832 0
1034 32832 0
2058 32832 0
4106 32832 0
8202 32832 0
16394 32832 0
50 192 0
274 192 0
530 192 0
1042 192 0
2066 192 0
4114 192 0
8210 192 0
16402 192 0
32786 192 0
50 320 0
146 320 0
530 320 0
1042 320 0
2066 320 0
4114 320 0
8210 320 0
16402 320 0
32786 320 0
50 576 0
146 576 0
274 576 0
1042 576 0
2066 576 0
4114 576 0
8210 576 0
16402 576 0
32786 576 0
50 1088 0
146 1088 0
274 1088 0
530 1088 0
2066 1088 0
4114 1088 0
8210 1088 0
16402 1088 0
32786 1088 0
50 2112 0
146 2112 0
274 2112 0
530 2112 0
1042 2112 0
4114 2112 0
8210 2112 0
16402 2112 0
32786 2112 0
50 4160 0
146 4160 0
274 4160 0
530 4160 0
1042 4160 0
2066 4160 0
8210 4160 0
16402 4160 0
32786 4160 0
50 8256 0
146 8256 0
274 8256 0
530 8256 0
1042 8256 0
2066 8256 0
4114 8256 0
16402 8256 0
32786 8256 0
50 16448 0
146 16448 0
274 16448 0
530 16448 0
1042 16448 0
2066 16448 0
4114 16448 0
8210 16448 0
32786 16448 0
50 32832 0
146 32832 0
274 32832 0
530 32832 0
1042 32832 0
2066 32832 0
4114 32832 0
8210 32832 0
16402 32832 0
290 192 0
546 192 0
1058 192 0
2082 192 0
4130 192 0
8226 192 0
16418 192 0
32802 192 0
162 320 0
546 320 0
1058 320 0
2082 320 0
4130 320 0
8226 320 0
16418 320 0
32802 320 0
162 576 0
290 576 0
1058 576 0
2082 576 0
4130 576 0
8226 576 0
16418 576 0
32802 576 0
162 1088 0
290 1088 0
546 1088 0
2082 1088 0
4130 1088 0
8226 1088 0
16418 1088 0
32802 1088 0
162 2112 0
290 2112 0
546 2112 0
1058 2112 0
4130 2112 0
8226 2112 0
16418 2112 0
32802 2112 0
162 4160 0
290 4160 0
546 4160 0
1058 4160 0
2082 4160 0
8226 4160 0
16418 4160 0
32802 4160 0
162 8256 0
290 8256 0
546 8256 0
1058 8256 0
2082 8256 0
4130 8256 0
16418 8256 0
32802 8256 0
162 16448 0
290 16448 0
546 16448 0
1058 16448 0
2082 16448 0
4130 16448 0
8226 16448 0
32802 16448 0
162 32832 0
290 32832 0
546 32832 0
1058 32832 0
2082 32832 0
4130 32832 0
8226 32832 0
16418 32832 0
642 320 0
1154 320 0
2178 320 0
4226 320 0
8322 320 0
16514 320 0
32898 320 0
386 576 0
1154 576 0
2178 576 0
4226 576 0
8322 576 0
16514 576 0
32898 576 0
386 1088 0
642 1088 0
2178 1088 0
4226 1088 0
8322 1088 0
16514 1088 0
32898 1088 0
386 2112 0
642 2112 0
1154 2112 0
4226 2112 0
8322 2112 0
16514 2112 0
32898 2112 0
386 4160 0
642 4160 0
1154 4160 0
2178 4160 0
8322 4160 0
16514 4160 0
32898 4160 0
386 8256 0
642 8256 0
1154 8256 0
2178 8256 0
4226 8256 0
16514 8256 0
32898 8256 0
386 16448 0
642 16448 0
1154 16448 0
2178 16448 0
4226 16448 0
8322 16448 0
32898 16448 0
386 32832 0
642 32832 0
1154 32832 0
2178 32832 0
4226 32832 0
8322 32832 0
16514 32832 0
770 192 0
1282 192 0
2306 192 0
4354 192 0
8450 192 0
16642 192 0
33026 192 0
1282 576 0
2306 576 0
4354 576 0
8450 576 0
16642 576 0
33026 576 0
770 1088 0
2306 1088 0
4354 1088 0
8450 1088 0
16642 1088 0
33026 1088 0
770 2112 0
1282 2112 0
4354 2112 0
8450 2112 0
16642 2112 0
33026 2112 0
770 4160 0
1282 4160 0
2306 4160 0
8450 4160 0
16642 4160 0
33026 4160 0
770 8256 0
1282 8256 0
2306 8256 0
4354 8256 0
16642 8256 0
33026 8256 0
770 16448 0
1282 16448 0
2306 16448 0
4354 16448 0
8450 16448 0
33026 16448 0
770 32832 0
1282 32832 0
2306 32832 0
4354 32832 0
8450 32832 0
16642 32832 0
1538 192 0
2562 192 0
4610 192 0
8706 192 0
16898 192 0
33282 192 0
1538 320 0
2562 320 0
4610 320 0
8706 320 0
16898 320 0
33282 320 0
2562 1088 0
4610 1088 0
8706 1088 0
16898 1088 0
33282 1088 0
1538 2112 0
4610 2112 0
8706 2112 0
16898 2112 0
33282 2112 0
1538 4160 0
2562 4160 0
8706 4160 0
16898 4160 0
33282 4160 0
1538 8256 0
2562 8256 0
4610 8256 0
16898 8256 0
33282 8256 0
1538 16448 0
2562 16448 0
4610 16448 0
8706 16448 0
33282 16448 0
1538 32832 0
2562 32832 0
4610 32832 0
8706 32832 0
16898 32832 0
3074 192 0
5122 192 0
9218 192 0
17410 192 0
33794 192 0
3074 320 0
5122 320 0
9218 320 0
17410 320 0
33794 320 0
3074 576 0
5122 576 0
9218 576 0
17410 576 0
33794 576 0
5122 2112 0
9218 2112 0
17410 2112 0
33794 2112 0
3074 4160 0
9218 4160 0
17410 4160 0
33794 4160 0
3074 8256 0
5122 8256 0
17410 8256 0
33794 8256 0
3074 16448 0
5122 16448 0
9218 16448 0
33794 16448 0
3074 32832 0
5122 32832 0
9218 32832 0
17410 32832 0
6146 192 0
10242 192 0
18434 192 0
34818 192 0
6146 320 0
10242 320 0
18434 320 0
34818 320 0
6146 576 0
10242 576 0
18434 576 0
34818 576 0
6146 1088 0
10242 1088 0
18434 1088 0
34818 1088 0
10242 4160 0
18434 4160 0
34818 4160 0
6146 8256 0
18434 8256 0
34818 8256 0
6146 16448 0
10242 16448 0
34818 16448 0
6146 32832 0
10242 32832 0
18434 32832 0
12290 192 0
20482 192 0
36866 192 0
12290 320 0
20482 320 0
36866 320 0
12290 576 0
20482 576 0
36866 576 0
12290 1088 0
20482 1088 0
36866 1088 0
12290 2112 0
20482 2112 0
36866 2112 0
20482 8256 0
36866 8256 0
12290 16448 0
36866 16448 0
12290 32832 0
20482 32832 0
24578 192 0
40962 192 0
24578 320 0
40962 320 0
24578 576 0
40962 576 0
24578 1088 0
40962 1088 0
24578 2112 0
40962 2112 0
24578 4160 0
40962 4160 0
40962 16448 0
24578 32832 0
49154 192 0
49154 320 0
49154 576 0
49154 1088 0
49154 2112 0
49154 4160 0
49154 8256 0
14 384 0
22 384 0
38 384 0
70 384 0
518 384 0
1030 384 0
2054 384 0
4102 384 0
8198 384 0
16390 384 0
32774 384 0
14 640 0
22 640 0
38 640 0
70 640 0
262 640 0
1030 640 0
2054 640 0
4102 640 0
8198 640 0
16390 640 0
32774 640 0
14 1152 0
22 1152 0
38 1152 0
70 1152 0
262 1152 0
518 1152 0
2054 1152 0
4102 1152 0
8198 1152 0
16390 1152 0
32774 1152 0
14 2176 0
22 2176 0
38 2176 0
70 2176 0
262 2176 0
518 2176 0
1030 2176 0
4102 2176 0
8198 2176 0
16390 2176 0
32774 2176 0
14 4224 0
22 4224 0
38 4224 0
70 4224 0
262 4224 0
518 4224 0
1030 4224 0
2054 4224 0
8198 4224 0
16390 4224 0
32774 4224 0
14 8320 0
22 8320 0
38 8320 0
70 8320 0
262 8320 0
518 8320 0
1030 8320 0
2054 8320 0
4102 8320 0
16390 8320 0
32774 8320 0
14 16512 0
22 16512 0
38 16512 0
70 16512 0
262 16512 0
518 16512 0
1030 16512 0
2054 16512 0
4102 16512 0
8198 16512 0
32774 16512 0
14 32896 0
22 32896 0
38 32896 0
70 32896 0
262 32896 0
518 32896 0
1030 32896 0
2054 32896 0
4102 32896 0
8198 32896 0
16390 32896 0
26 384 0
42 384 0
74 384 0
522 384 0
1034 384 0
2058 384 0
4106 384 0
8202 384 0
16394 384 0
32778 384 0
26 640 0
42 640 0
74 640 0
266 640 0
1034 640 0
2058 640 0
4106 640 0
8202 640 0
16394 640 0
32778 640 0
26 1152 0
42 1152 0
74 1152 0
266 1152 0
522 1152 0
2058 1152 0
4106 1152 0
8202 1152 0
16394 1152 0
32778 1152 0
26 2176 0
42 2176 0
74 2176 0
266 2176 0
522 2176 0
1034 2176 0
4106 2176 0
8202 2176 0
16394 2176 0
32778 2176 0
26 4224 0
42 4224 0
74 4224 0
266 4224 0
522 4224 0
1034 4224 0
2058 4224 0
8202 4224 0
16394 4224 0
32778 4224 0
26 8320 0
42 8320 0
74 8320 0
266 8320 0
522 8320 0
1034 8320 0
2058 8320 0
4106 8320 0
16394 8320 0
32778 8320 0
26 16512 0
42 16512 0
74 16512 0
266 16512 0
522 16512 0
1034 16512 0
2058 16512 0
4106 16512 0
8202 16512 0
32778 16512 0
26 32896 0
42 32896 0
74 32896 0
266 32896 0
522 32896 0
1034 32896 0
2058 32896 0
4106 32896 0
8202 32896 0
16394 32896 0
50 384 0
82 384 0
530 384 0
1042 384 0
2066 384 0
4114 384 0
8210 384 0
16402 384 0
32786 384 0
50 640 0
82 640 0
274 640 0
1042 640 0
2066 640 0
4114 640 0
8210 640 0
16402 640 0
32786 640 0
50 1152 0
82 1152 0
274 1152 0
530 1152 0
2066 1152 0
4114 1152 0
8210 1152 0
16402 1152 0
32786 1152 0
50 2176 0
82 2176 0
274 2176 0
530 2176 0
1042 2176 0
4114 2176 0
8210 2176 0
16402 2176 0
32786 2176 0
50 4224 0
82 4224 0
274 4224 0
530 4224 0
1042 4224 0
2066 4224 0
8210 4224 0
16402 4224 0
32786 4224 0
50 8320 0
82 8320 0
274 8320 0
530 8320 0
1042 8320 0
2066 8320 0
4114 8320 0
16402 8320 0
32786 8320 0
50 16512 0
82 16512 0
274 16512 0
530 16512 0
1042 16512 0
2066 16512 0
4114 16512 0
8210 16512 0
32786 16512 0
50 32896 0
82 32896 0
274 32896 0
530 32896 0
1042 32896 0
2066 32896 0
4114 32896 0
8210 32896 0
16402 32896 0
98 384 0
546 384 0
1058 384 0
2082 384 0
4130 384 0
8226 384 0
16418 384 0
32802 384 0
98 640 0
290 640 0
1058 640 0
2082 640 0
4130 640 0
8226 640 0
16418 640 0
32802 640 0
98 1152 0
290 1152 0
546 1152 0
2082 1152 0
4130 1152 0
8226 1152 0
16418 1152 0
32802 1152 0
98 2176 0
290 2176 0
546 2176 0
1058 2176 0
4130 2176 0
8226 2176 0
16418 2176 0
32802 2176 0
98 4224 0
290 4224 0
546 4224 0
1058 4224 0
2082 4224 0
8226 4224 0
16418 4224 0
32802 4224 0
98 8320 0
290 8320 0
546 8320 0
1058 8320 0
2082 8320 0
4130 8320 0
16418 8320 0
32802 8320 0
98 16512 0
290 16512 0
546 16512 0
1058 16512 0
2082 16512 0
4130 16512 0
8226 16512 0
32802 16512 0
98 32896 0
290 32896 0
546 32896 0
1058 32896 0
2082 32896 0
4130 32896 0
8226 32896 0
16418 32896 0
578 384 0
1090 384 0
2114 384 0
4162 384 0
8258 384 0
16450 384 0
32834 384 0
322 640 0
1090 640 0
2114 640 0
4162 640 0
8258 640 0
16450 640 0
32834 640 0
322 1152 0
578 1152 0
2114 1152 0
4162 1152 0
8258 1152 0
16450 1152 0
32834 1152 0
322 2176 0
578 2176 0
1090 2176 0
4162 2176 0
8258 2176 0
16450 2176 0
32834 2176 0
322 4224 0
578 4224 0
1090 4224 0
2114 4224 0
8258 4224 0
16450 4224 0
32834 4224 0
322 8320 0
578 8320 0
1090 8320 0
2114 8320 0
4162 8320 0
16450 8320 0
32834 8320 0
322 16512 0
578 16512 0
1090 16512 0
2114 16512 0
4162 16512 0
8258 16512 0
32834 16512 0
322 32896 0
578 32896 0
1090 32896 0
2114 32896 0
4162 32896 0
8258 32896 0
16450 32896 0
1282 640 0
2306 640 0
4354 640 0
8450 640 0
16642 640 0
33026 640 0
770 1152 0
2306 1152 0
4354 1152 0
8450 1152 0
16642 1152 0
33026 1152 0
770 2176 0
1282 2176 0
4354 2176 0
8450 2176 0
16642 2176 0
33026 2176 0
770 4224 0
1282 4224 0
2306 4224 0
8450 4224 0
16642 4224 0
33026 4224 0
770 8320 0
1282 8320 0
2306 8320 0
4354 8320 0
16642 8320 0
33026 8320 0
770 16512 0
1282 16512 0
2306 16512 0
4354 16512 0
8450 16512 0
33026 16512 0
770 32896 0
1282 32896 0
2306 32896 0
4354 32896 0
8450 32896 0
16642 32896 0
1538 384 0
2562 384 0
4610 384 0
8706 384 0
16898 384 0
33282 384 0
2562 1152 0
4610 1152 0
8706 1152 0
16898 1152 0
33282 1152 0
1538 2176 0
4610 2176 0
8706 2176 0
16898 2176 0
33282 2176 0
1538 4224 0
2562 4224 0
8706 4224 0
16898 4224 0
33282 4224 0
1538 8320 0
2562 8320 0
4610 8320 0
16898 8320 0
33282 8320 0
1538 16512 0
2562 16512 0
4610 16512 0
8706 16512 0
33282 16512 0
1538 32896 0
2562 32896 0
4610 32896 0
8706 32896 0
16898 32896 0
3074 384 0
5122 384 0
9218 384 0
17410 384 0
33794 384 0
3074 640 0
5122 640 0
9218 640 0
17410 640 0
33794 640 0
5122 2176 0
9218 2176 0
17410 2176 0
33794 2176 0
3074 4224 0
9218 4224 0
17410 4224 0
33794 4224 0
3074 8320 0
5122 8320 0
17410 8320 0
33794 8320 0
3074 16512 0
5122 16512 0
9218 16512 0
33794 16512 0
3074 32896 0
5122 32896 0
9218 32896 0
17410 32896 0
6146 384 0
10242 384 0
18434 384 0
34818 384 0
6146 640 0
10242 640 0
18434 640 0
34818 640 0
6146 1152 0
10242 1152 0
18434 1152 0
34818 1152 0
10242 4224 0
18434 4224 0
34818 4224 0
6146 8320 0
18434 8320 0
34818 8320 0
6146 16512 0
10242 16512 0
34818 16512 0
6146 32896 0
10242 32896 0
18434 32896 0
12290 384 0
20482 384 0
36866 384 0
12290 640 0
20482 640 0
36866 640 0
12290 1152 0
20482 1152 0
36866 1152 0
12290 2176 0
20482 2176 0
36866 2176 0
20482 8320 0
36866 8320 0
12290 16512 0
36866 16512 0
12290 32896 0
20482 32896 0
24578 384 0
40962 384 0
24578 640 0
40962 640 0
24578 1152 0
40962 1152 0
24578 2176 0
40962 2176 0
24578 4224 0
40962 4224 0
40962 16512 0
24578 32896 0
49154 384 0
49154 640 0
49154 1152 0
49154 2176 0
49154 4224 0
49154 8320 0
14 768 0
22 768 0
38 768 0
70 768 0
134 768 0
1030 768 0
2054 768 0
4102 768 0
8198 768 0
16390 768 0
32774 768 0
14 1280 0
22 1280 0
38 1280 0
70 1280 0
134 1280 0
518 1280 0
2054 1280 0
4102 1280 0
8198 1280 0
16390 1280 0
32774 1280 0
14 2304 0
22 2304 0
38 2304 0
70 2304 0
134 2304 0
518 2304 0
1030 2304 0
4102 2304 0
8198 2304 0
16390 2304 0
32774 2304 0
14 4352 0
22 4352 0
38 4352 0
70 4352 0
134 4352 0
518 4352 0
1030 4352 0
2054 4352 0
8198 4352 0
16390 4352 0
32774 4352 0
14 8448 0
22 8448 0
38 8448 0
70 8448 0
134 8448 0
518 8448 0
1030 8448 0
2054 8448 0
4102 8448 0
16390 8448 0
32774 8448 0
14 16640 0
22 16640 0
38 16640 0
70 16640 0
134 16640 0
518 16640 0
1030 16640 0
2054 16640 0
4102 16640 0
8198 16640 0
32774 16640 0
14 33024 0
22 33024 0
38 33024 0
70 33024 0
134 33024 0
518 33024 0
1030 33024 0
2054 33024 0
4102 33024 0
8198 33024 0
16390 33024 0
26 768 0
42 768 0
74 768 0
138 768 0
1034 768 0
2058 768 0
4106 768 0
8202 768 0
16394 768 0
32778 768 0
26 1280 0
42 1280 0
74 1280 0
138 1280 0
522 1280 0
2058 1280 0
4106 1280 0
8202 1280 0
16394 1280 0
32778 1280 0
26 2304 0
42 2304 0
74 2304 0
138 2304 0
522 2304 0
1034 2304 0
4106 2304 0
8202 2304 0
16394 2304 0
32778 2304 0
26 4352 0
42 4352 0
74 4352 0
138 4352 0
522 4352 0
1034 4352 0
2058 4352 0
8202 4352 0
16394 4352 0
32778 4352 0
26 8448 0
42 8448 0
74 8448 0
138 8448 0
522 8448 0
1034 8448 0
2058 8448 0
4106 8448 0
16394 8448 0
32778 8448 0
26 16640 0
42 16640 0
74 16640 0
138 16640 0
522 16640 0
1034 16640 0
2058 16640 0
4106 16640 0
8202 16640 0
32778 16640 0
26 33024 0
42 33024 0
74 33024 0
138 33024 0
522 33024 0
1034 33024 0
2058 33024 0
4106 33024 0
8202 33024 0
16394 33024 0
50 768 0
82 768 0
146 768 0
1042 768 0
2066 768 0
4114 768 0
8210 768 0
16402 768 0
32786 768 0
50 1280 0
82 1280 0
146 1280 0
530 1280 0
2066 1280 0
4114 1280 0
8210 1280 0
16402 1280 0
32786 1280 0
50 2304 0
82 2304 0
146 2304 0
530 2304 0
1042 2304 0
4114 2304 0
8210 2304 0
16402 2304 0
32786 2304 0
50 4352 0
82 4352 0
146 4352 0
530 4352 0
1042 4352 0
2066 4352 0
8210 4352 0
16402 4352 0
32786 4352 0
50 8448 0
82 8448 0
146 8448 0
530 8448 0
1042 8448 0
2066 8448 0
4114 8448 0
16402 8448 0
32786 8448 0
50 16640 0
82 16640 0
146 16640 0
530 16640 0
1042 16640 0
2066 16640 0
4114 16640 0
8210 16640 0
32786 16640 0
50 33024 0
82 33024 0
146 33024 0
530 33024 0
1042 33024 0
2066 33024 0
4114 33024 0
8210 33024 0
16402 33024 0
98 768 0
162 768 0
1058 768 0
2082 768 0
4130 768 0
8226 768 0
16418 768 0
32802 768 0
98 1280 0
162 1280 0
546 1280 0
2082 1280 0
4130 1280 0
8226 1280 0
16418 1280 0
32802 1280 0
98 2304 0
162 2304 0
546 2304 0
1058 2304 0
4130 2304 0
8226 2304 0
16418 2304 0
32802 2304 0
98 4352 0
162 4352 0
546 4352 0
1058 4352 0
2082 4352 0
8226 4352 0
16418 4352 0
32802 4352 0
98 8448 0
162 8448 0
546 8448 0
1058 8448 0
2082 8448 0
4130 8448 0
16418 8448 0
32802 8448 0
98 16640 0
162 16640 0
546 16640 0
1058 16640 0
2082 16640 0
4130 16640 0
8226 16640 0
32802 16640 0
98 33024 0
162 33024 0
546 33024 0
1058 33024 0
2082 33024 0
4130 33024 0
8226 33024 0
16418 33024 0
194 768 0
1090 768 0
2114 768 0
4162 768 0
8258 768 0
16450 768 0
32834 768 0
194 1280 0
578 1280 0
2114 1280 0
4162 1280 0
8258 1280 0
16450 1280 0
32834 1280 0
194 2304 0
578 2304 0
1090 2304 0
4162 2304 0
8258 2304 0
16450 2304 0
32834 2304 0
194 4352 0
578 4352 0
1090 4352 0
2114 4352 0
8258 4352 0
16450 4352 0
32834 4352 0
194 8448 0
578 8448 0
1090 8448 0
2114 8448 0
4162 8448 0
16450 8448 0
32834 8448 0
194 16640 0
578 16640 0
1090 16640 0
2114 16640 0
4162 16640 0
8258 16640 0
32834 16640 0
194 33024 0
578 33024 0
1090 33024 0
2114 33024 0
4162 33024 0
8258 33024 0
16450 33024 0
1154 768 0
2178 768 0
4226 768 0
8322 768 0
16514 768 0
32898 768 0
642 1280 0
2178 1280 0
4226 1280 0
8322 1280 0
16514 1280 0
32898 1280 0
642 2304 0
1154 2304 0
4226 2304 0
8322 2304 0
16514 2304 0
32898 2304 0
642 4352 0
1154 4352 0
2178 4352 0
8322 4352 0
16514 4352 0
32898 4352 0
642 8448 0
1154 8448 0
2178 8448 0
4226 8448 0
16514 8448 0
32898 8448 0
642 16640 0
1154 16640 0
2178 16640 0
4226 16640 0
8322 16640 0
32898 16640 0
642 33024 0
1154 33024 0
2178 33024 0
4226 33024 0
8322 33024 0
16514 33024 0
2562 1280 0
4610 1280 0
8706 1280 0
16898 1280 0
33282 1280 0
1538 2304 0
4610 2304 0
8706 2304 0
16898 2304 0
33282 2304 0
1538 4352 0
2562 4352 0
8706 4352 0
16898 4352 0
33282 4352 0
1538 8448 0
2562 8448 0
4610 8448 0
16898 8448 0
33282 8448 0
1538 16640 0
2562 16640 0
4610 16640 0
8706 16640 0
33282 16640 0
1538 33024 0
2562 33024 0
4610 33024 0
8706 33024 0
16898 33024 0
3074 768 0
5122 768 0
9218 768 0
17410 768 0
33794 768 0
5122 2304 0
9218 2304 0
17410 2304 0
33794 2304 0
3074 4352 0
9218 4352 0
17410 4352 0
33794 4352 0
3074 8448 0
5122 8448 0
17410 8448 0
33794 8448 0
3074 16640 0
5122 16640 0
9218 16640 0
33794 16640 0
3074 33024 0
5122 33024 0
9218 33024 0
17410 33024 0
6146 768 0
10242 768 0
18434 768 0
34818 768 0
6146 1280 0
10242 1280 0
18434 1280 0
34818 1280 0
10242 4352 0
18434 4352 0
34818 4352 0
6146 8448 0
18434 8448 0
34818 8448 0
6146 16640 0
10242 16640 0
34818 16640 0
6146 33024 0
10242 33024 0
18434 33024 0
12290 768 0
20482 768 0
36866 768 0
12290 1280 0
20482 1280 0
36866 1280 0
12290 2304 0
20482 2304 0
36866 2304 0
20482 8448 0
36866 8448 0
12290 16640 0
36866 16640 0
12290 33024 0
20482 33024 0
24578 768 0
40962 768 0
24578 1280 0
40962 1280 0
24578 2304 0
40962 2304 0
24578 4352 0
40962 4352 0
40962 16640 0
24578 33024 0
49154 768 0
49154 1280 0
49154 2304 0
49154 4352 0
49154 8448 0
14 1536 0
22 1536 0
38 1536 0
70 1536 0
134 1536 0
262 1536 0
2054 1536 0
4102 1536 0
8198 1536 0
16390 1536 0
32774 1536 0
14 2560 0
22 2560 0
38 2560 0
70 2560 0
134 2560 0
262 2560 0
1030 2560 0
4102 2560 0
8198 2560 0
16390 2560 0
32774 2560 0
14 4608 0
22 4608 0
38 4608 0
70 4608 0
134 4608 0
262 4608 0
1030 4608 0
2054 4608 0
8198 4608 0
16390 4608 0
32774 4608 0
14 8704 0
22 8704 0
38 8704 0
70 8704 0
134 8704 0
262 8704 0
1030 8704 0
2054 8704 0
4102 8704 0
16390 8704 0
32774 8704 0
14 16896 0
22 16896 0
38 16896 0
70 16896 0
134 16896 0
262 16896 0
1030 16896 0
2054 16896 0
4102 16896 0
8198 16896 0
32774 16896 0
14 33280 0
22 33280 0
38 33280 0
70 33280 0
134 33280 0
262 33280 0
1030 33280 0
2054 33280 0
4102 33280 0
8198 33280 0
16390 33280 0
26 1536 0
42 1536 0
74 1536 0
138 1536 0
266 1536 0
2058 1536 0
4106 1536 0
8202 1536 0
16394 1536 0
32778 1536 0
26 2560 0
42 2560 0
74 2560 0
138 2560 0
266 2560 0
1034 2560 0
4106 2560 0
8202 2560 0
16394 2560 0
32778 2560 0
26 4608 0
42 4608 0
74 4608 0
138 4608 0
266 4608 0
1034 4608 0
2058 4608 0
8202 4608 0
16394 4608 0
32778 4608 0
26 8704 0
42 8704 0
74 8704 0
138 8704 0
266 8704 0
1034 8704 0
2058 8704 0
4106 8704 0
16394 8704 0
32778 8704 0
26 16896 0
42 16896 0
74 16896 0
138 16896 0
266 16896 0
1034 16896 0
2058 16896 0
4106 16896 0
8202 16896 0
32778 16896 0
26 33280 0
42 33280 0
74 33280 0
138 33280 0
266 33280 0
1034 33280 0
2058 33280 0
4106 33280 0
8202 33280 0
16394 33280 0
50 1536 0
82 1536 0
146 1536 0
274 1536 0
2066 1536 0
4114 1536 0
8210 1536 0
16402 1536 0
32786 1536 0
50 2560 0
82 2560 0
146 2560 0
274 2560 0
1042 2560 0
4114 2560 0
8210 2560 0
16402 2560 0
32786 2560 0
50 4608 0
82 4608 0
146 4608 0
274 4608 0
1042 4608 0
2066 4608 0
8210 4608 0
16402 4608 0
32786 4608 0
50 8704 0
82 8704 0
146 8704 0
274 8704 0
1042 8704 0
2066 8704 0
4114 8704 0
16402 8704 0
32786 8704 0
50 16896 0
82 16896 0
146 16896 0
274 16896 0
1042 16896 0
2066 16896 0
4114 16896 0
8210 16896 0
32786 16896 0
50 33280 0
82 33280 0
146 33280 0
274 33280 0
1042 33280 0
2066 33280 0
4114 33280 0
8210 33280 0
16402 33280 0
98 1536 0
162 1536 0
290 1536 0
2082 1536 0
4130 1536 0
8226 1536 0
16418 1536 0
32802 1536 0
98 2560 0
162 2560 0
290 2560 0
1058 2560 0
4130 2560 0
8226 2560 0
16418 2560 0
32802 2560 0
98 4608 0
162 4608 0
290 4608 0
1058 4608 0
2082 4608 0
8226 4608 0
16418 4608 0
32802 4608 0
98 8704 0
162 8704 0
290 8704 0
1058 8704 0
2082 8704 0
4130 8704 0
16418 8704 0
32802 8704 0
98 16896 0
162 16896 0
290 16896 0
1058 16896 0
2082 16896 0
4130 16896 0
8226 16896 0
32802 16896 0
98 33280 0
162 33280 0
290 33280 0
1058 33280 0
2082 33280 0
4130 33280 0
8226 33280 0
16418 33280 0
194 1536 0
322 1536 0
2114 1536 0
4162 1536 0
8258 1536 0
16450 1536 0
32834 1536 0
194 2560 0
322 2560 0
1090 2560 0
4162 2560 0
8258 2560 0
16450 2560 0
32834 2560 0
194 4608 0
322 4608 0
1090 4608 0
2114 4608 0
8258 4608 0
16450 4608 0
32834 4608 0
194 8704 0
322 8704 0
1090 8704 0
2114 8704 0
4162 8704 0
16450 8704 0
32834 8704 0
194 16896 0
322 16896 0
1090 16896 0
2114 16896 0
4162 16896 0
8258 16896 0
32834 16896 0
194 33280 0
322 33280 0
1090 33280 0
2114 33280 0
4162 33280 0
8258 33280 0
16450 33280 0
386 1536 0
2178 1536 0
4226 1536 0
8322 1536 0
16514 1536 0
32898 1536 0
386 2560 0
1154 2560 0
4226 2560 0
8322 2560 0
16514 2560 0
32898 2560 0
386 4608 0
1154 4608 0
2178 4608 0
8322 4608 0
16514 4608 0
32898 4608 0
386 8704 0
1154 8704 0
2178 8704 0
4226 8704 0
16514 8704 0
32898 8704 0
386 16896 0
1154 16896 0
2178 16896 0
4226 16896 0
8322 16896 0
32898 16896 0
386 33280 0
1154 33280 0
2178 33280 0
4226 33280 0
8322 33280 0
16514 33280 0
2306 1536 0
4354 1536 0
8450 1536 0
16642 1536 0
33026 1536 0
1282 2560 0
4354 2560 0
8450 2560 0
16642 2560 0
33026 2560 0
1282 4608 0
2306 4608 0
8450 4608 0
16642 4608 0
33026 4608 0
1282 8704 0
2306 8704 0
4354 8704 0
16642 8704 0
33026 8704 0
1282 16896 0
2306 16896 0
4354 16896 0
8450 16896 0
33026 16896 0
1282 33280 0
2306 33280 0
4354 33280 0
8450 33280 0
16642 33280 0
5122 2560 0
9218 2560 0
17410 2560 0
33794 2560 0
3074 4608 0
9218 4608 0
17410 4608 0
33794 4608 0
3074 8704 0
5122 8704 0
17410 8704 0
33794 8704 0
3074 16896 0
5122 16896 0
9218 16896 0
33794 16896 0
3074 33280 0
5122 33280 0
9218 33280 0
17410 33280 0
6146 1536 0
10242 1536 0
18434 1536 0
34818 1536 0
10242 4608 0
18434 4608 0
34818 4608 0
6146 8704 0
18434 8704 0
34818 8704 0
6146 16896 0
10242 16896 0
34818 16896 0
6146 33280 0
10242 33280 0
18434 33280 0
12290 1536 0
20482 1536 0
36866 1536 0
12290 2560 0
20482 2560 0
36866 2560 0
20482 8704 0
36866 8704 0
12290 16896 0
36866 16896 0
12290 33280 0
20482 33280 0
24578 1536 0
40962 1536 0
24578 2560 0
40962 2560 0
24578 4608 0
40962 4608 0
40962 16896 0
24578 33280 0
49154 1536 0
49154 2560 0
49154 4608 0
49154 8704 0
14 3072 0
22 3072 0
38 3072 0
70 3072 0
134 3072 0
262 3072 0
518 3072 0
4102 3072 0
8198 3072 0
16390 3072 0
32774 3072 0
14 5120 0
22 5120 0
38 5120 0
70 5120 0
134 5120 0
262 5120 0
518 5120 0
2054 5120 0
8198 5120 0
16390 5120 0
32774 5120 0
14 9216 0
22 9216 0
38 9216 0
70 9216 0
134 9216 0
262 9216 0
518 9216 0
2054 9216 0
4102 9216 0
16390 9216 0
32774 9216 0
14 17408 0
22 17408 0
38 17408 0
70 17408 0
134 17408 0
262 17408 0
518 17408 0
2054 17408 0
4102 17408 0
8198 17408 0
32774 17408 0
14 33792 0
22 33792 0
38 33792 0
70 33792 0
134 33792 0
262 33792 0
518 33792 0
2054 33792 0
4102 33792 0
8198 33792 0
16390 33792 0
26 3072 0
42 3072 0
74 3072 0
138 3072 0
266 3072 0
522 3072 0
4106 3072 0
8202 3072 0
16394 3072 0
32778 3072 0
26 5120 0
42 5120 0
74 5120 0
138 5120 0
266 5120 0
522 5120 0
2058 5120 0
8202 5120 0
16394 5120 0
32778 5120 0
26 9216 0
42 9216 0
74 9216 0
138 9216 0
266 9216 0
522 9216 0
2058 9216 0
4106 9216 0
16394 9216 0
32778 9216 0
26 17408 0
42 17408 0
74 17408 0
138 17408 0
266 17408 0
522 17408 0
2058 17408 0
4106 17408 0
8202 17408 0
32778 17408 0
26 33792 0
42 33792 0
74 33792 0
138 33792 0
266 33792 0
522 33792 0
2058 33792 0
4106 33792 0
8202 33792 0
16394 33792 0
50 3072 0
82 3072 0
146 3072 0
274 3072 0
530 3072 0
4114 3072 0
8210 3072 0
16402 3072 0
32786 3072 0
50 5120 0
82 5120 0
146 5120 0
274 5120 0
530 5120 0
2066 5120 0
8210 5120 0
16402 5120 0
32786 5120 0
50 9216 0
82 9216 0
146 9216 0
274 9216 0
530 9216 0
2066 9216 0
4114 9216 0
16402 9216 0
32786 9216 0
50 17408 0
82 17408 0
146 17408 0
274 17408 0
530 17408 0
2066 17408 0
4114 17408 0
8210 17408 0
32786 17408 0
50 33792 0
82 33792 0
146 33792 0
274 33792 0
530 33792 0
2066 33792 0
4114 33792 0
8210 33792 0
16402 33792 0
98 3072 0
162 3072 0
290 3072 0
546 3072 0
4130 3072 0
8226 3072 0
16418 3072 0
32802 3072 0
98 5120 0
162 5120 0
290 5120 0
546 5120 0
2082 5120 0
8226 5120 0
16418 5120 0
32802 5120 0
98 9216 0
162 9216 0
290 9216 0
546 9216 0
2082 9216 0
4130 9216 0
16418 9216 0
32802 9216 0
98 17408 0
162 17408 0
290 17408 0
546 17408 0
2082 17408 0
4130 17408 0
8226 17408 0
32802 17408 0
98 33792 0
162 33792 0
290 33792 0
546 33792 0
2082 33792 0
4130 33792 0
8226 33792 0
16418 33792 0
194 3072 0
322 3072 0
578 3072 0
4162 3072 0
8258 3072 0
16450 3072 0
32834 3072 0
194 5120 0
322 5120 0
578 5120 0
2114 5120 0
8258 5120 0
16450 5120 0
32834 5120 0
194 9216 0
322 9216 0
578 9216 0
2114 9216 0
4162 9216 0
16450 9216 0
32834 9216 0
194 17408 0
322 17408 0
578 17408 0
2114 17408 0
4162 17408 0
8258 17408 0
32834 17408 0
194 33792 0
322 33792 0
578 33792 0
2114 33792 0
4162 33792 0
8258 33792 0
16450 33792 0
386 3072 0
642 3072 0
4226 3072 0
8322 3072 0
16514 3072 0
32898 3072 0
386 5120 0
642 5120 0
2178 5120 0
8322 5120 0
16514 5120 0
32898 5120 0
386 9216 0
642 9216 0
2178 9216 0
4226 9216 0
16514 9216 0
32898 9216 0
386 17408 0
642 17408 0
2178 17408 0
4226 17408 0
8322 17408 0
32898 17408 0
386 33792 0
642 33792 0
2178 33792 0
4226 33792 0
8322 33792 0
16514 33792 0
770 3072 0
4354 3072 0
8450 3072 0
16642 3072 0
33026 3072 0
770 5120 0
2306 5120 0
8450 5120 0
16642 5120 0
33026 5120 0
770 9216 0
2306 9216 0
4354 9216 0
16642 9216 0
33026 9216 0
770 17408 0
2306 17408 0
4354 17408 0
8450 17408 0
33026 17408 0
770 33792 0
2306 33792 0
4354 33792 0
8450 33792 0
16642 33792 0
4610 3072 0
8706 3072 0
16898 3072 0
33282 3072 0
2562 5120 0
8706 5120 0
16898 5120 0
33282 5120 0
2562 9216 0
4610 9216 0
16898 9216 0
33282 9216 0
2562 17408 0
4610 17408 0
8706 17408 0
33282 17408 0
2562 33792 0
4610 33792 0
8706 33792 0
16898 33792 0
10242 5120 0
18434 5120 0
34818 5120 0
6146 9216 0
18434 9216 0
34818 9216 0
6146 17408 0
10242 17408 0
34818 17408 0
6146 33792 0
10242 33792 0
18434 33792 0
12290 3072 0
20482 3072 0
36866 3072 0
20482 9216 0
36866 9216 0
12290 17408 0
36866 17408 0
12290 33792 0
20482 33792 0
24578 3072 0
40962 3072 0
24578 5120 0
40962 5120 0
40962 17408 0
24578 33792 0
49154 3072 0
49154 5120 0
49154 9216 0
14 6144 0
22 6144 0
38 6144 0
70 6144 0
134 6144 0
262 6144 0
518 6144 0
1030 6144 0
8198 6144 0
16390 6144 0
32774 6144 0
14 10240 0
22 10240 0
38 10240 0
70 10240 0
134 10240 0
262 10240 0
518 10240 0
1030 10240 0
4102 10240 0
16390 10240 0
32774 10240 0
14 18432 0
22 18432 0
38 18432 0
70 18432 0
134 18432 0
262 18432 0
518 18432 0
1030 18432 0
4102 18432 0
8198 18432 0
32774 18432 0
14 34816 0
22 34816 0
38 34816 0
70 34816 0
134 34816 0
262 34816 0
518 34816 0
1030 34816 0
4102 34816 0
8198 34816 0
16390 34816 0
26 6144 0
42 6144 0
74 6144 0
138 6144 0
266 6144 0
522 6144 0
1034 6144 0
8202 6144 0
16394 6144 0
32778 6144 0
26 10240 0
42 10240 0
74 10240 0
138 10240 0
266 10240 0
522 10240 0
1034 10240 0
4106 10240 0
16394 10240 0
32778 10240 0
26 18432 0
42 18432 0
74 18432 0
138 18432 0
266 18432 0
522 18432 0
1034 18432 0
4106 18432 0
8202 18432 0
32778 18432 0
26 34816 0
42 34816 0
74 34816 0
138 34816 0
266 34816 0
522 34816 0
1034 34816 0
4106 34816 0
8202 34816 0
16394 34816 0
50 6144 0
82 6144 0
146 6144 0
274 6144 0
530 6144 0
1042 6144 0
8210 6144 0
16402 6144 0
32786 6144 0
50 10240 0
82 10240 0
146 10240 0
274 10240 0
530 10240 0
1042 10240 0
4114 10240 0
16402 10240 0
32786 10240 0
50 18432 0
82 18432 0
146 18432 0
274 18432 0
530 18432 0
1042 18432 0
4114 18432 0
8210 18432 0
32786 18432 0
50 34816 0
82 34816 0
146 34816 0
274 34816 0
530 34816 0
1042 34816 0
4114 34816 0
8210 34816 0
16402 34816 0
98 6144 0
162 6144 0
290 6144 0
546 6144 0
1058 6144 0
8226 6144 0
16418 6144 0
32802 6144 0
98 10240 0
162 10240 0
290 10240 0
546 10240 0
1058 10240 0
4130 10240 0
16418 10240 0
32802 10240 0
98 18432 0
162 18432 0
290 18432 0
546 18432 0
1058 18432 0
4130 18432 0
8226 18432 0
32802 18432 0
98 34816 0
162 34816 0
290 34816 0
546 34816 0
1058 34816 0
4130 34816 0
8226 34816 0
16418 34816 0
194 6144 0
322 6144 0
578 6144 0
1090 6144 0
8258 6144 0
16450 6144 0
32834 6144 0
194 10240 0
322 10240 0
578 10240 0
1090 10240 0
4162 10240 0
16450 10240 0
32834 10240 0
194 18432 0
322 18432 0
578 18432 0
1090 18432 0
4162 18432 0
8258 18432 0
32834 18432 0
194 34816 0
322 34816 0
578 34816 0
1090 34816 0
4162 34816 0
8258 34816 0
16450 34816 0
386 6144 0
642 6144 0
1154 6144 0
8322 6144 0
16514 6144 0
32898 6144 0
386 10240 0
642 10240 0
1154 10240 0
4226 10240 0
16514 10240 0
32898 10240 0
386 18432 0
642 18432 0
1154 18432 0
4226 18432 0
8322 18432 0
32898 18432 0
386 34816 0
642 34816 0
1154 34816 0
4226 34816 0
8322 34816 0
16514 34816 0
770 6144 0
1282 6144 0
8450 6144 0
16642 6144 0
33026 6144 0
770 10240 0
1282 10240 0
4354 10240 0
16642 10240 0
33026 10240 0
770 18432 0
1282 18432 0
4354 18432 0
8450 18432 0
33026 18432 0
770 34816 0
1282 34816 0
4354 34816 0
8450 34816 0
16642 34816 0
1538 6144 0
8706 6144 0
16898 6144 0
33282 6144 0
1538 10240 0
4610 10240 0
16898 10240 0
33282 10240 0
1538 18432 0
4610 18432 0
8706 18432 0
33282 18432 0
1538 34816 0
4610 34816 0
8706 34816 0
16898 34816 0
9218 6144 0
17410 6144 0
33794 6144 0
5122 10240 0
17410 10240 0
33794 10240 0
5122 18432 0
9218 18432 0
33794 18432 0
5122 34816 0
9218 34816 0
17410 34816 0
20482 10240 0
36866 10240 0
12290 18432 0
36866 18432 0
12290 34816 0
20482 34816 0
24578 6144 0
40962 6144 0
40962 18432 0
24578 34816 0
49154 6144 0
49154 10240 0
14 12288 0
22 12288 0
38 12288 0
70 12288 0
134 12288 0
262 12288 0
518 12288 0
1030 12288 0
2054 12288 0
16390 12288 0
32774 12288 0
14 20480 0
22 20480 0
38 20480 0
70 20480 0
134 20480 0
262 20480 0
518 20480 0
1030 20480 0
2054 20480 0
8198 20480 0
32774 20480 0
14 36864 0
22 36864 0
38 36864 0
70 36864 0
134 36864 0
262 36864 0
518 36864 0
1030 36864 0
2054 36864 0
8198 36864 0
16390 36864 0
26 12288 0
42 12288 0
74 12288 0
138 12288 0
266 12288 0
522 12288 0
1034 12288 0
2058 12288 0
16394 12288 0
32778 12288 0
26 20480 0
42 20480 0
74 20480 0
138 20480 0
266 20480 0
522 20480 0
1034 20480 0
2058 20480 0
8202 20480 0
32778 20480 0
26 36864 0
42 36864 0
74 36864 0
138 36864 0
266 36864 0
522 36864 0
1034 36864 0
2058 36864 0
8202 36864 0
16394 36864 0
50 12288 0
82 12288 0
146 12288 0
274 12288 0
530 12288 0
1042 12288 0
2066 12288 0
16402 12288 0
32786 12288 0
50 20480 0
82 20480 0
146 20480 0
274 20480 0
530 20480 0
1042 20480 0
2066 20480 0
8210 20480 0
32786 20480 0
50 36864 0
82 36864 0
146 36864 0
274 36864 0
530 36864 0
1042 36864 0
2066 36864 0
8210 36864 0
16402 36864 0
98 12288 0
162 12288 0
290 12288 0
546 12288 0
1058 12288 0
2082 12288 0
16418 12288 0
32802 12288 0
98 20480 0
162 20480 0
290 20480 0
546 20480 0
1058 20480 0
2082 20480 0
8226 20480 0
32802 20480 0
98 36864 0
162 36864 0
290 36864 0
546 36864 0
1058 36864 0
2082 36864 0
8226 36864 0
16418 36864 0
194 12288 0
322 12288 0
578 12288 0
1090 12288 0
2114 12288 0
16450 12288 0
32834 12288 0
194 20480 0
322 20480 0
578 20480 0
1090 20480 0
2114 20480 0
8258 20480 0
32834 20480 0
194 36864 0
322 36864 0
578 36864 0
1090 36864 0
2114 36864 0
8258 36864 0
16450 36864 0
386 12288 0
642 12288 0
1154 12288 0
2178 12288 0
16514 12288 0
32898 12288 0
386 20480 0
642 20480 0
1154 20480 0
2178 20480 0
8322 20480 0
32898 20480 0
386 36864 0
642 36864 0
1154 36864 0
2178 36864 0
8322 36864 0
16514 36864 0
770 12288 0
1282 12288 0
2306 12288 0
16642 12288 0
33026 12288 0
770 20480 0
1282 20480 0
2306 20480 0
8450 20480 0
33026 20480 0
770 36864 0
1282 36864 0
2306 36864 0
8450 36864 0
16642 36864 0
1538 12288 0
2562 12288 0
16898 12288 0
33282 12288 0
1538 20480 0
2562 20480 0
8706 20480 0
33282 20480 0
1538 36864 0
2562 36864 0
8706 36864 0
16898 36864 0
3074 12288 0
17410 12288 0
33794 12288 0
3074 20480 0
9218 20480 0
33794 20480 0
3074 36864 0
9218 36864 0
17410 36864 0
18434 12288 0
34818 12288 0
10242 20480 0
34818 20480 0
10242 36864 0
18434 36864 0
40962 20480 0
24578 36864 0
49154 12288 0
14 24576 0
22 24576 0
38 24576 0
70 24576 0
134 24576 0
262 24576 0
518 24576 0
1030 24576 0
2054 24576 0
4102 24576 0
32774 24576 0
14 40960 0
22 40960 0
38 40960 0
70 40960 0
134 40960 0
262 40960 0
518 40960 0
1030 40960 0
2054 40960 0
4102 40960 0
16390 40960 0
26 24576 0
42 24576 0
74 24576 0
138 24576 0
266 24576 0
522 24576 0
1034 24576 0
2058 24576 0
4106 24576 0
32778 24576 0
26 40960 0
42 40960 0
74 40960 0
138 40960 0
266 40960 0
522 40960 0
1034 40960 0
2058 40960 0
4106 40960 0
16394 40960 0
50 24576 0
82 24576 0
146 24576 0
274 24576 0
530 24576 0
1042 24576 0
2066 24576 0
4114 24576 0
32786 24576 0
50 40960 0
82 40960 0
146 40960 0
274 40960 0
530 40960 0
1042 40960 0
2066 40960 0
4114 40960 0
16402 40960 0
98 24576 0
162 24576 0
290 24576 0
546 24576 0
1058 24576 0
2082 24576 0
4130 24576 0
32802 24576 0
98 40960 0
162 40960 0
290 40960 0
546 40960 0
1058 40960 0
2082 40960 0
4130 40960 0
16418 40960 0
194 24576 0
322 24576 0
578 24576 0
1090 24576 0
2114 24576 0
4162 24576 0
32834 24576 0
194 40960 0
322 40960 0
578 40960 0
1090 40960 0
2114 40960 0
4162 40960 0
16450 40960 0
386 24576 0
642 24576 0
1154 24576 0
2178 24576 0
4226 24576 0
32898 24576 0
386 40960 0
642 40960 0
1154 40960 0
2178 40960 0
4226 40960 0
16514 40960 0
770 24576 0
1282 24576 0
2306 24576 0
4354 24576 0
33026 24576 0
770 40960 0
1282 40960 0
2306 40960 0
4354 40960 0
16642 40960 0
1538 24576 0
2562 24576 0
4610 24576 0
33282 24576 0
1538 40960 0
2562 40960 0
4610 40960 0
16898 40960 0
3074 24576 0
5122 24576 0
33794 24576 0
3074 40960 0
5122 40960 0
17410 40960 0
6146 24576 0
34818 24576 0
6146 40960 0
18434 40960 0
36866 24576 0
20482 40960 0
14 49152 0
22 49152 0
38 49152 0
70 49152 0
134 49152 0
262 49152 0
518 49152 0
1030 49152 0
2054 49152 0
4102 49152 0
8198 49152 0
26 49152 0
42 49152 0
74 49152 0
138 49152 0
266 49152 0
522 49152 0
1034 49152 0
2058 49152 0
4106 49152 0
8202 49152 0
50 49152 0
82 49152 0
146 49152 0
274 49152 0
530 49152 0
1042 49152 0
2066 49152 0
4114 49152 0
8210 49152 0
98 49152 0
162 49152 0
290 49152 0
546 49152 0
1058 49152 0
2082 49152 0
4130 49152 0
8226 49152 0
194 49152 0
322 49152 0
578 49152 0
1090 49152 0
2114 49152 0
4162 49152 0
8258 49152 0
386 49152 0
642 49152 0
1154 49152 0
2178 49152 0
4226 49152 0
8322 49152 0
770 49152 0
1282 49152 0
2306 49152 0
4354 49152 0
8450 49152 0
1538 49152 0
2562 49152 0
4610 49152 0
8706 49152 0
3074 49152 0
5122 49152 0
9218 49152 0
6146 49152 0
10242 49152 0
12290 49152 0
28 3 0
44 3 0
76 3 0
140 3 0
268 3 0
524 3 0
1036 3 0
2060 3 0
4108 3 0
8204 3 0
16396 3 0
32780 3 0
44 17 0
76 17 0
140 17 0
268 17 0
524 17 0
1036 17 0
2060 17 0
4108 17 0
8204 17 0
16396 17 0
32780 17 0
28 33 0
76 33 0
140 33 0
268 33 0
524 33 0
1036 33 0
2060 33 0
4108 33 0
8204 33 0
16396 33 0
32780 33 0
28 65 0
44 65 0
140 65 0
268 65 0
524 65 0
1036 65 0
2060 65 0
4108 65 0
8204 65 0
16396 65 0
32780 65 0
28 129 0
44 129 0
76 129 0
268 129 0
524 129 0
1036 129 0
2060 129 0
4108 129 0
8204 129 0
16396 129 0
32780 129 0
28 257 0
44 257 0
76 257 0
140 257 0
524 257 0
1036 257 0
2060 257 0
4108 257 0
8204 257 0
16396 257 0
32780 257 0
28 513 0
44 513 0
76 513 0
140 513 0
268 513 0
1036 513 0
2060 513 0
4108 513 0
8204 513 0
16396 513 0
32780 513 0
28 1025 0
44 1025 0
76 1025 0
140 1025 0
268 1025 0
524 1025 0
2060 1025 0
4108 1025 0
8204 1025 0
16396 1025 0
32780 1025 0
28 2049 0
44 2049 0
76 2049 0
140 2049 0
268 2049 0
524 2049 0
1036 2049 0
4108 2049 0
8204 2049 0
16396 2049 0
32780 2049 0
28 4097 0
44 4097 0
76 4097 0
140 4097 0
268 4097 0
524 4097 0
1036 4097 0
2060 4097 0
8204 4097 0
16396 4097 0
32780 4097 0
28 8193 0
44 8193 0
76 8193 0
140 8193 0
268 8193 0
524 8193 0
1036 8193 0
2060 8193 0
4108 8193 0
16396 8193 0
32780 8193 0
28 16385 0
44 16385 0
76 16385 0
140 16385 0
268 16385 0
524 16385 0
1036 16385 0
2060 16385 0
4108 16385 0
8204 16385 0
32780 16385 0
28 32769 0
44 32769 0
76 32769 0
140 32769 0
268 32769 0
524 32769 0
1036 32769 0
2060 32769 0
4108 32769 0
8204 32769 0
16396 32769 0
52 3 0
84 3 0
148 3 0
276 3 0
532 3 0
1044 3 0
2068 3 0
4116 3 0
8212 3 0
16404 3 0
32788 3 0
52 9 0
84 9 0
148 9 0
276 9 0
532 9 0
1044 9 0
2068 9 0
4116 9 0
8212 9 0
16404 9 0
32788 9 0
84 33 0
148 33 0
276 33 0
532 33 0
1044 33 0
2068 33 0
4116 33 0
8212 33 0
16404 33 0
32788 33 0
52 65 0
148 65 0
276 65 0
532 65 0
1044 65 0
2068 65 0
4116 65 0
8212 65 0
16404 65 0
32788 65 0
52 129 0
84 129 0
276 129 0
532 129 0
1044 129 0
2068 129 0
4116 129 0
8212 129 0
16404 129 0
32788 129 0
52 257 0
84 257 0
148 257 0
532 257 0
1044 257 0
2068 257 0
4116 257 0
8212 257 0
16404 257 0
32788 257 0
52 513 0
84 513 0
148 513 0
276 513 0
1044 513 0
2068 513 0
4116 513 0
8212 513 0
16404 513 0
32788 513 0
52 1025 0
84 1025 0
148 1025 0
276 1025 0
532 1025 0
2068 1025 0
4116 1025 0
8212 1025 0
16404 1025 0
32788 1025 0
52 2049 0
84 2049 0
148 2049 0
276 2049 0
532 2049 0
1044 2049 0
4116 2049 0
8212 2049 0
16404 2049 0
32788 2049 0
52 4097 0
84 4097 0
148 4097 0
276 4097 0
532 4097 0
1044 4097 0
2068 4097 0
8212 4097 0
16404 4097 0
32788 4097 0
52 8193 0
84 8193 0
148 8193 0
276 8193 0
532 8193 0
1044 8193 0
2068 8193 0
4116 8193 0
16404 8193 0
32788 8193 0
52 16385 0
84 16385 0
148 16385 0
276 16385 0
532 16385 0
1044 16385 0
2068 16385 0
4116 16385 0
8212 16385 0
32788 16385 0
52 32769 0
84 32769 0
148 32769 0
276 32769 0
532 32769 0
1044 32769 0
2068 32769 0
4116 32769 0
8212 32769 0
16404 32769 0
100 3 0
164 3 0
292 3 0
548 3 0
1060 3 0
2084 3 0
4132 3 0
8228 3 0
16420 3 0
32804 3 0
100 9 0
164 9 0
292 9 0
548 9 0
1060 9 0
2084 9 0
4132 9 0
8228 9 0
16420 9 0
32804 9 0
100 17 0
164 17 0
292 17 0
548 17 0
1060 17 0
2084 17 0
4132 17 0
8228 17 0
16420 17 0
32804 17 0
164 65 0
292 65 0
548 65 0
1060 65 0
2084 65 0
4132 65 0
8228 65 0
16420 65 0
32804 65 0
100 129 0
292 129 0
548 129 0
1060 129 0
2084 129 0
4132 129 0
8228 129 0
16420 129 0
32804 129 0
100 257 0
164 257 0
548 257 0
1060 257 0
2084 257 0
4132 257 0
8228 257 0
16420 257 0
32804 257 0
100 513 0
164 513 0
292 513 0
1060 513 0
2084 513 0
4132 513 0
8228 513 0
16420 513 0
32804 513 0
100 1025 0
164 1025 0
292 1025 0
548 1025 0
2084 1025 0
4132 1025 0
8228 1025 0
16420 1025 0
32804 1025 0
100 2049 0
164 2049 0
292 2049 0
548 2049 0
1060 2049 0
4132 2049 0
8228 2049 0
16420 2049 0
32804 2049 0
100 4097 0
164 4097 0
292 4097 0
548 4097 0
1060 4097 0
2084 4097 0
8228 4097 0
16420 4097 0
32804 4097 0
100 8193 0
164 8193 0
292 8193 0
548 8193 0
1060 8193 0
2084 8193 0
4132 8193 0
16420 8193 0
32804 8193 0
100 16385 0
164 16385 0
292 16385 0
548 16385 0
1060 16385 0
2084 16385 0
4132 16385 0
8228 16385 0
32804 16385 0
100 32769 0
164 32769 0
292 32769 0
548 32769 0
1060 32769 0
2084 32769 0
4132 32769 0
8228 32769 0
16420 32769 0
196 3 0
324 3 0
580 3 0
1092 3 0
2116 3 0
4164 3 0
8260 3 0
16452 3 0
32836 3 0
196 9 0
324 9 0
580 9 0
1092 9 0
2116 9 0
4164 9 0
8260 9 0
16452 9 0
32836 9 0
196 17 0
324 17 0
580 17 0
1092 17 0
2116 17 0
4164 17 0
8260 17 0
16452 17 0
32836 17 0
196 33 0
324 33 0
580 33 0
1092 33 0
2116 33 0
4164 33 0
8260 33 0
16452 33 0
32836 33 0
324 129 0
580 129 0
1092 129 0
2116 129 0
4164 129 0
8260 129 0
16452 129 0
32836 129 0
196 257 0
580 257 0
1092 257 0
2116 257 0
4164 257 0
8260 257 0
16452 257 0
32836 257 0
196 513 0
324 513 0
1092 513 0
2116 513 0
4164 513 0
8260 513 0
16452 513 0
32836 513 0
196 1025 0
324 1025 0
580 1025 0
2116 1025 0
4164 1025 0
8260 1025 0
16452 1025 0
32836 1025 0
196 2049 0
324 2049 0
580 2049 0
1092 2049 0
4164 2049 0
8260 2049 0
16452 2049 0
32836 2049 0
196 4097 0
324 4097 0
580 4097 0
1092 4097 0
2116 4097 0
8260 4097 0
16452 4097 0
32836 4097 0
196 8193 0
324 8193 0
580 8193 0
1092 8193 0
2116 8193 0
4164 8193 0
16452 8193 0
32836 8193 0
196 16385 0
324 16385 0
580 16385 0
1092 16385 0
2116 16385 0
4164 16385 0
8260 16385 0
32836 16385 0
196 32769 0
324 32769 0
580 32769 0
1092 32769 0
2116 32769 0
4164 32769 0
8260 32769 0
16452 32769 0
388 3 0
644 3 0
1156 3 0
2180 3 0
4228 3 0
8324 3 0
16516 3 0
32900 3 0
388 9 0
644 9 0
1156 9 0
2180 9 0
4228 9 0
8324 9 0
16516 9 0
32900 9 0
388 17 0
644 17 0
1156 17 0
2180 17 0
4228 17 0
8324 17 0
16516 17 0
32900 17 0
388 33 0
644 33 0
1156 33 0
2180 33 0
4228 33 0
8324 33 0
16516 33 0
32900 33 0
388 65 0
644 65 0
1156 65 0
2180 65 0
4228 65 0
8324 65 0
16516 65 0
32900 65 0
644 257 0
1156 257 0
2180 257 0
4228 257 0
8324 257 0
16516 257 0
32900 257 0
388 513 0
1156 513 0
2180 513 0
4228 513 0
8324 513 0
16516 513 0
32900 513 0
388 1025 0
644 1025 0
2180 1025 0
4228 1025 0
8324 1025 0
16516 1025 0
32900 1025 0
388 2049 0
644 2049 0
1156 2049 0
4228 2049 0
8324 2049 0
16516 2049 0
32900 2049 0
388 4097 0
644 4097 0
1156 4097 0
2180 4097 0
8324 4097 0
16516 4097 0
32900 4097 0
388 8193 0
644 8193 0
1156 8193 0
2180 8193 0
4228 8193 0
16516 8193 0
32900 8193 0
388 16385 0
644 16385 0
1156 16385 0
2180 16385 0
4228 16385 0
8324 16385 0
32900 16385 0
388 32769 0
644 32769 0
1156 32769 0
2180 32769 0
4228 32769 0
8324 32769 0
16516 32769 0
772 3 0
1284 3 0
2308 3 0
4356 3 0
8452 3 0
16644 3 0
33028 3 0
772 9 0
1284 9 0
2308 9 0
4356 9 0
8452 9 0
16644 9 0
33028 9 0
772 17 0
1284 17 0
2308 17 0
4356 17 0
8452 17 0
16644 17 0
33028 17 0
772 33 0
1284 33 0
2308 33 0
4356 33 0
8452 33 0
16644 33 0
33028 33 0
772 65 0
1284 65 0
2308 65 0
4356 65 0
8452 65 0
16644 65 0
33028 65 0
772 129 0
1284 129 0
2308 129 0
4356 129 0
8452 129 0
16644 129 0
33028 129 0
1284 513 0
2308 513 0
4356 513 0
8452 513 0
16644 513 0
33028 513 0
772 1025 0
2308 1025 0
4356 1025 0
8452 1025 0
16644 1025 0
33028 1025 0
772 2049 0
1284 2049 0
4356 2049 0
8452 2049 0
16644 2049 0
33028 2049 0
772 4097 0
1284 4097 0
2308 4097 0
8452 4097 0
16644 4097 0
33028 4097 0
772 8193 0
1284 8193 0
2308 8193 0
4356 8193 0
16644 8193 0
33028 8193 0
772 16385 0
1284 16385 0
2308 16385 0
4356 16385 0
8452 16385 0
33028 16385 0
772 32769 0
1284 32769 0
2308 32769 0
4356 32769 0
8452 32769 0
16644 32769 0
1540 3 0
2564 3 0
4612 3 0
8708 3 0
16900 3 0
33284 3 0
1540 9 0
2564 9 0
4612 9 0
8708 9 0
16900 9 0
33284 9 0
1540 17 0
2564 17 0
4612 17 0
8708 17 0
16900 17 0
33284 17 0
1540 33 0
2564 33 0
4612 33 0
8708 33 0
16900 33 0
33284 33 0
1540 65 0
2564 65 0
4612 65 0
8708 65 0
16900 65 0
33284 65 0
1540 129 0
2564 129 0
4612 129 0
8708 129 0
16900 129 0
33284 129 0
1540 257 0
2564 257 0
4612 257 0
8708 257 0
16900 257 0
33284 257 0
2564 1025 0
4612 1025 0
8708 1025 0
16900 1025 0
33284 1025 0
1540 2049 0
4612 2049 0
8708 2049 0
16900 2049 0
33284 2049 0
1540 4097 0
2564 4097 0
8708 4097 0
16900 4097 0
33284 4097 0
1540 8193 0
2564 8193 0
4612 8193 0
16900 8193 0
33284 8193 0
1540 16385 0
2564 16385 0
4612 16385 0
8708 16385 0
33284 16385 0
1540 32769 0
2564 32769 0
4612 32769 0
8708 32769 0
16900 32769 0
3076 3 0
5124 3 0
9220 3 0
17412 3 0
33796 3 0
3076 9 0
5124 9 0
9220 9 0
17412 9 0
33796 9 0
3076 17 0
5124 17 0
9220 17 0
17412 17 0
33796 17 0
3076 33 0
5124 33 0
9220 33 0
17412 33 0
33796 33 0
3076 65 0
5124 65 0
9220 65 0
17412 65 0
33796 65 0
3076 129 0
5124 129 0
9220 129 0
17412 129 0
33796 129 0
3076 257 0
5124 257 0
9220 257 0
17412 257 0
33796 257 0
3076 513 0
5124 513 0
9220 513 0
17412 513 0
33796 513 0
5124 2049 0
9220 2049 0
17412 2049 0
33796 2049 0
3076 4097 0
9220 4097 0
17412 4097 0
33796 4097 0
3076 8193 0
5124 8193 0
17412 8193 0
33796 8193 0
3076 16385 0
5124 16385 0
9220 16385 0
33796 16385 0
3076 32769 0
5124 32769 0
9220 32769 0
17412 32769 0
6148 3 0
10244 3 0
18436 3 0
34820 3 0
6148 9 0
10244 9 0
18436 9 0
34820 9 0
6148 17 0
10244 17 0
18436 17 0
34820 17 0
6148 33 0
10244 33 0
18436 33 0
34820 33 0
6148 65 0
10244 65 0
18436 65 0
34820 65 0
6148 129 0
10244 129 0
18436 129 0
34820 129 0
6148 257 0
10244 257 0
18436 257 0
34820 257 0
6148 513 0
10244 513 0
18436 513 0
34820 513 0
6148 1025 0
10244 1025 0
18436 1025 0
34820 1025 0
10244 4097 0
18436 4097 0
34820 4097 0
6148 8193 0
18436 8193 0
34820 8193 0
6148 16385 0
10244 16385 0
34820 16385 0
6148 32769 0
10244 32769 0
18436 32769 0
12292 3 0
20484 3 0
36868 3 0
12292 9 0
20484 9 0
36868 9 0
12292 17 0
20484 17 0
36868 17 0
12292 33 0
20484 33 0
36868 33 0
12292 65 0
20484 65 0
36868 65 0
12292 129 0
20484 129 0
36868 129 0
12292 257 0
20484 257 0
36868 257 0
12292 513 0
20484 513 0
36868 513 0
12292 1025 0
20484 1025 0
36868 1025 0
12292 2049 0
20484 2049 0
36868 2049 0
20484 8193 0
36868 8193 0
12292 16385 0
36868 16385 0
12292 32769 0
20484 32769 0
24580 3 0
40964 3 0
24580 9 0
40964 9 0
24580 17 0
40964 17 0
24580 33 0
40964 33 0
24580 65 0
40964 65 0
24580 129 0
40964 129 0
24580 257 0
40964 257 0
24580 513 0
40964 513 0
24580 1025 0
40964 1025 0
24580 2049 0
40964 2049 0
24580 4097 0
40964 4097 0
40964 16385 0
24580 32769 0
49156 3 0
49156 9 0
49156 17 0
49156 33 0
49156 65 0
49156 129 0
49156 257 0
49156 513 0
49156 1025 0
49156 2049 0
49156 4097 0
49156 8193 0
44 18 0
76 18 0
140 18 0
268 18 0
524 18 0
1036 18 0
2060 18 0
4108 18 0
8204 18 0
16396 18 0
32780 18 0
28 34 0
76 34 0
140 34 0
268 34 0
524 34 0
1036 34 0
2060 34 0
4108 34 0
8204 34 0
16396 34 0
32780 34 0
28 66 0
44 66 0
140 66 0
268 66 0
524 66 0
1036 66 0
2060 66 0
4108 66 0
8204 66 0
16396 66 0
32780 66 0
28 130 0
44 130 0
76 130 0
268 130 0
524 130 0
1036 130 0
2060 130 0
4108 130 0
8204 130 0
16396 130 0
32780 130 0
28 258 0
44 258 0
76 258 0
140 258 0
524 258 0
1036 258 0
2060 258 0
4108 258 0
8204 258 0
16396 258 0
32780 258 0
28 514 0
44 514 0
76 514 0
140 514 0
268 514 0
1036 514 0
2060 514 0
4108 514 0
8204 514 0
16396 514 0
32780 514 0
28 1026 0
44 1026 0
76 1026 0
140 1026 0
268 1026 0
524 1026 0
2060 1026 0
4108 1026 0
8204 1026 0
16396 1026 0
32780 1026 0
28 2050 0
44 2050 0
76 2050 0
140 2050 0
268 2050 0
524 2050 0
1036 2050 0
4108 2050 0
8204 2050 0
16396 2050 0
32780 2050 0
28 4098 0
44 4098 0
76 4098 0
140 4098 0
268 4098 0
524 4098 0
1036 4098 0
2060 4098 0
8204 4098 0
16396 4098 0
32780 4098 0
28 8194 0
44 8194 0
76 8194 0
140 8194 0
268 8194 0
524 8194 0
1036 8194 0
2060 8194 0
4108 8194 0
16396 8194 0
32780 8194 0
28 16386 0
44 16386 0
76 16386 0
140 16386 0
268 16386 0
524 16386 0
1036 16386 0
2060 16386 0
4108 16386 0
8204 16386 0
32780 16386 0
28 32770 0
44 32770 0
76 32770 0
140 32770 0
268 32770 0
524 32770 0
1036 32770 0
2060 32770 0
4108 32770 0
8204 32770 0
16396 32770 0
52 10 0
84 10 0
148 10 0
276 10 0
532 10 0
1044 10 0
2068 10 0
4116 10 0
8212 10 0
16404 10 0
32788 10 0
84 34 0
148 34 0
276 34 0
532 34 0
1044 34 0
2068 34 0
4116 34 0
8212 34 0
16404 34 0
32788 34 0
52 66 0
148 66 0
276 66 0
532 66 0
1044 66 0
2068 66 0
4116 66 0
8212 66 0
16404 66 0
32788 66 0
52 130 0
84 130 0
276 130 0
532 130 0
1044 130 0
2068 130 0
4116 130 0
8212 130 0
16404 130 0
32788 130 0
52 258 0
84 258 0
148 258 0
532 258 0
1044 258 0
2068 258 0
4116 258 0
8212 258 0
16404 258 0
32788 258 0
52 514 0
84 514 0
148 514 0
276 514 0
1044 514 0
2068 514 0
4116 514 0
8212 514 0
16404 514 0
32788 514 0
52 1026 0
84 1026 0
148 1026 0
276 1026 0
532 1026 0
2068 1026 0
4116 1026 0
8212 1026 0
16404 1026 0
32788 1026 0
52 2050 0
84 2050 0
148 2050 0
276 2050 0
532 2050 0
1044 2050 0
4116 2050 0
8212 2050 0
16404 2050 0
32788 2050 0
52 4098 0
84 4098 0
148 4098 0
276 4098 0
532 4098 0
1044 4098 0
2068 4098 0
8212 4098 0
16404 4098 0
32788 4098 0
52 8194 0
84 8194 0
148 8194 0
276 8194 0
532 8194 0
1044 8194 0
2068 8194 0
4116 8194 0
16404 8194 0
32788 8194 0
52 16386 0
84 16386 0
148 16386 0
276 16386 0
532 16386 0
1044 16386 0
2068 16386 0
4116 16386 0
8212 16386 0
32788 16386 0
52 32770 0
84 32770 0
148 32770 0
276 32770 0
532 32770 0
1044 32770 0
2068 32770 0
4116 32770 0
8212 32770 0
16404 32770 0
100 10 0
164 10 0
292 10 0
548 10 0
1060 10 0
2084 10 0
4132 10 0
8228 10 0
16420 10 0
32804 10 0
100 18 0
164 18 0
292 18 0
548 18 0
1060 18 0
2084 18 0
4132 18 0
8228 18 0
16420 18 0
32804 18 0
164 66 0
292 66 0
548 66 0
1060 66 0
2084 66 0
4132 66 0
8228 66 0
16420 66 0
32804 66 0
100 130 0
292 130 0
548 130 0
1060 130 0
2084 130 0
4132 130 0
8228 130 0
16420 130 0
32804 130 0
100 258 0
164 258 0
548 258 0
1060 258 0
2084 258 0
4132 258 0
8228 258 0
16420 258 0
32804 258 0
100 514 0
164 514 0
292 514 0
1060 514 0
2084 514 0
4132 514 0
8228 514 0
16420 514 0
32804 514 0
100 1026 0
164 1026 0
292 1026 0
548 1026 0
2084 1026 0
4132 1026 0
8228 1026 0
16420 1026 0
32804 1026 0
100 2050 0
164 2050 0
292 2050 0
548 2050 0
1060 2050 0
4132 2050 0
8228 2050 0
16420 2050 0
32804 2050 0
100 4098 0
164 4098 0
292 4098 0
548 4098 0
1060 4098 0
2084 4098 0
8228 4098 0
16420 4098 0
32804 4098 0
100 8194 0
164 8194 0
292 8194 0
548 8194 0
1060 8194 0
2084 8194 0
4132 8194 0
16420 8194 0
32804 8194 0
100 16386 0
164 16386 0
292 16386 0
548 16386 0
1060 16386 0
2084 16386 0
4132 16386 0
8228 16386 0
32804 16386 0
100 32770 0
164 32770 0
292 32770 0
548 32770 0
1060 32770 0
2084 32770 0
4132 32770 0
8228 32770 0
16420 32770 0
196 10 0
324 10 0
580 10 0
1092 10 0
2116 10 0
4164 10 0
8260 10 0
16452 10 0
32836 10 0
196 18 0
324 18 0
580 18 0
1092 18 0
2116 18 0
4164 18 0
8260 18 0
16452 18 0
32836 18 0
196 34 0
324 34 0
580 34 0
1092 34 0
2116 34 0
4164 34 0
8260 34 0
16452 34 0
32836 34 0
324 130 0
580 130 0
1092 130 0
2116 130 0
4164 130 0
8260 130 0
16452 130 0
32836 130 0
196 258 0
580 258 0
1092 258 0
2116 258 0
4164 258 0
8260 258 0
16452 258 0
32836 258 0
196 514 0
324 514 0
1092 514 0
2116 514 0
4164 514 0
8260 514 0
16452 514 0
32836 514 0
196 1026 0
324 1026 0
580 1026 0
2116 1026 0
4164 1026 0
8260 1026 0
16452 1026 0
32836 1026 0
196 2050 0
324 2050 0
580 2050 0
1092 2050 0
4164 2050 0
8260 2050 0
16452 2050 0
32836 2050 0
196 4098 0
324 4098 0
580 4098 0
1092 4098 0
2116 4098 0
8260 4098 0
16452 4098 0
32836 4098 0
196 8194 0
324 8194 0
580 8194 0
1092 8194 0
2116 8194 0
4164 8194 0
16452 8194 0
32836 8194 0
196 16386 0
324 16386 0
580 16386 0
1092 16386 0
2116 16386 0
4164 16386 0
8260 16386 0
32836 16386 0
196 32770 0
324 32770 0
580 32770 0
1092 32770 0
2116 32770 0
4164 32770 0
8260 32770 0
16452 32770 0
388 10 0
644 10 0
1156 10 0
2180 10 0
4228 10 0
8324 10 0
16516 10 0
32900 10 0
388 18 0
644 18 0
1156 18 0
2180 18 0
4228 18 0
8324 18 0
16516 18 0
32900 18 0
388 34 0
644 34 0
1156 34 0
2180 34 0
4228 34 0
8324 34 0
16516 34 0
32900 34 0
388 66 0
644 66 0
1156 66 0
2180 66 0
4228 66 0
8324 66 0
16516 66 0
32900 66 0
644 258 0
1156 258 0
2180 258 0
4228 258 0
8324 258 0
16516 258 0
32900 258 0
388 514 0
1156 514 0
2180 514 0
4228 514 0
8324 514 0
16516 514 0
32900 514 0
388 1026 0
644 1026 0
2180 1026 0
4228 1026 0
8324 1026 0
16516 1026 0
32900 1026 0
388 2050 0
644 2050 0
1156 2050 0
4228 2050 0
8324 2050 0
16516 2050 0
32900 2050 0
388 4098 0
644 4098 0
1156 4098 0
2180 4098 0
8324 4098 0
16516 4098 0
32900 4098 0
388 8194 0
644 8194 0
1156 8194 0
2180 8194 0
4228 8194 0
16516 8194 0
32900 8194 0
388 16386 0
644 16386 0
1156 16386 0
2180 16386 0
4228 16386 0
8324 16386 0
32900 16386 0
388 32770 0
644 32770 0
1156 32770 0
2180 32770 0
4228 32770 0
8324 32770 0
16516 32770 0
772 10 0
1284 10 0
2308 10 0
4356 10 0
8452 10 0
16644 10 0
33028 10 0
772 18 0
1284 18 0
2308 18 0
4356 18 0
8452 18 0
16644 18 0
33028 18 0
772 34 0
1284 34 0
2308 34 0
4356 34 0
8452 34 0
16644 34 0
33028 34 0
772 66 0
1284 66 0
2308 66 0
4356 66 0
8452 66 0
16644 66 0
33028 66 0
772 130 0
1284 130 0
2308 130 0
4356 130 0
8452 130 0
16644 130 0
33028 130 0
1284 514 0
2308 514 0
4356 514 0
8452 514 0
16644 514 0
33028 514 0
772 1026 0
2308 1026 0
4356 1026 0
8452 1026 0
16644 1026 0
33028 1026 0
772 2050 0
1284 2050 0
4356 2050 0
8452 2050 0
16644 2050 0
33028 2050 0
772 4098 0
1284 4098 0
2308 4098 0
8452 4098 0
16644 4098 0
33028 4098 0
772 8194 0
1284 8194 0
2308 8194 0
4356 8194 0
16644 8194 0
33028 8194 0
772 16386 0
1284 16386 0
2308 16386 0
4356 16386 0
8452 16386 0
33028 16386 0
772 32770 0
1284 32770 0
2308 32770 0
4356 32770 0
8452 32770 0
16644 32770 0
1540 10 0
2564 10 0
4612 10 0
8708 10 0
16900 10 0
33284 10 0
1540 18 0
2564 18 0
4612 18 0
8708 18 0
16900 18 0
33284 18 0
1540 34 0
2564 34 0
4612 34 0
8708 34 0
16900 34 0
33284 34 0
1540 66 0
2564 66 0
4612 66 0
8708 66 0
16900 66 0
33284 66 0
1540 130 0
2564 130 0
4612 130 0
8708 130 0
16900 130 0
33284 130 0
1540 258 0
2564 258 0
4612 258 0
8708 258 0
16900 258 0
33284 258 0
2564 1026 0
4612 1026 0
8708 1026 0
16900 1026 0
33284 1026 0
1540 2050 0
4612 2050 0
8708 2050 0
16900 2050 0
33284 2050 0
1540 4098 0
2564 4098 0
8708 4098 0
16900 4098 0
33284 4098 0
1540 8194 0
2564 8194 0
4612 8194 0
16900 8194 0
33284 8194 0
1540 16386 0
2564 16386 0
4612 16386 0
8708 16386 0
33284 16386 0
1540 32770 0
2564 32770 0
4612 32770 0
8708 32770 0
16900 32770 0
3076 10 0
5124 10 0
9220 10 0
17412 10 0
33796 10 0
3076 18 0
5124 18 0
9220 18 0
17412 18 0
33796 18 0
3076 34 0
5124 34 0
9220 34 0
17412 34 0
33796 34 0
3076 66 0
5124 66 0
9220 66 0
17412 66 0
33796 66 0
3076 130 0
5124 130 0
9220 130 0
17412 130 0
33796 130 0
3076 258 0
5124 258 0
9220 258 0
17412 258 0
33796 258 0
3076 514 0
5124 514 0
9220 514 0
17412 514 0
33796 514 0
5124 2050 0
9220 2050 0
17412 2050 0
33796 2050 0
3076 4098 0
9220 4098 0
17412 4098 0
33796 4098 0
3076 8194 0
5124 8194 0
17412 8194 0
33796 8194 0
3076 16386 0
5124 16386 0
9220 16386 0
33796 16386 0
3076 32770 0
5124 32770 0
9220 32770 0
17412 32770 0
6148 10 0
10244 10 0
18436 10 0
34820 10 0
6148 18 0
10244 18 0
18436 18 0
34820 18 0
6148 34 0
10244 34 0
18436 34 0
34820 34 0
6148 66 0
10244 66 0
18436 66 0
34820 66 0
6148 130 0
10244 130 0
18436 130 0
34820 130 0
6148 258 0
10244 258 0
18436 258 0
34820 258 0
6148 514 0
10244 514 0
18436 514 0
34820 514 0
6148 1026 0
10244 1026 0
18436 1026 0
34820 1026 0
10244 4098 0
18436 4098 0
34820 4098 0
6148 8194 0
18436 8194 0
34820 8194 0
6148 16386 0
10244 16386 0
34820 16386 0
6148 32770 0
10244 32770 0
18436 32770 0
12292 10 0
20484 10 0
36868 10 0
12292 18 0
20484 18 0
36868 18 0
12292 34 0
20484 34 0
36868 34 0
12292 66 0
20484 66 0
36868 66 0
12292 130 0
20484 130 0
36868 130 0
12292 258 0
20484 258 0
36868 258 0
12292 514 0
20484 514 0
36868 514 0
12292 1026 0
20484 1026 0
36868 1026 0
12292 2050 0
20484 2050 0
36868 2050 0
20484 8194 0
36868 8194 0
12292 16386 0
36868 16386 0
12292 32770 0
20484 32770 0
24580 10 0
40964 10 0
24580 18 0
40964 18 0
24580 34 0
40964 34 0
24580 66 0
40964 66 0
24580 130 0
40964 130 0
24580 258 0
40964 258 0
24580 514 0
40964 514 0
24580 1026 0
40964 1026 0
24580 2050 0
40964 2050 0
24580 4098 0
40964 4098 0
40964 16386 0
24580 32770 0
49156 10 0
49156 18 0
49156 34 0
49156 66 0
49156 130 0
49156 258 0
49156 514 0
49156 1026 0
49156 2050 0
49156 4098 0
49156 8194 0
84 40 0
148 40 0
276 40 0
532 40 0
1044 40 0
2068 40 0
4116 40 0
8212 40 0
16404 40 0
32788 40 0
52 72 0
148 72 0
276 72 0
532 72 0
1044 72 0
2068 72 0
4116 72 0
8212 72 0
16404 72 0
32788 72 0
52 136 0
84 136 0
276 136 0
532 136 0
1044 136 0
2068 136 0
4116 136 0
8212 136 0
16404 136 0
32788 136 0
52 264 0
84 264 0
148 264 0
532 264 0
1044 264 0
2068 264 0
4116 264 0
8212 264 0
16404 264 0
32788 264 0
52 520 0
84 520 0
148 520 0
276 520 0
1044 520 0
2068 520 0
4116 520 0
8212 520 0
16404 520 0
32788 520 0
52 1032 0
84 1032 0
148 1032 0
276 1032 0
532 1032 0
2068 1032 0
4116 1032 0
8212 1032 0
16404 1032 0
32788 1032 0
52 2056 0
84 2056 0
148 2056 0
276 2056 0
532 2056 0
1044 2056 0
4116 2056 0
8212 2056 0
16404 2056 0
32788 2056 0
52 4104 0
84 4104 0
148 4104 0
276 4104 0
532 4104 0
1044 4104 0
2068 4104 0
8212 4104 0
16404 4104 0
32788 4104 0
52 8200 0
84 8200 0
148 8200 0
276 8200 0
532 8200 0
1044 8200 0
2068 8200 0
4116 8200 0
16404 8200 0
32788 8200 0
52 16392 0
84 16392 0
148 16392 0
276 16392 0
532 16392 0
1044 16392 0
2068 16392 0
4116 16392 0
8212 16392 0
32788 16392 0
52 32776 0
84 32776 0
148 32776 0
276 32776 0
532 32776 0
1044 32776 0
2068 32776 0
4116 32776 0
8212 32776 0
16404 32776 0
100 24 0
164 24 0
292 24 0
548 24 0
1060 24 0
2084 24 0
4132 24 0
8228 24 0
16420 24 0
32804 24 0
164 72 0
292 72 0
548 72 0
1060 72 0
2084 72 0
4132 72 0
8228 72 0
16420 72 0
32804 72 0
100 136 0
292 136 0
548 136 0
1060 136 0
2084 136 0
4132 136 0
8228 136 0
16420 136 0
32804 136 0
100 264 0
164 264 0
548 264 0
1060 264 0
2084 264 0
4132 264 0
8228 264 0
16420 264 0
32804 264 0
100 520 0
164 520 0
292 520 0
1060 520 0
2084 520 0
4132 520 0
8228 520 0
16420 520 0
32804 520 0
100 1032 0
164 1032 0
292 1032 0
548 1032 0
2084 1032 0
4132 1032 0
8228 1032 0
16420 1032 0
32804 1032 0
100 2056 0
164 2056 0
292 2056 0
548 2056 0
1060 2056 0
4132 2056 0
8228 2056 0
16420 2056 0
32804 2056 0
100 4104 0
164 4104 0
292 4104 0
548 4104 0
1060 4104 0
2084 4104 0
8228 4104 0
16420 4104 0
32804 4104 0
100 8200 0
164 8200 0
292 8200 0
548 8200 0
1060 8200 0
2084 8200 0
4132 8200 0
16420 8200 0
32804 8200 0
100 16392 0
164 16392 0
292 16392 0
548 16392 0
1060 16392 0
2084 16392 0
4132 16392 0
8228 16392 0
32804 16392 0
100 32776 0
164 32776 0
292 32776 0
548 32776 0
1060 32776 0
2084 32776 0
4132 32776 0
8228 32776 0
16420 32776 0
196 24 0
324 24 0
580 24 0
1092 24 0
2116 24 0
4164 24 0
8260 24 0
16452 24 0
32836 24 0
196 40 0
324 40 0
580 40 0
1092 40 0
2116 40 0
4164 40 0
8260 40 0
16452 40 0
32836 40 0
324 136 0
580 136 0
1092 136 0
2116 136 0
4164 136 0
8260 136 0
16452 136 0
32836 136 0
196 264 0
580 264 0
1092 264 0
2116 264 0
4164 264 0
8260 264 0
16452 264 0
32836 264 0
196 520 0
324 520 0
1092 520 0
2116 520 0
4164 520 0
8260 520 0
16452 520 0
32836 520 0
196 1032 0
324 1032 0
580 1032 0
2116 1032 0
4164 1032 0
8260 1032 0
16452 1032 0
32836 1032 0
196 2056 0
324 2056 0
580 2056 0
1092 2056 0
4164 2056 0
8260 2056 0
16452 2056 0
32836 2056 0
196 4104 0
324 4104 0
580 4104 0
1092 4104 0
2116 4104 0
8260 4104 0
16452 4104 0
32836 4104 0
196 8200 0
324 8200 0
580 8200 0
1092 8200 0
2116 8200 0
4164 8200 0
16452 8200 0
32836 8200 0
196 16392 0
324 16392 0
580 16392 0
1092 16392 0
2116 16392 0
4164 16392 0
8260 16392 0
32836 16392 0
196 32776 0
324 32776 0
580 32776 0
1092 32776 0
2116 32776 0
4164 32776 0
8260 32776 0
16452 32776 0
388 24 0
644 24 0
1156 24 0
2180 24 0
4228 24 0
8324 24 0
16516 24 0
32900 24 0
388 40 0
644 40 0
1156 40 0
2180 40 0
4228 40 0
8324 40 0
16516 40 0
32900 40 0
388 72 0
644 72 0
1156 72 0
2180 72 0
4228 72 0
8324 72 0
16516 72 0
32900 72 0
644 264 0
1156 264 0
2180 264 0
4228 264 0
8324 264 0
16516 264 0
32900 264 0
388 520 0
1156 520 0
2180 520 0
4228 520 0
8324 520 0
16516 520 0
32900 520 0
388 1032 0
644 1032 0
2180 1032 0
4228 1032 0
8324 1032 0
16516 1032 0
32900 1032 0
388 2056 0
644 2056 0
1156 2056 0
4228 2056 0
8324 2056 0
16516 2056 0
32900 2056 0
388 4104 0
644 4104 0
1156 4104 0
2180 4104 0
8324 4104 0
16516 4104 0
32900 4104 0
388 8200 0
644 8200 0
1156 8200 0
2180 8200 0
4228 8200 0
16516 8200 0
32900 8200 0
388 16392 0
644 16392 0
1156 16392 0
2180 16392 0
4228 16392 0
8324 16392 0
32900 16392 0
388 32776 0
644 32776 0
1156 32776 0
2180 32776 0
4228 32776 0
8324 32776 0
16516 32776 0
772 24 0
1284 24 0
2308 24 0
4356 24 0
8452 24 0
16644 24 0
33028 24 0
772 40 0
1284 40 0
2308 40 0
4356 40 0
8452 40 0
16644 40 0
33028 40 0
772 72 0
1284 72 0
2308 72 0
4356 72 0
8452 72 0
16644 72 0
33028 72 0
772 136 0
1284 136 0
2308 136 0
4356 136 0
8452 136 0
16644 136 0
33028 136 0
1284 520 0
2308 520 0
4356 520 0
8452 520 0
16644 520 0
33028 520 0
772 1032 0
2308 1032 0
4356 1032 0
8452 1032 0
16644 1032 0
33028 1032 0
772 2056 0
1284 2056 0
4356 2056 0
8452 2056 0
16644 2056 0
33028 2056 0
772 4104 0
1284 4104 0
2308 4104 0
8452 4104 0
16644 4104 0
33028 4104 0
772 8200 0
1284 8200 0
2308 8200 0
4356 8200 0
16644 8200 0
33028 8200 0
772 16392 0
1284 16392 0
2308 16392 0
4356 16392 0
8452 16392 0
33028 16392 0
772 32776 0
1284 32776 0
2308 32776 0
4356 32776 0
8452 32776 0
16644 32776 0
1540 24 0
2564 24 0
4612 24 0
8708 24 0
16900 24 0
33284 24 0
1540 40 0
2564 40 0
4612 40 0
8708 40 0
16900 40 0
33284 40 0
1540 72 0
2564 72 0
4612 72 0
8708 72 0
16900 72 0
33284 72 0
1540 136 0
2564 136 0
4612 136 0
8708 136 0
16900 136 0
33284 136 0
1540 264 0
2564 264 0
4612 264 0
8708 264 0
16900 264 0
33284 264 0
2564 1032 0
4612 1032 0
8708 1032 0
16900 1032 0
33284 1032 0
1540 2056 0
4612 2056 0
8708 2056 0
16900 2056 0
33284 2056 0
1540 4104 0
2564 4104 0
8708 4104 0
16900 4104 0
33284 4104 0
1540 8200 0
2564 8200 0
4612 8200 0
16900 8200 0
33284 8200 0
1540 16392 0
2564 16392 0
4612 16392 0
8708 16392 0
33284 16392 0
1540 32776 0
2564 32776 0
4612 32776 0
8708 32776 0
16900 32776 0
3076 24 0
5124 24 0
9220 24 0
17412 24 0
33796 24 0
3076 40 0
5124 40 0
9220 40 0
17412 40 0
33796 40 0
3076 72 0
5124 72 0
9220 72 0
17412 72 0
33796 72 0
3076 136 0
5124 136 0
9220 136 0
17412 136 0
33796 136 0
3076 264 0
5124 264 0
9220 264 0
17412 264 0
33796 264 0
3076 520 0
5124 520 0
9220 520 0
17412 520 0
33796 520 0
5124 2056 0
9220 2056 0
17412 2056 0
33796 2056 0
3076 4104 0
9220 4104 0
17412 4104 0
33796 4104 0
3076 8200 0
5124 8200 0
17412 8200 0
33796 8200 0
3076 16392 0
5124 16392 0
9220 16392 0
33796 16392 0
3076 32776 0
5124 32776 0
9220 32776 0
17412 32776 0
6148 24 0
10244 24 0
18436 24 0
34820 24 0
6148 40 0
10244 40 0
18436 40 0
34820 40 0
6148 72 0
10244 72 0
18436 72 0
34820 72 0
6148 136 0
10244 136 0
18436 136 0
34820 136 0
6148 264 0
10244 264 0
18436 264 0
34820 264 0
6148 520 0
10244 520 0
18436 520 0
34820 520 0
6148 1032 0
10244 1032 0
18436 1032 0
34820 1032 0
10244 4104 0
18436 4104 0
34820 4104 0
6148 8200 0
18436 8200 0
34820 8200 0
6148 16392 0
10244 16392 0
34820 16392 0
6148 32776 0
10244 32776 0
18436 32776 0
12292 24 0
20484 24 0
36868 24 0
12292 40 0
20484 40 0
36868 40 0
12292 72 0
20484 72 0
36868 72 0
12292 136 0
20484 136 0
36868 136 0
12292 264 0
20484 264 0
36868 264 0
12292 520 0
20484 520 0
36868 520 0
12292 1032 0
20484 1032 0
36868 1032 0
12292 2056 0
20484 2056 0
36868 2056 0
20484 8200 0
36868 8200 0
12292 16392 0
36868 16392 0
12292 32776 0
20484 32776 0
24580 24 0
40964 24 0
24580 40 0
40964 40 0
24580 72 0
40964 72 0
24580 136 0
40964 136 0
24580 264 0
40964 264 0
24580 520 0
40964 520 0
24580 1032 0
40964 1032 0
24580 2056 0
40964 2056 0
24580 4104 0
40964 4104 0
40964 16392 0
24580 32776 0
49156 24 0
49156 40 0
49156 72 0
49156 136 0
49156 264 0
49156 520 0
49156 1032 0
49156 2056 0
49156 4104 0
49156 8200 0
76 48 0
140 48 0
268 48 0
524 48 0
1036 48 0
2060 48 0
4108 48 0
8204 48 0
16396 48 0
32780 48 0
44 80 0
140 80 0
268 80 0
524 80 0
1036 80 0
2060 80 0
4108 80 0
8204 80 0
16396 80 0
32780 80 0
44 144 0
76 144 0
268 144 0
524 144 0
1036 144 0
2060 144 0
4108 144 0
8204 144 0
16396 144 0
32780 144 0
44 272 0
76 272 0
140 272 0
524 272 0
1036 272 0
2060 272 0
4108 272 0
8204 272 0
16396 272 0
32780 272 0
44 528 0
76 528 0
140 528 0
268 528 0
1036 528 0
2060 528 0
4108 528 0
8204 528 0
16396 528 0
32780 528 0
44 1040 0
76 1040 0
140 1040 0
268 1040 0
524 1040 0
2060 1040 0
4108 1040 0
8204 1040 0
16396 1040 0
32780 1040 0
44 2064 0
76 2064 0
140 2064 0
268 2064 0
524 2064 0
1036 2064 0
4108 2064 0
8204 2064 0
16396 2064 0
32780 2064 0
44 4112 0
76 4112 0
140 4112 0
268 4112 0
524 4112 0
1036 4112 0
2060 4112 0
8204 4112 0
16396 4112 0
32780 4112 0
44 8208 0
76 8208 0
140 8208 0
268 8208 0
524 8208 0
1036 8208 0
2060 8208 0
4108 8208 0
16396 8208 0
32780 8208 0
44 16400 0
76 16400 0
140 16400 0
268 16400 0
524 16400 0
1036 16400 0
2060 16400 0
4108 16400 0
8204 16400 0
32780 16400 0
44 32784 0
76 32784 0
140 32784 0
268 32784 0
524 32784 0
1036 32784 0
2060 32784 0
4108 32784 0
8204 32784 0
16396 32784 0
164 80 0
292 80 0
548 80 0
1060 80 0
2084 80 0
4132 80 0
8228 80 0
16420 80 0
32804 80 0
100 144 0
292 144 0
548 144 0
1060 144 0
2084 144 0
4132 144 0
8228 144 0
16420 144 0
32804 144 0
100 272 0
164 272 0
548 272 0
1060 272 0
2084 272 0
4132 272 0
8228 272 0
16420 272 0
32804 272 0
100 528 0
164 528 0
292 528 0
1060 528 0
2084 528 0
4132 528 0
8228 528 0
16420 528 0
32804 528 0
100 1040 0
164 1040 0
292 1040 0
548 1040 0
2084 1040 0
4132 1040 0
8228 1040 0
16420 1040 0
32804 1040 0
100 2064 0
164 2064 0
292 2064 0
548 2064 0
1060 2064 0
4132 2064 0
8228 2064 0
16420 2064 0
32804 2064 0
100 4112 0
164 4112 0
292 4112 0
548 4112 0
1060 4112 0
2084 4112 0
8228 4112 0
16420 4112 0
32804 4112 0
100 8208 0
164 8208 0
292 8208 0
548 8208 0
1060 8208 0
2084 8208 0
4132 8208 0
16420 8208 0
32804 8208 0
100 16400 0
164 16400 0
292 16400 0
548 16400 0
1060 16400 0
2084 16400 0
4132 16400 0
8228 16400 0
32804 16400 0
100 32784 0
164 32784 0
292 32784 0
548 32784 0
1060 32784 0
2084 32784 0
4132 32784 0
8228 32784 0
16420 32784 0
196 48 0
324 48 0
580 48 0
1092 48 0
2116 48 0
4164 48 0
8260 48 0
16452 48 0
32836 48 0
324 144 0
580 144 0
1092 144 0
2116 144 0
4164 144 0
8260 144 0
16452 144 0
32836 144 0
196 272 0
580 272 0
1092 272 0
2116 272 0
4164 272 0
8260 272 0
16452 272 0
32836 272 0
196 528 0
324 528 0
1092 528 0
2116 528 0
4164 528 0
8260 528 0
16452 528 0
32836 528 0
196 1040 0
324 1040 0
580 1040 0
2116 1040 0
4164 1040 0
8260 1040 0
16452 1040 0
32836 1040 0
196 2064 0
324 2064 0
580 2064 0
1092 2064 0
4164 2064 0
8260 2064 0
16452 2064 0
32836 2064 0
196 4112 0
324 4112 0
580 4112 0
1092 4112 0
2116 4112 0
8260 4112 0
16452 4112 0
32836 4112 0
196 8208 0
324 8208 0
580 8208 0
1092 8208 0
2116 8208 0
4164 8208 0
16452 8208 0
32836 8208 0
196 16400 0
324 16400 0
580 16400 0
1092 16400 0
2116 16400 0
4164 16400 0
8260 16400 0
32836 16400 0
196 32784 0
324 32784 0
580 32784 0
1092 32784 0
2116 32784 0
4164 32784 0
8260 32784 0
16452 32784 0
388 48 0
644 48 0
1156 48 0
2180 48 0
4228 48 0
8324 48 0
16516 48 0
32900 48 0
388 80 0
644 80 0
1156 80 0
2180 80 0
4228 80 0
8324 80 0
16516 80 0
32900 80 0
644 272 0
1156 272 0
2180 272 0
4228 272 0
8324 272 0
16516 272 0
32900 272 0
388 528 0
1156 528 0
2180 528 0
4228 528 0
8324 528 0
16516 528 0
32900 528 0
388 1040 0
644 1040 0
2180 1040 0
4228 1040 0
8324 1040 0
16516 1040 0
32900 1040 0
388 2064 0
644 2064 0
1156 2064 0
4228 2064 0
8324 2064 0
16516 2064 0
32900 2064 0
388 4112 0
644 4112 0
1156 4112 0
2180 4112 0
8324 4112 0
16516 4112 0
32900 4112 0
388 8208 0
644 8208 0
1156 8208 0
2180 8208 0
4228 8208 0
16516 8208 0
32900 8208 0
388 16400 0
644 16400 0
1156 16400 0
2180 16400 0
4228 16400 0
8324 16400 0
32900 16400 0
388 32784 0
644 32784 0
1156 32784 0
2180 32784 0
4228 32784 0
8324 32784 0
16516 32784 0
772 48 0
1284 48 0
2308 48 0
4356 48 0
8452 48 0
16644 48 0
33028 48 0
772 80 0
1284 80 0
2308 80 0
4356 80 0
8452 80 0
16644 80 0
33028 80 0
772 144 0
1284 144 0
2308 144 0
4356 144 0
8452 144 0
16644 144 0
33028 144 0
1284 528 0
2308 528 0
4356 528 0
8452 528 0
16644 528 0
33028 528 0
772 1040 0
2308 1040 0
4356 1040 0
8452 1040 0
16644 1040 0
33028 1040 0
772 2064 0
1284 2064 0
4356 2064 0
8452 2064 0
16644 2064 0
33028 2064 0
772 4112 0
1284 4112 0
2308 4112 0
8452 4112 0
16644 4112 0
33028 4112 0
772 8208 0
1284 8208 0
2308 8208 0
4356 8208 0
16644 8208 0
33028 8208 0
772 16400 0
1284 16400 0
2308 16400 0
4356 16400 0
8452 16400 0
33028 16400 0
772 32784 0
1284 32784 0
2308 32784 0
4356 32784 0
8452 32784 0
16644 32784 0
1540 48 0
2564 48 0
4612 48 0
8708 48 0
16900 48 0
33284 48 0
1540 80 0
2564 80 0
4612 80 0
8708 80 0
16900 80 0
33284 80 0
1540 144 0
2564 144 0
4612 144 0
8708 144 0
16900 144 0
33284 144 0
1540 272 0
2564 272 0
4612 272 0
8708 272 0
16900 272 0
33284 272 0
2564 1040 0
4612 1040 0
8708 1040 0
16900 1040 0
33284 1040 0
1540 2064 0
4612 2064 0
8708 2064 0
16900 2064 0
33284 2064 0
1540 4112 0
2564 4112 0
8708 4112 0
16900 4112 0
33284 4112 0
1540 8208 0
2564 8208 0
4612 8208 0
16900 8208 0
33284 8208 0
1540 16400 0
2564 16400 0
4612 16400 0
8708 16400 0
33284 16400 0
1540 32784 0
2564 32784 0
4612 32784 0
8708 32784 0
16900 32784 0
3076 48 0
5124 48 0
9220 48 0
17412 48 0
33796 48 0
3076 80 0
5124 80 0
9220 80 0
17412 80 0
33796 80 0
3076 144 0
5124 144 0
9220 144 0
17412 144 0
33796 144 0
3076 272 0
5124 272 0
9220 272 0
17412 272 0
33796 272 0
3076 528 0
5124 528 0
9220 528 0
17412 528 0
33796 528 0
5124 2064 0
9220 2064 0
17412 2064 0
33796 2064 0
3076 4112 0
9220 4112 0
17412 4112 0
33796 4112 0
3076 8208 0
5124 8208 0
17412 8208 0
33796 8208 0
3076 16400 0
5124 16400 0
9220 16400 0
33796 16400 0
3076 32784 0
5124 32784 0
9220 32784 0
17412 32784 0
6148 48 0
10244 48 0
18436 48 0
34820 48 0
6148 80 0
10244 80 0
18436 80 0
34820 80 0
6148 144 0
10244 144 0
18436 144 0
34820 144 0
6148 272 0
10244 272 0
18436 272 0
34820 272 0
6148 528 0
10244 528 0
18436 528 0
34820 528 0
6148 1040 0
10244 1040 0
18436 1040 0
34820 1040 0
10244 4112 0
18436 4112 0
34820 4112 0
6148 8208 0
18436 8208 0
34820 8208 0
6148 16400 0
10244 16400 0
34820 16400 0
6148 32784 0
10244 32784 0
18436 32784 0
12292 48 0
20484 48 0
36868 48 0
12292 80 0
20484 80 0
36868 80 0
12292 144 0
20484 144 0
36868 144 0
12292 272 0
20484 272 0
36868 272 0
12292 528 0
20484 528 0
36868 528 0
12292 1040 0
20484 1040 0
36868 1040 0
12292 2064 0
20484 2064 0
36868 2064 0
20484 8208 0
36868 8208 0
12292 16400 0
36868 16400 0
12292 32784 0
20484 32784 0
24580 48 0
40964 48 0
24580 80 0
40964 80 0
24580 144 0
40964 144 0
24580 272 0
40964 272 0
24580 528 0
40964 528 0
24580 1040 0
40964 1040 0
24580 2064 0
40964 2064 0
24580 4112 0
40964 4112 0
40964 16400 0
24580 32784 0
49156 48 0
49156 80 0
49156 144 0
49156 272 0
49156 528 0
49156 1040 0
49156 2064 0
49156 4112 0
49156 8208 0
28 96 0
140 96 0
268 96 0
524 96 0
1036 96 0
2060 96 0
4108 96 0
8204 96 0
16396 96 0
32780 96 0
28 160 0
76 160 0
268 160 0
524 160 0
1036 160 0
2060 160 0
4108 160 0
8204 160 0
16396 160 0
32780 160 0
28 288 0
76 288 0
140 288 0
524 288 0
1036 288 0
2060 288 0
4108 288 0
8204 288 0
16396 288 0
32780 288 0
28 544 0
76 544 0
140 544 0
268 544 0
1036 544 0
2060 544 0
4108 544 0
8204 544 0
16396 544 0
32780 544 0
28 1056 0
76 1056 0
140 1056 0
268 1056 0
524 1056 0
2060 1056 0
4108 1056 0
8204 1056 0
16396 1056 0
32780 1056 0
28 2080 0
76 2080 0
140 2080 0
268 2080 0
524 2080 0
1036 2080 0
4108 2080 0
8204 2080 0
16396 2080 0
32780 2080 0
28 4128 0
76 4128 0
140 4128 0
268 4128 0
524 4128 0
1036 4128 0
2060 4128 0
8204 4128 0
16396 4128 0
32780 4128 0
28 8224 0
76 8224 0
140 8224 0
268 8224 0
524 8224 0
1036 8224 0
2060 8224 0
4108 8224 0
16396 8224 0
32780 8224 0
28 16416 0
76 16416 0
140 16416 0
268 16416 0
524 16416 0
1036 16416 0
2060 16416 0
4108 16416 0
8204 16416 0
32780 16416 0
28 32800 0
76 32800 0
140 32800 0
268 32800 0
524 32800 0
1036 32800 0
2060 32800 0
4108 32800 0
8204 32800 0
16396 32800 0
148 96 0
276 96 0
532 96 0
1044 96 0
2068 96 0
4116 96 0
8212 96 0
16404 96 0
32788 96 0
84 160 0
276 160 0
532 160 0
1044 160 0
2068 160 0
4116 160 0
8212 160 0
16404 160 0
32788 160 0
84 288 0
148 288 0
532 288 0
1044 288 0
2068 288 0
4116 288 0
8212 288 0
16404 288 0
32788 288 0
84 544 0
148 544 0
276 544 0
1044 544 0
2068 544 0
4116 544 0
8212 544 0
16404 544 0
32788 544 0
84 1056 0
148 1056 0
276 1056 0
532 1056 0
2068 1056 0
4116 1056 0
8212 1056 0
16404 1056 0
32788 1056 0
84 2080 0
148 2080 0
276 2080 0
532 2080 0
1044 2080 0
4116 2080 0
8212 2080 0
16404 2080 0
32788 2080 0
84 4128 0
148 4128 0
276 4128 0
532 4128 0
1044 4128 0
2068 4128 0
8212 4128 0
16404 4128 0
32788 4128 0
84 8224 0
148 8224 0
276 8224 0
532 8224 0
1044 8224 0
2068 8224 0
4116 8224 0
16404 8224 0
32788 8224 0
84 16416 0
148 16416 0
276 16416 0
532 16416 0
1044 16416 0
2068 16416 0
4116 16416 0
8212 16416 0
32788 16416 0
84 32800 0
148 32800 0
276 32800 0
532 32800 0
1044 32800 0
2068 32800 0
4116 32800 0
8212 32800 0
16404 32800 0
324 160 0
580 160 0
1092 160 0
2116 160 0
4164 160 0
8260 160 0
16452 160 0
32836 160 0
196 288 0
580 288 0
1092 288 0
2116 288 0
4164 288 0
8260 288 0
16452 288 0
32836 288 0
196 544 0
324 544 0
1092 544 0
2116 544 0
4164 544 0
8260 544 0
16452 544 0
32836 544 0
196 1056 0
324 1056 0
580 1056 0
2116 1056 0
4164 1056 0
8260 1056 0
16452 1056 0
32836 1056 0
196 2080 0
324 2080 0
580 2080 0
1092 2080 0
4164 2080 0
8260 2080 0
16452 2080 0
32836 2080 0
196 4128 0
324 4128 0
580 4128 0
1092 4128 0
2116 4128 0
8260 4128 0
16452 4128 0
32836 4128 0
196 8224 0
324 8224 0
580 8224 0
1092 8224 0
2116 8224 0
4164 8224 0
16452 8224 0
32836 8224 0
196 16416 0
324 16416 0
580 16416 0
1092 16416 0
2116 16416 0
4164 16416 0
8260 16416 0
32836 16416 0
196 32800 0
324 32800 0
580 32800 0
1092 32800 0
2116 32800 0
4164 32800 0
8260 32800 0
16452 32800 0
388 96 0
644 96 0
1156 96 0
2180 96 0
4228 96 0
8324 96 0
16516 96 0
32900 96 0
644 288 0
1156 288 0
2180 288 0
4228 288 0
8324 288 0
16516 288 0
32900 288 0
388 544 0
1156 544 0
2180 544 0
4228 544 0
8324 544 0
16516 544 0
32900 544 0
388 1056 0
644 1056 0
2180 1056 0
4228 1056 0
8324 1056 0
16516 1056 0
32900 1056 0
388 2080 0
644 2080 0
1156 2080 0
4228 2080 0
8324 2080 0
16516 2080 0
32900 2080 0
388 4128 0
644 4128 0
1156 4128 0
2180 4128 0
8324 4128 0
16516 4128 0
32900 4128 0
388 8224 0
644 8224 0
1156 8224 0
2180 8224 0
4228 8224 0
16516 8224 0
32900 8224 0
388 16416 0
644 16416 0
1156 16416 0
2180 16416 0
4228 16416 0
8324 16416 0
32900 16416 0
388 32800 0
644 32800 0
1156 32800 0
2180 32800 0
4228 32800 0
8324 32800 0
16516 32800 0
772 96 0
1284 96 0
2308 96 0
4356 96 0
8452 96 0
16644 96 0
33028 96 0
772 160 0
1284 160 0
2308 160 0
4356 160 0
8452 160 0
16644 160 0
33028 160 0
1284 544 0
2308 544 0
4356 544 0
8452 544 0
16644 544 0
33028 544 0
772 1056 0
2308 1056 0
4356 1056 0
8452 1056 0
16644 1056 0
33028 1056 0
772 2080 0
1284 2080 0
4356 2080 0
8452 2080 0
16644 2080 0
33028 2080 0
772 4128 0
1284 4128 0
2308 4128 0
8452 4128 0
16644 4128 0
33028 4128 0
772 8224 0
1284 8224 0
2308 8224 0
4356 8224 0
16644 8224 0
33028 8224 0
772 16416 0
1284 16416 0
2308 16416 0
4356 16416 0
8452 16416 0
33028 16416 0
772 32800 0
1284 32800 0
2308 32800 0
4356 32800 0
8452 32800 0
16644 32800 0
1540 96 0
2564 96 0
4612 96 0
8708 96 0
16900 96 0
33284 96 0
1540 160 0
2564 160 0
4612 160 0
8708 160 0
16900 160 0
33284 160 0
1540 288 0
2564 288 0
4612 288 0
8708 288 0
16900 288 0
33284 288 0
2564 1056 0
4612 1056 0
8708 1056 0
16900 1056 0
33284 1056 0
1540 2080 0
4612 2080 0
8708 2080 0
16900 2080 0
33284 2080 0
1540 4128 0
2564 4128 0
8708 4128 0
16900 4128 0
33284 4128 0
1540 8224 0
2564 8224 0
4612 8224 0
16900 8224 0
33284 8224 0
1540 16416 0
2564 16416 0
4612 16416 0
8708 16416 0
33284 16416 0
1540 32800 0
2564 32800 0
4612 32800 0
8708 32800 0
16900 32800 0
3076 96 0
5124 96 0
9220 96 0
17412 96 0
33796 96 0
3076 160 0
5124 160 0
9220 160 0
17412 160 0
33796 160 0
3076 288 0
5124 288 0
9220 288 0
17412 288 0
33796 288 0
3076 544 0
5124 544 0
9220 544 0
17412 544 0
33796 544 0
5124 2080 0
9220 2080 0
17412 2080 0
33796 2080 0
3076 4128 0
9220 4128 0
17412 4128 0
33796 4128 0
3076 8224 0
5124 8224 0
17412 8224 0
33796 8224 0
3076 16416 0
5124 16416 0
9220 16416 0
33796 16416 0
3076 32800 0
5124 32800 0
9220 32800 0
17412 32800 0
6148 96 0
10244 96 0
18436 96 0
34820 96 0
6148 160 0
10244 160 0
18436 160 0
34820 160 0
6148 288 0
10244 288 0
18436 288 0
34820 288 0
6148 544 0
10244 544 0
18436 544 0
34820 544 0
6148 1056 0
10244 1056 0
18436 1056 0
34820 1056 0
10244 4128 0
18436 4128 0
34820 4128 0
6148 8224 0
18436 8224 0
34820 8224 0
6148 16416 0
10244 16416 0
34820 16416 0
6148 32800 0
10244 32800 0
18436 32800 0
12292 96 0
20484 96 0
36868 96 0
12292 160 0
20484 160 0
36868 160 0
12292 288 0
20484 288 0
36868 288 0
12292 544 0
20484 544 0
36868 544 0
12292 1056 0
20484 1056 0
36868 1056 0
12292 2080 0
20484 2080 0
36868 2080 0
20484 8224 0
36868 8224 0
12292 16416 0
36868 16416 0
12292 32800 0
20484 32800 0
24580 96 0
40964 96 0
24580 160 0
40964 160 0
24580 288 0
40964 288 0
24580 544 0
40964 544 0
24580 1056 0
40964 1056 0
24580 2080 0
40964 2080 0
24580 4128 0
40964 4128 0
40964 16416 0
24580 32800 0
49156 96 0
49156 160 0
49156 288 0
49156 544 0
49156 1056 0
49156 2080 0
49156 4128 0
49156 8224 0
28 192 0
44 192 0
268 192 0
524 192 0
1036 192 0
2060 192 0
4108 192 0
8204 192 0
16396 192 0
32780 192 0
28 320 0
44 320 0
140 320 0
524 320 0
1036 320 0
2060 320 0
4108 320 0
8204 320 0
16396 320 0
32780 320 0
28 576 0
44 576 0
140 576 0
268 576 0
1036 576 0
2060 576 0
4108 576 0
8204 576 0
16396 576 0
32780 576 0
28 1088 0
44 1088 0
140 1088 0
268 1088 0
524 1088 0
2060 1088 0
4108 1088 0
8204 1088 0
16396 1088 0
32780 1088 0
28 2112 0
44 2112 0
140 2112 0
268 2112 0
524 2112 0
1036 2112 0
4108 2112 0
8204 2112 0
16396 2112 0
32780 2112 0
28 4160 0
44 4160 0
140 4160 0
268 4160 0
524 4160 0
1036 4160 0
2060 4160 0
8204 4160 0
16396 4160 0
32780 4160 0
28 8256 0
44 8256 0
140 8256 0
268 8256 0
524 8256 0
1036 8256 0
2060 8256 0
4108 8256 0
16396 8256 0
32780 8256 0
28 16448 0
44 16448 0
140 16448 0
268 16448 0
524 16448 0
1036 16448 0
2060 16448 0
4108 16448 0
8204 16448 0
32780 16448 0
28 32832 0
44 32832 0
140 32832 0
268 32832 0
524 32832 0
1036 32832 0
2060 32832 0
4108 32832 0
8204 32832 0
16396 32832 0
52 192 0
276 192 0
532 192 0
1044 192 0
2068 192 0
4116 192 0
8212 192 0
16404 192 0
32788 192 0
52 320 0
148 320 0
532 320 0
1044 320 0
2068 320 0
4116 320 0
8212 320 0
16404 320 0
32788 320 0
52 576 0
148 576 0
276 576 0
1044 576 0
2068 576 0
4116 576 0
8212 576 0
16404 576 0
32788 576 0
52 1088 0
148 1088 0
276 1088 0
532 1088 0
2068 1088 0
4116 1088 0
8212 1088 0
16404 1088 0
32788 1088 0
52 2112 0
148 2112 0
276 2112 0
532 2112 0
1044 2112 0
4116 2112 0
8212 2112 0
16404 2112 0
32788 2112 0
52 4160 0
148 4160 0
276 4160 0
532 4160 0
1044 4160 0
2068 4160 0
8212 4160 0
16404 4160 0
32788 4160 0
52 8256 0
148 8256 0
276 8256 0
532 8256 0
1044 8256 0
2068 8256 0
4116 8256 0
16404 8256 0
32788 8256 0
52 16448 0
148 16448 0
276 16448 0
532 16448 0
1044 16448 0
2068 16448 0
4116 16448 0
8212 16448 0
32788 16448 0
52 32832 0
148 32832 0
276 32832 0
532 32832 0
1044 32832 0
2068 32832 0
4116 32832 0
8212 32832 0
16404 32832 0
292 192 0
548 192 0
1060 192 0
2084 192 0
4132 192 0
8228 192 0
16420 192 0
32804 192 0
164 320 0
548 320 0
1060 320 0
2084 320 0
4132 320 0
8228 320 0
16420 320 0
32804 320 0
164 576 0
292 576 0
1060 576 0
2084 576 0
4132 576 0
8228 576 0
16420 576 0
32804 576 0
164 1088 0
292 1088 0
548 1088 0
2084 1088 0
4132 1088 0
8228 1088 0
16420 1088 0
32804 1088 0
164 2112 0
292 2112 0
548 2112 0
1060 2112 0
4132 2112 0
8228 2112 0
16420 2112 0
32804 2112 0
164 4160 0
292 4160 0
548 4160 0
1060 4160 0
2084 4160 0
8228 4160 0
16420 4160 0
32804 4160 0
164 8256 0
292 8256 0
548 8256 0
1060 8256 0
2084 8256 0
4132 8256 0
16420 8256 0
32804 8256 0
164 16448 0
292 16448 0
548 16448 0
1060 16448 0
2084 16448 0
4132 16448 0
8228 16448 0
32804 16448 0
164 32832 0
292 32832 0
548 32832 0
1060 32832 0
2084 32832 0
4132 32832 0
8228 32832 0
16420 32832 0
644 320 0
1156 320 0
2180 320 0
4228 320 0
8324 320 0
16516 320 0
32900 320 0
388 576 0
1156 576 0
2180 576 0
4228 576 0
8324 576 0
16516 576 0
32900 576 0
388 1088 0
644 1088 0
2180 1088 0
4228 1088 0
8324 1088 0
16516 1088 0
32900 1088 0
388 2112 0
644 2112 0
1156 2112 0
4228 2112 0
8324 2112 0
16516 2112 0
32900 2112 0
388 4160 0
644 4160 0
1156 4160 0
2180 4160 0
8324 4160 0
16516 4160 0
32900 4160 0
388 8256 0
644 8256 0
1156 8256 0
2180 8256 0
4228 8256 0
16516 8256 0
32900 8256 0
388 16448 0
644 16448 0
1156 16448 0
2180 16448 0
4228 16448 0
8324 16448 0
32900 16448 0
388 32832 0
644 32832 0
1156 32832 0
2180 32832 0
4228 32832 0
8324 32832 0
16516 32832 0
772 192 0
1284 192 0
2308 192 0
4356 192 0
8452 192 0
16644 192 0
33028 192 0
1284 576 0
2308 576 0
4356 576 0
8452 576 0
16644 576 0
33028 576 0
772 1088 0
2308 1088 0
4356 1088 0
8452 1088 0
16644 1088 0
33028 1088 0
772 2112 0
1284 2112 0
4356 2112 0
8452 2112 0
16644 2112 0
33028 2112 0
772 4160 0
1284 4160 0
2308 4160 0
8452 4160 0
16644 4160 0
33028 4160 0
772 8256 0
1284 8256 0
2308 8256 0
4356 8256 0
16644 8256 0
33028 8256 0
772 16448 0
1284 16448 0
2308 16448 0
4356 16448 0
8452 16448 0
33028 16448 0
772 32832 0
1284 32832 0
2308 32832 0
4356 32832 0
8452 32832 0
16644 32832 0
1540 192 0
2564 192 0
4612 192 0
8708 192 0
16900 192 0
33284 192 0
1540 320 0
2564 320 0
4612 320 0
8708 320 0
16900 320 0
33284 320 0
2564 1088 0
4612 1088 0
8708 1088 0
16900 1088 0
33284 1088 0
1540 2112 0
4612 2112 0
8708 2112 0
16900 2112 0
33284 2112 0
1540 4160 0
2564 4160 0
8708 4160 0
16900 4160 0
33284 4160 0
1540 8256 0
2564 8256 0
4612 8256 0
16900 8256 0
33284 8256 0
1540 16448 0
2564 16448 0
4612 16448 0
8708 16448 0
33284 16448 0
1540 32832 0
2564 32832 0
4612 32832 0
8708 32832 0
16900 32832 0
3076 192 0
5124 192 0
9220 192 0
17412 192 0
33796 192 0
3076 320 0
5124 320 0
9220 320 0
17412 320 0
33796 320 0
3076 576 0
5124 576 0
9220 576 0
17412 576 0
33796 576 0
5124 2112 0
9220 2112 0
17412 2112 0
33796 2112 0
3076 4160 0
9220 4160 0
17412 4160 0
33796 4160 0
3076 8256 0
5124 8256 0
17412 8256 0
33796 8256 0
3076 16448 0
5124 16448 0
9220 16448 0
33796 16448 0
3076 32832 0
5124 32832 0
9220 32832 0
17412 32832 0
6148 192 0
10244 192 0
18436 192 0
34820 192 0
6148 320 0
10244 320 0
18436 320 0
34820 320 0
6148 576 0
10244 576 0
18436 576 0
34820 576 0
6148 1088 0
10244 1088 0
18436 1088 0
34820 1088 0
10244 4160 0
18436 4160 0
34820 4160 0
6148 8256 0
18436 8256 0
34820 8256 0
6148 16448 0
10244 16448 0
34820 16448 0
6148 32832 0
10244 32832 0
18436 32832 0
12292 192 0
20484 192 0
36868 192 0
12292 320 0
20484 320 0
36868 320 0
12292 576 0
20484 576 0
36868 576 0
12292 1088 0
20484 1088 0
36868 1088 0
12292 2112 0
20484 2112 0
36868 2112 0
20484 8256 0
36868 8256 0
12292 16448 0
36868 16448 0
12292 32832 0
20484 32832 0
24580 192 0
40964 192 0
24580 320 0
40964 320 0
24580 576 0
40964 576 0
24580 1088 0
40964 1088 0
24580 2112 0
40964 2112 0
24580 4160 0
40964 4160 0
40964 16448 0
24580 32832 0
49156 192 0
49156 320 0
49156 576 0
49156 1088 0
49156 2112 0
49156 4160 0
49156 8256 0
28 384 0
44 384 0
76 384 0
524 384 0
1036 384 0
2060 384 0
4108 384 0
8204 384 0
16396 384 0
32780 384 0
28 640 0
44 640 0
76 640 0
268 640 0
1036 640 0
2060 640 0
4108 640 0
8204 640 0
16396 640 0
32780 640 0
28 1152 0
44 1152 0
76 1152 0
268 1152 0
524 1152 0
2060 1152 0
4108 1152 0
8204 1152 0
16396 1152 0
32780 1152 0
28 2176 0
44 2176 0
76 2176 0
268 2176 0
524 2176 0
1036 2176 0
4108 2176 0
8204 2176 0
16396 2176 0
32780 2176 0
28 4224 0
44 4224 0
76 4224 0
268 4224 0
524 4224 0
1036 4224 0
2060 4224 0
8204 4224 0
16396 4224 0
32780 4224 0
28 8320 0
44 8320 0
76 8320 0
268 8320 0
524 8320 0
1036 8320 0
2060 8320 0
4108 8320 0
16396 8320 0
32780 8320 0
28 16512 0
44 16512 0
76 16512 0
268 16512 0
524 16512 0
1036 16512 0
2060 16512 0
4108 16512 0
8204 16512 0
32780 16512 0
28 32896 0
44 32896 0
76 32896 0
268 32896 0
524 32896 0
1036 32896 0
2060 32896 0
4108 32896 0
8204 32896 0
16396 32896 0
52 384 0
84 384 0
532 384 0
1044 384 0
2068 384 0
4116 384 0
8212 384 0
16404 384 0
32788 384 0
52 640 0
84 640 0
276 640 0
1044 640 0
2068 640 0
4116 640 0
8212 640 0
16404 640 0
32788 640 0
52 1152 0
84 1152 0
276 1152 0
532 1152 0
2068 1152 0
4116 1152 0
8212 1152 0
16404 1152 0
32788 1152 0
52 2176 0
84 2176 0
276 2176 0
532 2176 0
1044 2176 0
4116 2176 0
8212 2176 0
16404 2176 0
32788 2176 0
52 4224 0
84 4224 0
276 4224 0
532 4224 0
1044 4224 0
2068 4224 0
8212 4224 0
16404 4224 0
32788 4224 0
52 8320 0
84 8320 0
276 8320 0
532 8320 0
1044 8320 0
2068 8320 0
4116 8320 0
16404 8320 0
32788 8320 0
52 16512 0
84 16512 0
276 16512 0
532 16512 0
1044 16512 0
2068 16512 0
4116 16512 0
8212 16512 0
32788 16512 0
52 32896 0
84 32896 0
276 32896 0
532 32896 0
1044 32896 0
2068 32896 0
4116 32896 0
8212 32896 0
16404 32896 0
100 384 0
548 384 0
1060 384 0
2084 384 0
4132 384 0
8228 384 0
16420 384 0
32804 384 0
100 640 0
292 640 0
1060 640 0
2084 640 0
4132 640 0
8228 640 0
16420 640 0
32804 640 0
100 1152 0
292 1152 0
548 1152 0
2084 1152 0
4132 1152 0
8228 1152 0
16420 1152 0
32804 1152 0
100 2176 0
292 2176 0
548 2176 0
1060 2176 0
4132 2176 0
8228 2176 0
16420 2176 0
32804 2176 0
100 4224 0
292 4224 0
548 4224 0
1060 4224 0
2084 4224 0
8228 4224 0
16420 4224 0
32804 4224 0
100 8320 0
292 8320 0
548 8320 0
1060 8320 0
2084 8320 0
4132 8320 0
16420 8320 0
32804 8320 0
100 16512 0
292 16512 0
548 16512 0
1060 16512 0
2084 16512 0
4132 16512 0
8228 16512 0
32804 16512 0
100 32896 0
292 32896 0
548 32896 0
1060 32896 0
2084 32896 0
4132 32896 0
8228 32896 0
16420 32896 0
580 384 0
1092 384 0
2116 384 0
4164 384 0
8260 384 0
16452 384 0
32836 384 0
324 640 0
1092 640 0
2116 640 0
4164 640 0
8260 640 0
16452 640 0
32836 640 0
324 1152 0
580 1152 0
2116 1152 0
4164 1152 0
8260 1152 0
16452 1152 0
32836 1152 0
324 2176 0
580 2176 0
1092 2176 0
4164 2176 0
8260 2176 0
16452 2176 0
32836 2176 0
324 4224 0
580 4224 0
1092 4224 0
2116 4224 0
8260 4224 0
16452 4224 0
32836 4224 0
324 8320 0
580 8320 0
1092 8320 0
2116 8320 0
4164 8320 0
16452 8320 0
32836 8320 0
324 16512 0
580 16512 0
1092 16512 0
2116 16512 0
4164 16512 0
8260 16512 0
32836 16512 0
324 32896 0
580 32896 0
1092 32896 0
2116 32896 0
4164 32896 0
8260 32896 0
16452 32896 0
1284 640 0
2308 640 0
4356 640 0
8452 640 0
16644 640 0
33028 640 0
772 1152 0
2308 1152 0
4356 1152 0
8452 1152 0
16644 1152 0
33028 1152 0
772 2176 0
1284 2176 0
4356 2176 0
8452 2176 0
16644 2176 0
33028 2176 0
772 4224 0
1284 4224 0
2308 4224 0
8452 4224 0
16644 4224 0
33028 4224 0
772 8320 0
1284 8320 0
2308 8320 0
4356 8320 0
16644 8320 0
33028 8320 0
772 16512 0
1284 16512 0
2308 16512 0
4356 16512 0
8452 16512 0
33028 16512 0
772 32896 0
1284 32896 0
2308 32896 0
4356 32896 0
8452 32896 0
16644 32896 0
1540 384 0
2564 384 0
4612 384 0
8708 384 0
16900 384 0
33284 384 0
2564 1152 0
4612 1152 0
8708 1152 0
16900 1152 0
33284 1152 0
1540 2176 0
4612 2176 0
8708 2176 0
16900 2176 0
33284 2176 0
1540 4224 0
2564 4224 0
8708 4224 0
16900 4224 0
33284 4224 0
1540 8320 0
2564 8320 0
4612 8320 0
16900 8320 0
33284 8320 0
1540 16512 0
2564 16512 0
4612 16512 0
8708 16512 0
33284 16512 0
1540 32896 0
2564 32896 0
4612 32896 0
8708 32896 0
16900 32896 0
3076 384 0
5124 384 0
9220 384 0
17412 384 0
33796 384 0
3076 640 0
5124 640 0
9220 640 0
17412 640 0
33796 640 0
5124 2176 0
9220 2176 0
17412 2176 0
33796 2176 0
3076 4224 0
9220 4224 0
17412 4224 0
33796 4224 0
3076 8320 0
5124 8320 0
17412 8320 0
33796 8320 0
3076 16512 0
5124 16512 0
9220 16512 0
33796 16512 0
3076 32896 0
5124 32896 0
9220 32896 0
17412 32896 0
6148 384 0
10244 384 0
18436 384 0
34820 384 0
6148 640 0
10244 640 0
18436 640 0
34820 640 0
6148 1152 0
10244 1152 0
18436 1152 0
34820 1152 0
10244 4224 0
18436 4224 0
34820 4224 0
6148 8320 0
18436 8320 0
34820 8320 0
6148 16512 0
10244 16512 0
34820 16512 0
6148 32896 0
10244 32896 0
18436 32896 0
12292 384 0
20484 384 0
36868 384 0
12292 640 0
20484 640 0
36868 640 0
12292 1152 0
20484 1152 0
36868 1152 0
12292 2176 0
20484 2176 0
36868 2176 0
20484 8320 0
36868 8320 0
12292 16512 0
36868 16512 0
12292 32896 0
20484 32896 0
24580 384 0
40964 384 0
24580 640 0
40964 640 0
24580 1152 0
40964 1152 0
24580 2176 0
40964 2176 0
24580 4224 0
40964 4224 0
40964 16512 0
24580 32896 0
49156 384 0
49156 640 0
49156 1152 0
49156 2176 0
49156 4224 0
49156 8320 0
28 768 0
44 768 0
76 768 0
140 768 0
1036 768 0
2060 768 0
4108 768 0
8204 768 0
16396 768 0
32780 768 0
28 1280 0
44 1280 0
76 1280 0
140 1280 0
524 1280 0
2060 1280 0
4108 1280 0
8204 1280 0
16396 1280 0
32780 1280 0
28 2304 0
44 2304 0
76 2304 0
140 2304 0
524 2304 0
1036 2304 0
4108 2304 0
8204 2304 0
16396 2304 0
32780 2304 0
28 4352 0
44 4352 0
76 4352 0
140 4352 0
524 4352 0
1036 4352 0
2060 4352 0
8204 4352 0
16396 4352 0
32780 4352 0
28 8448 0
44 8448 0
76 8448 0
140 8448 0
524 8448 0
1036 8448 0
2060 8448 0
4108 8448 0
16396 8448 0
32780 8448 0
28 16640 0
44 16640 0
76 16640 0
140 16640 0
524 16640 0
1036 16640 0
2060 16640 0
4108 16640 0
8204 16640 0
32780 16640 0
28 33024 0
44 33024 0
76 33024 0
140 33024 0
524 33024 0
1036 33024 0
2060 33024 0
4108 33024 0
8204 33024 0
16396 33024 0
52 768 0
84 768 0
148 768 0
1044 768 0
2068 768 0
4116 768 0
8212 768 0
16404 768 0
32788 768 0
52 1280 0
84 1280 0
148 1280 0
532 1280 0
2068 1280 0
4116 1280 0
8212 1280 0
16404 1280 0
32788 1280 0
52 2304 0
84 2304 0
148 2304 0
532 2304 0
1044 2304 0
4116 2304 0
8212 2304 0
16404 2304 0
32788 2304 0
52 4352 0
84 4352 0
148 4352 0
532 4352 0
1044 4352 0
2068 4352 0
8212 4352 0
16404 4352 0
32788 4352 0
52 8448 0
84 8448 0
148 8448 0
532 8448 0
1044 8448 0
2068 8448 0
4116 8448 0
16404 8448 0
32788 8448 0
52 16640 0
84 16640 0
148 16640 0
532 16640 0
1044 16640 0
2068 16640 0
4116 16640 0
8212 16640 0
32788 16640 0
52 33024 0
84 33024 0
148 33024 0
532 33024 0
1044 33024 0
2068 33024 0
4116 33024 0
8212 33024 0
16404 33024 0
100 768 0
164 768 0
1060 768 0
2084 768 0
4132 768 0
8228 768 0
16420 768 0
32804 768 0
100 1280 0
164 1280 0
548 1280 0
2084 1280 0
4132 1280 0
8228 1280 0
16420 1280 0
32804 1280 0
100 2304 0
164 2304 0
548 2304 0
1060 2304 0
4132 2304 0
8228 2304 0
16420 2304 0
32804 2304 0
100 4352 0
164 4352 0
548 4352 0
1060 4352 0
2084 4352 0
8228 4352 0
16420 4352 0
32804 4352 0
100 8448 0
164 8448 0
548 8448 0
1060 8448 0
2084 8448 0
4132 8448 0
16420 8448 0
32804 8448 0
100 16640 0
164 16640 0
548 16640 0
1060 16640 0
2084 16640 0
4132 16640 0
8228 16640 0
32804 16640 0
100 33024 0
164 33024 0
548 33024 0
1060 33024 0
2084 33024 0
4132 33024 0
8228 33024 0
16420 33024 0
196 768 0
1092 768 0
2116 768 0
4164 768 0
8260 768 0
16452 768 0
32836 768 0
196 1280 0
580 1280 0
2116 1280 0
4164 1280 0
8260 1280 0
16452 1280 0
32836 1280 0
196 2304 0
580 2304 0
1092 2304 0
4164 2304 0
8260 2304 0
16452 2304 0
32836 2304 0
196 4352 0
580 4352 0
1092 4352 0
2116 4352 0
8260 4352 0
16452 4352 0
32836 4352 0
196 8448 0
580 8448 0
1092 8448 0
2116 8448 0
4164 8448 0
16452 8448 0
32836 8448 0
196 16640 0
580 16640 0
1092 16640 0
2116 16640 0
4164 16640 0
8260 16640 0
32836 16640 0
196 33024 0
580 33024 0
1092 33024 0
2116 33024 0
4164 33024 0
8260 33024 0
16452 33024 0
1156 768 0
2180 768 0
4228 768 0
8324 768 0
16516 768 0
32900 768 0
644 1280 0
2180 1280 0
4228 1280 0
8324 1280 0
16516 1280 0
32900 1280 0
644 2304 0
1156 2304 0
4228 2304 0
8324 2304 0
16516 2304 0
32900 2304 0
644 4352 0
1156 4352 0
2180 4352 0
8324 4352 0
16516 4352 0
32900 4352 0
644 8448 0
1156 8448 0
2180 8448 0
4228 8448 0
16516 8448 0
32900 8448 0
644 16640 0
1156 16640 0
2180 16640 0
4228 16640 0
8324 16640 0
32900 16640 0
644 33024 0
1156 33024 0
2180 33024 0
4228 33024 0
8324 33024 0
16516 33024 0
2564 1280 0
4612 1280 0
8708 1280 0
16900 1280 0
33284 1280 0
1540 2304 0
4612 2304 0
8708 2304 0
16900 2304 0
33284 2304 0
1540 4352 0
2564 4352 0
8708 4352 0
16900 4352 0
33284 4352 0
1540 8448 0
2564 8448 0
4612 8448 0
16900 8448 0
33284 8448 0
1540 16640 0
2564 16640 0
4612 16640 0
8708 16640 0
33284 16640 0
1540 33024 0
2564 33024 0
4612 33024 0
8708 33024 0
16900 33024 0
3076 768 0
5124 768 0
9220 768 0
17412 768 0
33796 768 0
5124 2304 0
9220 2304 0
17412 2304 0
33796 2304 0
3076 4352 0
9220 4352 0
17412 4352 0
33796 4352 0
3076 8448 0
5124 8448 0
17412 8448 0
33796 8448 0
3076 16640 0
5124 16640 0
9220 16640 0
33796 16640 0
3076 33024 0
5124 33024 0
9220 33024 0
17412 33024 0
6148 768 0
10244 768 0
18436 768 0
34820 768 0
6148 1280 0
10244 1280 0
18436 1280 0
34820 1280 0
10244 4352 0
18436 4352 0
34820 4352 0
6148 8448 0
18436 8448 0
34820 8448 0
6148 16640 0
10244 16640 0
34820 16640 0
6148 33024 0
10244 33024 0
18436 33024 0
12292 768 0
20484 768 0
36868 768 0
12292 1280 0
20484 1280 0
36868 1280 0
12292 2304 0
20484 2304 0
36868 2304 0
20484 8448 0
36868 8448 0
12292 16640 0
36868 16640 0
12292 33024 0
20484 33024 0
24580 768 0
40964 768 0
24580 1280 0
40964 1280 0
24580 2304 0
40964 2304 0
24580 4352 0
40964 4352 0
40964 16640 0
24580 33024 0
49156 768 0
49156 1280 0
49156 2304 0
49156 4352 0
49156 8448 0
28 1536 0
44 1536 0
76 1536 0
140 1536 0
268 1536 0
2060 1536 0
4108 1536 0
8204 1536 0
16396 1536 0
32780 1536 0
28 2560 0
44 2560 0
76 2560 0
140 2560 0
268 2560 0
1036 2560 0
4108 2560 0
8204 2560 0
16396 2560 0
32780 2560 0
28 4608 0
44 4608 0
76 4608 0
140 4608 0
268 4608 0
1036 4608 0
2060 4608 0
8204 4608 0
16396 4608 0
32780 4608 0
28 8704 0
44 8704 0
76 8704 0
140 8704 0
268 8704 0
1036 8704 0
2060 8704 0
4108 8704 0
16396 8704 0
32780 8704 0
28 16896 0
44 16896 0
76 16896 0
140 16896 0
268 16896 0
1036 16896 0
2060 16896 0
4108 16896 0
8204 16896 0
32780 16896 0
28 33280 0
44 33280 0
76 33280 0
140 33280 0
268 33280 0
1036 33280 0
2060 33280 0
4108 33280 0
8204 33280 0
16396 33280 0
52 1536 0
84 1536 0
148 1536 0
276 1536 0
2068 1536 0
4116 1536 0
8212 1536 0
16404 1536 0
32788 1536 0
52 2560 0
84 2560 0
148 2560 0
276 2560 0
1044 2560 0
4116 2560 0
8212 2560 0
16404 2560 0
32788 2560 0
52 4608 0
84 4608 0
148 4608 0
276 4608 0
1044 4608 0
2068 4608 0
8212 4608 0
16404 4608 0
32788 4608 0
52 8704 0
84 8704 0
148 8704 0
276 8704 0
1044 8704 0
2068 8704 0
4116 8704 0
16404 8704 0
32788 8704 0
52 16896 0
84 16896 0
148 16896 0
276 16896 0
1044 16896 0
2068 16896 0
4116 16896 0
8212 16896 0
32788 16896 0
52 33280 0
84 33280 0
148 33280 0
276 33280 0
1044 33280 0
2068 33280 0
4116 33280 0
8212 33280 0
16404 33280 0
100 1536 0
164 1536 0
292 1536 0
2084 1536 0
4132 1536 0
8228 1536 0
16420 1536 0
32804 1536 0
100 2560 0
164 2560 0
292 2560 0
1060 2560 0
4132 2560 0
8228 2560 0
16420 2560 0
32804 2560 0
100 4608 0
164 4608 0
292 4608 0
1060 4608 0
2084 4608 0
8228 4608 0
16420 4608 0
32804 4608 0
100 8704 0
164 8704 0
292 8704 0
1060 8704 0
2084 8704 0
4132 8704 0
16420 8704 0
32804 8704 0
100 16896 0
164 16896 0
292 16896 0
1060 16896 0
2084 16896 0
4132 16896 0
8228 16896 0
32804 16896 0
100 33280 0
164 33280 0
292 33280 0
1060 33280 0
2084 33280 0
4132 33280 0
8228 33280 0
16420 33280 0
196 1536 0
324 1536 0
2116 1536 0
4164 1536 0
8260 1536 0
16452 1536 0
32836 1536 0
196 2560 0
324 2560 0
1092 2560 0
4164 2560 0
8260 2560 0
16452 2560 0
32836 2560 0
196 4608 0
324 4608 0
1092 4608 0
2116 4608 0
8260 4608 0
16452 4608 0
32836 4608 0
196 8704 0
324 8704 0
1092 8704 0
2116 8704 0
4164 8704 0
16452 8704 0
32836 8704 0
196 16896 0
324 16896 0
1092 16896 0
2116 16896 0
4164 16896 0
8260 16896 0
32836 16896 0
196 33280 0
324 33280 0
1092 33280 0
2116 33280 0
4164 33280 0
8260 33280 0
16452 33280 0
388 1536 0
2180 1536 0
4228 1536 0
8324 1536 0
16516 1536 0
32900 1536 0
388 2560 0
1156 2560 0
4228 2560 0
8324 2560 0
16516 2560 0
32900 2560 0
388 4608 0
1156 4608 0
2180 4608 0
8324 4608 0
16516 4608 0
32900 4608 0
388 8704 0
1156 8704 0
2180 8704 0
4228 8704 0
16516 8704 0
32900 8704 0
388 16896 0
1156 16896 0
2180 16896 0
4228 16896 0
8324 16896 0
32900 16896 0
388 33280 0
1156 33280 0
2180 33280 0
4228 33280 0
8324 33280 0
16516 33280 0
2308 1536 0
4356 1536 0
8452 1536 0
16644 1536 0
33028 1536 0
1284 2560 0
4356 2560 0
8452 2560 0
16644 2560 0
33028 2560 0
1284 4608 0
2308 4608 0
8452 4608 0
16644 4608 0
33028 4608 0
1284 8704 0
2308 8704 0
4356 8704 0
16644 8704 0
33028 8704 0
1284 16896 0
2308 16896 0
4356 16896 0
8452 16896 0
33028 16896 0
1284 33280 0
2308 33280 0
4356 33280 0
8452 33280 0
16644 33280 0
5124 2560 0
9220 2560 0
17412 2560 0
33796 2560 0
3076 4608 0
9220 4608 0
17412 4608 0
33796 4608 0
3076 8704 0
5124 8704 0
17412 8704 0
33796 8704 0
3076 16896 0
5124 16896 0
9220 16896 0
33796 16896 0
3076 33280 0
5124 33280 0
9220 33280 0
17412 33280 0
6148 1536 0
10244 1536 0
18436 1536 0
34820 1536 0
10244 4608 0
18436 4608 0
34820 4608 0
6148 8704 0
18436 8704 0
34820 8704 0
6148 16896 0
10244 16896 0
34820 16896 0
6148 33280 0
10244 33280 0
18436 33280 0
12292 1536 0
20484 1536 0
36868 1536 0
12292 2560 0
20484 2560 0
36868 2560 0
20484 8704 0
36868 8704 0
12292 16896 0
36868 16896 0
12292 33280 0
20484 33280 0
24580 1536 0
40964 1536 0
24580 2560 0
40964 2560 0
24580 4608 0
40964 4608 0
40964 16896 0
24580 33280 0
49156 1536 0
49156 2560 0
49156 4608 0
49156 8704 0
28 3072 0
44 3072 0
76 3072 0
140 3072 0
268 3072 0
524 3072 0
4108 3072 0
8204 3072 0
16396 3072 0
32780 3072 0
28 5120 0
44 5120 0
76 5120 0
140 5120 0
268 5120 0
524 5120 0
2060 5120 0
8204 5120 0
16396 5120 0
32780 5120 0
28 9216 0
44 9216 0
76 9216 0
140 9216 0
268 9216 0
524 9216 0
2060 9216 0
4108 9216 0
16396 9216 0
32780 9216 0
28 17408 0
44 17408 0
76 17408 0
140 17408 0
268 17408 0
524 17408 0
2060 17408 0
4108 17408 0
8204 17408 0
32780 17408 0
28 33792 0
44 33792 0
76 33792 0
140 33792 0
268 33792 0
524 33792 0
2060 33792 0
4108 33792 0
8204 33792 0
16396 33792 0
52 3072 0
84 3072 0
148 3072 0
276 3072 0
532 3072 0
4116 3072 0
8212 3072 0
16404 3072 0
32788 3072 0
52 5120 0
84 5120 0
148 5120 0
276 5120 0
532 5120 0
2068 5120 0
8212 5120 0
16404 5120 0
32788 5120 0
52 9216 0
84 9216 0
148 9216 0
276 9216 0
532 9216 0
2068 9216 0
4116 9216 0
16404 9216 0
32788 9216 0
52 17408 0
84 17408 0
148 17408 0
276 17408 0
532 17408 0
2068 17408 0
4116 17408 0
8212 17408 0
32788 17408 0
52 33792 0
84 33792 0
148 33792 0
276 33792 0
532 33792 0
2068 33792 0
4116 33792 0
8212 33792 0
16404 33792 0
100 3072 0
164 3072 0
292 3072 0
548 3072 0
4132 3072 0
8228 3072 0
16420 3072 0
32804 3072 0
100 5120 0
164 5120 0
292 5120 0
548 5120 0
2084 5120 0
8228 5120 0
16420 5120 0
32804 5120 0
100 9216 0
164 9216 0
292 9216 0
548 9216 0
2084 9216 0
4132 9216 0
16420 9216 0
32804 9216 0
100 17408 0
164 17408 0
292 17408 0
548 17408 0
2084 17408 0
4132 17408 0
8228 17408 0
32804 17408 0
100 33792 0
164 33792 0
292 33792 0
548 33792 0
2084 33792 0
4132 33792 0
8228 33792 0
16420 33792 0
196 3072 0
324 3072 0
580 3072 0
4164 3072 0
8260 3072 0
16452 3072 0
32836 3072 0
196 5120 0
324 5120 0
580 5120 0
2116 5120 0
8260 5120 0
16452 5120 0
32836 5120 0
196 9216 0
324 9216 0
580 9216 0
2116 9216 0
4164 9216 0
16452 9216 0
32836 9216 0
196 17408 0
324 17408 0
580 17408 0
2116 17408 0
4164 17408 0
8260 17408 0
32836 17408 0
196 33792 0
324 33792 0
580 33792 0
2116 33792 0
4164 33792 0
8260 33792 0
16452 33792 0
388 3072 0
644 3072 0
4228 3072 0
8324 3072 0
16516 3072 0
32900 3072 0
388 5120 0
644 5120 0
2180 5120 0
8324 5120 0
16516 5120 0
32900 5120 0
388 9216 0
644 9216 0
2180 9216 0
4228 9216 0
16516 9216 0
32900 9216 0
388 17408 0
644 17408 0
2180 17408 0
4228 17408 0
8324 17408 0
32900 17408 0
388 33792 0
644 33792 0
2180 33792 0
4228 33792 0
8324 33792 0
16516 33792 0
772 3072 0
4356 3072 0
8452 3072 0
16644 3072 0
33028 3072 0
772 5120 0
2308 5120 0
8452 5120 0
16644 5120 0
33028 5120 0
772 9216 0
2308 9216 0
4356 9216 0
16644 9216 0
33028 9216 0
772 17408 0
2308 17408 0
4356 17408 0
8452 17408 0
33028 17408 0
772 33792 0
2308 33792 0
4356 33792 0
8452 33792 0
16644 33792 0
4612 3072 0
8708 3072 0
16900 3072 0
33284 3072 0
2564 5120 0
8708 5120 0
16900 5120 0
33284 5120 0
2564 9216 0
4612 9216 0
16900 9216 0
33284 9216 0
2564 17408 0
4612 17408 0
8708 17408 0
33284 17408 0
2564 33792 0
4612 33792 0
8708 33792 0
16900 33792 0
10244 5120 0
18436 5120 0
34820 5120 0
6148 9216 0
18436 9216 0
34820 9216 0
6148 17408 0
10244 17408 0
34820 17408 0
6148 33792 0
10244 33792 0
18436 33792 0
12292 3072 0
20484 3072 0
36868 3072 0
20484 9216 0
36868 9216 0
12292 17408 0
36868 17408 0
12292 33792 0
20484 33792 0
24580 3072 0
40964 3072 0
24580 5120 0
40964 5120 0
40964 17408 0
24580 33792 0
49156 3072 0
49156 5120 0
49156 9216 0
28 6144 0
44 6144 0
76 6144 0
140 6144 0
268 6144 0
524 6144 0
1036 6144 0
8204 6144 0
16396 6144 0
32780 6144 0
28 10240 0
44 10240 0
76 10240 0
140 10240 0
268 10240 0
524 10240 0
1036 10240 0
4108 10240 0
16396 10240 0
32780 10240 0
28 18432 0
44 18432 0
76 18432 0
140 18432 0
268 18432 0
524 18432 0
1036 18432 0
4108 18432 0
8204 18432 0
32780 18432 0
28 34816 0
44 34816 0
76 34816 0
140 34816 0
268 34816 0
524 34816 0
1036 34816 0
4108 34816 0
8204 34816 0
16396 34816 0
52 6144 0
84 6144 0
148 6144 0
276 6144 0
532 6144 0
1044 6144 0
8212 6144 0
16404 6144 0
32788 6144 0
52 10240 0
84 10240 0
148 10240 0
276 10240 0
532 10240 0
1044 10240 0
4116 10240 0
16404 10240 0
32788 10240 0
52 18432 0
84 18432 0
148 18432 0
276 18432 0
532 18432 0
1044 18432 0
4116 18432 0
8212 18432 0
32788 18432 0
52 34816 0
84 34816 0
148 34816 0
276 34816 0
532 34816 0
1044 34816 0
4116 34816 0
8212 34816 0
16404 34816 0
100 6144 0
164 6144 0
292 6144 0
548 6144 0
1060 6144 0
8228 6144 0
16420 6144 0
32804 6144 0
100 10240 0
164 10240 0
292 10240 0
548 10240 0
1060 10240 0
4132 10240 0
16420 10240 0
32804 10240 0
100 18432 0
164 18432 0
292 18432 0
548 18432 0
1060 18432 0
4132 18432 0
8228 18432 0
32804 18432 0
100 34816 0
164 34816 0
292 34816 0
548 34816 0
1060 34816 0
4132 34816 0
8228 34816 0
16420 34816 0
196 6144 0
324 6144 0
580 6144 0
1092 6144 0
8260 6144 0
16452 6144 0
32836 6144 0
196 10240 0
324 10240 0
580 10240 0
1092 10240 0
4164 10240 0
16452 10240 0
32836 10240 0
196 18432 0
324 18432 0
580 18432 0
1092 18432 0
4164 18432 0
8260 18432 0
32836 18432 0
196 34816 0
324 34816 0
580 34816 0
1092 34816 0
4164 34816 0
8260 34816 0
16452 34816 0
388 6144 0
644 6144 0
1156 6144 0
8324 6144 0
16516 6144 0
32900 6144 0
388 10240 0
644 10240 0
1156 10240 0
4228 10240 0
16516 10240 0
32900 10240 0
388 18432 0
644 18432 0
1156 18432 0
4228 18432 0
8324 18432 0
32900 18432 0
388 34816 0
644 34816 0
1156 34816 0
4228 34816 0
8324 34816 0
16516 34816 0
772 6144 0
1284 6144 0
8452 6144 0
16644 6144 0
33028 6144 0
772 10240 0
1284 10240 0
4356 10240 0
16644 10240 0
33028 10240 0
772 18432 0
1284 18432 0
4356 18432 0
8452 18432 0
33028 18432 0
772 34816 0
1284 34816 0
4356 34816 0
8452 34816 0
16644 34816 0
1540 6144 0
8708 6144 0
16900 6144 0
33284 6144 0
1540 10240 0
4612 10240 0
16900 10240 0
33284 10240 0
1540 18432 0
4612 18432 0
8708 18432 0
33284 18432 0
1540 34816 0
4612 34816 0
8708 34816 0
16900 34816 0
9220 6144 0
17412 6144 0
33796 6144 0
5124 10240 0
17412 10240 0
33796 10240 0
5124 18432 0
9220 18432 0
33796 18432 0
5124 34816 0
9220 34816 0
17412 34816 0
20484 10240 0
36868 10240 0
12292 18432 0
36868 18432 0
12292 34816 0
20484 34816 0
24580 6144 0
40964 6144 0
40964 18432 0
24580 34816 0
49156 6144 0
49156 10240 0
28 12288 0
44 12288 0
76 12288 0
140 12288 0
268 12288 0
524 12288 0
1036 12288 0
2060 12288 0
16396 12288 0
32780 12288 0
28 20480 0
44 20480 0
76 20480 0
140 20480 0
268 20480 0
524 20480 0
1036 20480 0
2060 20480 0
8204 20480 0
32780 20480 0
28 36864 0
44 36864 0
76 36864 0
140 36864 0
268 36864 0
524 36864 0
1036 36864 0
2060 36864 0
8204 36864 0
16396 36864 0
52 12288 0
84 12288 0
148 12288 0
276 12288 0
532 12288 0
1044 12288 0
2068 12288 0
16404 12288 0
32788 12288 0
52 20480 0
84 20480 0
148 20480 0
276 20480 0
532 20480 0
1044 20480 0
2068 20480 0
8212 20480 0
32788 20480 0
52 36864 0
84 36864 0
148 36864 0
276 36864 0
532 36864 0
1044 36864 0
2068 36864 0
8212 36864 0
16404 36864 0
100 12288 0
164 12288 0
292 12288 0
548 12288 0
1060 12288 0
2084 12288 0
16420 12288 0
32804 12288 0
100 20480 0
164 20480 0
292 20480 0
548 20480 0
1060 20480 0
2084 20480 0
8228 20480 0
32804 20480 0
100 36864 0
164 36864 0
292 36864 0
548 36864 0
1060 36864 0
2084 36864 0
8228 36864 0
16420 36864 0
196 12288 0
324 12288 0
580 12288 0
1092 12288 0
2116 12288 0
16452 12288 0
32836 12288 0
196 20480 0
324 20480 0
580 20480 0
1092 20480 0
2116 20480 0
8260 20480 0
32836 20480 0
196 36864 0
324 36864 0
580 36864 0
1092 36864 0
2116 36864 0
8260 36864 0
16452 36864 0
388 12288 0
644 12288 0
1156 12288 0
2180 12288 0
16516 12288 0
32900 12288 0
388 20480 0
644 20480 0
1156 20480 0
2180 20480 0
8324 20480 0
32900 20480 0
388 36864 0
644 36864 0
1156 36864 0
2180 36864 0
8324 36864 0
16516 36864 0
772 12288 0
1284 12288 0
2308 12288 0
16644 12288 0
33028 12288 0
772 20480 0
1284 20480 0
2308 20480 0
8452 20480 0
33028 20480 0
772 36864 0
1284 36864 0
2308 36864 0
8452 36864 0
16644 36864 0
1540 12288 0
2564 12288 0
16900 12288 0
33284 12288 0
1540 20480 0
2564 20480 0
8708 20480 0
33284 20480 0
1540 36864 0
2564 36864 0
8708 36864 0
16900 36864 0
3076 12288 0
17412 12288 0
33796 12288 0
3076 20480 0
9220 20480 0
33796 20480 0
3076 36864 0
9220 36864 0
17412 36864 0
18436 12288 0
34820 12288 0
10244 20480 0
34820 20480 0
10244 36864 0
18436 36864 0
40964 20480 0
24580 36864 0
49156 12288 0
28 24576 0
44 24576 0
76 24576 0
140 24576 0
268 24576 0
524 24576 0
1036 24576 0
2060 24576 0
4108 24576 0
32780 24576 0
28 40960 0
44 40960 0
76 40960 0
140 40960 0
268 40960 0
524 40960 0
1036 40960 0
2060 40960 0
4108 40960 0
16396 40960 0
52 24576 0
84 24576 0
148 24576 0
276 24576 0
532 24576 0
1044 24576 0
2068 24576 0
4116 24576 0
32788 24576 0
52 40960 0
84 40960 0
148 40960 0
276 40960 0
532 40960 0
1044 40960 0
2068 40960 0
4116 40960 0
16404 40960 0
100 24576 0
164 24576 0
292 24576 0
548 24576 0
1060 24576 0
2084 24576 0
4132 24576 0
32804 24576 0
100 40960 0
164 40960 0
292 40960 0
548 40960 0
1060 40960 0
2084 40960 0
4132 40960 0
16420 40960 0
196 24576 0
324 24576 0
580 24576 0
1092 24576 0
2116 24576 0
4164 24576 0
32836 24576 0
196 40960 0
324 40960 0
580 40960 0
1092 40960 0
2116 40960 0
4164 40960 0
16452 40960 0
388 24576 0
644 24576 0
1156 24576 0
2180 24576 0
4228 24576 0
32900 24576 0
388 40960 0
644 40960 0
1156 40960 0
2180 40960 0
4228 40960 0
16516 40960 0
772 24576 0
1284 24576 0
2308 24576 0
4356 24576 0
33028 24576 0
772 40960 0
1284 40960 0
2308 40960 0
4356 40960 0
16644 40960 0
1540 24576 0
2564 24576 0
4612 24576 0
33284 24576 0
1540 40960 0
2564 40960 0
4612 40960 0
16900 40960 0
3076 24576 0
5124 24576 0
33796 24576 0
3076 40960 0
5124 40960 0
17412 40960 0
6148 24576 0
34820 24576 0
6148 40960 0
18436 40960 0
36868 24576 0
20484 40960 0
28 49152 0
44 49152 0
76 49152 0
140 49152 0
268 49152 0
524 49152 0
1036 49152 0
2060 49152 0
4108 49152 0
8204 49152 0
52 49152 0
84 49152 0
148 49152 0
276 49152 0
532 49152 0
1044 49152 0
2068 49152 0
4116 49152 0
8212 49152 0
100 49152 0
164 49152 0
292 49152 0
548 49152 0
1060 49152 0
2084 49152 0
4132 49152 0
8228 49152 0
196 49152 0
324 49152 0
580 49152 0
1092 49152 0
2116 49152 0
4164 49152 0
8260 49152 0
388 49152 0
644 49152 0
1156 49152 0
2180 49152 0
4228 49152 0
8324 49152 0
772 49152 0
1284 49152 0
2308 49152 0
4356 49152 0
8452 49152 0
1540 49152 0
2564 49152 0
4612 49152 0
8708 49152 0
3076 49152 0
5124 49152 0
9220 49152 0
6148 49152 0
10244 49152 0
12292 49152 0
56 3 0
88 3 0
152 3 0
280 3 0
536 3 0
1048 3 0
2072 3 0
4120 3 0
8216 3 0
16408 3 0
32792 3 0
56 5 0
88 5 0
152 5 0
280 5 0
536 5 0
1048 5 0
2072 5 0
4120 5 0
8216 5 0
16408 5 0
32792 5 0
88 33 0
152 33 0
280 33 0
536 33 0
1048 33 0
2072 33 0
4120 33 0
8216 33 0
16408 33 0
32792 33 0
56 65 0
152 65 0
280 65 0
536 65 0
1048 65 0
2072 65 0
4120 65 0
8216 65 0
16408 65 0
32792 65 0
56 129 0
88 129 0
280 129 0
536 129 0
1048 129 0
2072 129 0
4120 129 0
8216 129 0
16408 129 0
32792 129 0
56 257 0
88 257 0
152 257 0
536 257 0
1048 257 0
2072 257 0
4120 257 0
8216 257 0
16408 257 0
32792 257 0
56 513 0
88 513 0
152 513 0
280 513 0
1048 513 0
2072 513 0
4120 513 0
8216 513 0
16408 513 0
32792 513 0
56 1025 0
88 1025 0
152 1025 0
280 1025 0
536 1025 0
2072 1025 0
4120 1025 0
8216 1025 0
16408 1025 0
32792 1025 0
56 2049 0
88 2049 0
152 2049 0
280 2049 0
536 2049 0
1048 2049 0
4120 2049 0
8216 2049 0
16408 2049 0
32792 2049 0
56 4097 0
88 4097 0
152 4097 0
280 4097 0
536 4097 0
1048 4097 0
2072 4097 0
8216 4097 0
16408 4097 0
32792 4097 0
56 8193 0
88 8193 0
152 8193 0
280 8193 0
536 8193 0
1048 8193 0
2072 8193 0
4120 8193 0
16408 8193 0
32792 8193 0
56 16385 0
88 16385 0
152 16385 0
280 16385 0
536 16385 0
1048 16385 0
2072 16385 0
4120 16385 0
8216 16385 0
32792 16385 0
56 32769 0
88 32769 0
152 32769 0
280 32769 0
536 32769 0
1048 32769 0
2072 32769 0
4120 32769 0
8216 32769 0
16408 32769 0
104 3 0
168 3 0
296 3 0
552 3 0
1064 3 0
2088 3 0
4136 3 0
8232 3 0
16424 3 0
32808 3 0
104 5 0
168 5 0
296 5 0
552 5 0
1064 5 0
2088 5 0
4136 5 0
8232 5 0
16424 5 0
32808 5 0
104 17 0
168 17 0
296 17 0
552 17 0
1064 17 0
2088 17 0
4136 17 0
8232 17 0
16424 17 0
32808 17 0
168 65 0
296 65 0
552 65 0
1064 65 0
2088 65 0
4136 65 0
8232 65 0
16424 65 0
32808 65 0
104 129 0
296 129 0
552 129 0
1064 129 0
2088 129 0
4136 129 0
8232 129 0
16424 129 0
32808 129 0
104 257 0
168 257 0
552 257 0
1064 257 0
2088 257 0
4136 257 0
8232 257 0
16424 257 0
32808 257 0
104 513 0
168 513 0
296 513 0
1064 513 0
2088 513 0
4136 513 0
8232 513 0
16424 513 0
32808 513 0
104 1025 0
168 1025 0
296 1025 0
552 1025 0
2088 1025 0
4136 1025 0
8232 1025 0
16424 1025 0
32808 1025 0
104 2049 0
168 2049 0
296 2049 0
552 2049 0
1064 2049 0
4136 2049 0
8232 2049 0
16424 2049 0
32808 2049 0
104 4097 0
168 4097 0
296 4097 0
552 4097 0
1064 4097 0
2088 4097 0
8232 4097 0
16424 4097 0
32808 4097 0
104 8193 0
168 8193 0
296 8193 0
552 8193 0
1064 8193 0
2088 8193 0
4136 8193 0
16424 8193 0
32808 8193 0
104 16385 0
168 16385 0
296 16385 0
552 16385 0
1064 16385 0
2088 16385 0
4136 16385 0
8232 16385 0
32808 16385 0
104 32769 0
168 32769 0
296 32769 0
552 32769 0
1064 32769 0
2088 32769 0
4136 32769 0
8232 32769 0
16424 32769 0
200 3 0
328 3 0
584 3 0
1096 3 0
2120 3 0
4168 3 0
8264 3 0
16456 3 0
32840 3 0
200 5 0
328 5 0
584 5 0
1096 5 0
2120 5 0
4168 5 0
8264 5 0
16456 5 0
32840 5 0
200 17 0
328 17 0
584 17 0
1096 17 0
2120 17 0
4168 17 0
8264 17 0
16456 17 0
32840 17 0
200 33 0
328 33 0
584 33 0
1096 33 0
2120 33 0
4168 33 0
8264 33 0
16456 33 0
32840 33 0
328 129 0
584 129 0
1096 129 0
2120 129 0
4168 129 0
8264 129 0
16456 129 0
32840 129 0
200 257 0
584 257 0
1096 257 0
2120 257 0
4168 257 0
8264 257 0
16456 257 0
32840 257 0
200 513 0
328 513 0
1096 513 0
2120 513 0
4168 513 0
8264 513 0
16456 513 0
32840 513 0
200 1025 0
328 1025 0
584 1025 0
2120 1025 0
4168 1025 0
8264 1025 0
16456 1025 0
32840 1025 0
200 2049 0
328 2049 0
584 2049 0
1096 2049 0
4168 2049 0
8264 2049 0
16456 2049 0
32840 2049 0
200 4097 0
328 4097 0
584 4097 0
1096 4097 0
2120 4097 0
8264 4097 0
16456 4097 0
32840 4097 0
200 8193 0
328 8193 0
584 8193 0
1096 8193 0
2120 8193 0
4168 8193 0
16456 8193 0
32840 8193 0
200 16385 0
328 16385 0
584 16385 0
1096 16385 0
2120 16385 0
4168 16385 0
8264 16385 0
32840 16385 0
200 32769 0
328 32769 0
584 32769 0
1096 32769 0
2120 32769 0
4168 32769 0
8264 32769 0
16456 32769 0
392 3 0
648 3 0
1160 3 0
2184 3 0
4232 3 0
8328 3 0
16520 3 0
32904 3 0
392 5 0
648 5 0
1160 5 0
2184 5 0
4232 5 0
8328 5 0
16520 5 0
32904 5 0
392 17 0
648 17 0
1160 17 0
2184 17 0
4232 17 0
8328 17 0
16520 17 0
32904 17 0
392 33 0
648 33 0
1160 33 0
2184 33 0
4232 33 0
8328 33 0
16520 33 0
32904 33 0
392 65 0
648 65 0
1160 65 0
2184 65 0
4232 65 0
8328 65 0
16520 65 0
32904 65 0
648 257 0
1160 257 0
2184 257 0
4232 257 0
8328 257 0
16520 257 0
32904 257 0
392 513 0
1160 513 0
2184 513 0
4232 513 0
8328 513 0
16520 513 0
32904 513 0
392 1025 0
648 1025 0
2184 1025 0
4232 1025 0
8328 1025 0
16520 1025 0
32904 1025 0
392 2049 0
648 2049 0
1160 2049 0
4232 2049 0
8328 2049 0
16520 2049 0
32904 2049 0
392 4097 0
648 4097 0
1160 4097 0
2184 4097 0
8328 4097 0
16520 4097 0
32904 4097 0
392 8193 0
648 8193 0
1160 8193 0
2184 8193 0
4232 8193 0
16520 8193 0
32904 8193 0
392 16385 0
648 16385 0
1160 16385 0
2184 16385 0
4232 16385 0
8328 16385 0
32904 16385 0
392 32769 0
648 32769 0
1160 32769 0
2184 32769 0
4232 32769 0
8328 32769 0
16520 32769 0
776 3 0
1288 3 0
2312 3 0
4360 3 0
8456 3 0
16648 3 0
33032 3 0
776 5 0
1288 5 0
2312 5 0
4360 5 0
8456 5 0
16648 5 0
33032 5 0
776 17 0
1288 17 0
2312 17 0
4360 17 0
8456 17 0
16648 17 0
33032 17 0
776 33 0
1288 33 0
2312 33 0
4360 33 0
8456 33 0
16648 33 0
33032 33 0
776 65 0
1288 65 0
2312 65 0
4360 65 0
8456 65 0
16648 65 0
33032 65 0
776 129 0
1288 129 0
2312 129 0
4360 129 0
8456 129 0
16648 129 0
33032 129 0
1288 513 0
2312 513 0
4360 513 0
8456 513 0
16648 513 0
33032 513 0
776 1025 0
2312 1025 0
4360 1025 0
8456 1025 0
16648 1025 0
33032 1025 0
776 2049 0
1288 2049 0
4360 2049 0
8456 2049 0
16648 2049 0
33032 2049 0
776 4097 0
1288 4097 0
2312 4097 0
8456 4097 0
16648 4097 0
33032 4097 0
776 8193 0
1288 8193 0
2312 8193 0
4360 8193 0
16648 8193 0
33032 8193 0
776 16385 0
1288 16385 0
2312 16385 0
4360 16385 0
8456 16385 0
33032 16385 0
776 32769 0
1288 32769 0
2312 32769 0
4360 32769 0
8456 32769 0
16648 32769 0
1544 3 0
2568 3 0
4616 3 0
8712 3 0
16904 3 0
33288 3 0
1544 5 0
2568 5 0
4616 5 0
8712 5 0
16904 5 0
33288 5 0
1544 17 0
2568 17 0
4616 17 0
8712 17 0
16904 17 0
33288 17 0
1544 33 0
2568 33 0
4616 33 0
8712 33 0
16904 33 0
33288 33 0
1544 65 0
2568 65 0
4616 65 0
8712 65 0
16904 65 0
33288 65 0
1544 129 0
2568 129 0
4616 129 0
8712 129 0
16904 129 0
33288 129 0
1544 257 0
2568 257 0
4616 257 0
8712 257 0
16904 257 0
33288 257 0
2568 1025 0
4616 1025 0
8712 1025 0
16904 1025 0
33288 1025 0
1544 2049 0
4616 2049 0
8712 2049 0
16904 2049 0
33288 2049 0
1544 4097 0
2568 4097 0
8712 4097 0
16904 4097 0
33288 4097 0
1544 8193 0
2568 8193 0
4616 8193 0
16904 8193 0
33288 8193 0
1544 16385 0
2568 16385 0
4616 16385 0
8712 16385 0
33288 16385 0
1544 32769 0
2568 32769 0
4616 32769 0
8712 32769 0
16904 32769 0
3080 3 0
5128 3 0
9224 3 0
17416 3 0
33800 3 0
3080 5 0
5128 5 0
9224 5 0
17416 5 0
33800 5 0
3080 17 0
5128 17 0
9224 17 0
17416 17 0
33800 17 0
3080 33 0
5128 33 0
9224 33 0
17416 33 0
33800 33 0
3080 65 0
5128 65 0
9224 65 0
17416 65 0
33800 65 0
3080 129 0
5128 129 0
9224 129 0
17416 129 0
33800 129 0
3080 257 0
5128 257 0
9224 257 0
17416 257 0
33800 257 0
3080 513 0
5128 513 0
9224 513 0
17416 513 0
33800 513 0
5128 2049 0
9224 2049 0
17416 2049 0
33800 2049 0
3080 4097 0
9224 4097 0
17416 4097 0
33800 4097 0
3080 8193 0
5128 8193 0
17416 8193 0
33800 8193 0
3080 16385 0
5128 16385 0
9224 16385 0
33800 16385 0
3080 32769 0
5128 32769 0
9224 32769 0
17416 32769 0
6152 3 0
10248 3 0
18440 3 0
34824 3 0
6152 5 0
10248 5 0
18440 5 0
34824 5 0
6152 17 0
10248 17 0
18440 17 0
34824 17 0
6152 33 0
10248 33 0
18440 33 0
34824 33 0
6152 65 0
10248 65 0
18440 65 0
34824 65 0
6152 129 0
10248 129 0
18440 129 0
34824 129 0
6152 257 0
10248 257 0
18440 257 0
34824 257 0
6152 513 0
10248 513 0
18440 513 0
34824 513 0
6152 1025 0
10248 1025 0
18440 1025 0
34824 1025 0
10248 4097 0
18440 4097 0
34824 4097 0
6152 8193 0
18440 8193 0
34824 8193 0
6152 16385 0
10248 16385 0
34824 16385 0
6152 32769 0
10248 32769 0
18440 32769 0
12296 3 0
20488 3 0
36872 3 0
12296 5 0
20488 5 0
36872 5 0
12296 17 0
20488 17 0
36872 17 0
12296 33 0
20488 33 0
36872 33 0
12296 65 0
20488 65 0
36872 65 0
12296 129 0
20488 129 0
36872 129 0
12296 257 0
20488 257 0
36872 257 0
12296 513 0
20488 513 0
36872 513 0
12296 1025 0
20488 1025 0
36872 1025 0
12296 2049 0
20488 2049 0
36872 2049 0
20488 8193 0
36872 8193 0
12296 16385 0
36872 16385 0
12296 32769 0
20488 32769 0
24584 3 0
40968 3 0
24584 5 0
40968 5 0
24584 17 0
40968 17 0
24584 33 0
40968 33 0
24584 65 0
40968 65 0
24584 129 0
40968 129 0
24584 257 0
40968 257 0
24584 513 0
40968 513 0
24584 1025 0
40968 1025 0
24584 2049 0
40968 2049 0
24584 4097 0
40968 4097 0
40968 16385 0
24584 32769 0
49160 3 0
49160 5 0
49160 17 0
49160 33 0
49160 65 0
49160 129 0
49160 257 0
49160 513 0
49160 1025 0
49160 2049 0
49160 4097 0
49160 8193 0
56 6 0
88 6 0
152 6 0
280 6 0
536 6 0
1048 6 0
2072 6 0
4120 6 0
8216 6 0
16408 6 0
32792 6 0
88 34 0
152 34 0
280 34 0
536 34 0
1048 34 0
2072 34 0
4120 34 0
8216 34 0
16408 34 0
32792 34 0
56 66 0
152 66 0
280 66 0
536 66 0
1048 66 0
2072 66 0
4120 66 0
8216 66 0
16408 66 0
32792 66 0
56 130 0
88 130 0
280 130 0
536 130 0
1048 130 0
2072 130 0
4120 130 0
8216 130 0
16408 130 0
32792 130 0
56 258 0
88 258 0
152 258 0
536 258 0
1048 258 0
2072 258 0
4120 258 0
8216 258 0
16408 258 0
32792 258 0
56 514 0
88 514 0
152 514 0
280 514 0
1048 514 0
2072 514 0
4120 514 0
8216 514 0
16408 514 0
32792 514 0
56 1026 0
88 1026 0
152 1026 0
280 1026 0
536 1026 0
2072 1026 0
4120 1026 0
8216 1026 0
16408 1026 0
32792 1026 0
56 2050 0
88 2050 0
152 2050 0
280 2050 0
536 2050 0
1048 2050 0
4120 2050 0
8216 2050 0
16408 2050 0
32792 2050 0
56 4098 0
88 4098 0
152 4098 0
280 4098 0
536 4098 0
1048 4098 0
2072 4098 0
8216 4098 0
16408 4098 0
32792 4098 0
56 8194 0
88 8194 0
152 8194 0
280 8194 0
536 8194 0
1048 8194 0
2072 8194 0
4120 8194 0
16408 8194 0
32792 8194 0
56 16386 0
88 16386 0
152 16386 0
280 16386 0
536 16386 0
1048 16386 0
2072 16386 0
4120 16386 0
8216 16386 0
32792 16386 0
56 32770 0
88 32770 0
152 32770 0
280 32770 0
536 32770 0
1048 32770 0
2072 32770 0
4120 32770 0
8216 32770 0
16408 32770 0
104 6 0
168 6 0
296 6 0
552 6 0
1064 6 0
2088 6 0
4136 6 0
8232 6 0
16424 6 0
32808 6 0
104 18 0
168 18 0
296 18 0
552 18 0
1064 18 0
2088 18 0
4136 18 0
8232 18 0
16424 18 0
32808 18 0
168 66 0
296 66 0
552 66 0
1064 66 0
2088 66 0
4136 66 0
8232 66 0
16424 66 0
32808 66 0
104 130 0
296 130 0
552 130 0
1064 130 0
2088 130 0
4136 130 0
8232 130 0
16424 130 0
32808 130 0
104 258 0
168 258 0
552 258 0
1064 258 0
2088 258 0
4136 258 0
8232 258 0
16424 258 0
32808 258 0
104 514 0
168 514 0
296 514 0
1064 514 0
2088 514 0
4136 514 0
8232 514 0
16424 514 0
32808 514 0
104 1026 0
168 1026 0
296 1026 0
552 1026 0
2088 1026 0
4136 1026 0
8232 1026 0
16424 1026 0
32808 1026 0
104 2050 0
168 2050 0
296 2050 0
552 2050 0
1064 2050 0
4136 2050 0
8232 2050 0
16424 2050 0
32808 2050 0
104 4098 0
168 4098 0
296 4098 0
552 4098 0
1064 4098 0
2088 4098 0
8232 4098 0
16424 4098 0
32808 4098 0
104 8194 0
168 8194 0
296 8194 0
552 8194 0
1064 8194 0
2088 8194 0
4136 8194 0
16424 8194 0
32808 8194 0
104 16386 0
168 16386 0
296 16386 0
552 16386 0
1064 16386 0
2088 16386 0
4136 16386 0
8232 16386 0
32808 16386 0
104 32770 0
168 32770 0
296 32770 0
552 32770 0
1064 32770 0
2088 32770 0
4136 32770 0
8232 32770 0
16424 32770 0
200 6 0
328 6 0
584 6 0
1096 6 0
2120 6 0
4168 6 0
8264 6 0
16456 6 0
32840 6 0
200 18 0
328 18 0
584 18 0
1096 18 0
2120 18 0
4168 18 0
8264 18 0
16456 18 0
32840 18 0
200 34 0
328 34 0
584 34 0
1096 34 0
2120 34 0
4168 34 0
8264 34 0
16456 34 0
32840 34 0
328 130 0
584 130 0
1096 130 0
2120 130 0
4168 130 0
8264 130 0
16456 130 0
32840 130 0
200 258 0
584 258 0
1096 258 0
2120 258 0
4168 258 0
8264 258 0
16456 258 0
32840 258 0
200 514 0
328 514 0
1096 514 0
2120 514 0
4168 514 0
8264 514 0
16456 514 0
32840 514 0
200 1026 0
328 1026 0
584 1026 0
2120 1026 0
4168 1026 0
8264 1026 0
16456 1026 0
32840 1026 0
200 2050 0
328 2050 0
584 2050 0
1096 2050 0
4168 2050 0
8264 2050 0
16456 2050 0
32840 2050 0
200 4098 0
328 4098 0
584 4098 0
1096 4098 0
2120 4098 0
8264 4098 0
16456 4098 0
32840 4098 0
200 8194 0
328 8194 0
584 8194 0
1096 8194 0
2120 8194 0
4168 8194 0
16456 8194 0
32840 8194 0
200 16386 0
328 16386 0
584 16386 0
1096 16386 0
2120 16386 0
4168 16386 0
8264 16386 0
32840 16386 0
200 32770 0
328 32770 0
584 32770 0
1096 32770 0
2120 32770 0
4168 32770 0
8264 32770 0
16456 32770 0
392 6 0
648 6 0
1160 6 0
2184 6 0
4232 6 0
8328 6 0
16520 6 0
32904 6 0
392 18 0
648 18 0
1160 18 0
2184 18 0
4232 18 0
8328 18 0
16520 18 0
32904 18 0
392 34 0
648 34 0
1160 34 0
2184 34 0
4232 34 0
8328 34 0
16520 34 0
32904 34 0
392 66 0
648 66 0
1160 66 0
2184 66 0
4232 66 0
8328 66 0
16520 66 0
32904 66 0
648 258 0
1160 258 0
2184 258 0
4232 258 0
8328 258 0
16520 258 0
32904 258 0
392 514 0
1160 514 0
2184 514 0
4232 514 0
8328 514 0
16520 514 0
32904 514 0
392 1026 0
648 1026 0
2184 1026 0
4232 1026 0
8328 1026 0
16520 1026 0
32904 1026 0
392 2050 0
648 2050 0
1160 2050 0
4232 2050 0
8328 2050 0
16520 2050 0
32904 2050 0
392 4098 0
648 4098 0
1160 4098 0
2184 4098 0
8328 4098 0
16520 4098 0
32904 4098 0
392 8194 0
648 8194 0
1160 8194 0
2184 8194 0
4232 8194 0
16520 8194 0
32904 8194 0
392 16386 0
648 16386 0
1160 16386 0
2184 16386 0
4232 16386 0
8328 16386 0
32904 16386 0
392 32770 0
648 32770 0
1160 32770 0
2184 32770 0
4232 32770 0
8328 32770 0
16520 32770 0
776 6 0
1288 6 0
2312 6 0
4360 6 0
8456 6 0
16648 6 0
33032 6 0
776 18 0
1288 18 0
2312 18 0
4360 18 0
8456 18 0
16648 18 0
33032 18 0
776 34 0
1288 34 0
2312 34 0
4360 34 0
8456 34 0
16648 34 0
33032 34 0
776 66 0
1288 66 0
2312 66 0
4360 66 0
8456 66 0
16648 66 0
33032 66 0
776 130 0
1288 130 0
2312 130 0
4360 130 0
8456 130 0
16648 130 0
33032 130 0
1288 514 0
2312 514 0
4360 514 0
8456 514 0
16648 514 0
33032 514 0
776 1026 0
2312 1026 0
4360 1026 0
8456 1026 0
16648 1026 0
33032 1026 0
776 2050 0
1288 2050 0
4360 2050 0
8456 2050 0
16648 2050 0
33032 2050 0
776 4098 0
1288 4098 0
2312 4098 0
8456 4098 0
16648 4098 0
33032 4098 0
776 8194 0
1288 8194 0
2312 8194 0
4360 8194 0
16648 8194 0
33032 8194 0
776 16386 0
1288 16386 0
2312 16386 0
4360 16386 0
8456 16386 0
33032 16386 0
776 32770 0
1288 32770 0
2312 32770 0
4360 32770 0
8456 32770 0
16648 32770 0
1544 6 0
2568 6 0
4616 6 0
8712 6 0
16904 6 0
33288 6 0
1544 18 0
2568 18 0
4616 18 0
8712 18 0
16904 18 0
33288 18 0
1544 34 0
2568 34 0
4616 34 0
8712 34 0
16904 34 0
33288 34 0
1544 66 0
2568 66 0
4616 66 0
8712 66 0
16904 66 0
33288 66 0
1544 130 0
2568 130 0
4616 130 0
8712 130 0
16904 130 0
33288 130 0
1544 258 0
2568 258 0
4616 258 0
8712 258 0
16904 258 0
33288 258 0
2568 1026 0
4616 1026 0
8712 1026 0
16904 1026 0
33288 1026 0
1544 2050 0
4616 2050 0
8712 2050 0
16904 2050 0
33288 2050 0
1544 4098 0
2568 4098 0
8712 4098 0
16904 4098 0
33288 4098 0
1544 8194 0
2568 8194 0
4616 8194 0
16904 8194 0
33288 8194 0
1544 16386 0
2568 16386 0
4616 16386 0
8712 16386 0
33288 16386 0
1544 32770 0
2568 32770 0
4616 32770 0
8712 32770 0
16904 32770 0
3080 6 0
5128 6 0
9224 6 0
17416 6 0
33800 6 0
3080 18 0
5128 18 0
9224 18 0
17416 18 0
33800 18 0
3080 34 0
5128 34 0
9224 34 0
17416 34 0
33800 34 0
3080 66 0
5128 66 0
9224 66 0
17416 66 0
33800 66 0
3080 130 0
5128 130 0
9224 130 0
17416 130 0
33800 130 0
3080 258 0
5128 258 0
9224 258 0
17416 258 0
33800 258 0
3080 514 0
5128 514 0
9224 514 0
17416 514 0
33800 514 0
5128 2050 0
9224 2050 0
17416 2050 0
33800 2050 0
3080 4098 0
9224 4098 0
17416 4098 0
33800 4098 0
3080 8194 0
5128 8194 0
17416 8194 0
33800 8194 0
3080 16386 0
5128 16386 0
9224 16386 0
33800 16386 0
3080 32770 0
5128 32770 0
9224 32770 0
17416 32770 0
6152 6 0
10248 6 0
18440 6 0
34824 6 0
6152 18 0
10248 18 0
18440 18 0
34824 18 0
6152 34 0
10248 34 0
18440 34 0
34824 34 0
6152 66 0
10248 66 0
18440 66 0
34824 66 0
6152 130 0
10248 130 0
18440 130 0
34824 130 0
6152 258 0
10248 258 0
18440 258 0
34824 258 0
6152 514 0
10248 514 0
18440 514 0
34824 514 0
6152 1026 0
10248 1026 0
18440 1026 0
34824 1026 0
10248 4098 0
18440 4098 0
34824 4098 0
6152 8194 0
18440 8194 0
34824 8194 0
6152 16386 0
10248 16386 0
34824 16386 0
6152 32770 0
10248 32770 0
18440 32770 0
12296 6 0
20488 6 0
36872 6 0
12296 18 0
20488 18 0
36872 18 0
12296 34 0
20488 34 0
36872 34 0
12296 66 0
20488 66 0
36872 66 0
12296 130 0
20488 130 0
36872 130 0
12296 258 0
20488 258 0
36872 258 0
12296 514 0
20488 514 0
36872 514 0
12296 1026 0
20488 1026 0
36872 1026 0
12296 2050 0
20488 2050 0
36872 2050 0
20488 8194 0
36872 8194 0
12296 16386 0
36872 16386 0
12296 32770 0
20488 32770 0
24584 6 0
40968 6 0
24584 18 0
40968 18 0
24584 34 0
40968 34 0
24584 66 0
40968 66 0
24584 130 0
40968 130 0
24584 258 0
40968 258 0
24584 514 0
40968 514 0
24584 1026 0
40968 1026 0
24584 2050 0
40968 2050 0
24584 4098 0
40968 4098 0
40968 16386 0
24584 32770 0
49160 6 0
49160 18 0
49160 34 0
49160 66 0
49160 130 0
49160 258 0
49160 514 0
49160 1026 0
49160 2050 0
49160 4098 0
49160 8194 0
88 36 0
152 36 0
280 36 0
536 36 0
1048 36 0
2072 36 0
4120 36 0
8216 36 0
16408 36 0
32792 36 0
56 68 0
152 68 0
280 68 0
536 68 0
1048 68 0
2072 68 0
4120 68 0
8216 68 0
16408 68 0
32792 68 0
56 132 0
88 132 0
280 132 0
536 132 0
1048 132 0
2072 132 0
4120 132 0
8216 132 0
16408 132 0
32792 132 0
56 260 0
88 260 0
152 260 0
536 260 0
1048 260 0
2072 260 0
4120 260 0
8216 260 0
16408 260 0
32792 260 0
56 516 0
88 516 0
152 516 0
280 516 0
1048 516 0
2072 516 0
4120 516 0
8216 516 0
16408 516 0
32792 516 0
56 1028 0
88 1028 0
152 1028 0
280 1028 0
536 1028 0
2072 1028 0
4120 1028 0
8216 1028 0
16408 1028 0
32792 1028 0
56 2052 0
88 2052 0
152 2052 0
280 2052 0
536 2052 0
1048 2052 0
4120 2052 0
8216 2052 0
16408 2052 0
32792 2052 0
56 4100 0
88 4100 0
152 4100 0
280 4100 0
536 4100 0
1048 4100 0
2072 4100 0
8216 4100 0
16408 4100 0
32792 4100 0
56 8196 0
88 8196 0
152 8196 0
280 8196 0
536 8196 0
1048 8196 0
2072 8196 0
4120 8196 0
16408 8196 0
32792 8196 0
56 16388 0
88 16388 0
152 16388 0
280 16388 0
536 16388 0
1048 16388 0
2072 16388 0
4120 16388 0
8216 16388 0
32792 16388 0
56 32772 0
88 32772 0
152 32772 0
280 32772 0
536 32772 0
1048 32772 0
2072 32772 0
4120 32772 0
8216 32772 0
16408 32772 0
104 20 0
168 20 0
296 20 0
552 20 0
1064 20 0
2088 20 0
4136 20 0
8232 20 0
16424 20 0
32808 20 0
168 68 0
296 68 0
552 68 0
1064 68 0
2088 68 0
4136 68 0
8232 68 0
16424 68 0
32808 68 0
104 132 0
296 132 0
552 132 0
1064 132 0
2088 132 0
4136 132 0
8232 132 0
16424 132 0
32808 132 0
104 260 0
168 260 0
552 260 0
1064 260 0
2088 260 0
4136 260 0
8232 260 0
16424 260 0
32808 260 0
104 516 0
168 516 0
296 516 0
1064 516 0
2088 516 0
4136 516 0
8232 516 0
16424 516 0
32808 516 0
104 1028 0
168 1028 0
296 1028 0
552 1028 0
2088 1028 0
4136 1028 0
8232 1028 0
16424 1028 0
32808 1028 0
104 2052 0
168 2052 0
296 2052 0
552 2052 0
1064 2052 0
4136 2052 0
8232 2052 0
16424 2052 0
32808 2052 0
104 4100 0
168 4100 0
296 4100 0
552 4100 0
1064 4100 0
2088 4100 0
8232 4100 0
16424 4100 0
32808 4100 0
104 8196 0
168 8196 0
296 8196 0
552 8196 0
1064 8196 0
2088 8196 0
4136 8196 0
16424 8196 0
32808 8196 0
104 16388 0
168 16388 0
296 16388 0
552 16388 0
1064 16388 0
2088 16388 0
4136 16388 0
8232 16388 0
32808 16388 0
104 32772 0
168 32772 0
296 32772 0
552 32772 0
1064 32772 0
2088 32772 0
4136 32772 0
8232 32772 0
16424 32772 0
200 20 0
328 20 0
584 20 0
1096 20 0
2120 20 0
4168 20 0
8264 20 0
16456 20 0
32840 20 0
200 36 0
328 36 0
584 36 0
1096 36 0
2120 36 0
4168 36 0
8264 36 0
16456 36 0
32840 36 0
328 132 0
584 132 0
1096 132 0
2120 132 0
4168 132 0
8264 132 0
16456 132 0
32840 132 0
200 260 0
584 260 0
1096 260 0
2120 260 0
4168 260 0
8264 260 0
16456 260 0
32840 260 0
200 516 0
328 516 0
1096 516 0
2120 516 0
4168 516 0
8264 516 0
16456 516 0
32840 516 0
200 1028 0
328 1028 0
584 1028 0
2120 1028 0
4168 1028 0
8264 1028 0
16456 1028 0
32840 1028 0
200 2052 0
328 2052 0
584 2052 0
1096 2052 0
4168 2052 0
8264 2052 0
16456 2052 0
32840 2052 0
200 4100 0
328 4100 0
584 4100 0
1096 4100 0
2120 4100 0
8264 4100 0
16456 4100 0
32840 4100 0
200 8196 0
328 8196 0
584 8196 0
1096 8196 0
2120 8196 0
4168 8196 0
16456 8196 0
32840 8196 0
200 16388 0
328 16388 0
584 16388 0
1096 16388 0
2120 16388 0
4168 16388 0
8264 16388 0
32840 16388 0
200 32772 0
328 32772 0
584 32772 0
1096 32772 0
2120 32772 0
4168 32772 0
8264 32772 0
16456 32772 0
392 20 0
648 20 0
1160 20 0
2184 20 0
4232 20 0
8328 20 0
16520 20 0
32904 20 0
392 36 0
648 36 0
1160 36 0
2184 36 0
4232 36 0
8328 36 0
16520 36 0
32904 36 0
392 68 0
648 68 0
1160 68 0
2184 68 0
4232 68 0
8328 68 0
16520 68 0
32904 68 0
648 260 0
1160 260 0
2184 260 0
4232 260 0
8328 260 0
16520 260 0
32904 260 0
392 516 0
1160 516 0
2184 516 0
4232 516 0
8328 516 0
16520 516 0
32904 516 0
392 1028 0
648 1028 0
2184 1028 0
4232 1028 0
8328 1028 0
16520 1028 0
32904 1028 0
392 2052 0
648 2052 0
1160 2052 0
4232 2052 0
8328 2052 0
16520 2052 0
32904 2052 0
392 4100 0
648 4100 0
1160 4100 0
2184 4100 0
8328 4100 0
16520 4100 0
32904 4100 0
392 8196 0
648 8196 0
1160 8196 0
2184 8196 0
4232 8196 0
16520 8196 0
32904 8196 0
392 16388 0
648 16388 0
1160 16388 0
2184 16388 0
4232 16388 0
8328 16388 0
32904 16388 0
392 32772 0
648 32772 0
1160 32772 0
2184 32772 0
4232 32772 0
8328 32772 0
16520 32772 0
776 20 0
1288 20 0
2312 20 0
4360 20 0
8456 20 0
16648 20 0
33032 20 0
776 36 0
1288 36 0
2312 36 0
4360 36 0
8456 36 0
16648 36 0
33032 36 0
776 68 0
1288 68 0
2312 68 0
4360 68 0
8456 68 0
16648 68 0
33032 68 0
776 132 0
1288 132 0
2312 132 0
4360 132 0
8456 132 0
16648 132 0
33032 132 0
1288 516 0
2312 516 0
4360 516 0
8456 516 0
16648 516 0
33032 516 0
776 1028 0
2312 1028 0
4360 1028 0
8456 1028 0
16648 1028 0
33032 1028 0
776 2052 0
1288 2052 0
4360 2052 0
8456 2052 0
16648 2052 0
33032 2052 0
776 4100 0
1288 4100 0
2312 4100 0
8456 4100 0
16648 4100 0
33032 4100 0
776 8196 0
1288 8196 0
2312 8196 0
4360 8196 0
16648 8196 0
33032 8196 0
776 16388 0
1288 16388 0
2312 16388 0
4360 16388 0
8456 16388 0
33032 16388 0
776 32772 0
1288 32772 0
2312 32772 0
4360 32772 0
8456 32772 0
16648 32772 0
1544 20 0
2568 20 0
4616 20 0
8712 20 0
16904 20 0
33288 20 0
1544 36 0
2568 36 0
4616 36 0
8712 36 0
16904 36 0
33288 36 0
1544 68 0
2568 68 0
4616 68 0
8712 68 0
16904 68 0
33288 68 0
1544 132 0
2568 132 0
4616 132 0
8712 132 0
16904 132 0
33288 132 0
1544 260 0
2568 260 0
4616 260 0
8712 260 0
16904 260 0
33288 260 0
2568 1028 0
4616 1028 0
8712 1028 0
16904 1028 0
33288 1028 0
1544 2052 0
4616 2052 0
8712 2052 0
16904 2052 0
33288 2052 0
1544 4100 0
2568 4100 0
8712 4100 0
16904 4100 0
33288 4100 0
1544 8196 0
2568 8196 0
4616 8196 0
16904 8196 0
33288 8196 0
1544 16388 0
2568 16388 0
4616 16388 0
8712 16388 0
33288 16388 0
1544 32772 0
2568 32772 0
4616 32772 0
8712 32772 0
16904 32772 0
3080 20 0
5128 20 0
9224 20 0
17416 20 0
33800 20 0
3080 36 0
5128 36 0
9224 36 0
17416 36 0
33800 36 0
3080 68 0
5128 68 0
9224 68 0
17416 68 0
33800 68 0
3080 132 0
5128 132 0
9224 132 0
17416 132 0
33800 132 0
3080 260 0
5128 260 0
9224 260 0
17416 260 0
33800 260 0
3080 516 0
5128 516 0
9224 516 0
17416 516 0
33800 516 0
5128 2052 0
9224 2052 0
17416 2052 0
33800 2052 0
3080 4100 0
9224 4100 0
17416 4100 0
33800 4100 0
3080 8196 0
5128 8196 0
17416 8196 0
33800 8196 0
3080 16388 0
5128 16388 0
9224 16388 0
33800 16388 0
3080 32772 0
5128 32772 0
9224 32772 0
17416 32772 0
6152 20 0
10248 20 0
18440 20 0
34824 20 0
6152 36 0
10248 36 0
18440 36 0
34824 36 0
6152 68 0
10248 68 0
18440 68 0
34824 68 0
6152 132 0
10248 132 0
18440 132 0
34824 132 0
6152 260 0
10248 260 0
18440 260 0
34824 260 0
6152 516 0
10248 516 0
18440 516 0
34824 516 0
6152 1028 0
10248 1028 0
18440 1028 0
34824 1028 0
10248 4100 0
18440 4100 0
34824 4100 0
6152 8196 0
18440 8196 0
34824 8196 0
6152 16388 0
10248 16388 0
34824 16388 0
6152 32772 0
10248 32772 0
18440 32772 0
12296 20 0
20488 20 0
36872 20 0
12296 36 0
20488 36 0
36872 36 0
12296 68 0
20488 68 0
36872 68 0
12296 132 0
20488 132 0
36872 132 0
12296 260 0
20488 260 0
36872 260 0
12296 516 0
20488 516 0
36872 516 0
12296 1028 0
20488 1028 0
36872 1028 0
12296 2052 0
20488 2052 0
36872 2052 0
20488 8196 0
36872 8196 0
12296 16388 0
36872 16388 0
12296 32772 0
20488 32772 0
24584 20 0
40968 20 0
24584 36 0
40968 36 0
24584 68 0
40968 68 0
24584 132 0
40968 132 0
24584 260 0
40968 260 0
24584 516 0
40968 516 0
24584 1028 0
40968 1028 0
24584 2052 0
40968 2052 0
24584 4100 0
40968 4100 0
40968 16388 0
24584 32772 0
49160 20 0
49160 36 0
49160 68 0
49160 132 0
49160 260 0
49160 516 0
49160 1028 0
49160 2052 0
49160 4100 0
49160 8196 0
168 80 0
296 80 0
552 80 0
1064 80 0
2088 80 0
4136 80 0
8232 80 0
16424 80 0
32808 80 0
104 144 0
296 144 0
552 144 0
1064 144 0
2088 144 0
4136 144 0
8232 144 0
16424 144 0
32808 144 0
104 272 0
168 272 0
552 272 0
1064 272 0
2088 272 0
4136 272 0
8232 272 0
16424 272 0
32808 272 0
104 528 0
168 528 0
296 528 0
1064 528 0
2088 528 0
4136 528 0
8232 528 0
16424 528 0
32808 528 0
104 1040 0
168 1040 0
296 1040 0
552 1040 0
2088 1040 0
4136 1040 0
8232 1040 0
16424 1040 0
32808 1040 0
104 2064 0
168 2064 0
296 2064 0
552 2064 0
1064 2064 0
4136 2064 0
8232 2064 0
16424 2064 0
32808 2064 0
104 4112 0
168 4112 0
296 4112 0
552 4112 0
1064 4112 0
2088 4112 0
8232 4112 0
16424 4112 0
32808 4112 0
104 8208 0
168 8208 0
296 8208 0
552 8208 0
1064 8208 0
2088 8208 0
4136 8208 0
16424 8208 0
32808 8208 0
104 16400 0
168 16400 0
296 16400 0
552 16400 0
1064 16400 0
2088 16400 0
4136 16400 0
8232 16400 0
32808 16400 0
104 32784 0
168 32784 0
296 32784 0
552 32784 0
1064 32784 0
2088 32784 0
4136 32784 0
8232 32784 0
16424 32784 0
200 48 0
328 48 0
584 48 0
1096 48 0
2120 48 0
4168 48 0
8264 48 0
16456 48 0
32840 48 0
328 144 0
584 144 0
1096 144 0
2120 144 0
4168 144 0
8264 144 0
16456 144 0
32840 144 0
200 272 0
584 272 0
1096 272 0
2120 272 0
4168 272 0
8264 272 0
16456 272 0
32840 272 0
200 528 0
328 528 0
1096 528 0
2120 528 0
4168 528 0
8264 528 0
16456 528 0
32840 528 0
200 1040 0
328 1040 0
584 1040 0
2120 1040 0
4168 1040 0
8264 1040 0
16456 1040 0
32840 1040 0
200 2064 0
328 2064 0
584 2064 0
1096 2064 0
4168 2064 0
8264 2064 0
16456 2064 0
32840 2064 0
200 4112 0
328 4112 0
584 4112 0
1096 4112 0
2120 4112 0
8264 4112 0
16456 4112 0
32840 4112 0
200 8208 0
328 8208 0
584 8208 0
1096 8208 0
2120 8208 0
4168 8208 0
16456 8208 0
32840 8208 0
200 16400 0
328 16400 0
584 16400 0
1096 16400 0
2120 16400 0
4168 16400 0
8264 16400 0
32840 16400 0
200 32784 0
328 32784 0
584 32784 0
1096 32784 0
2120 32784 0
4168 32784 0
8264 32784 0
16456 32784 0
392 48 0
648 48 0
1160 48 0
2184 48 0
4232 48 0
8328 48 0
16520 48 0
32904 48 0
392 80 0
648 80 0
1160 80 0
2184 80 0
4232 80 0
8328 80 0
16520 80 0
32904 80 0
648 272 0
1160 272 0
2184 272 0
4232 272 0
8328 272 0
16520 272 0
32904 272 0
392 528 0
1160 528 0
2184 528 0
4232 528 0
8328 528 0
16520 528 0
32904 528 0
392 1040 0
648 1040 0
2184 1040 0
4232 1040 0
8328 1040 0
16520 1040 0
32904 1040 0
392 2064 0
648 2064 0
1160 2064 0
4232 2064 0
8328 2064 0
16520 2064 0
32904 2064 0
392 4112 0
648 4112 0
1160 4112 0
2184 4112 0
8328 4112 0
16520 4112 0
32904 4112 0
392 8208 0
648 8208 0
1160 8208 0
2184 8208 0
4232 8208 0
16520 8208 0
32904 8208 0
392 16400 0
648 16400 0
1160 16400 0
2184 16400 0
4232 16400 0
8328 16400 0
32904 16400 0
392 32784 0
648 32784 0
1160 32784 0
2184 32784 0
4232 32784 0
8328 32784 0
16520 32784 0
776 48 0
1288 48 0
2312 48 0
4360 48 0
8456 48 0
16648 48 0
33032 48 0
776 80 0
1288 80 0
2312 80 0
4360 80 0
8456 80 0
16648 80 0
33032 80 0
776 144 0
1288 144 0
2312 144 0
4360 144 0
8456 144 0
16648 144 0
33032 144 0
1288 528 0
2312 528 0
4360 528 0
8456 528 0
16648 528 0
33032 528 0
776 1040 0
2312 1040 0
4360 1040 0
8456 1040 0
16648 1040 0
33032 1040 0
776 2064 0
1288 2064 0
4360 2064 0
8456 2064 0
16648 2064 0
33032 2064 0
776 4112 0
1288 4112 0
2312 4112 0
8456 4112 0
16648 4112 0
33032 4112 0
776 8208 0
1288 8208 0
2312 8208 0
4360 8208 0
16648 8208 0
33032 8208 0
776 16400 0
1288 16400 0
2312 16400 0
4360 16400 0
8456 16400 0
33032 16400 0
776 32784 0
1288 32784 0
2312 32784 0
4360 32784 0
8456 32784 0
16648 32784 0
1544 48 0
2568 48 0
4616 48 0
8712 48 0
16904 48 0
33288 48 0
1544 80 0
2568 80 0
4616 80 0
8712 80 0
16904 80 0
33288 80 0
1544 144 0
2568 144 0
4616 144 0
8712 144 0
16904 144 0
33288 144 0
1544 272 0
2568 272 0
4616 272 0
8712 272 0
16904 272 0
33288 272 0
2568 1040 0
4616 1040 0
8712 1040 0
16904 1040 0
33288 1040 0
1544 2064 0
4616 2064 0
8712 2064 0
16904 2064 0
33288 2064 0
1544 4112 0
2568 4112 0
8712 4112 0
16904 4112 0
33288 4112 0
1544 8208 0
2568 8208 0
4616 8208 0
16904 8208 0
33288 8208 0
1544 16400 0
2568 16400 0
4616 16400 0
8712 16400 0
33288 16400 0
1544 32784 0
2568 32784 0
4616 32784 0
8712 32784 0
16904 32784 0
3080 48 0
5128 48 0
9224 48 0
17416 48 0
33800 48 0
3080 80 0
5128 80 0
9224 80 0
17416 80 0
33800 80 0
3080 144 0
5128 144 0
9224 144 0
17416 144 0
33800 144 0
3080 272 0
5128 272 0
9224 272 0
17416 272 0
33800 272 0
3080 528 0
5128 528 0
9224 528 0
17416 528 0
33800 528 0
5128 2064 0
9224 2064 0
17416 2064 0
33800 2064 0
3080 4112 0
9224 4112 0
17416 4112 0
33800 4112 0
3080 8208 0
5128 8208 0
17416 8208 0
33800 8208 0
3080 16400 0
5128 16400 0
9224 16400 0
33800 16400 0
3080 32784 0
5128 32784 0
9224 32784 0
17416 32784 0
6152 48 0
10248 48 0
18440 48 0
34824 48 0
6152 80 0
10248 80 0
18440 80 0
34824 80 0
6152 144 0
10248 144 0
18440 144 0
34824 144 0
6152 272 0
10248 272 0
18440 272 0
34824 272 0
6152 528 0
10248 528 0
18440 528 0
34824 528 0
6152 1040 0
10248 1040 0
18440 1040 0
34824 1040 0
10248 4112 0
18440 4112 0
34824 4112 0
6152 8208 0
18440 8208 0
34824 8208 0
6152 16400 0
10248 16400 0
34824 16400 0
6152 32784 0
10248 32784 0
18440 32784 0
12296 48 0
20488 48 0
36872 48 0
12296 80 0
20488 80 0
36872 80 0
12296 144 0
20488 144 0
36872 144 0
12296 272 0
20488 272 0
36872 272 0
12296 528 0
20488 528 0
36872 528 0
12296 1040 0
20488 1040 0
36872 1040 0
12296 2064 0
20488 2064 0
36872 2064 0
20488 8208 0
36872 8208 0
12296 16400 0
36872 16400 0
12296 32784 0
20488 32784 0
24584 48 0
40968 48 0
24584 80 0
40968 80 0
24584 144 0
40968 144 0
24584 272 0
40968 272 0
24584 528 0
40968 528 0
24584 1040 0
40968 1040 0
24584 2064 0
40968 2064 0
24584 4112 0
40968 4112 0
40968 16400 0
24584 32784 0
49160 48 0
49160 80 0
49160 144 0
49160 272 0
49160 528 0
49160 1040 0
49160 2064 0
49160 4112 0
49160 8208 0
152 96 0
280 96 0
536 96 0
1048 96 0
2072 96 0
4120 96 0
8216 96 0
16408 96 0
32792 96 0
88 160 0
280 160 0
536 160 0
1048 160 0
2072 160 0
4120 160 0
8216 160 0
16408 160 0
32792 160 0
88 288 0
152 288 0
536 288 0
1048 288 0
2072 288 0
4120 288 0
8216 288 0
16408 288 0
32792 288 0
88 544 0
152 544 0
280 544 0
1048 544 0
2072 544 0
4120 544 0
8216 544 0
16408 544 0
32792 544 0
88 1056 0
152 1056 0
280 1056 0
536 1056 0
2072 1056 0
4120 1056 0
8216 1056 0
16408 1056 0
32792 1056 0
88 2080 0
152 2080 0
280 2080 0
536 2080 0
1048 2080 0
4120 2080 0
8216 2080 0
16408 2080 0
32792 2080 0
88 4128 0
152 4128 0
280 4128 0
536 4128 0
1048 4128 0
2072 4128 0
8216 4128 0
16408 4128 0
32792 4128 0
88 8224 0
152 8224 0
280 8224 0
536 8224 0
1048 8224 0
2072 8224 0
4120 8224 0
16408 8224 0
32792 8224 0
88 16416 0
152 16416 0
280 16416 0
536 16416 0
1048 16416 0
2072 16416 0
4120 16416 0
8216 16416 0
32792 16416 0
88 32800 0
152 32800 0
280 32800 0
536 32800 0
1048 32800 0
2072 32800 0
4120 32800 0
8216 32800 0
16408 32800 0
328 160 0
584 160 0
1096 160 0
2120 160 0
4168 160 0
8264 160 0
16456 160 0
32840 160 0
200 288 0
584 288 0
1096 288 0
2120 288 0
4168 288 0
8264 288 0
16456 288 0
32840 288 0
200 544 0
328 544 0
1096 544 0
2120 544 0
4168 544 0
8264 544 0
16456 544 0
32840 544 0
200 1056 0
328 1056 0
584 1056 0
2120 1056 0
4168 1056 0
8264 1056 0
16456 1056 0
32840 1056 0
200 2080 0
328 2080 0
584 2080 0
1096 2080 0
4168 2080 0
8264 2080 0
16456 2080 0
32840 2080 0
200 4128 0
328 4128 0
584 4128 0
1096 4128 0
2120 4128 0
8264 4128 0
16456 4128 0
32840 4128 0
200 8224 0
328 8224 0
584 8224 0
1096 8224 0
2120 8224 0
4168 8224 0
16456 8224 0
32840 8224 0
200 16416 0
328 16416 0
584 16416 0
1096 16416 0
2120 16416 0
4168 16416 0
8264 16416 0
32840 16416 0
200 32800 0
328 32800 0
584 32800 0
1096 32800 0
2120 32800 0
4168 32800 0
8264 32800 0
16456 32800 0
392 96 0
648 96 0
1160 96 0
2184 96 0
4232 96 0
8328 96 0
16520 96 0
32904 96 0
648 288 0
1160 288 0
2184 288 0
4232 288 0
8328 288 0
16520 288 0
32904 288 0
392 544 0
1160 544 0
2184 544 0
4232 544 0
8328 544 0
16520 544 0
32904 544 0
392 1056 0
648 1056 0
2184 1056 0
4232 1056 0
8328 1056 0
16520 1056 0
32904 1056 0
392 2080 0
648 2080 0
1160 2080 0
4232 2080 0
8328 2080 0
16520 2080 0
32904 2080 0
392 4128 0
648 4128 0
1160 4128 0
2184 4128 0
8328 4128 0
16520 4128 0
32904 4128 0
392 8224 0
648 8224 0
1160 8224 0
2184 8224 0
4232 8224 0
16520 8224 0
32904 8224 0
392 16416 0
648 16416 0
1160 16416 0
2184 16416 0
4232 16416 0
8328 16416 0
32904 16416 0
392 32800 0
648 32800 0
1160 32800 0
2184 32800 0
4232 32800 0
8328 32800 0
16520 32800 0
776 96 0
1288 96 0
2312 96 0
4360 96 0
8456 96 0
16648 96 0
33032 96 0
776 160 0
1288 160 0
2312 160 0
4360 160 0
8456 160 0
16648 160 0
33032 160 0
1288 544 0
2312 544 0
4360 544 0
8456 544 0
16648 544 0
33032 544 0
776 1056 0
2312 1056 0
4360 1056 0
8456 1056 0
16648 1056 0
33032 1056 0
776 2080 0
1288 2080 0
4360 2080 0
8456 2080 0
16648 2080 0
33032 2080 0
776 4128 0
1288 4128 0
2312 4128 0
8456 4128 0
16648 4128 0
33032 4128 0
776 8224 0
1288 8224 0
2312 8224 0
4360 8224 0
16648 8224 0
33032 8224 0
776 16416 0
1288 16416 0
2312 16416 0
4360 16416 0
8456 16416 0
33032 16416 0
776 32800 0
1288 32800 0
2312 32800 0
4360 32800 0
8456 32800 0
16648 32800 0
1544 96 0
2568 96 0
4616 96 0
8712 96 0
16904 96 0
33288 96 0
1544 160 0
2568 160 0
4616 160 0
8712 160 0
16904 160 0
33288 160 0
1544 288 0
2568 288 0
4616 288 0
8712 288 0
16904 288 0
33288 288 0
2568 1056 0
4616 1056 0
8712 1056 0
16904 1056 0
33288 1056 0
1544 2080 0
4616 2080 0
8712 2080 0
16904 2080 0
33288 2080 0
1544 4128 0
2568 4128 0
8712 4128 0
16904 4128 0
33288 4128 0
1544 8224 0
2568 8224 0
4616 8224 0
16904 8224 0
33288 8224 0
1544 16416 0
2568 16416 0
4616 16416 0
8712 16416 0
33288 16416 0
1544 32800 0
2568 32800 0
4616 32800 0
8712 32800 0
16904 32800 0
3080 96 0
5128 96 0
9224 96 0
17416 96 0
33800 96 0
3080 160 0
5128 160 0
9224 160 0
17416 160 0
33800 160 0
3080 288 0
5128 288 0
9224 288 0
17416 288 0
33800 288 0
3080 544 0
5128 544 0
9224 544 0
17416 544 0
33800 544 0
5128 2080 0
9224 2080 0
17416 2080 0
33800 2080 0
3080 4128 0
9224 4128 0
17416 4128 0
33800 4128 0
3080 8224 0
5128 8224 0
17416 8224 0
33800 8224 0
3080 16416 0
5128 16416 0
9224 16416 0
33800 16416 0
3080 32800 0
5128 32800 0
9224 32800 0
17416 32800 0
6152 96 0
10248 96 0
18440 96 0
34824 96 0
6152 160 0
10248 160 0
18440 160 0
34824 160 0
6152 288 0
10248 288 0
18440 288 0
34824 288 0
6152 544 0
10248 544 0
18440 544 0
34824 544 0
6152 1056 0
10248 1056 0
18440 1056 0
34824 1056 0
10248 4128 0
18440 4128 0
34824 4128 0
6152 8224 0
18440 8224 0
34824 8224 0
6152 16416 0
10248 16416 0
34824 16416 0
6152 32800 0
10248 32800 0
18440 32800 0
12296 96 0
20488 96 0
36872 96 0
12296 160 0
20488 160 0
36872 160 0
12296 288 0
20488 288 0
36872 288 0
12296 544 0
20488 544 0
36872 544 0
12296 1056 0
20488 1056 0
36872 1056 0
12296 2080 0
20488 2080 0
36872 2080 0
20488 8224 0
36872 8224 0
12296 16416 0
36872 16416 0
12296 32800 0
20488 32800 0
24584 96 0
40968 96 0
24584 160 0
40968 160 0
24584 288 0
40968 288 0
24584 544 0
40968 544 0
24584 1056 0
40968 1056 0
24584 2080 0
40968 2080 0
24584 4128 0
40968 4128 0
40968 16416 0
24584 32800 0
49160 96 0
49160 160 0
49160 288 0
49160 544 0
49160 1056 0
49160 2080 0
49160 4128 0
49160 8224 0
56 192 0
280 192 0
536 192 0
1048 192 0
2072 192 0
4120 192 0
8216 192 0
16408 192 0
32792 192 0
56 320 0
152 320 0
536 320 0
1048 320 0
2072 320 0
4120 320 0
8216 320 0
16408 320 0
32792 320 0
56 576 0
152 576 0
280 576 0
1048 576 0
2072 576 0
4120 576 0
8216 576 0
16408 576 0
32792 576 0
56 1088 0
152 1088 0
280 1088 0
536 1088 0
2072 1088 0
4120 1088 0
8216 1088 0
16408 1088 0
32792 1088 0
56 2112 0
152 2112 0
280 2112 0
536 2112 0
1048 2112 0
4120 2112 0
8216 2112 0
16408 2112 0
32792 2112 0
56 4160 0
152 4160 0
280 4160 0
536 4160 0
1048 4160 0
2072 4160 0
8216 4160 0
16408 4160 0
32792 4160 0
56 8256 0
152 8256 0
280 8256 0
536 8256 0
1048 8256 0
2072 8256 0
4120 8256 0
16408 8256 0
32792 8256 0
56 16448 0
152 16448 0
280 16448 0
536 16448 0
1048 16448 0
2072 16448 0
4120 16448 0
8216 16448 0
32792 16448 0
56 32832 0
152 32832 0
280 32832 0
536 32832 0
1048 32832 0
2072 32832 0
4120 32832 0
8216 32832 0
16408 32832 0
296 192 0
552 192 0
1064 192 0
2088 192 0
4136 192 0
8232 192 0
16424 192 0
32808 192 0
168 320 0
552 320 0
1064 320 0
2088 320 0
4136 320 0
8232 320 0
16424 320 0
32808 320 0
168 576 0
296 576 0
1064 576 0
2088 576 0
4136 576 0
8232 576 0
16424 576 0
32808 576 0
168 1088 0
296 1088 0
552 1088 0
2088 1088 0
4136 1088 0
8232 1088 0
16424 1088 0
32808 1088 0
168 2112 0
296 2112 0
552 2112 0
1064 2112 0
4136 2112 0
8232 2112 0
16424 2112 0
32808 2112 0
168 4160 0
296 4160 0
552 4160 0
1064 4160 0
2088 4160 0
8232 4160 0
16424 4160 0
32808 4160 0
168 8256 0
296 8256 0
552 8256 0
1064 8256 0
2088 8256 0
4136 8256 0
16424 8256 0
32808 8256 0
168 16448 0
296 16448 0
552 16448 0
1064 16448 0
2088 16448 0
4136 16448 0
8232 16448 0
32808 16448 0
168 32832 0
296 32832 0
552 32832 0
1064 32832 0
2088 32832 0
4136 32832 0
8232 32832 0
16424 32832 0
648 320 0
1160 320 0
2184 320 0
4232 320 0
8328 320 0
16520 320 0
32904 320 0
392 576 0
1160 576 0
2184 576 0
4232 576 0
8328 576 0
16520 576 0
32904 576 0
392 1088 0
648 1088 0
2184 1088 0
4232 1088 0
8328 1088 0
16520 1088 0
32904 1088 0
392 2112 0
648 2112 0
1160 2112 0
4232 2112 0
8328 2112 0
16520 2112 0
32904 2112 0
392 4160 0
648 4160 0
1160 4160 0
2184 4160 0
8328 4160 0
16520 4160 0
32904 4160 0
392 8256 0
648 8256 0
1160 8256 0
2184 8256 0
4232 8256 0
16520 8256 0
32904 8256 0
392 16448 0
648 16448 0
1160 16448 0
2184 16448 0
4232 16448 0
8328 16448 0
32904 16448 0
392 32832 0
648 32832 0
1160 32832 0
2184 32832 0
4232 32832 0
8328 32832 0
16520 32832 0
776 192 0
1288 192 0
2312 192 0
4360 192 0
8456 192 0
16648 192 0
33032 192 0
1288 576 0
2312 576 0
4360 576 0
8456 576 0
16648 576 0
33032 576 0
776 1088 0
2312 1088 0
4360 1088 0
8456 1088 0
16648 1088 0
33032 1088 0
776 2112 0
1288 2112 0
4360 2112 0
8456 2112 0
16648 2112 0
33032 2112 0
776 4160 0
1288 4160 0
2312 4160 0
8456 4160 0
16648 4160 0
33032 4160 0
776 8256 0
1288 8256 0
2312 8256 0
4360 8256 0
16648 8256 0
33032 8256 0
776 16448 0
1288 16448 0
2312 16448 0
4360 16448 0
8456 16448 0
33032 16448 0
776 32832 0
1288 32832 0
2312 32832 0
4360 32832 0
8456 32832 0
16648 32832 0
1544 192 0
2568 192 0
4616 192 0
8712 192 0
16904 192 0
33288 192 0
1544 320 0
2568 320 0
4616 320 0
8712 320 0
16904 320 0
33288 320 0
2568 1088 0
4616 1088 0
8712 1088 0
16904 1088 0
33288 1088 0
1544 2112 0
4616 2112 0
8712 2112 0
16904 2112 0
33288 2112 0
1544 4160 0
2568 4160 0
8712 4160 0
16904 4160 0
33288 4160 0
1544 8256 0
2568 8256 0
4616 8256 0
16904 8256 0
33288 8256 0
1544 16448 0
2568 16448 0
4616 16448 0
8712 16448 0
33288 16448 0
1544 32832 0
2568 32832 0
4616 32832 0
8712 32832 0
16904 32832 0
3080 192 0
5128 192 0
9224 192 0
17416 192 0
33800 192 0
3080 320 0
5128 320 0
9224 320 0
17416 320 0
33800 320 0
3080 576 0
5128 576 0
9224 576 0
17416 576 0
33800 576 0
5128 2112 0
9224 2112 0
17416 2112 0
33800 2112 0
3080 4160 0
9224 4160 0
17416 4160 0
33800 4160 0
3080 8256 0
5128 8256 0
17416 8256 0
33800 8256 0
3080 16448 0
5128 16448 0
9224 16448 0
33800 16448 0
3080 32832 0
5128 32832 0
9224 32832 0
17416 32832 0
6152 192 0
10248 192 0
18440 192 0
34824 192 0
6152 320 0
10248 320 0
18440 320 0
34824 320 0
6152 576 0
10248 576 0
18440 576 0
34824 576 0
6152 1088 0
10248 1088 0
18440 1088 0
34824 1088 0
10248 4160 0
18440 4160 0
34824 4160 0
6152 8256 0
18440 8256 0
34824 8256 0
6152 16448 0
10248 16448 0
34824 16448 0
6152 32832 0
10248 32832 0
18440 32832 0
12296 192 0
20488 192 0
36872 192 0
12296 320 0
20488 320 0
36872 320 0
12296 576 0
20488 576 0
36872 576 0
12296 1088 0
20488 1088 0
36872 1088 0
12296 2112 0
20488 2112 0
36872 2112 0
20488 8256 0
36872 8256 0
12296 16448 0
36872 16448 0
12296 32832 0
20488 32832 0
24584 192 0
40968 192 0
24584 320 0
40968 320 0
24584 576 0
40968 576 0
24584 1088 0
40968 1088 0
24584 2112 0
40968 2112 0
24584 4160 0
40968 4160 0
40968 16448 0
24584 32832 0
49160 192 0
49160 320 0
49160 576 0
49160 1088 0
49160 2112 0
49160 4160 0
49160 8256 0
56 384 0
88 384 0
536 384 0
1048 384 0
2072 384 0
4120 384 0
8216 384 0
16408 384 0
32792 384 0
56 640 0
88 640 0
280 640 0
1048 640 0
2072 640 0
4120 640 0
8216 640 0
16408 640 0
32792 640 0
56 1152 0
88 1152 0
280 1152 0
536 1152 0
2072 1152 0
4120 1152 0
8216 1152 0
16408 1152 0
32792 1152 0
56 2176 0
88 2176 0
280 2176 0
536 2176 0
1048 2176 0
4120 2176 0
8216 2176 0
16408 2176 0
32792 2176 0
56 4224 0
88 4224 0
280 4224 0
536 4224 0
1048 4224 0
2072 4224 0
8216 4224 0
16408 4224 0
32792 4224 0
56 8320 0
88 8320 0
280 8320 0
536 8320 0
1048 8320 0
2072 8320 0
4120 8320 0
16408 8320 0
32792 8320 0
56 16512 0
88 16512 0
280 16512 0
536 16512 0
1048 16512 0
2072 16512 0
4120 16512 0
8216 16512 0
32792 16512 0
56 32896 0
88 32896 0
280 32896 0
536 32896 0
1048 32896 0
2072 32896 0
4120 32896 0
8216 32896 0
16408 32896 0
104 384 0
552 384 0
1064 384 0
2088 384 0
4136 384 0
8232 384 0
16424 384 0
32808 384 0
104 640 0
296 640 0
1064 640 0
2088 640 0
4136 640 0
8232 640 0
16424 640 0
32808 640 0
104 1152 0
296 1152 0
552 1152 0
2088 1152 0
4136 1152 0
8232 1152 0
16424 1152 0
32808 1152 0
104 2176 0
296 2176 0
552 2176 0
1064 2176 0
4136 2176 0
8232 2176 0
16424 2176 0
32808 2176 0
104 4224 0
296 4224 0
552 4224 0
1064 4224 0
2088 4224 0
8232 4224 0
16424 4224 0
32808 4224 0
104 8320 0
296 8320 0
552 8320 0
1064 8320 0
2088 8320 0
4136 8320 0
16424 8320 0
32808 8320 0
104 16512 0
296 16512 0
552 16512 0
1064 16512 0
2088 16512 0
4136 16512 0
8232 16512 0
32808 16512 0
104 32896 0
296 32896 0
552 32896 0
1064 32896 0
2088 32896 0
4136 32896 0
8232 32896 0
16424 32896 0
584 384 0
1096 384 0
2120 384 0
4168 384 0
8264 384 0
16456 384 0
32840 384 0
328 640 0
1096 640 0
2120 640 0
4168 640 0
8264 640 0
16456 640 0
32840 640 0
328 1152 0
584 1152 0
2120 1152 0
4168 1152 0
8264 1152 0
16456 1152 0
32840 1152 0
328 2176 0
584 2176 0
1096 2176 0
4168 2176 0
8264 2176 0
16456 2176 0
32840 2176 0
328 4224 0
584 4224 0
1096 4224 0
2120 4224 0
8264 4224 0
16456 4224 0
32840 4224 0
328 8320 0
584 8320 0
1096 8320 0
2120 8320 0
4168 8320 0
16456 8320 0
32840 8320 0
328 16512 0
584 16512 0
1096 16512 0
2120 16512 0
4168 16512 0
8264 16512 0
32840 16512 0
328 32896 0
584 32896 0
1096 32896 0
2120 32896 0
4168 32896 0
8264 32896 0
16456 32896 0
1288 640 0
2312 640 0
4360 640 0
8456 640 0
16648 640 0
33032 640 0
776 1152 0
2312 1152 0
4360 1152 0
8456 1152 0
16648 1152 0
33032 1152 0
776 2176 0
1288 2176 0
4360 2176 0
8456 2176 0
16648 2176 0
33032 2176 0
776 4224 0
1288 4224 0
2312 4224 0
8456 4224 0
16648 4224 0
33032 4224 0
776 8320 0
1288 8320 0
2312 8320 0
4360 8320 0
16648 8320 0
33032 8320 0
776 16512 0
1288 16512 0
2312 16512 0
4360 16512 0
8456 16512 0
33032 16512 0
776 32896 0
1288 32896 0
2312 32896 0
4360 32896 0
8456 32896 0
16648 32896 0
1544 384 0
2568 384 0
4616 384 0
8712 384 0
16904 384 0
33288 384 0
2568 1152 0
4616 1152 0
8712 1152 0
16904 1152 0
33288 1152 0
1544 2176 0
4616 2176 0
8712 2176 0
16904 2176 0
33288 2176 0
1544 4224 0
2568 4224 0
8712 4224 0
16904 4224 0
33288 4224 0
1544 8320 0
2568 8320 0
4616 8320 0
16904 8320 0
33288 8320 0
1544 16512 0
2568 16512 0
4616 16512 0
8712 16512 0
33288 16512 0
1544 32896 0
2568 32896 0
4616 32896 0
8712 32896 0
16904 32896 0
3080 384 0
5128 384 0
9224 384 0
17416 384 0
33800 384 0
3080 640 0
5128 640 0
9224 640 0
17416 640 0
33800 640 0
5128 2176 0
9224 2176 0
17416 2176 0
33800 2176 0
3080 4224 0
9224 4224 0
17416 4224 0
33800 4224 0
3080 8320 0
5128 8320 0
17416 8320 0
33800 8320 0
3080 16512 0
5128 16512 0
9224 16512 0
33800 16512 0
3080 32896 0
5128 32896 0
9224 32896 0
17416 32896 0
6152 384 0
10248 384 0
18440 384 0
34824 384 0
6152 640 0
10248 640 0
18440 640 0
34824 640 0
6152 1152 0
10248 1152 0
18440 1152 0
34824 1152 0
10248 4224 0
18440 4224 0
34824 4224 0
6152 8320 0
18440 8320 0
34824 8320 0
6152 16512 0
10248 16512 0
34824 16512 0
6152 32896 0
10248 32896 0
18440 32896 0
12296 384 0
20488 384 0
36872 384 0
12296 640 0
20488 640 0
36872 640 0
12296 1152 0
20488 1152 0
36872 1152 0
12296 2176 0
20488 2176 0
36872 2176 0
20488 8320 0
36872 8320 0
12296 16512 0
36872 16512 0
12296 32896 0
20488 32896 0
24584 384 0
40968 384 0
24584 640 0
40968 640 0
24584 1152 0
40968 1152 0
24584 2176 0
40968 2176 0
24584 4224 0
40968 4224 0
40968 16512 0
24584 32896 0
49160 384 0
49160 640 0
49160 1152 0
49160 2176 0
49160 4224 0
49160 8320 0
56 768 0
88 768 0
152 768 0
1048 768 0
2072 768 0
4120 768 0
8216 768 0
16408 768 0
32792 768 0
56 1280 0
88 1280 0
152 1280 0
536 1280 0
2072 1280 0
4120 1280 0
8216 1280 0
16408 1280 0
32792 1280 0
56 2304 0
88 2304 0
152 2304 0
536 2304 0
1048 2304 0
4120 2304 0
8216 2304 0
16408 2304 0
32792 2304 0
56 4352 0
88 4352 0
152 4352 0
536 4352 0
1048 4352 0
2072 4352 0
8216 4352 0
16408 4352 0
32792 4352 0
56 8448 0
88 8448 0
152 8448 0
536 8448 0
1048 8448 0
2072 8448 0
4120 8448 0
16408 8448 0
32792 8448 0
56 16640 0
88 16640 0
152 16640 0
536 16640 0
1048 16640 0
2072 16640 0
4120 16640 0
8216 16640 0
32792 16640 0
56 33024 0
88 33024 0
152 33024 0
536 33024 0
1048 33024 0
2072 33024 0
4120 33024 0
8216 33024 0
16408 33024 0
104 768 0
168 768 0
1064 768 0
2088 768 0
4136 768 0
8232 768 0
16424 768 0
32808 768 0
104 1280 0
168 1280 0
552 1280 0
2088 1280 0
4136 1280 0
8232 1280 0
16424 1280 0
32808 1280 0
104 2304 0
168 2304 0
552 2304 0
1064 2304 0
4136 2304 0
8232 2304 0
16424 2304 0
32808 2304 0
104 4352 0
168 4352 0
552 4352 0
1064 4352 0
2088 4352 0
8232 4352 0
16424 4352 0
32808 4352 0
104 8448 0
168 8448 0
552 8448 0
1064 8448 0
2088 8448 0
4136 8448 0
16424 8448 0
32808 8448 0
104 16640 0
168 16640 0
552 16640 0
1064 16640 0
2088 16640 0
4136 16640 0
8232 16640 0
32808 16640 0
104 33024 0
168 33024 0
552 33024 0
1064 33024 0
2088 33024 0
4136 33024 0
8232 33024 0
16424 33024 0
200 768 0
1096 768 0
2120 768 0
4168 768 0
8264 768 0
16456 768 0
32840 768 0
200 1280 0
584 1280 0
2120 1280 0
4168 1280 0
8264 1280 0
16456 1280 0
32840 1280 0
200 2304 0
584 2304 0
1096 2304 0
4168 2304 0
8264 2304 0
16456 2304 0
32840 2304 0
200 4352 0
584 4352 0
1096 4352 0
2120 4352 0
8264 4352 0
16456 4352 0
32840 4352 0
200 8448 0
584 8448 0
1096 8448 0
2120 8448 0
4168 8448 0
16456 8448 0
32840 8448 0
200 16640 0
584 16640 0
1096 16640 0
2120 16640 0
4168 16640 0
8264 16640 0
32840 16640 0
200 33024 0
584 33024 0
1096 33024 0
2120 33024 0
4168 33024 0
8264 33024 0
16456 33024 0
1160 768 0
2184 768 0
4232 768 0
8328 768 0
16520 768 0
32904 768 0
648 1280 0
2184 1280 0
4232 1280 0
8328 1280 0
16520 1280 0
32904 1280 0
648 2304 0
1160 2304 0
4232 2304 0
8328 2304 0
16520 2304 0
32904 2304 0
648 4352 0
1160 4352 0
2184 4352 0
8328 4352 0
16520 4352 0
32904 4352 0
648 8448 0
1160 8448 0
2184 8448 0
4232 8448 0
16520 8448 0
32904 8448 0
648 16640 0
1160 16640 0
2184 16640 0
4232 16640 0
8328 16640 0
32904 16640 0
648 33024 0
1160 33024 0
2184 33024 0
4232 33024 0
8328 33024 0
16520 33024 0
2568 1280 0
4616 1280 0
8712 1280 0
16904 1280 0
33288 1280 0
1544 2304 0
4616 2304 0
8712 2304 0
16904 2304 0
33288 2304 0
1544 4352 0
2568 4352 0
8712 4352 0
16904 4352 0
33288 4352 0
1544 8448 0
2568 8448 0
4616 8448 0
16904 8448 0
33288 8448 0
1544 16640 0
2568 16640 0
4616 16640 0
8712 16640 0
33288 16640 0
1544 33024 0
2568 33024 0
4616 33024 0
8712 33024 0
16904 33024 0
3080 768 0
5128 768 0
9224 768 0
17416 768 0
33800 768 0
5128 2304 0
9224 2304 0
17416 2304 0
33800 2304 0
3080 4352 0
9224 4352 0
17416 4352 0
33800 4352 0
3080 8448 0
5128 8448 0
17416 8448 0
33800 8448 0
3080 16640 0
5128 16640 0
9224 16640 0
33800 16640 0
3080 33024 0
5128 33024 0
9224 33024 0
17416 33024 0
6152 768 0
10248 768 0
18440 768 0
34824 768 0
6152 1280 0
10248 1280 0
18440 1280 0
34824 1280 0
10248 4352 0
18440 4352 0
34824 4352 0
6152 8448 0
18440 8448 0
34824 8448 0
6152 16640 0
10248 16640 0
34824 16640 0
6152 33024 0
10248 33024 0
18440 33024 0
12296 768 0
20488 768 0
36872 768 0
12296 1280 0
20488 1280 0
36872 1280 0
12296 2304 0
20488 2304 0
36872 2304 0
20488 8448 0
36872 8448 0
12296 16640 0
36872 16640 0
12296 33024 0
20488 33024 0
24584 768 0
40968 768 0
24584 1280 0
40968 1280 0
24584 2304 0
40968 2304 0
24584 4352 0
40968 4352 0
40968 16640 0
24584 33024 0
49160 768 0
49160 1280 0
49160 2304 0
49160 4352 0
49160 8448 0
56 1536 0
88 1536 0
152 1536 0
280 1536 0
2072 1536 0
4120 1536 0
8216 1536 0
16408 1536 0
32792 1536 0
56 2560 0
88 2560 0
152 2560 0
280 2560 0
1048 2560 0
4120 2560 0
8216 2560 0
16408 2560 0
32792 2560 0
56 4608 0
88 4608 0
152 4608 0
280 4608 0
1048 4608 0
2072 4608 0
8216 4608 0
16408 4608 0
32792 4608 0
56 8704 0
88 8704 0
152 8704 0
280 8704 0
1048 8704 0
2072 8704 0
4120 8704 0
16408 8704 0
32792 8704 0
56 16896 0
88 16896 0
152 16896 0
280 16896 0
1048 16896 0
2072 16896 0
4120 16896 0
8216 16896 0
32792 16896 0
56 33280 0
88 33280 0
152 33280 0
280 33280 0
1048 33280 0
2072 33280 0
4120 33280 0
8216 33280 0
16408 33280 0
104 1536 0
168 1536 0
296 1536 0
2088 1536 0
4136 1536 0
8232 1536 0
16424 1536 0
32808 1536 0
104 2560 0
168 2560 0
296 2560 0
1064 2560 0
4136 2560 0
8232 2560 0
16424 2560 0
32808 2560 0
104 4608 0
168 4608 0
296 4608 0
1064 4608 0
2088 4608 0
8232 4608 0
16424 4608 0
32808 4608 0
104 8704 0
168 8704 0
296 8704 0
1064 8704 0
2088 8704 0
4136 8704 0
16424 8704 0
32808 8704 0
104 16896 0
168 16896 0
296 16896 0
1064 16896 0
2088 16896 0
4136 16896 0
8232 16896 0
32808 16896 0
104 33280 0
168 33280 0
296 33280 0
1064 33280 0
2088 33280 0
4136 33280 0
8232 33280 0
16424 33280 0
200 1536 0
328 1536 0
2120 1536 0
4168 1536 0
8264 1536 0
16456 1536 0
32840 1536 0
200 2560 0
328 2560 0
1096 2560 0
4168 2560 0
8264 2560 0
16456 2560 0
32840 2560 0
200 4608 0
328 4608 0
1096 4608 0
2120 4608 0
8264 4608 0
16456 4608 0
32840 4608 0
200 8704 0
328 8704 0
1096 8704 0
2120 8704 0
4168 8704 0
16456 8704 0
32840 8704 0
200 16896 0
328 16896 0
1096 16896 0
2120 16896 0
4168 16896 0
8264 16896 0
32840 16896 0
200 33280 0
328 33280 0
1096 33280 0
2120 33280 0
4168 33280 0
8264 33280 0
16456 33280 0
392 1536 0
2184 1536 0
4232 1536 0
8328 1536 0
16520 1536 0
32904 1536 0
392 2560 0
1160 2560 0
4232 2560 0
8328 2560 0
16520 2560 0
32904 2560 0
392 4608 0
1160 4608 0
2184 4608 0
8328 4608 0
16520 4608 0
32904 4608 0
392 8704 0
1160 8704 0
2184 8704 0
4232 8704 0
16520 8704 0
32904 8704 0
392 16896 0
1160 16896 0
2184 16896 0
4232 16896 0
8328 16896 0
32904 16896 0
392 33280 0
1160 33280 0
2184 33280 0
4232 33280 0
8328 33280 0
16520 33280 0
2312 1536 0
4360 1536 0
8456 1536 0
16648 1536 0
33032 1536 0
1288 2560 0
4360 2560 0
8456 2560 0
16648 2560 0
33032 2560 0
1288 4608 0
2312 4608 0
8456 4608 0
16648 4608 0
33032 4608 0
1288 8704 0
2312 8704 0
4360 8704 0
16648 8704 0
33032 8704 0
1288 16896 0
2312 16896 0
4360 16896 0
8456 16896 0
33032 16896 0
1288 33280 0
2312 33280 0
4360 33280 0
8456 33280 0
16648 33280 0
5128 2560 0
9224 2560 0
17416 2560 0
33800 2560 0
3080 4608 0
9224 4608 0
17416 4608 0
33800 4608 0
3080 8704 0
5128 8704 0
17416 8704 0
33800 8704 0
3080 16896 0
5128 16896 0
9224 16896 0
33800 16896 0
3080 33280 0
5128 33280 0
9224 33280 0
17416 33280 0
6152 1536 0
10248 1536 0
18440 1536 0
34824 1536 0
10248 4608 0
18440 4608 0
34824 4608 0
6152 8704 0
18440 8704 0
34824 8704 0
6152 16896 0
10248 16896 0
34824 16896 0
6152 33280 0
10248 33280 0
18440 33280 0
12296 1536 0
20488 1536 0
36872 1536 0
12296 2560 0
20488 2560 0
36872 2560 0
20488 8704 0
36872 8704 0
12296 16896 0
36872 16896 0
12296 33280 0
20488 33280 0
24584 1536 0
40968 1536 0
24584 2560 0
40968 2560 0
24584 4608 0
40968 4608 0
40968 16896 0
24584 33280 0
49160 1536 0
49160 2560 0
49160 4608 0
49160 8704 0
56 3072 0
88 3072 0
152 3072 0
280 3072 0
536 3072 0
4120 3072 0
8216 3072 0
16408 3072 0
32792 3072 0
56 5120 0
88 5120 0
152 5120 0
280 5120 0
536 5120 0
2072 5120 0
8216 5120 0
16408 5120 0
32792 5120 0
56 9216 0
88 9216 0
152 9216 0
280 9216 0
536 9216 0
2072 9216 0
4120 9216 0
16408 9216 0
32792 9216 0
56 17408 0
88 17408 0
152 17408 0
280 17408 0
536 17408 0
2072 17408 0
4120 17408 0
8216 17408 0
32792 17408 0
56 33792 0
88 33792 0
152 33792 0
280 33792 0
536 33792 0
2072 33792 0
4120 33792 0
8216 33792 0
16408 33792 0
104 3072 0
168 3072 0
296 3072 0
552 3072 0
4136 3072 0
8232 3072 0
16424 3072 0
32808 3072 0
104 5120 0
168 5120 0
296 5120 0
552 5120 0
2088 5120 0
8232 5120 0
16424 5120 0
32808 5120 0
104 9216 0
168 9216 0
296 9216 0
552 9216 0
2088 9216 0
4136 9216 0
16424 9216 0
32808 9216 0
104 17408 0
168 17408 0
296 17408 0
552 17408 0
2088 17408 0
4136 17408 0
8232 17408 0
32808 17408 0
104 33792 0
168 33792 0
296 33792 0
552 33792 0
2088 33792 0
4136 33792 0
8232 33792 0
16424 33792 0
200 3072 0
328 3072 0
584 3072 0
4168 3072 0
8264 3072 0
16456 3072 0
32840 3072 0
200 5120 0
328 5120 0
584 5120 0
2120 5120 0
8264 5120 0
16456 5120 0
32840 5120 0
200 9216 0
328 9216 0
584 9216 0
2120 9216 0
4168 9216 0
16456 9216 0
32840 9216 0
200 17408 0
328 17408 0
584 17408 0
2120 17408 0
4168 17408 0
8264 17408 0
32840 17408 0
200 33792 0
328 33792 0
584 33792 0
2120 33792 0
4168 33792 0
8264 33792 0
16456 33792 0
392 3072 0
648 3072 0
4232 3072 0
8328 3072 0
16520 3072 0
32904 3072 0
392 5120 0
648 5120 0
2184 5120 0
8328 5120 0
16520 5120 0
32904 5120 0
392 9216 0
648 9216 0
2184 9216 0
4232 9216 0
16520 9216 0
32904 9216 0
392 17408 0
648 17408 0
2184 17408 0
4232 17408 0
8328 17408 0
32904 17408 0
392 33792 0
648 33792 0
2184 33792 0
4232 33792 0
8328 33792 0
16520 33792 0
776 3072 0
4360 3072 0
8456 3072 0
16648 3072 0
33032 3072 0
776 5120 0
2312 5120 0
8456 5120 0
16648 5120 0
33032 5120 0
776 9216 0
2312 9216 0
4360 9216 0
16648 9216 0
33032 9216 0
776 17408 0
2312 17408 0
4360 17408 0
8456 17408 0
33032 17408 0
776 33792 0
2312 33792 0
4360 33792 0
8456 33792 0
16648 33792 0
4616 3072 0
8712 3072 0
16904 3072 0
33288 3072 0
2568 5120 0
8712 5120 0
16904 5120 0
33288 5120 0
2568 9216 0
4616 9216 0
16904 9216 0
33288 9216 0
2568 17408 0
4616 17408 0
8712 17408 0
33288 17408 0
2568 33792 0
4616 33792 0
8712 33792 0
16904 33792 0
10248 5120 0
18440 5120 0
34824 5120 0
6152 9216 0
18440 9216 0
34824 9216 0
6152 17408 0
10248 17408 0
34824 17408 0
6152 33792 0
10248 33792 0
18440 33792 0
12296 3072 0
20488 3072 0
36872 3072 0
20488 9216 0
36872 9216 0
12296 17408 0
36872 17408 0
12296 33792 0
20488 33792 0
24584 3072 0
40968 3072 0
24584 5120 0
40968 5120 0
40968 17408 0
24584 33792 0
49160 3072 0
49160 5120 0
49160 9216 0
56 6144 0
88 6144 0
152 6144 0
280 6144 0
536 6144 0
1048 6144 0
8216 6144 0
16408 6144 0
32792 6144 0
56 10240 0
88 10240 0
152 10240 0
280 10240 0
536 10240 0
1048 10240 0
4120 10240 0
16408 10240 0
32792 10240 0
56 18432 0
88 18432 0
152 18432 0
280 18432 0
536 18432 0
1048 18432 0
4120 18432 0
8216 18432 0
32792 18432 0
56 34816 0
88 34816 0
152 34816 0
280 34816 0
536 34816 0
1048 34816 0
4120 34816 0
8216 34816 0
16408 34816 0
104 6144 0
168 6144 0
296 6144 0
552 6144 0
1064 6144 0
8232 6144 0
16424 6144 0
32808 6144 0
104 10240 0
168 10240 0
296 10240 0
552 10240 0
1064 10240 0
4136 10240 0
16424 10240 0
32808 10240 0
104 18432 0
168 18432 0
296 18432 0
552 18432 0
1064 18432 0
4136 18432 0
8232 18432 0
32808 18432 0
104 34816 0
168 34816 0
296 34816 0
552 34816 0
1064 34816 0
4136 34816 0
8232 34816 0
16424 34816 0
200 6144 0
328 6144 0
584 6144 0
1096 6144 0
8264 6144 0
16456 6144 0
32840 6144 0
200 10240 0
328 10240 0
584 10240 0
1096 10240 0
4168 10240 0
16456 10240 0
32840 10240 0
200 18432 0
328 18432 0
584 18432 0
1096 18432 0
4168 18432 0
8264 18432 0
32840 18432 0
200 34816 0
328 34816 0
584 34816 0
1096 34816 0
4168 34816 0
8264 34816 0
16456 34816 0
392 6144 0
648 6144 0
1160 6144 0
8328 6144 0
16520 6144 0
32904 6144 0
392 10240 0
648 10240 0
1160 10240 0
4232 10240 0
16520 10240 0
32904 10240 0
392 18432 0
648 18432 0
1160 18432 0
4232 18432 0
8328 18432 0
32904 18432 0
392 34816 0
648 34816 0
1160 34816 0
4232 34816 0
8328 34816 0
16520 34816 0
776 6144 0
1288 6144 0
8456 6144 0
16648 6144 0
33032 6144 0
776 10240 0
1288 10240 0
4360 10240 0
16648 10240 0
33032 10240 0
776 18432 0
1288 18432 0
4360 18432 0
8456 18432 0
33032 18432 0
776 34816 0
1288 34816 0
4360 34816 0
8456 34816 0
16648 34816 0
1544 6144 0
8712 6144 0
16904 6144 0
33288 6144 0
1544 10240 0
4616 10240 0
16904 10240 0
33288 10240 0
1544 18432 0
4616 18432 0
8712 18432 0
33288 18432 0
1544 34816 0
4616 34816 0
8712 34816 0
16904 34816 0
9224 6144 0
17416 6144 0
33800 6144 0
5128 10240 0
17416 10240 0
33800 10240 0
5128 18432 0
9224 18432 0
33800 18432 0
5128 34816 0
9224 34816 0
17416 34816 0
20488 10240 0
36872 10240 0
12296 18432 0
36872 18432 0
12296 34816 0
20488 34816 0
24584 6144 0
40968 6144 0
40968 18432 0
24584 34816 0
49160 6144 0
49160 10240 0
56 12288 0
88 12288 0
152 12288 0
280 12288 0
536 12288 0
1048 12288 0
2072 12288 0
16408 12288 0
32792 12288 0
56 20480 0
88 20480 0
152 20480 0
280 20480 0
536 20480 0
1048 20480 0
2072 20480 0
8216 20480 0
32792 20480 0
56 36864 0
88 36864 0
152 36864 0
280 36864 0
536 36864 0
1048 36864 0
2072 36864 0
8216 36864 0
16408 36864 0
104 12288 0
168 12288 0
296 12288 0
552 12288 0
1064 12288 0
2088 12288 0
16424 12288 0
32808 12288 0
104 20480 0
168 20480 0
296 20480 0
552 20480 0
1064 20480 0
2088 20480 0
8232 20480 0
32808 20480 0
104 36864 0
168 36864 0
296 36864 0
552 36864 0
1064 36864 0
2088 36864 0
8232 36864 0
16424 36864 0
200 12288 0
328 12288 0
584 12288 0
1096 12288 0
2120 12288 0
16456 12288 0
32840 12288 0
200 20480 0
328 20480 0
584 20480 0
1096 20480 0
2120 20480 0
8264 20480 0
32840 20480 0
200 36864 0
328 36864 0
584 36864 0
1096 36864 0
2120 36864 0
8264 36864 0
16456 36864 0
392 12288 0
648 12288 0
1160 12288 0
2184 12288 0
16520 12288 0
32904 12288 0
392 20480 0
648 20480 0
1160 20480 0
2184 20480 0
8328 20480 0
32904 20480 0
392 36864 0
648 36864 0
1160 36864 0
2184 36864 0
8328 36864 0
16520 36864 0
776 12288 0
1288 12288 0
2312 12288 0
16648 12288 0
33032 12288 0
776 20480 0
1288 20480 0
2312 20480 0
8456 20480 0
33032 20480 0
776 36864 0
1288 36864 0
2312 36864 0
8456 36864 0
16648 36864 0
1544 12288 0
2568 12288 0
16904 12288 0
33288 12288 0
1544 20480 0
2568 20480 0
8712 20480 0
33288 20480 0
1544 36864 0
2568 36864 0
8712 36864 0
16904 36864 0
3080 12288 0
17416 12288 0
33800 12288 0
3080 20480 0
9224 20480 0
33800 20480 0
3080 36864 0
9224 36864 0
17416 36864 0
18440 12288 0
34824 12288 0
10248 20480 0
34824 20480 0
10248 36864 0
18440 36864 0
40968 20480 0
24584 36864 0
49160 12288 0
56 24576 0
88 24576 0
152 24576 0
280 24576 0
536 24576 0
1048 24576 0
2072 24576 0
4120 24576 0
32792 24576 0
56 40960 0
88 40960 0
152 40960 0
280 40960 0
536 40960 0
1048 40960 0
2072 40960 0
4120 40960 0
16408 40960 0
104 24576 0
168 24576 0
296 24576 0
552 24576 0
1064 24576 0
2088 24576 0
4136 24576 0
32808 24576 0
104 40960 0
168 40960 0
296 40960 0
552 40960 0
1064 40960 0
2088 40960 0
4136 40960 0
16424 40960 0
200 24576 0
328 24576 0
584 24576 0
1096 24576 0
2120 24576 0
4168 24576 0
32840 24576 0
200 40960 0
328 40960 0
584 40960 0
1096 40960 0
2120 40960 0
4168 40960 0
16456 40960 0
392 24576 0
648 24576 0
1160 24576 0
2184 24576 0
4232 24576 0
32904 24576 0
392 40960 0
648 40960 0
1160 40960 0
2184 40960 0
4232 40960 0
16520 40960 0
776 24576 0
1288 24576 0
2312 24576 0
4360 24576 0
33032 24576 0
776 40960 0
1288 40960 0
2312 40960 0
4360 40960 0
16648 40960 0
1544 24576 0
2568 24576 0
4616 24576 0
33288 24576 0
1544 40960 0
2568 40960 0
4616 40960 0
16904 40960 0
3080 24576 0
5128 24576 0
33800 24576 0
3080 40960 0
5128 40960 0
17416 40960 0
6152 24576 0
34824 24576 0
6152 40960 0
18440 40960 0
36872 24576 0
20488 40960 0
56 49152 0
88 49152 0
152 49152 0
280 49152 0
536 49152 0
1048 49152 0
2072 49152 0
4120 49152 0
8216 49152 0
104 49152 0
168 49152 0
296 49152 0
552 49152 0
1064 49152 0
2088 49152 0
4136 49152 0
8232 49152 0
200 49152 0
328 49152 0
584 49152 0
1096 49152 0
2120 49152 0
4168 49152 0
8264 49152 0
392 49152 0
648 49152 0
1160 49152 0
2184 49152 0
4232 49152 0
8328 49152 0
776 49152 0
1288 49152 0
2312 49152 0
4360 49152 0
8456 49152 0
1544 49152 0
2568 49152 0
4616 49152 0
8712 49152 0
3080 49152 0
5128 49152 0
9224 49152 0
6152 49152 0
10248 49152 0
12296 49152 0
112 3 0
176 3 0
304 3 0
560 3 0
1072 3 0
2096 3 0
4144 3 0
8240 3 0
16432 3 0
32816 3 0
112 5 0
176 5 0
304 5 0
560 5 0
1072 5 0
2096 5 0
4144 5 0
8240 5 0
16432 5 0
32816 5 0
112 9 0
176 9 0
304 9 0
560 9 0
1072 9 0
2096 9 0
4144 9 0
8240 9 0
16432 9 0
32816 9 0
176 65 0
304 65 0
560 65 0
1072 65 0
2096 65 0
4144 65 0
8240 65 0
16432 65 0
32816 65 0
112 129 0
304 129 0
560 129 0
1072 129 0
2096 129 0
4144 129 0
8240 129 0
16432 129 0
32816 129 0
112 257 0
176 257 0
560 257 0
1072 257 0
2096 257 0
4144 257 0
8240 257 0
16432 257 0
32816 257 0
112 513 0
176 513 0
304 513 0
1072 513 0
2096 513 0
4144 513 0
8240 513 0
16432 513 0
32816 513 0
112 1025 0
176 1025 0
304 1025 0
560 1025 0
2096 1025 0
4144 1025 0
8240 1025 0
16432 1025 0
32816 1025 0
112 2049 0
176 2049 0
304 2049 0
560 2049 0
1072 2049 0
4144 2049 0
8240 2049 0
16432 2049 0
32816 2049 0
112 4097 0
176 4097 0
304 4097 0
560 4097 0
1072 4097 0
2096 4097 0
8240 4097 0
16432 4097 0
32816 4097 0
112 8193 0
176 8193 0
304 8193 0
560 8193 0
1072 8193 0
2096 8193 0
4144 8193 0
16432 8193 0
32816 8193 0
112 16385 0
176 16385 0
304 16385 0
560 16385 0
1072 16385 0
2096 16385 0
4144 16385 0
8240 16385 0
32816 16385 0
112 32769 0
176 32769 0
304 32769 0
560 32769 0
1072 32769 0
2096 32769 0
4144 32769 0
8240 32769 0
16432 32769 0
208 3 0
336 3 0
592 3 0
1104 3 0
2128 3 0
4176 3 0
8272 3 0
16464 3 0
32848 3 0
208 5 0
336 5 0
592 5 0
1104 5 0
2128 5 0
4176 5 0
8272 5 0
16464 5 0
32848 5 0
208 9 0
336 9 0
592 9 0
1104 9 0
2128 9 0
4176 9 0
8272 9 0
16464 9 0
32848 9 0
208 33 0
336 33 0
592 33 0
1104 33 0
2128 33 0
4176 33 0
8272 33 0
16464 33 0
32848 33 0
336 129 0
592 129 0
1104 129 0
2128 129 0
4176 129 0
8272 129 0
16464 129 0
32848 129 0
208 257 0
592 257 0
1104 257 0
2128 257 0
4176 257 0
8272 257 0
16464 257 0
32848 257 0
208 513 0
336 513 0
1104 513 0
2128 513 0
4176 513 0
8272 513 0
16464 513 0
32848 513 0
208 1025 0
336 1025 0
592 1025 0
2128 1025 0
4176 1025 0
8272 1025 0
16464 1025 0
32848 1025 0
208 2049 0
336 2049 0
592 2049 0
1104 2049 0
4176 2049 0
8272 2049 0
16464 2049 0
32848 2049 0
208 4097 0
336 4097 0
592 4097 0
1104 4097 0
2128 4097 0
8272 4097 0
16464 4097 0
32848 4097 0
208 8193 0
336 8193 0
592 8193 0
1104 8193 0
2128 8193 0
4176 8193 0
16464 8193 0
32848 8193 0
208 16385 0
336 16385 0
592 16385 0
1104 16385 0
2128 16385 0
4176 16385 0
8272 16385 0
32848 16385 0
208 32769 0
336 32769 0
592 32769 0
1104 32769 0
2128 32769 0
4176 32769 0
8272 32769 0
16464 32769 0
400 3 0
656 3 0
1168 3 0
2192 3 0
4240 3 0
8336 3 0
16528 3 0
32912 3 0
400 5 0
656 5 0
1168 5 0
2192 5 0
4240 5 0
8336 5 0
16528 5 0
32912 5 0
400 9 0
656 9 0
1168 9 0
2192 9 0
4240 9 0
8336 9 0
16528 9 0
32912 9 0
400 33 0
656 33 0
1168 33 0
2192 33 0
4240 33 0
8336 33 0
16528 33 0
32912 33 0
400 65 0
656 65 0
1168 65 0
2192 65 0
4240 65 0
8336 65 0
16528 65 0
32912 65 0
656 257 0
1168 257 0
2192 257 0
4240 257 0
8336 257 0
16528 257 0
32912 257 0
400 513 0
1168 513 0
2192 513 0
4240 513 0
8336 513 0
16528 513 0
32912 513 0
400 1025 0
656 1025 0
2192 1025 0
4240 1025 0
8336 1025 0
16528 1025 0
32912 1025 0
400 2049 0
656 2049 0
1168 2049 0
4240 2049 0
8336 2049 0
16528 2049 0
32912 2049 0
400 4097 0
656 4097 0
1168 4097 0
2192 4097 0
8336 4097 0
16528 4097 0
32912 4097 0
400 8193 0
656 8193 0
1168 8193 0
2192 8193 0
4240 8193 0
16528 8193 0
32912 8193 0
400 16385 0
656 16385 0
1168 16385 0
2192 16385 0
4240 16385 0
8336 16385 0
32912 16385 0
400 32769 0
656 32769 0
1168 32769 0
2192 32769 0
4240 32769 0
8336 32769 0
16528 32769 0
784 3 0
1296 3 0
2320 3 0
4368 3 0
8464 3 0
16656 3 0
33040 3 0
784 5 0
1296 5 0
2320 5 0
4368 5 0
8464 5 0
16656 5 0
33040 5 0
784 9 0
1296 9 0
2320 9 0
4368 9 0
8464 9 0
16656 9 0
33040 9 0
784 33 0
1296 33 0
2320 33 0
4368 33 0
8464 33 0
16656 33 0
33040 33 0
784 65 0
1296 65 0
2320 65 0
4368 65 0
8464 65 0
16656 65 0
33040 65 0
784 129 0
1296 129 0
2320 129 0
4368 129 0
8464 129 0
16656 129 0
33040 129 0
1296 513 0
2320 513 0
4368 513 0
8464 513 0
16656 513 0
33040 513 0
784 1025 0
2320 1025 0
4368 1025 0
8464 1025 0
16656 1025 0
33040 1025 0
784 2049 0
1296 2049 0
4368 2049 0
8464 2049 0
16656 2049 0
33040 2049 0
784 4097 0
1296 4097 0
2320 4097 0
8464 4097 0
16656 4097 0
33040 4097 0
784 8193 0
1296 8193 0
2320 8193 0
4368 8193 0
16656 8193 0
33040 8193 0
784 16385 0
1296 16385 0
2320 16385 0
4368 16385 0
8464 16385 0
33040 16385 0
784 32769 0
1296 32769 0
2320 32769 0
4368 32769 0
8464 32769 0
16656 32769 0
1552 3 0
2576 3 0
4624 3 0
8720 3 0
16912 3 0
33296 3 0
1552 5 0
2576 5 0
4624 5 0
8720 5 0
16912 5 0
33296 5 0
1552 9 0
2576 9 0
4624 9 0
8720 9 0
16912 9 0
33296 9 0
1552 33 0
2576 33 0
4624 33 0
8720 33 0
16912 33 0
33296 33 0
1552 65 0
2576 65 0
4624 65 0
8720 65 0
16912 65 0
33296 65 0
1552 129 0
2576 129 0
4624 129 0
8720 129 0
16912 129 0
33296 129 0
1552 257 0
2576 257 0
4624 257 0
8720 257 0
16912 257 0
33296 257 0
2576 1025 0
4624 1025 0
8720 1025 0
16912 1025 0
33296 1025 0
1552 2049 0
4624 2049 0
8720 2049 0
16912 2049 0
33296 2049 0
1552 4097 0
2576 4097 0
8720 4097 0
16912 4097 0
33296 4097 0
1552 8193 0
2576 8193 0
4624 8193 0
16912 8193 0
33296 8193 0
1552 16385 0
2576 16385 0
4624 16385 0
8720 16385 0
33296 16385 0
1552 32769 0
2576 32769 0
4624 32769 0
8720 32769 0
16912 32769 0
3088 3 0
5136 3 0
9232 3 0
17424 3 0
33808 3 0
3088 5 0
5136 5 0
9232 5 0
17424 5 0
33808 5 0
3088 9 0
5136 9 0
9232 9 0
17424 9 0
33808 9 0
3088 33 0
5136 33 0
9232 33 0
17424 33 0
33808 33 0
3088 65 0
5136 65 0
9232 65 0
17424 65 0
33808 65 0
3088 129 0
5136 129 0
9232 129 0
17424 129 0
33808 129 0
3088 257 0
5136 257 0
9232 257 0
17424 257 0
33808 257 0
3088 513 0
5136 513 0
9232 513 0
17424 513 0
33808 513 0
5136 2049 0
9232 2049 0
17424 2049 0
33808 2049 0
3088 4097 0
9232 4097 0
17424 4097 0
33808 4097 0
3088 8193 0
5136 8193 0
17424 8193 0
33808 8193 0
3088 16385 0
5136 16385 0
9232 16385 0
33808 16385 0
3088 32769 0
5136 32769 0
9232 32769 0
17424 32769 0
6160 3 0
10256 3 0
18448 3 0
34832 3 0
6160 5 0
10256 5 0
18448 5 0
34832 5 0
6160 9 0
10256 9 0
18448 9 0
34832 9 0
6160 33 0
10256 33 0
18448 33 0
34832 33 0
6160 65 0
10256 65 0
18448 65 0
34832 65 0
6160 129 0
10256 129 0
18448 129 0
34832 129 0
6160 257 0
10256 257 0
18448 257 0
34832 257 0
6160 513 0
10256 513 0
18448 513 0
34832 513 0
6160 1025 0
10256 1025 0
18448 1025 0
34832 1025 0
10256 4097 0
18448 4097 0
34832 4097 0
6160 8193 0
18448 8193 0
34832 8193 0
6160 16385 0
10256 16385 0
34832 16385 0
6160 32769 0
10256 32769 0
18448 32769 0
12304 3 0
20496 3 0
36880 3 0
12304 5 0
20496 5 0
36880 5 0
12304 9 0
20496 9 0
36880 9 0
12304 33 0
20496 33 0
36880 33 0
12304 65 0
20496 65 0
36880 65 0
12304 129 0
20496 129 0
36880 129 0
12304 257 0
20496 257 0
36880 257 0
12304 513 0
20496 513 0
36880 513 0
12304 1025 0
20496 1025 0
36880 1025 0
12304 2049 0
20496 2049 0
36880 2049 0
20496 8193 0
36880 8193 0
12304 16385 0
36880 16385 0
12304 32769 0
20496 32769 0
24592 3 0
40976 3 0
24592 5 0
40976 5 0
24592 9 0
40976 9 0
24592 33 0
40976 33 0
24592 65 0
40976 65 0
24592 129 0
40976 129 0
24592 257 0
40976 257 0
24592 513 0
40976 513 0
24592 1025 0
40976 1025 0
24592 2049 0
40976 2049 0
24592 4097 0
40976 4097 0
40976 16385 0
24592 32769 0
49168 3 0
49168 5 0
49168 9 0
49168 33 0
49168 65 0
49168 129 0
49168 257 0
49168 513 0
49168 1025 0
49168 2049 0
49168 4097 0
49168 8193 0
112 6 0
176 6 0
304 6 0
560 6 0
1072 6 0
2096 6 0
4144 6 0
8240 6 0
16432 6 0
32816 6 0
112 10 0
176 10 0
304 10 0
560 10 0
1072 10 0
2096 10 0
4144 10 0
8240 10 0
16432 10 0
32816 10 0
176 66 0
304 66 0
560 66 0
1072 66 0
2096 66 0
4144 66 0
8240 66 0
16432 66 0
32816 66 0
112 130 0
304 130 0
560 130 0
1072 130 0
2096 130 0
4144 130 0
8240 130 0
16432 130 0
32816 130 0
112 258 0
176 258 0
560 258 0
1072 258 0
2096 258 0
4144 258 0
8240 258 0
16432 258 0
32816 258 0
112 514 0
176 514 0
304 514 0
1072 514 0
2096 514 0
4144 514 0
8240 514 0
16432 514 0
32816 514 0
112 1026 0
176 1026 0
304 1026 0
560 1026 0
2096 1026 0
4144 1026 0
8240 1026 0
16432 1026 0
32816 1026 0
112 2050 0
176 2050 0
304 2050 0
560 2050 0
1072 2050 0
4144 2050 0
8240 2050 0
16432 2050 0
32816 2050 0
112 4098 0
176 4098 0
304 4098 0
560 4098 0
1072 4098 0
2096 4098 0
8240 4098 0
16432 4098 0
32816 4098 0
112 8194 0
176 8194 0
304 8194 0
560 8194 0
1072 8194 0
2096 8194 0
4144 8194 0
16432 8194 0
32816 8194 0
112 16386 0
176 16386 0
304 16386 0
560 16386 0
1072 16386 0
2096 16386 0
4144 16386 0
8240 16386 0
32816 16386 0
112 32770 0
176 32770 0
304 32770 0
560 32770 0
1072 32770 0
2096 32770 0
4144 32770 0
8240 32770 0
16432 32770 0
208 6 0
336 6 0
592 6 0
1104 6 0
2128 6 0
4176 6 0
8272 6 0
16464 6 0
32848 6 0
208 10 0
336 10 0
592 10 0
1104 10 0
2128 10 0
4176 10 0
8272 10 0
16464 10 0
32848 10 0
208 34 0
336 34 0
592 34 0
1104 34 0
2128 34 0
4176 34 0
8272 34 0
16464 34 0
32848 34 0
336 130 0
592 130 0
1104 130 0
2128 130 0
4176 130 0
8272 130 0
16464 130 0
32848 130 0
208 258 0
592 258 0
1104 258 0
2128 258 0
4176 258 0
8272 258 0
16464 258 0
32848 258 0
208 514 0
336 514 0
1104 514 0
2128 514 0
4176 514 0
8272 514 0
16464 514 0
32848 514 0
208 1026 0
336 1026 0
592 1026 0
2128 1026 0
4176 1026 0
8272 1026 0
16464 1026 0
32848 1026 0
208 2050 0
336 2050 0
592 2050 0
1104 2050 0
4176 2050 0
8272 2050 0
16464 2050 0
32848 2050 0
208 4098 0
336 4098 0
592 4098 0
1104 4098 0
2128 4098 0
8272 4098 0
16464 4098 0
32848 4098 0
208 8194 0
336 8194 0
592 8194 0
1104 8194 0
2128 8194 0
4176 8194 0
16464 8194 0
32848 8194 0
208 16386 0
336 16386 0
592 16386 0
1104 16386 0
2128 16386 0
4176 16386 0
8272 16386 0
32848 16386 0
208 32770 0
336 32770 0
592 32770 0
1104 32770 0
2128 32770 0
4176 32770 0
8272 32770 0
16464 32770 0
400 6 0
656 6 0
1168 6 0
2192 6 0
4240 6 0
8336 6 0
16528 6 0
32912 6 0
400 10 0
656 10 0
1168 10 0
2192 10 0
4240 10 0
8336 10 0
16528 10 0
32912 10 0
400 34 0
656 34 0
1168 34 0
2192 34 0
4240 34 0
8336 34 0
16528 34 0
32912 34 0
400 66 0
656 66 0
1168 66 0
2192 66 0
4240 66 0
8336 66 0
16528 66 0
32912 66 0
656 258 0
1168 258 0
2192 258 0
4240 258 0
8336 258 0
16528 258 0
32912 258 0
400 514 0
1168 514 0
2192 514 0
4240 514 0
8336 514 0
16528 514 0
32912 514 0
400 1026 0
656 1026 0
2192 1026 0
4240 1026 0
8336 1026 0
16528 1026 0
32912 1026 0
400 2050 0
656 2050 0
1168 2050 0
4240 2050 0
8336 2050 0
16528 2050 0
32912 2050 0
400 4098 0
656 4098 0
1168 4098 0
2192 4098 0
8336 4098 0
16528 4098 0
32912 4098 0
400 8194 0
656 8194 0
1168 8194 0
2192 8194 0
4240 8194 0
16528 8194 0
32912 8194 0
400 16386 0
656 16386 0
1168 16386 0
2192 16386 0
4240 16386 0
8336 16386 0
32912 16386 0
400 32770 0
656 32770 0
1168 32770 0
2192 32770 0
4240 32770 0
8336 32770 0
16528 32770 0
784 6 0
1296 6 0
2320 6 0
4368 6 0
8464 6 0
16656 6 0
33040 6 0
784 10 0
1296 10 0
2320 10 0
4368 10 0
8464 10 0
16656 10 0
33040 10 0
784 34 0
1296 34 0
2320 34 0
4368 34 0
8464 34 0
16656 34 0
33040 34 0
784 66 0
1296 66 0
2320 66 0
4368 66 0
8464 66 0
16656 66 0
33040 66 0
784 130 0
1296 130 0
2320 130 0
4368 130 0
8464 130 0
16656 130 0
33040 130 0
1296 514 0
2320 514 0
4368 514 0
8464 514 0
16656 514 0
33040 514 0
784 1026 0
2320 1026 0
4368 1026 0
8464 1026 0
16656 1026 0
33040 1026 0
784 2050 0
1296 2050 0
4368 2050 0
8464 2050 0
16656 2050 0
33040 2050 0
784 4098 0
1296 4098 0
2320 4098 0
8464 4098 0
16656 4098 0
33040 4098 0
784 8194 0
1296 8194 0
2320 8194 0
4368 8194 0
16656 8194 0
33040 8194 0
784 16386 0
1296 16386 0
2320 16386 0
4368 16386 0
8464 16386 0
33040 16386 0
784 32770 0
1296 32770 0
2320 32770 0
4368 32770 0
8464 32770 0
16656 32770 0
1552 6 0
2576 6 0
4624 6 0
8720 6 0
16912 6 0
33296 6 0
1552 10 0
2576 10 0
4624 10 0
8720 10 0
16912 10 0
33296 10 0
1552 34 0
2576 34 0
4624 34 0
8720 34 0
16912 34 0
33296 34 0
1552 66 0
2576 66 0
4624 66 0
8720 66 0
16912 66 0
33296 66 0
1552 130 0
2576 130 0
4624 130 0
8720 130 0
16912 130 0
33296 130 0
1552 258 0
2576 258 0
4624 258 0
8720 258 0
16912 258 0
33296 258 0
2576 1026 0
4624 1026 0
8720 1026 0
16912 1026 0
33296 1026 0
1552 2050 0
4624 2050 0
8720 2050 0
16912 2050 0
33296 2050 0
1552 4098 0
2576 4098 0
8720 4098 0
16912 4098 0
33296 4098 0
1552 8194 0
2576 8194 0
4624 8194 0
16912 8194 0
33296 8194 0
1552 16386 0
2576 16386 0
4624 16386 0
8720 16386 0
33296 16386 0
1552 32770 0
2576 32770 0
4624 32770 0
8720 32770 0
16912 32770 0
3088 6 0
5136 6 0
9232 6 0
17424 6 0
33808 6 0
3088 10 0
5136 10 0
9232 10 0
17424 10 0
33808 10 0
3088 34 0
5136 34 0
9232 34 0
17424 34 0
33808 34 0
3088 66 0
5136 66 0
9232 66 0
17424 66 0
33808 66 0
3088 130 0
5136 130 0
9232 130 0
17424 130 0
33808 130 0
3088 258 0
5136 258 0
9232 258 0
17424 258 0
33808 258 0
3088 514 0
5136 514 0
9232 514 0
17424 514 0
33808 514 0
5136 2050 0
9232 2050 0
17424 2050 0
33808 2050 0
3088 4098 0
9232 4098 0
17424 4098 0
33808 4098 0
3088 8194 0
5136 8194 0
17424 8194 0
33808 8194 0
3088 16386 0
5136 16386 0
9232 16386 0
33808 16386 0
3088 32770 0
5136 32770 0
9232 32770 0
17424 32770 0
6160 6 0
10256 6 0
18448 6 0
34832 6 0
6160 10 0
10256 10 0
18448 10 0
34832 10 0
6160 34 0
10256 34 0
18448 34 0
34832 34 0
6160 66 0
10256 66 0
18448 66 0
34832 66 0
6160 130 0
10256 130 0
18448 130 0
34832 130 0
6160 258 0
10256 258 0
18448 258 0
34832 258 0
6160 514 0
10256 514 0
18448 514 0
34832 514 0
6160 1026 0
10256 1026 0
18448 1026 0
34832 1026 0
10256 4098 0
18448 4098 0
34832 4098 0
6160 8194 0
18448 8194 0
34832 8194 0
6160 16386 0
10256 16386 0
34832 16386 0
6160 32770 0
10256 32770 0
18448 32770 0
12304 6 0
20496 6 0
36880 6 0
12304 10 0
20496 10 0
36880 10 0
12304 34 0
20496 34 0
36880 34 0
12304 66 0
20496 66 0
36880 66 0
12304 130 0
20496 130 0
36880 130 0
12304 258 0
20496 258 0
36880 258 0
12304 514 0
20496 514 0
36880 514 0
12304 1026 0
20496 1026 0
36880 1026 0
12304 2050 0
20496 2050 0
36880 2050 0
20496 8194 0
36880 8194 0
12304 16386 0
36880 16386 0
12304 32770 0
20496 32770 0
24592 6 0
40976 6 0
24592 10 0
40976 10 0
24592 34 0
40976 34 0
24592 66 0
40976 66 0
24592 130 0
40976 130 0
24592 258 0
40976 258 0
24592 514 0
40976 514 0
24592 1026 0
40976 1026 0
24592 2050 0
40976 2050 0
24592 4098 0
40976 4098 0
40976 16386 0
24592 32770 0
49168 6 0
49168 10 0
49168 34 0
49168 66 0
49168 130 0
49168 258 0
49168 514 0
49168 1026 0
49168 2050 0
49168 4098 0
49168 8194 0
112 12 0
176 12 0
304 12 0
560 12 0
1072 12 0
2096 12 0
4144 12 0
8240 12 0
16432 12 0
32816 12 0
176 68 0
304 68 0
560 68 0
1072 68 0
2096 68 0
4144 68 0
8240 68 0
16432 68 0
32816 68 0
112 132 0
304 132 0
560 132 0
1072 132 0
2096 132 0
4144 132 0
8240 132 0
16432 132 0
32816 132 0
112 260 0
176 260 0
560 260 0
1072 260 0
2096 260 0
4144 260 0
8240 260 0
16432 260 0
32816 260 0
112 516 0
176 516 0
304 516 0
1072 516 0
2096 516 0
4144 516 0
8240 516 0
16432 516 0
32816 516 0
112 1028 0
176 1028 0
304 1028 0
560 1028 0
2096 1028 0
4144 1028 0
8240 1028 0
16432 1028 0
32816 1028 0
112 2052 0
176 2052 0
304 2052 0
560 2052 0
1072 2052 0
4144 2052 0
8240 2052 0
16432 2052 0
32816 2052 0
112 4100 0
176 4100 0
304 4100 0
560 4100 0
1072 4100 0
2096 4100 0
8240 4100 0
16432 4100 0
32816 4100 0
112 8196 0
176 8196 0
304 8196 0
560 8196 0
1072 8196 0
2096 8196 0
4144 8196 0
16432 8196 0
32816 8196 0
112 16388 0
176 16388 0
304 16388 0
560 16388 0
1072 16388 0
2096 16388 0
4144 16388 0
8240 16388 0
32816 16388 0
112 32772 0
176 32772 0
304 32772 0
560 32772 0
1072 32772 0
2096 32772 0
4144 32772 0
8240 32772 0
16432 32772 0
208 12 0
336 12 0
592 12 0
1104 12 0
2128 12 0
4176 12 0
8272 12 0
16464 12 0
32848 12 0
208 36 0
336 36 0
592 36 0
1104 36 0
2128 36 0
4176 36 0
8272 36 0
16464 36 0
32848 36 0
336 132 0
592 132 0
1104 132 0
2128 132 0
4176 132 0
8272 132 0
16464 132 0
32848 132 0
208 260 0
592 260 0
1104 260 0
2128 260 0
4176 260 0
8272 260 0
16464 260 0
32848 260 0
208 516 0
336 516 0
1104 516 0
2128 516 0
4176 516 0
8272 516 0
16464 516 0
32848 516 0
208 1028 0
336 1028 0
592 1028 0
2128 1028 0
4176 1028 0
8272 1028 0
16464 1028 0
32848 1028 0
208 2052 0
336 2052 0
592 2052 0
1104 2052 0
4176 2052 0
8272 2052 0
16464 2052 0
32848 2052 0
208 4100 0
336 4100 0
592 4100 0
1104 4100 0
2128 4100 0
8272 4100 0
16464 4100 0
32848 4100 0
208 8196 0
336 8196 0
592 8196 0
1104 8196 0
2128 8196 0
4176 8196 0
16464 8196 0
32848 8196 0
208 16388 0
336 16388 0
592 16388 0
1104 16388 0
2128 16388 0
4176 16388 0
8272 16388 0
32848 16388 0
208 32772 0
336 32772 0
592 32772 0
1104 32772 0
2128 32772 0
4176 32772 0
8272 32772 0
16464 32772 0
400 12 0
656 12 0
1168 12 0
2192 12 0
4240 12 0
8336 12 0
16528 12 0
32912 12 0
400 36 0
656 36 0
1168 36 0
2192 36 0
4240 36 0
8336 36 0
16528 36 0
32912 36 0
400 68 0
656 68 0
1168 68 0
2192 68 0
4240 68 0
8336 68 0
16528 68 0
32912 68 0
656 260 0
1168 260 0
2192 260 0
4240 260 0
8336 260 0
16528 260 0
32912 260 0
400 516 0
1168 516 0
2192 516 0
4240 516 0
8336 516 0
16528 516 0
32912 516 0
400 1028 0
656 1028 0
2192 1028 0
4240 1028 0
8336 1028 0
16528 1028 0
32912 1028 0
400 2052 0
656 2052 0
1168 2052 0
4240 2052 0
8336 2052 0
16528 2052 0
32912 2052 0
400 4100 0
656 4100 0
1168 4100 0
2192 4100 0
8336 4100 0
16528 4100 0
32912 4100 0
400 8196 0
656 8196 0
1168 8196 0
2192 8196 0
4240 8196 0
16528 8196 0
32912 8196 0
400 16388 0
656 16388 0
1168 16388 0
2192 16388 0
4240 16388 0
8336 16388 0
32912 16388 0
400 32772 0
656 32772 0
1168 32772 0
2192 32772 0
4240 32772 0
8336 32772 0
16528 32772 0
784 12 0
1296 12 0
2320 12 0
4368 12 0
8464 12 0
16656 12 0
33040 12 0
784 36 0
1296 36 0
2320 36 0
4368 36 0
8464 36 0
16656 36 0
33040 36 0
784 68 0
1296 68 0
2320 68 0
4368 68 0
8464 68 0
16656 68 0
33040 68 0
784 132 0
1296 132 0
2320 132 0
4368 132 0
8464 132 0
16656 132 0
33040 132 0
1296 516 0
2320 516 0
4368 516 0
8464 516 0
16656 516 0
33040 516 0
784 1028 0
2320 1028 0
4368 1028 0
8464 1028 0
16656 1028 0
33040 1028 0
784 2052 0
1296 2052 0
4368 2052 0
8464 2052 0
16656 2052 0
33040 2052 0
784 4100 0
1296 4100 0
2320 4100 0
8464 4100 0
16656 4100 0
33040 4100 0
784 8196 0
1296 8196 0
2320 8196 0
4368 8196 0
16656 8196 0
33040 8196 0
784 16388 0
1296 16388 0
2320 16388 0
4368 16388 0
8464 16388 0
33040 16388 0
784 32772 0
1296 32772 0
2320 32772 0
4368 32772 0
8464 32772 0
16656 32772 0
1552 12 0
2576 12 0
4624 12 0
8720 12 0
16912 12 0
33296 12 0
1552 36 0
2576 36 0
4624 36 0
8720 36 0
16912 36 0
33296 36 0
1552 68 0
2576 68 0
4624 68 0
8720 68 0
16912 68 0
33296 68 0
1552 132 0
2576 132 0
4624 132 0
8720 132 0
16912 132 0
33296 132 0
1552 260 0
2576 260 0
4624 260 0
8720 260 0
16912 260 0
33296 260 0
2576 1028 0
4624 1028 0
8720 1028 0
16912 1028 0
33296 1028 0
1552 2052 0
4624 2052 0
8720 2052 0
16912 2052 0
33296 2052 0
1552 4100 0
2576 4100 0
8720 4100 0
16912 4100 0
33296 4100 0
1552 8196 0
2576 8196 0
4624 8196 0
16912 8196 0
33296 8196 0
1552 16388 0
2576 16388 0
4624 16388 0
8720 16388 0
33296 16388 0
1552 32772 0
2576 32772 0
4624 32772 0
8720 32772 0
16912 32772 0
3088 12 0
5136 12 0
9232 12 0
17424 12 0
33808 12 0
3088 36 0
5136 36 0
9232 36 0
17424 36 0
33808 36 0
3088 68 0
5136 68 0
9232 68 0
17424 68 0
33808 68 0
3088 132 0
5136 132 0
9232 132 0
17424 132 0
33808 132 0
3088 260 0
5136 260 0
9232 260 0
17424 260 0
33808 260 0
3088 516 0
5136 516 0
9232 516 0
17424 516 0
33808 516 0
5136 2052 0
9232 2052 0
17424 2052 0
33808 2052 0
3088 4100 0
9232 4100 0
17424 4100 0
33808 4100 0
3088 8196 0
5136 8196 0
17424 8196 0
33808 8196 0
3088 16388 0
5136 16388 0
9232 16388 0
33808 16388 0
3088 32772 0
5136 32772 0
9232 32772 0
17424 32772 0
6160 12 0
10256 12 0
18448 12 0
34832 12 0
6160 36 0
10256 36 0
18448 36 0
34832 36 0
6160 68 0
10256 68 0
18448 68 0
34832 68 0
6160 132 0
10256 132 0
18448 132 0
34832 132 0
6160 260 0
10256 260 0
18448 260 0
34832 260 0
6160 516 0
10256 516 0
18448 516 0
34832 516 0
6160 1028 0
10256 1028 0
18448 1028 0
34832 1028 0
10256 4100 0
18448 4100 0
34832 4100 0
6160 8196 0
18448 8196 0
34832 8196 0
6160 16388 0
10256 16388 0
34832 16388 0
6160 32772 0
10256 32772 0
18448 32772 0
12304 12 0
20496 12 0
36880 12 0
12304 36 0
20496 36 0
36880 36 0
12304 68 0
20496 68 0
36880 68 0
12304 132 0
20496 132 0
36880 132 0
12304 260 0
20496 260 0
36880 260 0
12304 516 0
20496 516 0
36880 516 0
12304 1028 0
20496 1028 0
36880 1028 0
12304 2052 0
20496 2052 0
36880 2052 0
20496 8196 0
36880 8196 0
12304 16388 0
36880 16388 0
12304 32772 0
20496 32772 0
24592 12 0
40976 12 0
24592 36 0
40976 36 0
24592 68 0
40976 68 0
24592 132 0
40976 132 0
24592 260 0
40976 260 0
24592 516 0
40976 516 0
24592 1028 0
40976 1028 0
24592 2052 0
40976 2052 0
24592 4100 0
40976 4100 0
40976 16388 0
24592 32772 0
49168 12 0
49168 36 0
49168 68 0
49168 132 0
49168 260 0
49168 516 0
49168 1028 0
49168 2052 0
49168 4100 0
49168 8196 0
176 72 0
304 72 0
560 72 0
1072 72 0
2096 72 0
4144 72 0
8240 72 0
16432 72 0
32816 72 0
112 136 0
304 136 0
560 136 0
1072 136 0
2096 136 0
4144 136 0
8240 136 0
16432 136 0
32816 136 0
112 264 0
176 264 0
560 264 0
1072 264 0
2096 264 0
4144 264 0
8240 264 0
16432 264 0
32816 264 0
112 520 0
176 520 0
304 520 0
1072 520 0
2096 520 0
4144 520 0
8240 520 0
16432 520 0
32816 520 0
112 1032 0
176 1032 0
304 1032 0
560 1032 0
2096 1032 0
4144 1032 0
8240 1032 0
16432 1032 0
32816 1032 0
112 2056 0
176 2056 0
304 2056 0
560 2056 0
1072 2056 0
4144 2056 0
8240 2056 0
16432 2056 0
32816 2056 0
112 4104 0
176 4104 0
304 4104 0
560 4104 0
1072 4104 0
2096 4104 0
8240 4104 0
16432 4104 0
32816 4104 0
112 8200 0
176 8200 0
304 8200 0
560 8200 0
1072 8200 0
2096 8200 0
4144 8200 0
16432 8200 0
32816 8200 0
112 16392 0
176 16392 0
304 16392 0
560 16392 0
1072 16392 0
2096 16392 0
4144 16392 0
8240 16392 0
32816 16392 0
112 32776 0
176 32776 0
304 32776 0
560 32776 0
1072 32776 0
2096 32776 0
4144 32776 0
8240 32776 0
16432 32776 0
208 40 0
336 40 0
592 40 0
1104 40 0
2128 40 0
4176 40 0
8272 40 0
16464 40 0
32848 40 0
336 136 0
592 136 0
1104 136 0
2128 136 0
4176 136 0
8272 136 0
16464 136 0
32848 136 0
208 264 0
592 264 0
1104 264 0
2128 264 0
4176 264 0
8272 264 0
16464 264 0
32848 264 0
208 520 0
336 520 0
1104 520 0
2128 520 0
4176 520 0
8272 520 0
16464 520 0
32848 520 0
208 1032 0
336 1032 0
592 1032 0
2128 1032 0
4176 1032 0
8272 1032 0
16464 1032 0
32848 1032 0
208 2056 0
336 2056 0
592 2056 0
1104 2056 0
4176 2056 0
8272 2056 0
16464 2056 0
32848 2056 0
208 4104 0
336 4104 0
592 4104 0
1104 4104 0
2128 4104 0
8272 4104 0
16464 4104 0
32848 4104 0
208 8200 0
336 8200 0
592 8200 0
1104 8200 0
2128 8200 0
4176 8200 0
16464 8200 0
32848 8200 0
208 16392 0
336 16392 0
592 16392 0
1104 16392 0
2128 16392 0
4176 16392 0
8272 16392 0
32848 16392 0
208 32776 0
336 32776 0
592 32776 0
1104 32776 0
2128 32776 0
4176 32776 0
8272 32776 0
16464 32776 0
400 40 0
656 40 0
1168 40 0
2192 40 0
4240 40 0
8336 40 0
16528 40 0
32912 40 0
400 72 0
656 72 0
1168 72 0
2192 72 0
4240 72 0
8336 72 0
16528 72 0
32912 72 0
656 264 0
1168 264 0
2192 264 0
4240 264 0
8336 264 0
16528 264 0
32912 264 0
400 520 0
1168 520 0
2192 520 0
4240 520 0
8336 520 0
16528 520 0
32912 520 0
400 1032 0
656 1032 0
2192 1032 0
4240 1032 0
8336 1032 0
16528 1032 0
32912 1032 0
400 2056 0
656 2056 0
1168 2056 0
4240 2056 0
8336 2056 0
16528 2056 0
32912 2056 0
400 4104 0
656 4104 0
1168 4104 0
2192 4104 0
8336 4104 0
16528 4104 0
32912 4104 0
400 8200 0
656 8200 0
1168 8200 0
2192 8200 0
4240 8200 0
16528 8200 0
32912 8200 0
400 16392 0
656 16392 0
1168 16392 0
2192 16392 0
4240 16392 0
8336 16392 0
32912 16392 0
400 32776 0
656 32776 0
1168 32776 0
2192 32776 0
4240 32776 0
8336 32776 0
16528 32776 0
784 40 0
1296 40 0
2320 40 0
4368 40 0
8464 40 0
16656 40 0
33040 40 0
784 72 0
1296 72 0
2320 72 0
4368 72 0
8464 72 0
16656 72 0
33040 72 0
784 136 0
1296 136 0
2320 136 0
4368 136 0
8464 136 0
16656 136 0
33040 136 0
1296 520 0
2320 520 0
4368 520 0
8464 520 0
16656 520 0
33040 520 0
784 1032 0
2320 1032 0
4368 1032 0
8464 1032 0
16656 1032 0
33040 1032 0
784 2056 0
1296 2056 0
4368 2056 0
8464 2056 0
16656 2056 0
33040 2056 0
784 4104 0
1296 4104 0
2320 4104 0
8464 4104 0
16656 4104 0
33040 4104 0
784 8200 0
1296 8200 0
2320 8200 0
4368 8200 0
16656 8200 0
33040 8200 0
784 16392 0
1296 16392 0
2320 16392 0
4368 16392 0
8464 16392 0
33040 16392 0
784 32776 0
1296 32776 0
2320 32776 0
4368 32776 0
8464 32776 0
16656 32776 0
1552 40 0
2576 40 0
4624 40 0
8720 40 0
16912 40 0
33296 40 0
1552 72 0
2576 72 0
4624 72 0
8720 72 0
16912 72 0
33296 72 0
1552 136 0
2576 136 0
4624 136 0
8720 136 0
16912 136 0
33296 136 0
1552 264 0
2576 264 0
4624 264 0
8720 264 0
16912 264 0
33296 264 0
2576 1032 0
4624 1032 0
8720 1032 0
16912 1032 0
33296 1032 0
1552 2056 0
4624 2056 0
8720 2056 0
16912 2056 0
33296 2056 0
1552 4104 0
2576 4104 0
8720 4104 0
16912 4104 0
33296 4104 0
1552 8200 0
2576 8200 0
4624 8200 0
16912 8200 0
33296 8200 0
1552 16392 0
2576 16392 0
4624 16392 0
8720 16392 0
33296 16392 0
1552 32776 0
2576 32776 0
4624 32776 0
8720 32776 0
16912 32776 0
3088 40 0
5136 40 0
9232 40 0
17424 40 0
33808 40 0
3088 72 0
5136 72 0
9232 72 0
17424 72 0
33808 72 0
3088 136 0
5136 136 0
9232 136 0
17424 136 0
33808 136 0
3088 264 0
5136 264 0
9232 264 0
17424 264 0
33808 264 0
3088 520 0
5136 520 0
9232 520 0
17424 520 0
33808 520 0
5136 2056 0
9232 2056 0
17424 2056 0
33808 2056 0
3088 4104 0
9232 4104 0
17424 4104 0
33808 4104 0
3088 8200 0
5136 8200 0
17424 8200 0
33808 8200 0
3088 16392 0
5136 16392 0
9232 16392 0
33808 16392 0
3088 32776 0
5136 32776 0
9232 32776 0
17424 32776 0
6160 40 0
10256 40 0
18448 40 0
34832 40 0
6160 72 0
10256 72 0
18448 72 0
34832 72 0
6160 136 0
10256 136 0
18448 136 0
34832 136 0
6160 264 0
10256 264 0
18448 264 0
34832 264 0
6160 520 0
10256 520 0
18448 520 0
34832 520 0
6160 1032 0
10256 1032 0
18448 1032 0
34832 1032 0
10256 4104 0
18448 4104 0
34832 4104 0
6160 8200 0
18448 8200 0
34832 8200 0
6160 16392 0
10256 16392 0
34832 16392 0
6160 32776 0
10256 32776 0
18448 32776 0
12304 40 0
20496 40 0
36880 40 0
12304 72 0
20496 72 0
36880 72 0
12304 136 0
20496 136 0
36880 136 0
12304 264 0
20496 264 0
36880 264 0
12304 520 0
20496 520 0
36880 520 0
12304 1032 0
20496 1032 0
36880 1032 0
12304 2056 0
20496 2056 0
36880 2056 0
20496 8200 0
36880 8200 0
12304 16392 0
36880 16392 0
12304 32776 0
20496 32776 0
24592 40 0
40976 40 0
24592 72 0
40976 72 0
24592 136 0
40976 136 0
24592 264 0
40976 264 0
24592 520 0
40976 520 0
24592 1032 0
40976 1032 0
24592 2056 0
40976 2056 0
24592 4104 0
40976 4104 0
40976 16392 0
24592 32776 0
49168 40 0
49168 72 0
49168 136 0
49168 264 0
49168 520 0
49168 1032 0
49168 2056 0
49168 4104 0
49168 8200 0
336 160 0
592 160 0
1104 160 0
2128 160 0
4176 160 0
8272 160 0
16464 160 0
32848 160 0
208 288 0
592 288 0
1104 288 0
2128 288 0
4176 288 0
8272 288 0
16464 288 0
32848 288 0
208 544 0
336 544 0
1104 544 0
2128 544 0
4176 544 0
8272 544 0
16464 544 0
32848 544 0
208 1056 0
336 1056 0
592 1056 0
2128 1056 0
4176 1056 0
8272 1056 0
16464 1056 0
32848 1056 0
208 2080 0
336 2080 0
592 2080 0
1104 2080 0
4176 2080 0
8272 2080 0
16464 2080 0
32848 2080 0
208 4128 0
336 4128 0
592 4128 0
1104 4128 0
2128 4128 0
8272 4128 0
16464 4128 0
32848 4128 0
208 8224 0
336 8224 0
592 8224 0
1104 8224 0
2128 8224 0
4176 8224 0
16464 8224 0
32848 8224 0
208 16416 0
336 16416 0
592 16416 0
1104 16416 0
2128 16416 0
4176 16416 0
8272 16416 0
32848 16416 0
208 32800 0
336 32800 0
592 32800 0
1104 32800 0
2128 32800 0
4176 32800 0
8272 32800 0
16464 32800 0
400 96 0
656 96 0
1168 96 0
2192 96 0
4240 96 0
8336 96 0
16528 96 0
32912 96 0
656 288 0
1168 288 0
2192 288 0
4240 288 0
8336 288 0
16528 288 0
32912 288 0
400 544 0
1168 544 0
2192 544 0
4240 544 0
8336 544 0
16528 544 0
32912 544 0
400 1056 0
656 1056 0
2192 1056 0
4240 1056 0
8336 1056 0
16528 1056 0
32912 1056 0
400 2080 0
656 2080 0
1168 2080 0
4240 2080 0
8336 2080 0
16528 2080 0
32912 2080 0
400 4128 0
656 4128 0
1168 4128 0
2192 4128 0
8336 4128 0
16528 4128 0
32912 4128 0
400 8224 0
656 8224 0
1168 8224 0
2192 8224 0
4240 8224 0
16528 8224 0
32912 8224 0
400 16416 0
656 16416 0
1168 16416 0
2192 16416 0
4240 16416 0
8336 16416 0
32912 16416 0
400 32800 0
656 32800 0
1168 32800 0
2192 32800 0
4240 32800 0
8336 32800 0
16528 32800 0
784 96 0
1296 96 0
2320 96 0
4368 96 0
8464 96 0
16656 96 0
33040 96 0
784 160 0
1296 160 0
2320 160 0
4368 160 0
8464 160 0
16656 160 0
33040 160 0
1296 544 0
2320 544 0
4368 544 0
8464 544 0
16656 544 0
33040 544 0
784 1056 0
2320 1056 0
4368 1056 0
8464 1056 0
16656 1056 0
33040 1056 0
784 2080 0
1296 2080 0
4368 2080 0
8464 2080 0
16656 2080 0
33040 2080 0
784 4128 0
1296 4128 0
2320 4128 0
8464 4128 0
16656 4128 0
33040 4128 0
784 8224 0
1296 8224 0
2320 8224 0
4368 8224 0
16656 8224 0
33040 8224 0
784 16416 0
1296 16416 0
2320 16416 0
4368 16416 0
8464 16416 0
33040 16416 0
784 32800 0
1296 32800 0
2320 32800 0
4368 32800 0
8464 32800 0
16656 32800 0
1552 96 0
2576 96 0
4624 96 0
8720 96 0
16912 96 0
33296 96 0
1552 160 0
2576 160 0
4624 160 0
8720 160 0
16912 160 0
33296 160 0
1552 288 0
2576 288 0
4624 288 0
8720 288 0
16912 288 0
33296 288 0
2576 1056 0
4624 1056 0
8720 1056 0
16912 1056 0
33296 1056 0
1552 2080 0
4624 2080 0
8720 2080 0
16912 2080 0
33296 2080 0
1552 4128 0
2576 4128 0
8720 4128 0
16912 4128 0
33296 4128 0
1552 8224 0
2576 8224 0
4624 8224 0
16912 8224 0
33296 8224 0
1552 16416 0
2576 16416 0
4624 16416 0
8720 16416 0
33296 16416 0
1552 32800 0
2576 32800 0
4624 32800 0
8720 32800 0
16912 32800 0
3088 96 0
5136 96 0
9232 96 0
17424 96 0
33808 96 0
3088 160 0
5136 160 0
9232 160 0
17424 160 0
33808 160 0
3088 288 0
5136 288 0
9232 288 0
17424 288 0
33808 288 0
3088 544 0
5136 544 0
9232 544 0
17424 544 0
33808 544 0
5136 2080 0
9232 2080 0
17424 2080 0
33808 2080 0
3088 4128 0
9232 4128 0
17424 4128 0
33808 4128 0
3088 8224 0
5136 8224 0
17424 8224 0
33808 8224 0
3088 16416 0
5136 16416 0
9232 16416 0
33808 16416 0
3088 32800 0
5136 32800 0
9232 32800 0
17424 32800 0
6160 96 0
10256 96 0
18448 96 0
34832 96 0
6160 160 0
10256 160 0
18448 160 0
34832 160 0
6160 288 0
10256 288 0
18448 288 0
34832 288 0
6160 544 0
10256 544 0
18448 544 0
34832 544 0
6160 1056 0
10256 1056 0
18448 1056 0
34832 1056 0
10256 4128 0
18448 4128 0
34832 4128 0
6160 8224 0
18448 8224 0
34832 8224 0
6160 16416 0
10256 16416 0
34832 16416 0
6160 32800 0
10256 32800 0
18448 32800 0
12304 96 0
20496 96 0
36880 96 0
12304 160 0
20496 160 0
36880 160 0
12304 288 0
20496 288 0
36880 288 0
12304 544 0
20496 544 0
36880 544 0
12304 1056 0
20496 1056 0
36880 1056 0
12304 2080 0
20496 2080 0
36880 2080 0
20496 8224 0
36880 8224 0
12304 16416 0
36880 16416 0
12304 32800 0
20496 32800 0
24592 96 0
40976 96 0
24592 160 0
40976 160 0
24592 288 0
40976 288 0
24592 544 0
40976 544 0
24592 1056 0
40976 1056 0
24592 2080 0
40976 2080 0
24592 4128 0
40976 4128 0
40976 16416 0
24592 32800 0
49168 96 0
49168 160 0
49168 288 0
49168 544 0
49168 1056 0
49168 2080 0
49168 4128 0
49168 8224 0
304 192 0
560 192 0
1072 192 0
2096 192 0
4144 192 0
8240 192 0
16432 192 0
32816 192 0
176 320 0
560 320 0
1072 320 0
2096 320 0
4144 320 0
8240 320 0
16432 320 0
32816 320 0
176 576 0
304 576 0
1072 576 0
2096 576 0
4144 576 0
8240 576 0
16432 576 0
32816 576 0
176 1088 0
304 1088 0
560 1088 0
2096 1088 0
4144 1088 0
8240 1088 0
16432 1088 0
32816 1088 0
176 2112 0
304 2112 0
560 2112 0
1072 2112 0
4144 2112 0
8240 2112 0
16432 2112 0
32816 2112 0
176 4160 0
304 4160 0
560 4160 0
1072 4160 0
2096 4160 0
8240 4160 0
16432 4160 0
32816 4160 0
176 8256 0
304 8256 0
560 8256 0
1072 8256 0
2096 8256 0
4144 8256 0
16432 8256 0
32816 8256 0
176 16448 0
304 16448 0
560 16448 0
1072 16448 0
2096 16448 0
4144 16448 0
8240 16448 0
32816 16448 0
176 32832 0
304 32832 0
560 32832 0
1072 32832 0
2096 32832 0
4144 32832 0
8240 32832 0
16432 32832 0
656 320 0
1168 320 0
2192 320 0
4240 320 0
8336 320 0
16528 320 0
32912 320 0
400 576 0
1168 576 0
2192 576 0
4240 576 0
8336 576 0
16528 576 0
32912 576 0
400 1088 0
656 1088 0
2192 1088 0
4240 1088 0
8336 1088 0
16528 1088 0
32912 1088 0
400 2112 0
656 2112 0
1168 2112 0
4240 2112 0
8336 2112 0
16528 2112 0
32912 2112 0
400 4160 0
656 4160 0
1168 4160 0
2192 4160 0
8336 4160 0
16528 4160 0
32912 4160 0
400 8256 0
656 8256 0
1168 8256 0
2192 8256 0
4240 8256 0
16528 8256 0
32912 8256 0
400 16448 0
656 16448 0
1168 16448 0
2192 16448 0
4240 16448 0
8336 16448 0
32912 16448 0
400 32832 0
656 32832 0
1168 32832 0
2192 32832 0
4240 32832 0
8336 32832 0
16528 32832 0
784 192 0
1296 192 0
2320 192 0
4368 192 0
8464 192 0
16656 192 0
33040 192 0
1296 576 0
2320 576 0
4368 576 0
8464 576 0
16656 576 0
33040 576 0
784 1088 0
2320 1088 0
4368 1088 0
8464 1088 0
16656 1088 0
33040 1088 0
784 2112 0
1296 2112 0
4368 2112 0
8464 2112 0
16656 2112 0
33040 2112 0
784 4160 0
1296 4160 0
2320 4160 0
8464 4160 0
16656 4160 0
33040 4160 0
784 8256 0
1296 8256 0
2320 8256 0
4368 8256 0
16656 8256 0
33040 8256 0
784 16448 0
1296 16448 0
2320 16448 0
4368 16448 0
8464 16448 0
33040 16448 0
784 32832 0
1296 32832 0
2320 32832 0
4368 32832 0
8464 32832 0
16656 32832 0
1552 192 0
2576 192 0
4624 192 0
8720 192 0
16912 192 0
33296 192 0
1552 320 0
2576 320 0
4624 320 0
8720 320 0
16912 320 0
33296 320 0
2576 1088 0
4624 1088 0
8720 1088 0
16912 1088 0
33296 1088 0
1552 2112 0
4624 2112 0
8720 2112 0
16912 2112 0
33296 2112 0
1552 4160 0
2576 4160 0
8720 4160 0
16912 4160 0
33296 4160 0
1552 8256 0
2576 8256 0
4624 8256 0
16912 8256 0
33296 8256 0
1552 16448 0
2576 16448 0
4624 16448 0
8720 16448 0
33296 16448 0
1552 32832 0
2576 32832 0
4624 32832 0
8720 32832 0
16912 32832 0
3088 192 0
5136 192 0
9232 192 0
17424 192 0
33808 192 0
3088 320 0
5136 320 0
9232 320 0
17424 320 0
33808 320 0
3088 576 0
5136 576 0
9232 576 0
17424 576 0
33808 576 0
5136 2112 0
9232 2112 0
17424 2112 0
33808 2112 0
3088 4160 0
9232 4160 0
17424 4160 0
33808 4160 0
3088 8256 0
5136 8256 0
17424 8256 0
33808 8256 0
3088 16448 0
5136 16448 0
9232 16448 0
33808 16448 0
3088 32832 0
5136 32832 0
9232 32832 0
17424 32832 0
6160 192 0
10256 192 0
18448 192 0
34832 192 0
6160 320 0
10256 320 0
18448 320 0
34832 320 0
6160 576 0
10256 576 0
18448 576 0
34832 576 0
6160 1088 0
10256 1088 0
18448 1088 0
34832 1088 0
10256 4160 0
18448 4160 0
34832 4160 0
6160 8256 0
18448 8256 0
34832 8256 0
6160 16448 0
10256 16448 0
34832 16448 0
6160 32832 0
10256 32832 0
18448 32832 0
12304 192 0
20496 192 0
36880 192 0
12304 320 0
20496 320 0
36880 320 0
12304 576 0
20496 576 0
36880 576 0
12304 1088 0
20496 1088 0
36880 1088 0
12304 2112 0
20496 2112 0
36880 2112 0
20496 8256 0
36880 8256 0
12304 16448 0
36880 16448 0
12304 32832 0
20496 32832 0
24592 192 0
40976 192 0
24592 320 0
40976 320 0
24592 576 0
40976 576 0
24592 1088 0
40976 1088 0
24592 2112 0
40976 2112 0
24592 4160 0
40976 4160 0
40976 16448 0
24592 32832 0
49168 192 0
49168 320 0
49168 576 0
49168 1088 0
49168 2112 0
49168 4160 0
49168 8256 0
112 384 0
560 384 0
1072 384 0
2096 384 0
4144 384 0
8240 384 0
16432 384 0
32816 384 0
112 640 0
304 640 0
1072 640 0
2096 640 0
4144 640 0
8240 640 0
16432 640 0
32816 640 0
112 1152 0
304 1152 0
560 1152 0
2096 1152 0
4144 1152 0
8240 1152 0
16432 1152 0
32816 1152 0
112 2176 0
304 2176 0
560 2176 0
1072 2176 0
4144 2176 0
8240 2176 0
16432 2176 0
32816 2176 0
112 4224 0
304 4224 0
560 4224 0
1072 4224 0
2096 4224 0
8240 4224 0
16432 4224 0
32816 4224 0
112 8320 0
304 8320 0
560 8320 0
1072 8320 0
2096 8320 0
4144 8320 0
16432 8320 0
32816 8320 0
112 16512 0
304 16512 0
560 16512 0
1072 16512 0
2096 16512 0
4144 16512 0
8240 16512 0
32816 16512 0
112 32896 0
304 32896 0
560 32896 0
1072 32896 0
2096 32896 0
4144 32896 0
8240 32896 0
16432 32896 0
592 384 0
1104 384 0
2128 384 0
4176 384 0
8272 384 0
16464 384 0
32848 384 0
336 640 0
1104 640 0
2128 640 0
4176 640 0
8272 640 0
16464 640 0
32848 640 0
336 1152 0
592 1152 0
2128 1152 0
4176 1152 0
8272 1152 0
16464 1152 0
32848 1152 0
336 2176 0
592 2176 0
1104 2176 0
4176 2176 0
8272 2176 0
16464 2176 0
32848 2176 0
336 4224 0
592 4224 0
1104 4224 0
2128 4224 0
8272 4224 0
16464 4224 0
32848 4224 0
336 8320 0
592 8320 0
1104 8320 0
2128 8320 0
4176 8320 0
16464 8320 0
32848 8320 0
336 16512 0
592 16512 0
1104 16512 0
2128 16512 0
4176 16512 0
8272 16512 0
32848 16512 0
336 32896 0
592 32896 0
1104 32896 0
2128 32896 0
4176 32896 0
8272 32896 0
16464 32896 0
1296 640 0
2320 640 0
4368 640 0
8464 640 0
16656 640 0
33040 640 0
784 1152 0
2320 1152 0
4368 1152 0
8464 1152 0
16656 1152 0
33040 1152 0
784 2176 0
1296 2176 0
4368 2176 0
8464 2176 0
16656 2176 0
33040 2176 0
784 4224 0
1296 4224 0
2320 4224 0
8464 4224 0
16656 4224 0
33040 4224 0
784 8320 0
1296 8320 0
2320 8320 0
4368 8320 0
16656 8320 0
33040 8320 0
784 16512 0
1296 16512 0
2320 16512 0
4368 16512 0
8464 16512 0
33040 16512 0
784 32896 0
1296 32896 0
2320 32896 0
4368 32896 0
8464 32896 0
16656 32896 0
1552 384 0
2576 384 0
4624 384 0
8720 384 0
16912 384 0
33296 384 0
2576 1152 0
4624 1152 0
8720 1152 0
16912 1152 0
33296 1152 0
1552 2176 0
4624 2176 0
8720 2176 0
16912 2176 0
33296 2176 0
1552 4224 0
2576 4224 0
8720 4224 0
16912 4224 0
33296 4224 0
1552 8320 0
2576 8320 0
4624 8320 0
16912 8320 0
33296 8320 0
1552 16512 0
2576 16512 0
4624 16512 0
8720 16512 0
33296 16512 0
1552 32896 0
2576 32896 0
4624 32896 0
8720 32896 0
16912 32896 0
3088 384 0
5136 384 0
9232 384 0
17424 384 0
33808 384 0
3088 640 0
5136 640 0
9232 640 0
17424 640 0
33808 640 0
5136 2176 0
9232 2176 0
17424 2176 0
33808 2176 0
3088 4224 0
9232 4224 0
17424 4224 0
33808 4224 0
3088 8320 0
5136 8320 0
17424 8320 0
33808 8320 0
3088 16512 0
5136 16512 0
9232 16512 0
33808 16512 0
3088 32896 0
5136 32896 0
9232 32896 0
17424 32896 0
6160 384 0
10256 384 0
18448 384 0
34832 384 0
6160 640 0
10256 640 0
18448 640 0
34832 640 0
6160 1152 0
10256 1152 0
18448 1152 0
34832 1152 0
10256 4224 0
18448 4224 0
34832 4224 0
6160 8320 0
18448 8320 0
34832 8320 0
6160 16512 0
10256 16512 0
34832 16512 0
6160 32896 0
10256 32896 0
18448 32896 0
12304 384 0
20496 384 0
36880 384 0
12304 640 0
20496 640 0
36880 640 0
12304 1152 0
20496 1152 0
36880 1152 0
12304 2176 0
20496 2176 0
36880 2176 0
20496 8320 0
36880 8320 0
12304 16512 0
36880 16512 0
12304 32896 0
20496 32896 0
24592 384 0
40976 384 0
24592 640 0
40976 640 0
24592 1152 0
40976 1152 0
24592 2176 0
40976 2176 0
24592 4224 0
40976 4224 0
40976 16512 0
24592 32896 0
49168 384 0
49168 640 0
49168 1152 0
49168 2176 0
49168 4224 0
49168 8320 0
112 768 0
176 768 0
1072 768 0
2096 768 0
4144 768 0
8240 768 0
16432 768 0
32816 768 0
112 1280 0
176 1280 0
560 1280 0
2096 1280 0
4144 1280 0
8240 1280 0
16432 1280 0
32816 1280 0
112 2304 0
176 2304 0
560 2304 0
1072 2304 0
4144 2304 0
8240 2304 0
16432 2304 0
32816 2304 0
112 4352 0
176 4352 0
560 4352 0
1072 4352 0
2096 4352 0
8240 4352 0
16432 4352 0
32816 4352 0
112 8448 0
176 8448 0
560 8448 0
1072 8448 0
2096 8448 0
4144 8448 0
16432 8448 0
32816 8448 0
112 16640 0
176 16640 0
560 16640 0
1072 16640 0
2096 16640 0
4144 16640 0
8240 16640 0
32816 16640 0
112 33024 0
176 33024 0
560 33024 0
1072 33024 0
2096 33024 0
4144 33024 0
8240 33024 0
16432 33024 0
208 768 0
1104 768 0
2128 768 0
4176 768 0
8272 768 0
16464 768 0
32848 768 0
208 1280 0
592 1280 0
2128 1280 0
4176 1280 0
8272 1280 0
16464 1280 0
32848 1280 0
208 2304 0
592 2304 0
1104 2304 0
4176 2304 0
8272 2304 0
16464 2304 0
32848 2304 0
208 4352 0
592 4352 0
1104 4352 0
2128 4352 0
8272 4352 0
16464 4352 0
32848 4352 0
208 8448 0
592 8448 0
1104 8448 0
2128 8448 0
4176 8448 0
16464 8448 0
32848 8448 0
208 16640 0
592 16640 0
1104 16640 0
2128 16640 0
4176 16640 0
8272 16640 0
32848 16640 0
208 33024 0
592 33024 0
1104 33024 0
2128 33024 0
4176 33024 0
8272 33024 0
16464 33024 0
1168 768 0
2192 768 0
4240 768 0
8336 768 0
16528 768 0
32912 768 0
656 1280 0
2192 1280 0
4240 1280 0
8336 1280 0
16528 1280 0
32912 1280 0
656 2304 0
1168 2304 0
4240 2304 0
8336 2304 0
16528 2304 0
32912 2304 0
656 4352 0
1168 4352 0
2192 4352 0
8336 4352 0
16528 4352 0
32912 4352 0
656 8448 0
1168 8448 0
2192 8448 0
4240 8448 0
16528 8448 0
32912 8448 0
656 16640 0
1168 16640 0
2192 16640 0
4240 16640 0
8336 16640 0
32912 16640 0
656 33024 0
1168 33024 0
2192 33024 0
4240 33024 0
8336 33024 0
16528 33024 0
2576 1280 0
4624 1280 0
8720 1280 0
16912 1280 0
33296 1280 0
1552 2304 0
4624 2304 0
8720 2304 0
16912 2304 0
33296 2304 0
1552 4352 0
2576 4352 0
8720 4352 0
16912 4352 0
33296 4352 0
1552 8448 0
2576 8448 0
4624 8448 0
16912 8448 0
33296 8448 0
1552 16640 0
2576 16640 0
4624 16640 0
8720 16640 0
33296 16640 0
1552 33024 0
2576 33024 0
4624 33024 0
8720 33024 0
16912 33024 0
3088 768 0
5136 768 0
9232 768 0
17424 768 0
33808 768 0
5136 2304 0
9232 2304 0
17424 2304 0
33808 2304 0
3088 4352 0
9232 4352 0
17424 4352 0
33808 4352 0
3088 8448 0
5136 8448 0
17424 8448 0
33808 8448 0
3088 16640 0
5136 16640 0
9232 16640 0
33808 16640 0
3088 33024 0
5136 33024 0
9232 33024 0
17424 33024 0
6160 768 0
10256 768 0
18448 768 0
34832 768 0
6160 1280 0
10256 1280 0
18448 1280 0
34832 1280 0
10256 4352 0
18448 4352 0
34832 4352 0
6160 8448 0
18448 8448 0
34832 8448 0
6160 16640 0
10256 16640 0
34832 16640 0
6160 33024 0
10256 33024 0
18448 33024 0
12304 768 0
20496 768 0
36880 768 0
12304 1280 0
20496 1280 0
36880 1280 0
12304 2304 0
20496 2304 0
36880 2304 0
20496 8448 0
36880 8448 0
12304 16640 0
36880 16640 0
12304 33024 0
20496 33024 0
24592 768 0
40976 768 0
24592 1280 0
40976 1280 0
24592 2304 0
40976 2304 0
24592 4352 0
40976 4352 0
40976 16640 0
24592 33024 0
49168 768 0
49168 1280 0
49168 2304 0
49168 4352 0
49168 8448 0
112 1536 0
176 1536 0
304 1536 0
2096 1536 0
4144 1536 0
8240 1536 0
16432 1536 0
32816 1536 0
112 2560 0
176 2560 0
304 2560 0
1072 2560 0
4144 2560 0
8240 2560 0
16432 2560 0
32816 2560 0
112 4608 0
176 4608 0
304 4608 0
1072 4608 0
2096 4608 0
8240 4608 0
16432 4608 0
32816 4608 0
112 8704 0
176 8704 0
304 8704 0
1072 8704 0
2096 8704 0
4144 8704 0
16432 8704 0
32816 8704 0
112 16896 0
176 16896 0
304 16896 0
1072 16896 0
2096 16896 0
4144 16896 0
8240 16896 0
32816 16896 0
112 33280 0
176 33280 0
304 33280 0
1072 33280 0
2096 33280 0
4144 33280 0
8240 33280 0
16432 33280 0
208 1536 0
336 1536 0
2128 1536 0
4176 1536 0
8272 1536 0
16464 1536 0
32848 1536 0
208 2560 0
336 2560 0
1104 2560 0
4176 2560 0
8272 2560 0
16464 2560 0
32848 2560 0
208 4608 0
336 4608 0
1104 4608 0
2128 4608 0
8272 4608 0
16464 4608 0
32848 4608 0
208 8704 0
336 8704 0
1104 8704 0
2128 8704 0
4176 8704 0
16464 8704 0
32848 8704 0
208 16896 0
336 16896 0
1104 16896 0
2128 16896 0
4176 16896 0
8272 16896 0
32848 16896 0
208 33280 0
336 33280 0
1104 33280 0
2128 33280 0
4176 33280 0
8272 33280 0
16464 33280 0
400 1536 0
2192 1536 0
4240 1536 0
8336 1536 0
16528 1536 0
32912 1536 0
400 2560 0
1168 2560 0
4240 2560 0
8336 2560 0
16528 2560 0
32912 2560 0
400 4608 0
1168 4608 0
2192 4608 0
8336 4608 0
16528 4608 0
32912 4608 0
400 8704 0
1168 8704 0
2192 8704 0
4240 8704 0
16528 8704 0
32912 8704 0
400 16896 0
1168 16896 0
2192 16896 0
4240 16896 0
8336 16896 0
32912 16896 0
400 33280 0
1168 33280 0
2192 33280 0
4240 33280 0
8336 33280 0
16528 33280 0
2320 1536 0
4368 1536 0
8464 1536 0
16656 1536 0
33040 1536 0
1296 2560 0
4368 2560 0
8464 2560 0
16656 2560 0
33040 2560 0
1296 4608 0
2320 4608 0
8464 4608 0
16656 4608 0
33040 4608 0
1296 8704 0
2320 8704 0
4368 8704 0
16656 8704 0
33040 8704 0
1296 16896 0
2320 16896 0
4368 16896 0
8464 16896 0
33040 16896 0
1296 33280 0
2320 33280 0
4368 33280 0
8464 33280 0
16656 33280 0
5136 2560 0
9232 2560 0
17424 2560 0
33808 2560 0
3088 4608 0
9232 4608 0
17424 4608 0
33808 4608 0
3088 8704 0
5136 8704 0
17424 8704 0
33808 8704 0
3088 16896 0
5136 16896 0
9232 16896 0
33808 16896 0
3088 33280 0
5136 33280 0
9232 33280 0
17424 33280 0
6160 1536 0
10256 1536 0
18448 1536 0
34832 1536 0
10256 4608 0
18448 4608 0
34832 4608 0
6160 8704 0
18448 8704 0
34832 8704 0
6160 16896 0
10256 16896 0
34832 16896 0
6160 33280 0
10256 33280 0
18448 33280 0
12304 1536 0
20496 1536 0
36880 1536 0
12304 2560 0
20496 2560 0
36880 2560 0
20496 8704 0
36880 8704 0
12304 16896 0
36880 16896 0
12304 33280 0
20496 33280 0
24592 1536 0
40976 1536 0
24592 2560 0
40976 2560 0
24592 4608 0
40976 4608 0
40976 16896 0
24592 33280 0
49168 1536 0
49168 2560 0
49168 4608 0
49168 8704 0
112 3072 0
176 3072 0
304 3072 0
560 3072 0
4144 3072 0
8240 3072 0
16432 3072 0
32816 3072 0
112 5120 0
176 5120 0
304 5120 0
560 5120 0
2096 5120 0
8240 5120 0
16432 5120 0
32816 5120 0
112 9216 0
176 9216 0
304 9216 0
560 9216 0
2096 9216 0
4144 9216 0
16432 9216 0
32816 9216 0
112 17408 0
176 17408 0
304 17408 0
560 17408 0
2096 17408 0
4144 17408 0
8240 17408 0
32816 17408 0
112 33792 0
176 33792 0
304 33792 0
560 33792 0
2096 33792 0
4144 33792 0
8240 33792 0
16432 33792 0
208 3072 0
336 3072 0
592 3072 0
4176 3072 0
8272 3072 0
16464 3072 0
32848 3072 0
208 5120 0
336 5120 0
592 5120 0
2128 5120 0
8272 5120 0
16464 5120 0
32848 5120 0
208 9216 0
336 9216 0
592 9216 0
2128 9216 0
4176 9216 0
16464 9216 0
32848 9216 0
208 17408 0
336 17408 0
592 17408 0
2128 17408 0
4176 17408 0
8272 17408 0
32848 17408 0
208 33792 0
336 33792 0
592 33792 0
2128 33792 0
4176 33792 0
8272 33792 0
16464 33792 0
400 3072 0
656 3072 0
4240 3072 0
8336 3072 0
16528 3072 0
32912 3072 0
400 5120 0
656 5120 0
2192 5120 0
8336 5120 0
16528 5120 0
32912 5120 0
400 9216 0
656 9216 0
2192 9216 0
4240 9216 0
16528 9216 0
32912 9216 0
400 17408 0
656 17408 0
2192 17408 0
4240 17408 0
8336 17408 0
32912 17408 0
400 33792 0
656 33792 0
2192 33792 0
4240 33792 0
8336 33792 0
16528 33792 0
784 3072 0
4368 3072 0
8464 3072 0
16656 3072 0
33040 3072 0
784 5120 0
2320 5120 0
8464 5120 0
16656 5120 0
33040 5120 0
784 9216 0
2320 9216 0
4368 9216 0
16656 9216 0
33040 9216 0
784 17408 0
2320 17408 0
4368 17408 0
8464 17408 0
33040 17408 0
784 33792 0
2320 33792 0
4368 33792 0
8464 33792 0
16656 33792 0
4624 3072 0
8720 3072 0
16912 3072 0
33296 3072 0
2576 5120 0
8720 5120 0
16912 5120 0
33296 5120 0
2576 9216 0
4624 9216 0
16912 9216 0
33296 9216 0
2576 17408 0
4624 17408 0
8720 17408 0
33296 17408 0
2576 33792 0
4624 33792 0
8720 33792 0
16912 33792 0
10256 5120 0
18448 5120 0
34832 5120 0
6160 9216 0
18448 9216 0
34832 9216 0
6160 17408 0
10256 17408 0
34832 17408 0
6160 33792 0
10256 33792 0
18448 33792 0
12304 3072 0
20496 3072 0
36880 3072 0
20496 9216 0
36880 9216 0
12304 17408 0
36880 17408 0
12304 33792 0
20496 33792 0
24592 3072 0
40976 3072 0
24592 5120 0
40976 5120 0
40976 17408 0
24592 33792 0
49168 3072 0
49168 5120 0
49168 9216 0
112 6144 0
176 6144 0
304 6144 0
560 6144 0
1072 6144 0
8240 6144 0
16432 6144 0
32816 6144 0
112 10240 0
176 10240 0
304 10240 0
560 10240 0
1072 10240 0
4144 10240 0
16432 10240 0
32816 10240 0
112 18432 0
176 18432 0
304 18432 0
560 18432 0
1072 18432 0
4144 18432 0
8240 18432 0
32816 18432 0
112 34816 0
176 34816 0
304 34816 0
560 34816 0
1072 34816 0
4144 34816 0
8240 34816 0
16432 34816 0
208 6144 0
336 6144 0
592 6144 0
1104 6144 0
8272 6144 0
16464 6144 0
32848 6144 0
208 10240 0
336 10240 0
592 10240 0
1104 10240 0
4176 10240 0
16464 10240 0
32848 10240 0
208 18432 0
336 18432 0
592 18432 0
1104 18432 0
4176 18432 0
8272 18432 0
32848 18432 0
208 34816 0
336 34816 0
592 34816 0
1104 34816 0
4176 34816 0
8272 34816 0
16464 34816 0
400 6144 0
656 6144 0
1168 6144 0
8336 6144 0
16528 6144 0
32912 6144 0
400 10240 0
656 10240 0
1168 10240 0
4240 10240 0
16528 10240 0
32912 10240 0
400 18432 0
656 18432 0
1168 18432 0
4240 18432 0
8336 18432 0
32912 18432 0
400 34816 0
656 34816 0
1168 34816 0
4240 34816 0
8336 34816 0
16528 34816 0
784 6144 0
1296 6144 0
8464 6144 0
16656 6144 0
33040 6144 0
784 10240 0
1296 10240 0
4368 10240 0
16656 10240 0
33040 10240 0
784 18432 0
1296 18432 0
4368 18432 0
8464 18432 0
33040 18432 0
784 34816 0
1296 34816 0
4368 34816 0
8464 34816 0
16656 34816 0
1552 6144 0
8720 6144 0
16912 6144 0
33296 6144 0
1552 10240 0
4624 10240 0
16912 10240 0
33296 10240 0
1552 18432 0
4624 18432 0
8720 18432 0
33296 18432 0
1552 34816 0
4624 34816 0
8720 34816 0
16912 34816 0
9232 6144 0
17424 6144 0
33808 6144 0
5136 10240 0
17424 10240 0
33808 10240 0
5136 18432 0
9232 18432 0
33808 18432 0
5136 34816 0
9232 34816 0
17424 34816 0
20496 10240 0
36880 10240 0
12304 18432 0
36880 18432 0
12304 34816 0
20496 34816 0
24592 6144 0
40976 6144 0
40976 18432 0
24592 34816 0
49168 6144 0
49168 10240 0
112 12288 0
176 12288 0
304 12288 0
560 12288 0
1072 12288 0
2096 12288 0
16432 12288 0
32816 12288 0
112 20480 0
176 20480 0
304 20480 0
560 20480 0
1072 20480 0
2096 20480 0
8240 20480 0
32816 20480 0
112 36864 0
176 36864 0
304 36864 0
560 36864 0
1072 36864 0
2096 36864 0
8240 36864 0
16432 36864 0
208 12288 0
336 12288 0
592 12288 0
1104 12288 0
2128 12288 0
16464 12288 0
32848 12288 0
208 20480 0
336 20480 0
592 20480 0
1104 20480 0
2128 20480 0
8272 20480 0
32848 20480 0
208 36864 0
336 36864 0
592 36864 0
1104 36864 0
2128 36864 0
8272 36864 0
16464 36864 0
400 12288 0
656 12288 0
1168 12288 0
2192 12288 0
16528 12288 0
32912 12288 0
400 20480 0
656 20480 0
1168 20480 0
2192 20480 0
8336 20480 0
32912 20480 0
400 36864 0
656 36864 0
1168 36864 0
2192 36864 0
8336 36864 0
16528 36864 0
784 12288 0
1296 12288 0
2320 12288 0
16656 12288 0
33040 12288 0
784 20480 0
1296 20480 0
2320 20480 0
8464 20480 0
33040 20480 0
784 36864 0
1296 36864 0
2320 36864 0
8464 36864 0
16656 36864 0
1552 12288 0
2576 12288 0
16912 12288 0
33296 12288 0
1552 20480 0
2576 20480 0
8720 20480 0
33296 20480 0
1552 36864 0
2576 36864 0
8720 36864 0
16912 36864 0
3088 12288 0
17424 12288 0
33808 12288 0
3088 20480 0
9232 20480 0
33808 20480 0
3088 36864 0
9232 36864 0
17424 36864 0
18448 12288 0
34832 12288 0
10256 20480 0
34832 20480 0
10256 36864 0
18448 36864 0
40976 20480 0
24592 36864 0
49168 12288 0
112 24576 0
176 24576 0
304 24576 0
560 24576 0
1072 24576 0
2096 24576 0
4144 24576 0
32816 24576 0
112 40960 0
176 40960 0
304 40960 0
560 40960 0
1072 40960 0
2096 40960 0
4144 40960 0
16432 40960 0
208 24576 0
336 24576 0
592 24576 0
1104 24576 0
2128 24576 0
4176 24576 0
32848 24576 0
208 40960 0
336 40960 0
592 40960 0
1104 40960 0
2128 40960 0
4176 40960 0
16464 40960 0
400 24576 0
656 24576 0
1168 24576 0
2192 24576 0
4240 24576 0
32912 24576 0
400 40960 0
656 40960 0
1168 40960 0
2192 40960 0
4240 40960 0
16528 40960 0
784 24576 0
1296 24576 0
2320 24576 0
4368 24576 0
33040 24576 0
784 40960 0
1296 40960 0
2320 40960 0
4368 40960 0
16656 40960 0
1552 24576 0
2576 24576 0
4624 24576 0
33296 24576 0
1552 40960 0
2576 40960 0
4624 40960 0
16912 40960 0
3088 24576 0
5136 24576 0
33808 24576 0
3088 40960 0
5136 40960 0
17424 40960 0
6160 24576 0
34832 24576 0
6160 40960 0
18448 40960 0
36880 24576 0
20496 40960 0
112 49152 0
176 49152 0
304 49152 0
560 49152 0
1072 49152 0
2096 49152 0
4144 49152 0
8240 49152 0
208 49152 0
336 49152 0
592 49152 0
1104 49152 0
2128 49152 0
4176 49152 0
8272 49152 0
400 49152 0
656 49152 0
1168 49152 0
2192 49152 0
4240 49152 0
8336 49152 0
784 49152 0
1296 49152 0
2320 49152 0
4368 49152 0
8464 49152 0
1552 49152 0
2576 49152 0
4624 49152 0
8720 49152 0
3088 49152 0
5136 49152 0
9232 49152 0
6160 49152 0
10256 49152 0
12304 49152 0
224 3 0
352 3 0
608 3 0
1120 3 0
2144 3 0
4192 3 0
8288 3 0
16480 3 0
32864 3 0
224 5 0
352 5 0
608 5 0
1120 5 0
2144 5 0
4192 5 0
8288 5 0
16480 5 0
32864 5 0
224 9 0
352 9 0
608 9 0
1120 9 0
2144 9 0
4192 9 0
8288 9 0
16480 9 0
32864 9 0
224 17 0
352 17 0
608 17 0
1120 17 0
2144 17 0
4192 17 0
8288 17 0
16480 17 0
32864 17 0
352 129 0
608 129 0
1120 129 0
2144 129 0
4192 129 0
8288 129 0
16480 129 0
32864 129 0
224 257 0
608 257 0
1120 257 0
2144 257 0
4192 257 0
8288 257 0
16480 257 0
32864 257 0
224 513 0
352 513 0
1120 513 0
2144 513 0
4192 513 0
8288 513 0
16480 513 0
32864 513 0
224 1025 0
352 1025 0
608 1025 0
2144 1025 0
4192 1025 0
8288 1025 0
16480 1025 0
32864 1025 0
224 2049 0
352 2049 0
608 2049 0
1120 2049 0
4192 2049 0
8288 2049 0
16480 2049 0
32864 2049 0
224 4097 0
352 4097 0
608 4097 0
1120 4097 0
2144 4097 0
8288 4097 0
16480 4097 0
32864 4097 0
224 8193 0
352 8193 0
608 8193 0
1120 8193 0
2144 8193 0
4192 8193 0
16480 8193 0
32864 8193 0
224 16385 0
352 16385 0
608 16385 0
1120 16385 0
2144 16385 0
4192 16385 0
8288 16385 0
32864 16385 0
224 32769 0
352 32769 0
608 32769 0
1120 32769 0
2144 32769 0
4192 32769 0
8288 32769 0
16480 32769 0
416 3 0
672 3 0
1184 3 0
2208 3 0
4256 3 0
8352 3 0
16544 3 0
32928 3 0
416 5 0
672 5 0
1184 5 0
2208 5 0
4256 5 0
8352 5 0
16544 5 0
32928 5 0
416 9 0
672 9 0
1184 9 0
2208 9 0
4256 9 0
8352 9 0
16544 9 0
32928 9 0
416 17 0
672 17 0
1184 17 0
2208 17 0
4256 17 0
8352 17 0
16544 17 0
32928 17 0
416 65 0
672 65 0
1184 65 0
2208 65 0
4256 65 0
8352 65 0
16544 65 0
32928 65 0
672 257 0
1184 257 0
2208 257 0
4256 257 0
8352 257 0
16544 257 0
32928 257 0
416 513 0
1184 513 0
2208 513 0
4256 513 0
8352 513 0
16544 513 0
32928 513 0
416 1025 0
672 1025 0
2208 1025 0
4256 1025 0
8352 1025 0
16544 1025 0
32928 1025 0
416 2049 0
672 2049 0
1184 2049 0
4256 2049 0
8352 2049 0
16544 2049 0
32928 2049 0
416 4097 0
672 4097 0
1184 4097 0
2208 4097 0
8352 4097 0
16544 4097 0
32928 4097 0
416 8193 0
672 8193 0
1184 8193 0
2208 8193 0
4256 8193 0
16544 8193 0
32928 8193 0
416 16385 0
672 16385 0
1184 16385 0
2208 16385 0
4256 16385 0
8352 16385 0
32928 16385 0
416 32769 0
672 32769 0
1184 32769 0
2208 32769 0
4256 32769 0
8352 32769 0
16544 32769 0
800 3 0
1312 3 0
2336 3 0
4384 3 0
8480 3 0
16672 3 0
33056 3 0
800 5 0
1312 5 0
2336 5 0
4384 5 0
8480 5 0
16672 5 0
33056 5 0
800 9 0
1312 9 0
2336 9 0
4384 9 0
8480 9 0
16672 9 0
33056 9 0
800 17 0
1312 17 0
2336 17 0
4384 17 0
8480 17 0
16672 17 0
33056 17 0
800 65 0
1312 65 0
2336 65 0
4384 65 0
8480 65 0
16672 65 0
33056 65 0
800 129 0
1312 129 0
2336 129 0
4384 129 0
8480 129 0
16672 129 0
33056 129 0
1312 513 0
2336 513 0
4384 513 0
8480 513 0
16672 513 0
33056 513 0
800 1025 0
2336 1025 0
4384 1025 0
8480 1025 0
16672 1025 0
33056 1025 0
800 2049 0
1312 2049 0
4384 2049 0
8480 2049 0
16672 2049 0
33056 2049 0
800 4097 0
1312 4097 0
2336 4097 0
8480 4097 0
16672 4097 0
33056 4097 0
800 8193 0
1312 8193 0
2336 8193 0
4384 8193 0
16672 8193 0
33056 8193 0
800 16385 0
1312 16385 0
2336 16385 0
4384 16385 0
8480 16385 0
33056 16385 0
800 32769 0
1312 32769 0
2336 32769 0
4384 32769 0
8480 32769 0
16672 32769 0
1568 3 0
2592 3 0
4640 3 0
8736 3 0
16928 3 0
33312 3 0
1568 5 0
2592 5 0
4640 5 0
8736 5 0
16928 5 0
33312 5 0
1568 9 0
2592 9 0
4640 9 0
8736 9 0
16928 9 0
33312 9 0
1568 17 0
2592 17 0
4640 17 0
8736 17 0
16928 17 0
33312 17 0
1568 65 0
2592 65 0
4640 65 0
8736 65 0
16928 65 0
33312 65 0
1568 129 0
2592 129 0
4640 129 0
8736 129 0
16928 129 0
33312 129 0
1568 257 0
2592 257 0
4640 257 0
8736 257 0
16928 257 0
33312 257 0
2592 1025 0
4640 1025 0
8736 1025 0
16928 1025 0
33312 1025 0
1568 2049 0
4640 2049 0
8736 2049 0
16928 2049 0
33312 2049 0
1568 4097 0
2592 4097 0
8736 4097 0
16928 4097 0
33312 4097 0
1568 8193 0
2592 8193 0
4640 8193 0
16928 8193 0
33312 8193 0
1568 16385 0
2592 16385 0
4640 16385 0
8736 16385 0
33312 16385 0
1568 32769 0
2592 32769 0
4640 32769 0
8736 32769 0
16928 32769 0
3104 3 0
5152 3 0
9248 3 0
17440 3 0
33824 3 0
3104 5 0
5152 5 0
9248 5 0
17440 5 0
33824 5 0
3104 9 0
5152 9 0
9248 9 0
17440 9 0
33824 9 0
3104 17 0
5152 17 0
9248 17 0
17440 17 0
33824 17 0
3104 65 0
5152 65 0
9248 65 0
17440 65 0
33824 65 0
3104 129 0
5152 129 0
9248 129 0
17440 129 0
33824 129 0
3104 257 0
5152 257 0
9248 257 0
17440 257 0
33824 257 0
3104 513 0
5152 513 0
9248 513 0
17440 513 0
33824 513 0
5152 2049 0
9248 2049 0
17440 2049 0
33824 2049 0
3104 4097 0
9248 4097 0
17440 4097 0
33824 4097 0
3104 8193 0
5152 8193 0
17440 8193 0
33824 8193 0
3104 16385 0
5152 16385 0
9248 16385 0
33824 16385 0
3104 32769 0
5152 32769 0
9248 32769 0
17440 32769 0
6176 3 0
10272 3 0
18464 3 0
34848 3 0
6176 5 0
10272 5 0
18464 5 0
34848 5 0
6176 9 0
10272 9 0
18464 9 0
34848 9 0
6176 17 0
10272 17 0
18464 17 0
34848 17 0
6176 65 0
10272 65 0
18464 65 0
34848 65 0
6176 129 0
10272 129 0
18464 129 0
34848 129 0
6176 257 0
10272 257 0
18464 257 0
34848 257 0
6176 513 0
10272 513 0
18464 513 0
34848 513 0
6176 1025 0
10272 1025 0
18464 1025 0
34848 1025 0
10272 4097 0
18464 4097 0
34848 4097 0
6176 8193 0
18464 8193 0
34848 8193 0
6176 16385 0
10272 16385 0
34848 16385 0
6176 32769 0
10272 32769 0
18464 32769 0
12320 3 0
20512 3 0
36896 3 0
12320 5 0
20512 5 0
36896 5 0
12320 9 0
20512 9 0
36896 9 0
12320 17 0
20512 17 0
36896 17 0
12320 65 0
20512 65 0
36896 65 0
12320 129 0
20512 129 0
36896 129 0
12320 257 0
20512 257 0
36896 257 0
12320 513 0
20512 513 0
36896 513 0
12320 1025 0
20512 1025 0
36896 1025 0
12320 2049 0
20512 2049 0
36896 2049 0
20512 8193 0
36896 8193 0
12320 16385 0
36896 16385 0
12320 32769 0
20512 32769 0
24608 3 0
40992 3 0
24608 5 0
40992 5 0
24608 9 0
40992 9 0
24608 17 0
40992 17 0
24608 65 0
40992 65 0
24608 129 0
40992 129 0
24608 257 0
40992 257 0
24608 513 0
40992 513 0
24608 1025 0
40992 1025 0
24608 2049 0
40992 2049 0
24608 4097 0
40992 4097 0
40992 16385 0
24608 32769 0
49184 3 0
49184 5 0
49184 9 0
49184 17 0
49184 65 0
49184 129 0
49184 257 0
49184 513 0
49184 1025 0
49184 2049 0
49184 4097 0
49184 8193 0
224 6 0
352 6 0
608 6 0
1120 6 0
2144 6 0
4192 6 0
8288 6 0
16480 6 0
32864 6 0
224 10 0
352 10 0
608 10 0
1120 10 0
2144 10 0
4192 10 0
8288 10 0
16480 10 0
32864 10 0
224 18 0
352 18 0
608 18 0
1120 18 0
2144 18 0
4192 18 0
8288 18 0
16480 18 0
32864 18 0
352 130 0
608 130 0
1120 130 0
2144 130 0
4192 130 0
8288 130 0
16480 130 0
32864 130 0
224 258 0
608 258 0
1120 258 0
2144 258 0
4192 258 0
8288 258 0
16480 258 0
32864 258 0
224 514 0
352 514 0
1120 514 0
2144 514 0
4192 514 0
8288 514 0
16480 514 0
32864 514 0
224 1026 0
352 1026 0
608 1026 0
2144 1026 0
4192 1026 0
8288 1026 0
16480 1026 0
32864 1026 0
224 2050 0
352 2050 0
608 2050 0
1120 2050 0
4192 2050 0
8288 2050 0
16480 2050 0
32864 2050 0
224 4098 0
352 4098 0
608 4098 0
1120 4098 0
2144 4098 0
8288 4098 0
16480 4098 0
32864 4098 0
224 8194 0
352 8194 0
608 8194 0
1120 8194 0
2144 8194 0
4192 8194 0
16480 8194 0
32864 8194 0
224 16386 0
352 16386 0
608 16386 0
1120 16386 0
2144 16386 0
4192 16386 0
8288 16386 0
32864 16386 0
224 32770 0
352 32770 0
608 32770 0
1120 32770 0
2144 32770 0
4192 32770 0
8288 32770 0
16480 32770 0
416 6 0
672 6 0
1184 6 0
2208 6 0
4256 6 0
8352 6 0
16544 6 0
32928 6 0
416 10 0
672 10 0
1184 10 0
2208 10 0
4256 10 0
8352 10 0
16544 10 0
32928 10 0
416 18 0
672 18 0
1184 18 0
2208 18 0
4256 18 0
8352 18 0
16544 18 0
32928 18 0
416 66 0
672 66 0
1184 66 0
2208 66 0
4256 66 0
8352 66 0
16544 66 0
32928 66 0
672 258 0
1184 258 0
2208 258 0
4256 258 0
8352 258 0
16544 258 0
32928 258 0
416 514 0
1184 514 0
2208 514 0
4256 514 0
8352 514 0
16544 514 0
32928 514 0
416 1026 0
672 1026 0
2208 1026 0
4256 1026 0
8352 1026 0
16544 1026 0
32928 1026 0
416 2050 0
672 2050 0
1184 2050 0
4256 2050 0
8352 2050 0
16544 2050 0
32928 2050 0
416 4098 0
672 4098 0
1184 4098 0
2208 4098 0
8352 4098 0
16544 4098 0
32928 4098 0
416 8194 0
672 8194 0
1184 8194 0
2208 8194 0
4256 8194 0
16544 8194 0
32928 8194 0
416 16386 0
672 16386 0
1184 16386 0
2208 16386 0
4256 16386 0
8352 16386 0
32928 16386 0
416 32770 0
672 32770 0
1184 32770 0
2208 32770 0
4256 32770 0
8352 32770 0
16544 32770 0
800 6 0
1312 6 0
2336 6 0
4384 6 0
8480 6 0
16672 6 0
33056 6 0
800 10 0
1312 10 0
2336 10 0
4384 10 0
8480 10 0
16672 10 0
33056 10 0
800 18 0
1312 18 0
2336 18 0
4384 18 0
8480 18 0
16672 18 0
33056 18 0
800 66 0
1312 66 0
2336 66 0
4384 66 0
8480 66 0
16672 66 0
33056 66 0
800 130 0
1312 130 0
2336 130 0
4384 130 0
8480 130 0
16672 130 0
33056 130 0
1312 514 0
2336 514 0
4384 514 0
8480 514 0
16672 514 0
33056 514 0
800 1026 0
2336 1026 0
4384 1026 0
8480 1026 0
16672 1026 0
33056 1026 0
800 2050 0
1312 2050 0
4384 2050 0
8480 2050 0
16672 2050 0
33056 2050 0
800 4098 0
1312 4098 0
2336 4098 0
8480 4098 0
16672 4098 0
33056 4098 0
800 8194 0
1312 8194 0
2336 8194 0
4384 8194 0
16672 8194 0
33056 8194 0
800 16386 0
1312 16386 0
2336 16386 0
4384 16386 0
8480 16386 0
33056 16386 0
800 32770 0
1312 32770 0
2336 32770 0
4384 32770 0
8480 32770 0
16672 32770 0
1568 6 0
2592 6 0
4640 6 0
8736 6 0
16928 6 0
33312 6 0
1568 10 0
2592 10 0
4640 10 0
8736 10 0
16928 10 0
33312 10 0
1568 18 0
2592 18 0
4640 18 0
8736 18 0
16928 18 0
33312 18 0
1568 66 0
2592 66 0
4640 66 0
8736 66 0
16928 66 0
33312 66 0
1568 130 0
2592 130 0
4640 130 0
8736 130 0
16928 130 0
33312 130 0
1568 258 0
2592 258 0
4640 258 0
8736 258 0
16928 258 0
33312 258 0
2592 1026 0
4640 1026 0
8736 1026 0
16928 1026 0
33312 1026 0
1568 2050 0
4640 2050 0
8736 2050 0
16928 2050 0
33312 2050 0
1568 4098 0
2592 4098 0
8736 4098 0
16928 4098 0
33312 4098 0
1568 8194 0
2592 8194 0
4640 8194 0
16928 8194 0
33312 8194 0
1568 16386 0
2592 16386 0
4640 16386 0
8736 16386 0
33312 16386 0
1568 32770 0
2592 32770 0
4640 32770 0
8736 32770 0
16928 32770 0
3104 6 0
5152 6 0
9248 6 0
17440 6 0
33824 6 0
3104 10 0
5152 10 0
9248 10 0
17440 10 0
33824 10 0
3104 18 0
5152 18 0
9248 18 0
17440 18 0
33824 18 0
3104 66 0
5152 66 0
9248 66 0
17440 66 0
33824 66 0
3104 130 0
5152 130 0
9248 130 0
17440 130 0
33824 130 0
3104 258 0
5152 258 0
9248 258 0
17440 258 0
33824 258 0
3104 514 0
5152 514 0
9248 514 0
17440 514 0
33824 514 0
5152 2050 0
9248 2050 0
17440 2050 0
33824 2050 0
3104 4098 0
9248 4098 0
17440 4098 0
33824 4098 0
3104 8194 0
5152 8194 0
17440 8194 0
33824 8194 0
3104 16386 0
5152 16386 0
9248 16386 0
33824 16386 0
3104 32770 0
5152 32770 0
9248 32770 0
17440 32770 0
6176 6 0
10272 6 0
18464 6 0
34848 6 0
6176 10 0
10272 10 0
18464 10 0
34848 10 0
6176 18 0
10272 18 0
18464 18 0
34848 18 0
6176 66 0
10272 66 0
18464 66 0
34848 66 0
6176 130 0
10272 130 0
18464 130 0
34848 130 0
6176 258 0
10272 258 0
18464 258 0
34848 258 0
6176 514 0
10272 514 0
18464 514 0
34848 514 0
6176 1026 0
10272 1026 0
18464 1026 0
34848 1026 0
10272 4098 0
18464 4098 0
34848 4098 0
6176 8194 0
18464 8194 0
34848 8194 0
6176 16386 0
10272 16386 0
34848 16386 0
6176 32770 0
10272 32770 0
18464 32770 0
12320 6 0
20512 6 0
36896 6 0
12320 10 0
20512 10 0
36896 10 0
12320 18 0
20512 18 0
36896 18 0
12320 66 0
20512 66 0
36896 66 0
12320 130 0
20512 130 0
36896 130 0
12320 258 0
20512 258 0
36896 258 0
12320 514 0
20512 514 0
36896 514 0
12320 1026 0
20512 1026 0
36896 1026 0
12320 2050 0
20512 2050 0
36896 2050 0
20512 8194 0
36896 8194 0
12320 16386 0
36896 16386 0
12320 32770 0
20512 32770 0
24608 6 0
40992 6 0
24608 10 0
40992 10 0
24608 18 0
40992 18 0
24608 66 0
40992 66 0
24608 130 0
40992 130 0
24608 258 0
40992 258 0
24608 514 0
40992 514 0
24608 1026 0
40992 1026 0
24608 2050 0
40992 2050 0
24608 4098 0
40992 4098 0
40992 16386 0
24608 32770 0
49184 6 0
49184 10 0
49184 18 0
49184 66 0
49184 130 0
49184 258 0
49184 514 0
49184 1026 0
49184 2050 0
49184 4098 0
49184 8194 0
224 12 0
352 12 0
608 12 0
1120 12 0
2144 12 0
4192 12 0
8288 12 0
16480 12 0
32864 12 0
224 20 0
352 20 0
608 20 0
1120 20 0
2144 20 0
4192 20 0
8288 20 0
16480 20 0
32864 20 0
352 132 0
608 132 0
1120 132 0
2144 132 0
4192 132 0
8288 132 0
16480 132 0
32864 132 0
224 260 0
608 260 0
1120 260 0
2144 260 0
4192 260 0
8288 260 0
16480 260 0
32864 260 0
224 516 0
352 516 0
1120 516 0
2144 516 0
4192 516 0
8288 516 0
16480 516 0
32864 516 0
224 1028 0
352 1028 0
608 1028 0
2144 1028 0
4192 1028 0
8288 1028 0
16480 1028 0
32864 1028 0
224 2052 0
352 2052 0
608 2052 0
1120 2052 0
4192 2052 0
8288 2052 0
16480 2052 0
32864 2052 0
224 4100 0
352 4100 0
608 4100 0
1120 4100 0
2144 4100 0
8288 4100 0
16480 4100 0
32864 4100 0
224 8196 0
352 8196 0
608 8196 0
1120 8196 0
2144 8196 0
4192 8196 0
16480 8196 0
32864 8196 0
224 16388 0
352 16388 0
608 16388 0
1120 16388 0
2144 16388 0
4192 16388 0
8288 16388 0
32864 16388 0
224 32772 0
352 32772 0
608 32772 0
1120 32772 0
2144 32772 0
4192 32772 0
8288 32772 0
16480 32772 0
416 12 0
672 12 0
1184 12 0
2208 12 0
4256 12 0
8352 12 0
16544 12 0
32928 12 0
416 20 0
672 20 0
1184 20 0
2208 20 0
4256 20 0
8352 20 0
16544 20 0
32928 20 0
416 68 0
672 68 0
1184 68 0
2208 68 0
4256 68 0
8352 68 0
16544 68 0
32928 68 0
672 260 0
1184 260 0
2208 260 0
4256 260 0
8352 260 0
16544 260 0
32928 260 0
416 516 0
1184 516 0
2208 516 0
4256 516 0
8352 516 0
16544 516 0
32928 516 0
416 1028 0
672 1028 0
2208 1028 0
4256 1028 0
8352 1028 0
16544 1028 0
32928 1028 0
416 2052 0
672 2052 0
1184 2052 0
4256 2052 0
8352 2052 0
16544 2052 0
32928 2052 0
416 4100 0
672 4100 0
1184 4100 0
2208 4100 0
8352 4100 0
16544 4100 0
32928 4100 0
416 8196 0
672 8196 0
1184 8196 0
2208 8196 0
4256 8196 0
16544 8196 0
32928 8196 0
416 16388 0
672 16388 0
1184 16388 0
2208 16388 0
4256 16388 0
8352 16388 0
32928 16388 0
416 32772 0
672 32772 0
1184 32772 0
2208 32772 0
4256 32772 0
8352 32772 0
16544 32772 0
800 12 0
1312 12 0
2336 12 0
4384 12 0
8480 12 0
16672 12 0
33056 12 0
800 20 0
1312 20 0
2336 20 0
4384 20 0
8480 20 0
16672 20 0
33056 20 0
800 68 0
1312 68 0
2336 68 0
4384 68 0
8480 68 0
16672 68 0
33056 68 0
800 132 0
1312 132 0
2336 132 0
4384 132 0
8480 132 0
16672 132 0
33056 132 0
1312 516 0
2336 516 0
4384 516 0
8480 516 0
16672 516 0
33056 516 0
800 1028 0
2336 1028 0
4384 1028 0
8480 1028 0
16672 1028 0
33056 1028 0
800 2052 0
1312 2052 0
4384 2052 0
8480 2052 0
16672 2052 0
33056 2052 0
800 4100 0
1312 4100 0
2336 4100 0
8480 4100 0
16672 4100 0
33056 4100 0
800 8196 0
1312 8196 0
2336 8196 0
4384 8196 0
16672 8196 0
33056 8196 0
800 16388 0
1312 16388 0
2336 16388 0
4384 16388 0
8480 16388 0
33056 16388 0
800 32772 0
1312 32772 0
2336 32772 0
4384 32772 0
8480 32772 0
16672 32772 0
1568 12 0
2592 12 0
4640 12 0
8736 12 0
16928 12 0
33312 12 0
1568 20 0
2592 20 0
4640 20 0
8736 20 0
16928 20 0
33312 20 0
1568 68 0
2592 68 0
4640 68 0
8736 68 0
16928 68 0
33312 68 0
1568 132 0
2592 132 0
4640 132 0
8736 132 0
16928 132 0
33312 132 0
1568 260 0
2592 260 0
4640 260 0
8736 260 0
16928 260 0
33312 260 0
2592 1028 0
4640 1028 0
8736 1028 0
16928 1028 0
33312 1028 0
1568 2052 0
4640 2052 0
8736 2052 0
16928 2052 0
33312 2052 0
1568 4100 0
2592 4100 0
8736 4100 0
16928 4100 0
33312 4100 0
1568 8196 0
2592 8196 0
4640 8196 0
16928 8196 0
33312 8196 0
1568 16388 0
2592 16388 0
4640 16388 0
8736 16388 0
33312 16388 0
1568 32772 0
2592 32772 0
4640 32772 0
8736 32772 0
16928 32772 0
3104 12 0
5152 12 0
9248 12 0
17440 12 0
33824 12 0
3104 20 0
5152 20 0
9248 20 0
17440 20 0
33824 20 0
3104 68 0
5152 68 0
9248 68 0
17440 68 0
33824 68 0
3104 132 0
5152 132 0
9248 132 0
17440 132 0
33824 132 0
3104 260 0
5152 260 0
9248 260 0
17440 260 0
33824 260 0
3104 516 0
5152 516 0
9248 516 0
17440 516 0
33824 516 0
5152 2052 0
9248 2052 0
17440 2052 0
33824 2052 0
3104 4100 0
9248 4100 0
17440 4100 0
33824 4100 0
3104 8196 0
5152 8196 0
17440 8196 0
33824 8196 0
3104 16388 0
5152 16388 0
9248 16388 0
33824 16388 0
3104 32772 0
5152 32772 0
9248 32772 0
17440 32772 0
6176 12 0
10272 12 0
18464 12 0
34848 12 0
6176 20 0
10272 20 0
18464 20 0
34848 20 0
6176 68 0
10272 68 0
18464 68 0
34848 68 0
6176 132 0
10272 132 0
18464 132 0
34848 132 0
6176 260 0
10272 260 0
18464 260 0
34848 260 0
6176 516 0
10272 516 0
18464 516 0
34848 516 0
6176 1028 0
10272 1028 0
18464 1028 0
34848 1028 0
10272 4100 0
18464 4100 0
34848 4100 0
6176 8196 0
18464 8196 0
34848 8196 0
6176 16388 0
10272 16388 0
34848 16388 0
6176 32772 0
10272 32772 0
18464 32772 0
12320 12 0
20512 12 0
36896 12 0
12320 20 0
20512 20 0
36896 20 0
12320 68 0
20512 68 0
36896 68 0
12320 132 0
20512 132 0
36896 132 0
12320 260 0
20512 260 0
36896 260 0
12320 516 0
20512 516 0
36896 516 0
12320 1028 0
20512 1028 0
36896 1028 0
12320 2052 0
20512 2052 0
36896 2052 0
20512 8196 0
36896 8196 0
12320 16388 0
36896 16388 0
12320 32772 0
20512 32772 0
24608 12 0
40992 12 0
24608 20 0
40992 20 0
24608 68 0
40992 68 0
24608 132 0
40992 132 0
24608 260 0
40992 260 0
24608 516 0
40992 516 0
24608 1028 0
40992 1028 0
24608 2052 0
40992 2052 0
24608 4100 0
40992 4100 0
40992 16388 0
24608 32772 0
49184 12 0
49184 20 0
49184 68 0
49184 132 0
49184 260 0
49184 516 0
49184 1028 0
49184 2052 0
49184 4100 0
49184 8196 0
224 24 0
352 24 0
608 24 0
1120 24 0
2144 24 0
4192 24 0
8288 24 0
16480 24 0
32864 24 0
352 136 0
608 136 0
1120 136 0
2144 136 0
4192 136 0
8288 136 0
16480 136 0
32864 136 0
224 264 0
608 264 0
1120 264 0
2144 264 0
4192 264 0
8288 264 0
16480 264 0
32864 264 0
224 520 0
352 520 0
1120 520 0
2144 520 0
4192 520 0
8288 520 0
16480 520 0
32864 520 0
224 1032 0
352 1032 0
608 1032 0
2144 1032 0
4192 1032 0
8288 1032 0
16480 1032 0
32864 1032 0
224 2056 0
352 2056 0
608 2056 0
1120 2056 0
4192 2056 0
8288 2056 0
16480 2056 0
32864 2056 0
224 4104 0
352 4104 0
608 4104 0
1120 4104 0
2144 4104 0
8288 4104 0
16480 4104 0
32864 4104 0
224 8200 0
352 8200 0
608 8200 0
1120 8200 0
2144 8200 0
4192 8200 0
16480 8200 0
32864 8200 0
224 16392 0
352 16392 0
608 16392 0
1120 16392 0
2144 16392 0
4192 16392 0
8288 16392 0
32864 16392 0
224 32776 0
352 32776 0
608 32776 0
1120 32776 0
2144 32776 0
4192 32776 0
8288 32776 0
16480 32776 0
416 24 0
672 24 0
1184 24 0
2208 24 0
4256 24 0
8352 24 0
16544 24 0
32928 24 0
416 72 0
672 72 0
1184 72 0
2208 72 0
4256 72 0
8352 72 0
16544 72 0
32928 72 0
672 264 0
1184 264 0
2208 264 0
4256 264 0
8352 264 0
16544 264 0
32928 264 0
416 520 0
1184 520 0
2208 520 0
4256 520 0
8352 520 0
16544 520 0
32928 520 0
416 1032 0
672 1032 0
2208 1032 0
4256 1032 0
8352 1032 0
16544 1032 0
32928 1032 0
416 2056 0
672 2056 0
1184 2056 0
4256 2056 0
8352 2056 0
16544 2056 0
32928 2056 0
416 4104 0
672 4104 0
1184 4104 0
2208 4104 0
8352 4104 0
16544 4104 0
32928 4104 0
416 8200 0
672 8200 0
1184 8200 0
2208 8200 0
4256 8200 0
16544 8200 0
32928 8200 0
416 16392 0
672 16392 0
1184 16392 0
2208 16392 0
4256 16392 0
8352 16392 0
32928 16392 0
416 32776 0
672 32776 0
1184 32776 0
2208 32776 0
4256 32776 0
8352 32776 0
16544 32776 0
800 24 0
1312 24 0
2336 24 0
4384 24 0
8480 24 0
16672 24 0
33056 24 0
800 72 0
1312 72 0
2336 72 0
4384 72 0
8480 72 0
16672 72 0
33056 72 0
800 136 0
1312 136 0
2336 136 0
4384 136 0
8480 136 0
16672 136 0
33056 136 0
1312 520 0
2336 520 0
4384 520 0
8480 520 0
16672 520 0
33056 520 0
800 1032 0
2336 1032 0
4384 1032 0
8480 1032 0
16672 1032 0
33056 1032 0
800 2056 0
1312 2056 0
4384 2056 0
8480 2056 0
16672 2056 0
33056 2056 0
800 4104 0
1312 4104 0
2336 4104 0
8480 4104 0
16672 4104 0
33056 4104 0
800 8200 0
1312 8200 0
2336 8200 0
4384 8200 0
16672 8200 0
33056 8200 0
800 16392 0
1312 16392 0
2336 16392 0
4384 16392 0
8480 16392 0
33056 16392 0
800 32776 0
1312 32776 0
2336 32776 0
4384 32776 0
8480 32776 0
16672 32776 0
1568 24 0
2592 24 0
4640 24 0
8736 24 0
16928 24 0
33312 24 0
1568 72 0
2592 72 0
4640 72 0
8736 72 0
16928 72 0
33312 72 0
1568 136 0
2592 136 0
4640 136 0
8736 136 0
16928 136 0
33312 136 0
1568 264 0
2592 264 0
4640 264 0
8736 264 0
16928 264 0
33312 264 0
2592 1032 0
4640 1032 0
8736 1032 0
16928 1032 0
33312 1032 0
1568 2056 0
4640 2056 0
8736 2056 0
16928 2056 0
33312 2056 0
1568 4104 0
2592 4104 0
8736 4104 0
16928 4104 0
33312 4104 0
1568 8200 0
2592 8200 0
4640 8200 0
16928 8200 0
33312 8200 0
1568 16392 0
2592 16392 0
4640 16392 0
8736 16392 0
33312 16392 0
1568 32776 0
2592 32776 0
4640 32776 0
8736 32776 0
16928 32776 0
3104 24 0
5152 24 0
9248 24 0
17440 24 0
33824 24 0
3104 72 0
5152 72 0
9248 72 0
17440 72 0
33824 72 0
3104 136 0
5152 136 0
9248 136 0
17440 136 0
33824 136 0
3104 264 0
5152 264 0
9248 264 0
17440 264 0
33824 264 0
3104 520 0
5152 520 0
9248 520 0
17440 520 0
33824 520 0
5152 2056 0
9248 2056 0
17440 2056 0
33824 2056 0
3104 4104 0
9248 4104 0
17440 4104 0
33824 4104 0
3104 8200 0
5152 8200 0
17440 8200 0
33824 8200 0
3104 16392 0
5152 16392 0
9248 16392 0
33824 16392 0
3104 32776 0
5152 32776 0
9248 32776 0
17440 32776 0
6176 24 0
10272 24 0
18464 24 0
34848 24 0
6176 72 0
10272 72 0
18464 72 0
34848 72 0
6176 136 0
10272 136 0
18464 136 0
34848 136 0
6176 264 0
10272 264 0
18464 264 0
34848 264 0
6176 520 0
10272 520 0
18464 520 0
34848 520 0
6176 1032 0
10272 1032 0
18464 1032 0
34848 1032 0
10272 4104 0
18464 4104 0
34848 4104 0
6176 8200 0
18464 8200 0
34848 8200 0
6176 16392 0
10272 16392 0
34848 16392 0
6176 32776 0
10272 32776 0
18464 32776 0
12320 24 0
20512 24 0
36896 24 0
12320 72 0
20512 72 0
36896 72 0
12320 136 0
20512 136 0
36896 136 0
12320 264 0
20512 264 0
36896 264 0
12320 520 0
20512 520 0
36896 520 0
12320 1032 0
20512 1032 0
36896 1032 0
12320 2056 0
20512 2056 0
36896 2056 0
20512 8200 0
36896 8200 0
12320 16392 0
36896 16392 0
12320 32776 0
20512 32776 0
24608 24 0
40992 24 0
24608 72 0
40992 72 0
24608 136 0
40992 136 0
24608 264 0
40992 264 0
24608 520 0
40992 520 0
24608 1032 0
40992 1032 0
24608 2056 0
40992 2056 0
24608 4104 0
40992 4104 0
40992 16392 0
24608 32776 0
49184 24 0
49184 72 0
49184 136 0
49184 264 0
49184 520 0
49184 1032 0
49184 2056 0
49184 4104 0
49184 8200 0
352 144 0
608 144 0
1120 144 0
2144 144 0
4192 144 0
8288 144 0
16480 144 0
32864 144 0
224 272 0
608 272 0
1120 272 0
2144 272 0
4192 272 0
8288 272 0
16480 272 0
32864 272 0
224 528 0
352 528 0
1120 528 0
2144 528 0
4192 528 0
8288 528 0
16480 528 0
32864 528 0
224 1040 0
352 1040 0
608 1040 0
2144 1040 0
4192 1040 0
8288 1040 0
16480 1040 0
32864 1040 0
224 2064 0
352 2064 0
608 2064 0
1120 2064 0
4192 2064 0
8288 2064 0
16480 2064 0
32864 2064 0
224 4112 0
352 4112 0
608 4112 0
1120 4112 0
2144 4112 0
8288 4112 0
16480 4112 0
32864 4112 0
224 8208 0
352 8208 0
608 8208 0
1120 8208 0
2144 8208 0
4192 8208 0
16480 8208 0
32864 8208 0
224 16400 0
352 16400 0
608 16400 0
1120 16400 0
2144 16400 0
4192 16400 0
8288 16400 0
32864 16400 0
224 32784 0
352 32784 0
608 32784 0
1120 32784 0
2144 32784 0
4192 32784 0
8288 32784 0
16480 32784 0
416 80 0
672 80 0
1184 80 0
2208 80 0
4256 80 0
8352 80 0
16544 80 0
32928 80 0
672 272 0
1184 272 0
2208 272 0
4256 272 0
8352 272 0
16544 272 0
32928 272 0
416 528 0
1184 528 0
2208 528 0
4256 528 0
8352 528 0
16544 528 0
32928 528 0
416 1040 0
672 1040 0
2208 1040 0
4256 1040 0
8352 1040 0
16544 1040 0
32928 1040 0
416 2064 0
672 2064 0
1184 2064 0
4256 2064 0
8352 2064 0
16544 2064 0
32928 2064 0
416 4112 0
672 4112 0
1184 4112 0
2208 4112 0
8352 4112 0
16544 4112 0
32928 4112 0
416 8208 0
672 8208 0
1184 8208 0
2208 8208 0
4256 8208 0
16544 8208 0
32928 8208 0
416 16400 0
672 16400 0
1184 16400 0
2208 16400 0
4256 16400 0
8352 16400 0
32928 16400 0
416 32784 0
672 32784 0
1184 32784 0
2208 32784 0
4256 32784 0
8352 32784 0
16544 32784 0
800 80 0
1312 80 0
2336 80 0
4384 80 0
8480 80 0
16672 80 0
33056 80 0
800 144 0
1312 144 0
2336 144 0
4384 144 0
8480 144 0
16672 144 0
33056 144 0
1312 528 0
2336 528 0
4384 528 0
8480 528 0
16672 528 0
33056 528 0
800 1040 0
2336 1040 0
4384 1040 0
8480 1040 0
16672 1040 0
33056 1040 0
800 2064 0
1312 2064 0
4384 2064 0
8480 2064 0
16672 2064 0
33056 2064 0
800 4112 0
1312 4112 0
2336 4112 0
8480 4112 0
16672 4112 0
33056 4112 0
800 8208 0
1312 8208 0
2336 8208 0
4384 8208 0
16672 8208 0
33056 8208 0
800 16400 0
1312 16400 0
2336 16400 0
4384 16400 0
8480 16400 0
33056 16400 0
800 32784 0
1312 32784 0
2336 32784 0
4384 32784 0
8480 32784 0
16672 32784 0
1568 80 0
2592 80 0
4640 80 0
8736 80 0
16928 80 0
33312 80 0
1568 144 0
2592 144 0
4640 144 0
8736 144 0
16928 144 0
33312 144 0
1568 272 0
2592 272 0
4640 272 0
8736 272 0
16928 272 0
33312 272 0
2592 1040 0
4640 1040 0
8736 1040 0
16928 1040 0
33312 1040 0
1568 2064 0
4640 2064 0
8736 2064 0
16928 2064 0
33312 2064 0
1568 4112 0
2592 4112 0
8736 4112 0
16928 4112 0
33312 4112 0
1568 8208 0
2592 8208 0
4640 8208 0
16928 8208 0
33312 8208 0
1568 16400 0
2592 16400 0
4640 16400 0
8736 16400 0
33312 16400 0
1568 32784 0
2592 32784 0
4640 32784 0
8736 32784 0
16928 32784 0
3104 80 0
5152 80 0
9248 80 0
17440 80 0
33824 80 0
3104 144 0
5152 144 0
9248 144 0
17440 144 0
33824 144 0
3104 272 0
5152 272 0
9248 272 0
17440 272 0
33824 272 0
3104 528 0
5152 528 0
9248 528 0
17440 528 0
33824 528 0
5152 2064 0
9248 2064 0
17440 2064 0
33824 2064 0
3104 4112 0
9248 4112 0
17440 4112 0
33824 4112 0
3104 8208 0
5152 8208 0
17440 8208 0
33824 8208 0
3104 16400 0
5152 16400 0
9248 16400 0
33824 16400 0
3104 32784 0
5152 32784 0
9248 32784 0
17440 32784 0
6176 80 0
10272 80 0
18464 80 0
34848 80 0
6176 144 0
10272 144 0
18464 144 0
34848 144 0
6176 272 0
10272 272 0
18464 272 0
34848 272 0
6176 528 0
10272 528 0
18464 528 0
34848 528 0
6176 1040 0
10272 1040 0
18464 1040 0
34848 1040 0
10272 4112 0
18464 4112 0
34848 4112 0
6176 8208 0
18464 8208 0
34848 8208 0
6176 16400 0
10272 16400 0
34848 16400 0
6176 32784 0
10272 32784 0
18464 32784 0
12320 80 0
20512 80 0
36896 80 0
12320 144 0
20512 144 0
36896 144 0
12320 272 0
20512 272 0
36896 272 0
12320 528 0
20512 528 0
36896 528 0
12320 1040 0
20512 1040 0
36896 1040 0
12320 2064 0
20512 2064 0
36896 2064 0
20512 8208 0
36896 8208 0
12320 16400 0
36896 16400 0
12320 32784 0
20512 32784 0
24608 80 0
40992 80 0
24608 144 0
40992 144 0
24608 272 0
40992 272 0
24608 528 0
40992 528 0
24608 1040 0
40992 1040 0
24608 2064 0
40992 2064 0
24608 4112 0
40992 4112 0
40992 16400 0
24608 32784 0
49184 80 0
49184 144 0
49184 272 0
49184 528 0
49184 1040 0
49184 2064 0
49184 4112 0
49184 8208 0
672 320 0
1184 320 0
2208 320 0
4256 320 0
8352 320 0
16544 320 0
32928 320 0
416 576 0
1184 576 0
2208 576 0
4256 576 0
8352 576 0
16544 576 0
32928 576 0
416 1088 0
672 1088 0
2208 1088 0
4256 1088 0
8352 1088 0
16544 1088 0
32928 1088 0
416 2112 0
672 2112 0
1184 2112 0
4256 2112 0
8352 2112 0
16544 2112 0
32928 2112 0
416 4160 0
672 4160 0
1184 4160 0
2208 4160 0
8352 4160 0
16544 4160 0
32928 4160 0
416 8256 0
672 8256 0
1184 8256 0
2208 8256 0
4256 8256 0
16544 8256 0
32928 8256 0
416 16448 0
672 16448 0
1184 16448 0
2208 16448 0
4256 16448 0
8352 16448 0
32928 16448 0
416 32832 0
672 32832 0
1184 32832 0
2208 32832 0
4256 32832 0
8352 32832 0
16544 32832 0
800 192 0
1312 192 0
2336 192 0
4384 192 0
8480 192 0
16672 192 0
33056 192 0
1312 576 0
2336 576 0
4384 576 0
8480 576 0
16672 576 0
33056 576 0
800 1088 0
2336 1088 0
4384 1088 0
8480 1088 0
16672 1088 0
33056 1088 0
800 2112 0
1312 2112 0
4384 2112 0
8480 2112 0
16672 2112 0
33056 2112 0
800 4160 0
1312 4160 0
2336 4160 0
8480 4160 0
16672 4160 0
33056 4160 0
800 8256 0
1312 8256 0
2336 8256 0
4384 8256 0
16672 8256 0
33056 8256 0
800 16448 0
1312 16448 0
2336 16448 0
4384 16448 0
8480 16448 0
33056 16448 0
800 32832 0
1312 32832 0
2336 32832 0
4384 32832 0
8480 32832 0
16672 32832 0
1568 192 0
2592 192 0
4640 192 0
8736 192 0
16928 192 0
33312 192 0
1568 320 0
2592 320 0
4640 320 0
8736 320 0
16928 320 0
33312 320 0
2592 1088 0
4640 1088 0
8736 1088 0
16928 1088 0
33312 1088 0
1568 2112 0
4640 2112 0
8736 2112 0
16928 2112 0
33312 2112 0
1568 4160 0
2592 4160 0
8736 4160 0
16928 4160 0
33312 4160 0
1568 8256 0
2592 8256 0
4640 8256 0
16928 8256 0
33312 8256 0
1568 16448 0
2592 16448 0
4640 16448 0
8736 16448 0
33312 16448 0
1568 32832 0
2592 32832 0
4640 32832 0
8736 32832 0
16928 32832 0
3104 192 0
5152 192 0
9248 192 0
17440 192 0
33824 192 0
3104 320 0
5152 320 0
9248 320 0
17440 320 0
33824 320 0
3104 576 0
5152 576 0
9248 576 0
17440 576 0
33824 576 0
5152 2112 0
9248 2112 0
17440 2112 0
33824 2112 0
3104 4160 0
9248 4160 0
17440 4160 0
33824 4160 0
3104 8256 0
5152 8256 0
17440 8256 0
33824 8256 0
3104 16448 0
5152 16448 0
9248 16448 0
33824 16448 0
3104 32832 0
5152 32832 0
9248 32832 0
17440 32832 0
6176 192 0
10272 192 0
18464 192 0
34848 192 0
6176 320 0
10272 320 0
18464 320 0
34848 320 0
6176 576 0
10272 576 0
18464 576 0
34848 576 0
6176 1088 0
10272 1088 0
18464 1088 0
34848 1088 0
10272 4160 0
18464 4160 0
34848 4160 0
6176 8256 0
18464 8256 0
34848 8256 0
6176 16448 0
10272 16448 0
34848 16448 0
6176 32832 0
10272 32832 0
18464 32832 0
12320 192 0
20512 192 0
36896 192 0
12320 320 0
20512 320 0
36896 320 0
12320 576 0
20512 576 0
36896 576 0
12320 1088 0
20512 1088 0
36896 1088 0
12320 2112 0
20512 2112 0
36896 2112 0
20512 8256 0
36896 8256 0
12320 16448 0
36896 16448 0
12320 32832 0
20512 32832 0
24608 192 0
40992 192 0
24608 320 0
40992 320 0
24608 576 0
40992 576 0
24608 1088 0
40992 1088 0
24608 2112 0
40992 2112 0
24608 4160 0
40992 4160 0
40992 16448 0
24608 32832 0
49184 192 0
49184 320 0
49184 576 0
49184 1088 0
49184 2112 0
49184 4160 0
49184 8256 0
608 384 0
1120 384 0
2144 384 0
4192 384 0
8288 384 0
16480 384 0
32864 384 0
352 640 0
1120 640 0
2144 640 0
4192 640 0
8288 640 0
16480 640 0
32864 640 0
352 1152 0
608 1152 0
2144 1152 0
4192 1152 0
8288 1152 0
16480 1152 0
32864 1152 0
352 2176 0
608 2176 0
1120 2176 0
4192 2176 0
8288 2176 0
16480 2176 0
32864 2176 0
352 4224 0
608 4224 0
1120 4224 0
2144 4224 0
8288 4224 0
16480 4224 0
32864 4224 0
352 8320 0
608 8320 0
1120 8320 0
2144 8320 0
4192 8320 0
16480 8320 0
32864 8320 0
352 16512 0
608 16512 0
1120 16512 0
2144 16512 0
4192 16512 0
8288 16512 0
32864 16512 0
352 32896 0
608 32896 0
1120 32896 0
2144 32896 0
4192 32896 0
8288 32896 0
16480 32896 0
1312 640 0
2336 640 0
4384 640 0
8480 640 0
16672 640 0
33056 640 0
800 1152 0
2336 1152 0
4384 1152 0
8480 1152 0
16672 1152 0
33056 1152 0
800 2176 0
1312 2176 0
4384 2176 0
8480 2176 0
16672 2176 0
33056 2176 0
800 4224 0
1312 4224 0
2336 4224 0
8480 4224 0
16672 4224 0
33056 4224 0
800 8320 0
1312 8320 0
2336 8320 0
4384 8320 0
16672 8320 0
33056 8320 0
800 16512 0
1312 16512 0
2336 16512 0
4384 16512 0
8480 16512 0
33056 16512 0
800 32896 0
1312 32896 0
2336 32896 0
4384 32896 0
8480 32896 0
16672 32896 0
1568 384 0
2592 384 0
4640 384 0
8736 384 0
16928 384 0
33312 384 0
2592 1152 0
4640 1152 0
8736 1152 0
16928 1152 0
33312 1152 0
1568 2176 0
4640 2176 0
8736 2176 0
16928 2176 0
33312 2176 0
1568 4224 0
2592 4224 0
8736 4224 0
16928 4224 0
33312 4224 0
1568 8320 0
2592 8320 0
4640 8320 0
16928 8320 0
33312 8320 0
1568 16512 0
2592 16512 0
4640 16512 0
8736 16512 0
33312 16512 0
1568 32896 0
2592 32896 0
4640 32896 0
8736 32896 0
16928 32896 0
3104 384 0
5152 384 0
9248 384 0
17440 384 0
33824 384 0
3104 640 0
5152 640 0
9248 640 0
17440 640 0
33824 640 0
5152 2176 0
9248 2176 0
17440 2176 0
33824 2176 0
3104 4224 0
9248 4224 0
17440 4224 0
33824 4224 0
3104 8320 0
5152 8320 0
17440 8320 0
33824 8320 0
3104 16512 0
5152 16512 0
9248 16512 0
33824 16512 0
3104 32896 0
5152 32896 0
9248 32896 0
17440 32896 0
6176 384 0
10272 384 0
18464 384 0
34848 384 0
6176 640 0
10272 640 0
18464 640 0
34848 640 0
6176 1152 0
10272 1152 0
18464 1152 0
34848 1152 0
10272 4224 0
18464 4224 0
34848 4224 0
6176 8320 0
18464 8320 0
34848 8320 0
6176 16512 0
10272 16512 0
34848 16512 0
6176 32896 0
10272 32896 0
18464 32896 0
12320 384 0
20512 384 0
36896 384 0
12320 640 0
20512 640 0
36896 640 0
12320 1152 0
20512 1152 0
36896 1152 0
12320 2176 0
20512 2176 0
36896 2176 0
20512 8320 0
36896 8320 0
12320 16512 0
36896 16512 0
12320 32896 0
20512 32896 0
24608 384 0
40992 384 0
24608 640 0
40992 640 0
24608 1152 0
40992 1152 0
24608 2176 0
40992 2176 0
24608 4224 0
40992 4224 0
40992 16512 0
24608 32896 0
49184 384 0
49184 640 0
49184 1152 0
49184 2176 0
49184 4224 0
49184 8320 0
224 768 0
1120 768 0
2144 768 0
4192 768 0
8288 768 0
16480 768 0
32864 768 0
224 1280 0
608 1280 0
2144 1280 0
4192 1280 0
8288 1280 0
16480 1280 0
32864 1280 0
224 2304 0
608 2304 0
1120 2304 0
4192 2304 0
8288 2304 0
16480 2304 0
32864 2304 0
224 4352 0
608 4352 0
1120 4352 0
2144 4352 0
8288 4352 0
16480 4352 0
32864 4352 0
224 8448 0
608 8448 0
1120 8448 0
2144 8448 0
4192 8448 0
16480 8448 0
32864 8448 0
224 16640 0
608 16640 0
1120 16640 0
2144 16640 0
4192 16640 0
8288 16640 0
32864 16640 0
224 33024 0
608 33024 0
1120 33024 0
2144 33024 0
4192 33024 0
8288 33024 0
16480 33024 0
1184 768 0
2208 768 0
4256 768 0
8352 768 0
16544 768 0
32928 768 0
672 1280 0
2208 1280 0
4256 1280 0
8352 1280 0
16544 1280 0
32928 1280 0
672 2304 0
1184 2304 0
4256 2304 0
8352 2304 0
16544 2304 0
32928 2304 0
672 4352 0
1184 4352 0
2208 4352 0
8352 4352 0
16544 4352 0
32928 4352 0
672 8448 0
1184 8448 0
2208 8448 0
4256 8448 0
16544 8448 0
32928 8448 0
672 16640 0
1184 16640 0
2208 16640 0
4256 16640 0
8352 16640 0
32928 16640 0
672 33024 0
1184 33024 0
2208 33024 0
4256 33024 0
8352 33024 0
16544 33024 0
2592 1280 0
4640 1280 0
8736 1280 0
16928 1280 0
33312 1280 0
1568 2304 0
4640 2304 0
8736 2304 0
16928 2304 0
33312 2304 0
1568 4352 0
2592 4352 0
8736 4352 0
16928 4352 0
33312 4352 0
1568 8448 0
2592 8448 0
4640 8448 0
16928 8448 0
33312 8448 0
1568 16640 0
2592 16640 0
4640 16640 0
8736 16640 0
33312 16640 0
1568 33024 0
2592 33024 0
4640 33024 0
8736 33024 0
16928 33024 0
3104 768 0
5152 768 0
9248 768 0
17440 768 0
33824 768 0
5152 2304 0
9248 2304 0
17440 2304 0
33824 2304 0
3104 4352 0
9248 4352 0
17440 4352 0
33824 4352 0
3104 8448 0
5152 8448 0
17440 8448 0
33824 8448 0
3104 16640 0
5152 16640 0
9248 16640 0
33824 16640 0
3104 33024 0
5152 33024 0
9248 33024 0
17440 33024 0
6176 768 0
10272 768 0
18464 768 0
34848 768 0
6176 1280 0
10272 1280 0
18464 1280 0
34848 1280 0
10272 4352 0
18464 4352 0
34848 4352 0
6176 8448 0
18464 8448 0
34848 8448 0
6176 16640 0
10272 16640 0
34848 16640 0
6176 33024 0
10272 33024 0
18464 33024 0
12320 768 0
20512 768 0
36896 768 0
12320 1280 0
20512 1280 0
36896 1280 0
12320 2304 0
20512 2304 0
36896 2304 0
20512 8448 0
36896 8448 0
12320 16640 0
36896 16640 0
12320 33024 0
20512 33024 0
24608 768 0
40992 768 0
24608 1280 0
40992 1280 0
24608 2304 0
40992 2304 0
24608 4352 0
40992 4352 0
40992 16640 0
24608 33024 0
49184 768 0
49184 1280 0
49184 2304 0
49184 4352 0
49184 8448 0
224 1536 0
352 1536 0
2144 1536 0
4192 1536 0
8288 1536 0
16480 1536 0
32864 1536 0
224 2560 0
352 2560 0
1120 2560 0
4192 2560 0
8288 2560 0
16480 2560 0
32864 2560 0
224 4608 0
352 4608 0
1120 4608 0
2144 4608 0
8288 4608 0
16480 4608 0
32864 4608 0
224 8704 0
352 8704 0
1120 8704 0
2144 8704 0
4192 8704 0
16480 8704 0
32864 8704 0
224 16896 0
352 16896 0
1120 16896 0
2144 16896 0
4192 16896 0
8288 16896 0
32864 16896 0
224 33280 0
352 33280 0
1120 33280 0
2144 33280 0
4192 33280 0
8288 33280 0
16480 33280 0
416 1536 0
2208 1536 0
4256 1536 0
8352 1536 0
16544 1536 0
32928 1536 0
416 2560 0
1184 2560 0
4256 2560 0
8352 2560 0
16544 2560 0
32928 2560 0
416 4608 0
1184 4608 0
2208 4608 0
8352 4608 0
16544 4608 0
32928 4608 0
416 8704 0
1184 8704 0
2208 8704 0
4256 8704 0
16544 8704 0
32928 8704 0
416 16896 0
1184 16896 0
2208 16896 0
4256 16896 0
8352 16896 0
32928 16896 0
416 33280 0
1184 33280 0
2208 33280 0
4256 33280 0
8352 33280 0
16544 33280 0
2336 1536 0
4384 1536 0
8480 1536 0
16672 1536 0
33056 1536 0
1312 2560 0
4384 2560 0
8480 2560 0
16672 2560 0
33056 2560 0
1312 4608 0
2336 4608 0
8480 4608 0
16672 4608 0
33056 4608 0
1312 8704 0
2336 8704 0
4384 8704 0
16672 8704 0
33056 8704 0
1312 16896 0
2336 16896 0
4384 16896 0
8480 16896 0
33056 16896 0
1312 33280 0
2336 33280 0
4384 33280 0
8480 33280 0
16672 33280 0
5152 2560 0
9248 2560 0
17440 2560 0
33824 2560 0
3104 4608 0
9248 4608 0
17440 4608 0
33824 4608 0
3104 8704 0
5152 8704 0
17440 8704 0
33824 8704 0
3104 16896 0
5152 16896 0
9248 16896 0
33824 16896 0
3104 33280 0
5152 33280 0
9248 33280 0
17440 33280 0
6176 1536 0
10272 1536 0
18464 1536 0
34848 1536 0
10272 4608 0
18464 4608 0
34848 4608 0
6176 8704 0
18464 8704 0
34848 8704 0
6176 16896 0
10272 16896 0
34848 16896 0
6176 33280 0
10272 33280 0
18464 33280 0
12320 1536 0
20512 1536 0
36896 1536 0
12320 2560 0
20512 2560 0
36896 2560 0
20512 8704 0
36896 8704 0
12320 16896 0
36896 16896 0
12320 33280 0
20512 33280 0
24608 1536 0
40992 1536 0
24608 2560 0
40992 2560 0
24608 4608 0
40992 4608 0
40992 16896 0
24608 33280 0
49184 1536 0
49184 2560 0
49184 4608 0
49184 8704 0
224 3072 0
352 3072 0
608 3072 0
4192 3072 0
8288 3072 0
16480 3072 0
32864 3072 0
224 5120 0
352 5120 0
608 5120 0
2144 5120 0
8288 5120 0
16480 5120 0
32864 5120 0
224 9216 0
352 9216 0
608 9216 0
2144 9216 0
4192 9216 0
16480 9216 0
32864 9216 0
224 17408 0
352 17408 0
608 17408 0
2144 17408 0
4192 17408 0
8288 17408 0
32864 17408 0
224 33792 0
352 33792 0
608 33792 0
2144 33792 0
4192 33792 0
8288 33792 0
16480 33792 0
416 3072 0
672 3072 0
4256 3072 0
8352 3072 0
16544 3072 0
32928 3072 0
416 5120 0
672 5120 0
2208 5120 0
8352 5120 0
16544 5120 0
32928 5120 0
416 9216 0
672 9216 0
2208 9216 0
4256 9216 0
16544 9216 0
32928 9216 0
416 17408 0
672 17408 0
2208 17408 0
4256 17408 0
8352 17408 0
32928 17408 0
416 33792 0
672 33792 0
2208 33792 0
4256 33792 0
8352 33792 0
16544 33792 0
800 3072 0
4384 3072 0
8480 3072 0
16672 3072 0
33056 3072 0
800 5120 0
2336 5120 0
8480 5120 0
16672 5120 0
33056 5120 0
800 9216 0
2336 9216 0
4384 9216 0
16672 9216 0
33056 9216 0
800 17408 0
2336 17408 0
4384 17408 0
8480 17408 0
33056 17408 0
800 33792 0
2336 33792 0
4384 33792 0
8480 33792 0
16672 33792 0
4640 3072 0
8736 3072 0
16928 3072 0
33312 3072 0
2592 5120 0
8736 5120 0
16928 5120 0
33312 5120 0
2592 9216 0
4640 9216 0
16928 9216 0
33312 9216 0
2592 17408 0
4640 17408 0
8736 17408 0
33312 17408 0
2592 33792 0
4640 33792 0
8736 33792 0
16928 33792 0
10272 5120 0
18464 5120 0
34848 5120 0
6176 9216 0
18464 9216 0
34848 9216 0
6176 17408 0
10272 17408 0
34848 17408 0
6176 33792 0
10272 33792 0
18464 33792 0
12320 3072 0
20512 3072 0
36896 3072 0
20512 9216 0
36896 9216 0
12320 17408 0
36896 17408 0
12320 33792 0
20512 33792 0
24608 3072 0
40992 3072 0
24608 5120 0
40992 5120 0
40992 17408 0
24608 33792 0
49184 3072 0
49184 5120 0
49184 9216 0
224 6144 0
352 6144 0
608 6144 0
1120 6144 0
8288 6144 0
16480 6144 0
32864 6144 0
224 10240 0
352 10240 0
608 10240 0
1120 10240 0
4192 10240 0
16480 10240 0
32864 10240 0
224 18432 0
352 18432 0
608 18432 0
1120 18432 0
4192 18432 0
8288 18432 0
32864 18432 0
224 34816 0
352 34816 0
608 34816 0
1120 34816 0
4192 34816 0
8288 34816 0
16480 34816 0
416 6144 0
672 6144 0
1184 6144 0
8352 6144 0
16544 6144 0
32928 6144 0
416 10240 0
672 10240 0
1184 10240 0
4256 10240 0
16544 10240 0
32928 10240 0
416 18432 0
672 18432 0
1184 18432 0
4256 18432 0
8352 18432 0
32928 18432 0
416 34816 0
672 34816 0
1184 34816 0
4256 34816 0
8352 34816 0
16544 34816 0
800 6144 0
1312 6144 0
8480 6144 0
16672 6144 0
33056 6144 0
800 10240 0
1312 10240 0
4384 10240 0
16672 10240 0
33056 10240 0
800 18432 0
1312 18432 0
4384 18432 0
8480 18432 0
33056 18432 0
800 34816 0
1312 34816 0
4384 34816 0
8480 34816 0
16672 34816 0
1568 6144 0
8736 6144 0
16928 6144 0
33312 6144 0
1568 10240 0
4640 10240 0
16928 10240 0
33312 10240 0
1568 18432 0
4640 18432 0
8736 18432 0
33312 18432 0
1568 34816 0
4640 34816 0
8736 34816 0
16928 34816 0
9248 6144 0
17440 6144 0
33824 6144 0
5152 10240 0
17440 10240 0
33824 10240 0
5152 18432 0
9248 18432 0
33824 18432 0
5152 34816 0
9248 34816 0
17440 34816 0
20512 10240 0
36896 10240 0
12320 18432 0
36896 18432 0
12320 34816 0
20512 34816 0
24608 6144 0
40992 6144 0
40992 18432 0
24608 34816 0
49184 6144 0
49184 10240 0
224 12288 0
352 12288 0
608 12288 0
1120 12288 0
2144 12288 0
16480 12288 0
32864 12288 0
224 20480 0
352 20480 0
608 20480 0
1120 20480 0
2144 20480 0
8288 20480 0
32864 20480 0
224 36864 0
352 36864 0
608 36864 0
1120 36864 0
2144 36864 0
8288 36864 0
16480 36864 0
416 12288 0
672 12288 0
1184 12288 0
2208 12288 0
16544 12288 0
32928 12288 0
416 20480 0
672 20480 0
1184 20480 0
2208 20480 0
8352 20480 0
32928 20480 0
416 36864 0
672 36864 0
1184 36864 0
2208 36864 0
8352 36864 0
16544 36864 0
800 12288 0
1312 12288 0
2336 12288 0
16672 12288 0
33056 12288 0
800 20480 0
1312 20480 0
2336 20480 0
8480 20480 0
33056 20480 0
800 36864 0
1312 36864 0
2336 36864 0
8480 36864 0
16672 36864 0
1568 12288 0
2592 12288 0
16928 12288 0
33312 12288 0
1568 20480 0
2592 20480 0
8736 20480 0
33312 20480 0
1568 36864 0
2592 36864 0
8736 36864 0
16928 36864 0
3104 12288 0
17440 12288 0
33824 12288 0
3104 20480 0
9248 20480 0
33824 20480 0
3104 36864 0
9248 36864 0
17440 36864 0
18464 12288 0
34848 12288 0
10272 20480 0
34848 20480 0
10272 36864 0
18464 36864 0
40992 20480 0
24608 36864 0
49184 12288 0
224 24576 0
352 24576 0
608 24576 0
1120 24576 0
2144 24576 0
4192 24576 0
32864 24576 0
224 40960 0
352 40960 0
608 40960 0
1120 40960 0
2144 40960 0
4192 40960 0
16480 40960 0
416 24576 0
672 24576 0
1184 24576 0
2208 24576 0
4256 24576 0
32928 24576 0
416 40960 0
672 40960 0
1184 40960 0
2208 40960 0
4256 40960 0
16544 40960 0
800 24576 0
1312 24576 0
2336 24576 0
4384 24576 0
33056 24576 0
800 40960 0
1312 40960 0
2336 40960 0
4384 40960 0
16672 40960 0
1568 24576 0
2592 24576 0
4640 24576 0
33312 24576 0
1568 40960 0
2592 40960 0
4640 40960 0
16928 40960 0
3104 24576 0
5152 24576 0
33824 24576 0
3104 40960 0
5152 40960 0
17440 40960 0
6176 24576 0
34848 24576 0
6176 40960 0
18464 40960 0
36896 24576 0
20512 40960 0
224 49152 0
352 49152 0
608 49152 0
1120 49152 0
2144 49152 0
4192 49152 0
8288 49152 0
416 49152 0
672 49152 0
1184 49152 0
2208 49152 0
4256 49152 0
8352 49152 0
800 49152 0
1312 49152 0
2336 49152 0
4384 49152 0
8480 49152 0
1568 49152 0
2592 49152 0
4640 49152 0
8736 49152 0
3104 49152 0
5152 49152 0
9248 49152 0
6176 49152 0
10272 49152 0
12320 49152 0
448 3 0
704 3 0
1216 3 0
2240 3 0
4288 3 0
8384 3 0
16576 3 0
32960 3 0
448 5 0
704 5 0
1216 5 0
2240 5 0
4288 5 0
8384 5 0
16576 5 0
32960 5 0
448 9 0
704 9 0
1216 9 0
2240 9 0
4288 9 0
8384 9 0
16576 9 0
32960 9 0
448 17 0
704 17 0
1216 17 0
2240 17 0
4288 17 0
8384 17 0
16576 17 0
32960 17 0
448 33 0
704 33 0
1216 33 0
2240 33 0
4288 33 0
8384 33 0
16576 33 0
32960 33 0
704 257 0
1216 257 0
2240 257 0
4288 257 0
8384 257 0
16576 257 0
32960 257 0
448 513 0
1216 513 0
2240 513 0
4288 513 0
8384 513 0
16576 513 0
32960 513 0
448 1025 0
704 1025 0
2240 1025 0
4288 1025 0
8384 1025 0
16576 1025 0
32960 1025 0
448 2049 0
704 2049 0
1216 2049 0
4288 2049 0
8384 2049 0
16576 2049 0
32960 2049 0
448 4097 0
704 4097 0
1216 4097 0
2240 4097 0
8384 4097 0
16576 4097 0
32960 4097 0
448 8193 0
704 8193 0
1216 8193 0
2240 8193 0
4288 8193 0
16576 8193 0
32960 8193 0
448 16385 0
704 16385 0
1216 16385 0
2240 16385 0
4288 16385 0
8384 16385 0
32960 16385 0
448 32769 0
704 32769 0
1216 32769 0
2240 32769 0
4288 32769 0
8384 32769 0
16576 32769 0
832 3 0
1344 3 0
2368 3 0
4416 3 0
8512 3 0
16704 3 0
33088 3 0
832 5 0
1344 5 0
2368 5 0
4416 5 0
8512 5 0
16704 5 0
33088 5 0
832 9 0
1344 9 0
2368 9 0
4416 9 0
8512 9 0
16704 9 0
33088 9 0
832 17 0
1344 17 0
2368 17 0
4416 17 0
8512 17 0
16704 17 0
33088 17 0
832 33 0
1344 33 0
2368 33 0
4416 33 0
8512 33 0
16704 33 0
33088 33 0
832 129 0
1344 129 0
2368 129 0
4416 129 0
8512 129 0
16704 129 0
33088 129 0
1344 513 0
2368 513 0
4416 513 0
8512 513 0
16704 513 0
33088 513 0
832 1025 0
2368 1025 0
4416 1025 0
8512 1025 0
16704 1025 0
33088 1025 0
832 2049 0
1344 2049 0
4416 2049 0
8512 2049 0
16704 2049 0
33088 2049 0
832 4097 0
1344 4097 0
2368 4097 0
8512 4097 0
16704 4097 0
33088 4097 0
832 8193 0
1344 8193 0
2368 8193 0
4416 8193 0
16704 8193 0
33088 8193 0
832 16385 0
1344 16385 0
2368 16385 0
4416 16385 0
8512 16385 0
33088 16385 0
832 32769 0
1344 32769 0
2368 32769 0
4416 32769 0
8512 32769 0
16704 32769 0
1600 3 0
2624 3 0
4672 3 0
8768 3 0
16960 3 0
33344 3 0
1600 5 0
2624 5 0
4672 5 0
8768 5 0
16960 5 0
33344 5 0
1600 9 0
2624 9 0
4672 9 0
8768 9 0
16960 9 0
33344 9 0
1600 17 0
2624 17 0
4672 17 0
8768 17 0
16960 17 0
33344 17 0
1600 33 0
2624 33 0
4672 33 0
8768 33 0
16960 33 0
33344 33 0
1600 129 0
2624 129 0
4672 129 0
8768 129 0
16960 129 0
33344 129 0
1600 257 0
2624 257 0
4672 257 0
8768 257 0
16960 257 0
33344 257 0
2624 1025 0
4672 1025 0
8768 1025 0
16960 1025 0
33344 1025 0
1600 2049 0
4672 2049 0
8768 2049 0
16960 2049 0
33344 2049 0
1600 4097 0
2624 4097 0
8768 4097 0
16960 4097 0
33344 4097 0
1600 8193 0
2624 8193 0
4672 8193 0
16960 8193 0
33344 8193 0
1600 16385 0
2624 16385 0
4672 16385 0
8768 16385 0
33344 16385 0
1600 32769 0
2624 32769 0
4672 32769 0
8768 32769 0
16960 32769 0
3136 3 0
5184 3 0
9280 3 0
17472 3 0
33856 3 0
3136 5 0
5184 5 0
9280 5 0
17472 5 0
33856 5 0
3136 9 0
5184 9 0
9280 9 0
17472 9 0
33856 9 0
3136 17 0
5184 17 0
9280 17 0
17472 17 0
33856 17 0
3136 33 0
5184 33 0
9280 33 0
17472 33 0
33856 33 0
3136 129 0
5184 129 0
9280 129 0
17472 129 0
33856 129 0
3136 257 0
5184 257 0
9280 257 0
17472 257 0
33856 257 0
3136 513 0
5184 513 0
9280 513 0
17472 513 0
33856 513 0
5184 2049 0
9280 2049 0
17472 2049 0
33856 2049 0
3136 4097 0
9280 4097 0
17472 4097 0
33856 4097 0
3136 8193 0
5184 8193 0
17472 8193 0
33856 8193 0
3136 16385 0
5184 16385 0
9280 16385 0
33856 16385 0
3136 32769 0
5184 32769 0
9280 32769 0
17472 32769 0
6208 3 0
10304 3 0
18496 3 0
34880 3 0
6208 5 0
10304 5 0
18496 5 0
34880 5 0
6208 9 0
10304 9 0
18496 9 0
34880 9 0
6208 17 0
10304 17 0
18496 17 0
34880 17 0
6208 33 0
10304 33 0
18496 33 0
34880 33 0
6208 129 0
10304 129 0
18496 129 0
34880 129 0
6208 257 0
10304 257 0
18496 257 0
34880 257 0
6208 513 0
10304 513 0
18496 513 0
34880 513 0
6208 1025 0
10304 1025 0
18496 1025 0
34880 1025 0
10304 4097 0
18496 4097 0
34880 4097 0
6208 8193 0
18496 8193 0
34880 8193 0
6208 16385 0
10304 16385 0
34880 16385 0
6208 32769 0
10304 32769 0
18496 32769 0
12352 3 0
20544 3 0
36928 3 0
12352 5 0
20544 5 0
36928 5 0
12352 9 0
20544 9 0
36928 9 0
12352 17 0
20544 17 0
36928 17 0
12352 33 0
20544 33 0
36928 33 0
12352 129 0
20544 129 0
36928 129 0
12352 257 0
20544 257 0
36928 257 0
12352 513 0
20544 513 0
36928 513 0
12352 1025 0
20544 1025 0
36928 1025 0
12352 2049 0
20544 2049 0
36928 2049 0
20544 8193 0
36928 8193 0
12352 16385 0
36928 16385 0
12352 32769 0
20544 32769 0
24640 3 0
41024 3 0
24640 5 0
41024 5 0
24640 9 0
41024 9 0
24640 17 0
41024 17 0
24640 33 0
41024 33 0
24640 129 0
41024 129 0
24640 257 0
41024 257 0
24640 513 0
41024 513 0
24640 1025 0
41024 1025 0
24640 2049 0
41024 2049 0
24640 4097 0
41024 4097 0
41024 16385 0
24640 32769 0
49216 3 0
49216 5 0
49216 9 0
49216 17 0
49216 33 0
49216 129 0
49216 257 0
49216 513 0
49216 1025 0
49216 2049 0
49216 4097 0
49216 8193 0
448 6 0
704 6 0
1216 6 0
2240 6 0
4288 6 0
8384 6 0
16576 6 0
32960 6 0
448 10 0
704 10 0
1216 10 0
2240 10 0
4288 10 0
8384 10 0
16576 10 0
32960 10 0
448 18 0
704 18 0
1216 18 0
2240 18 0
4288 18 0
8384 18 0
16576 18 0
32960 18 0
448 34 0
704 34 0
1216 34 0
2240 34 0
4288 34 0
8384 34 0
16576 34 0
32960 34 0
704 258 0
1216 258 0
2240 258 0
4288 258 0
8384 258 0
16576 258 0
32960 258 0
448 514 0
1216 514 0
2240 514 0
4288 514 0
8384 514 0
16576 514 0
32960 514 0
448 1026 0
704 1026 0
2240 1026 0
4288 1026 0
8384 1026 0
16576 1026 0
32960 1026 0
448 2050 0
704 2050 0
1216 2050 0
4288 2050 0
8384 2050 0
16576 2050 0
32960 2050 0
448 4098 0
704 4098 0
1216 4098 0
2240 4098 0
8384 4098 0
16576 4098 0
32960 4098 0
448 8194 0
704 8194 0
1216 8194 0
2240 8194 0
4288 8194 0
16576 8194 0
32960 8194 0
448 16386 0
704 16386 0
1216 16386 0
2240 16386 0
4288 16386 0
8384 16386 0
32960 16386 0
448 32770 0
704 32770 0
1216 32770 0
2240 32770 0
4288 32770 0
8384 32770 0
16576 32770 0
832 6 0
1344 6 0
2368 6 0
4416 6 0
8512 6 0
16704 6 0
33088 6 0
832 10 0
1344 10 0
2368 10 0
4416 10 0
8512 10 0
16704 10 0
33088 10 0
832 18 0
1344 18 0
2368 18 0
4416 18 0
8512 18 0
16704 18 0
33088 18 0
832 34 0
1344 34 0
2368 34 0
4416 34 0
8512 34 0
16704 34 0
33088 34 0
832 130 0
1344 130 0
2368 130 0
4416 130 0
8512 130 0
16704 130 0
33088 130 0
1344 514 0
2368 514 0
4416 514 0
8512 514 0
16704 514 0
33088 514 0
832 1026 0
2368 1026 0
4416 1026 0
8512 1026 0
16704 1026 0
33088 1026 0
832 2050 0
1344 2050 0
4416 2050 0
8512 2050 0
16704 2050 0
33088 2050 0
832 4098 0
1344 4098 0
2368 4098 0
8512 4098 0
16704 4098 0
33088 4098 0
832 8194 0
1344 8194 0
2368 8194 0
4416 8194 0
16704 8194 0
33088 8194 0
832 16386 0
1344 16386 0
2368 16386 0
4416 16386 0
8512 16386 0
33088 16386 0
832 32770 0
1344 32770 0
2368 32770 0
4416 32770 0
8512 32770 0
16704 32770 0
1600 6 0
2624 6 0
4672 6 0
8768 6 0
16960 6 0
33344 6 0
1600 10 0
2624 10 0
4672 10 0
8768 10 0
16960 10 0
33344 10 0
1600 18 0
2624 18 0
4672 18 0
8768 18 0
16960 18 0
33344 18 0
1600 34 0
2624 34 0
4672 34 0
8768 34 0
16960 34 0
33344 34 0
1600 130 0
2624 130 0
4672 130 0
8768 130 0
16960 130 0
33344 130 0
1600 258 0
2624 258 0
4672 258 0
8768 258 0
16960 258 0
33344 258 0
2624 1026 0
4672 1026 0
8768 1026 0
16960 1026 0
33344 1026 0
1600 2050 0
4672 2050 0
8768 2050 0
16960 2050 0
33344 2050 0
1600 4098 0
2624 4098 0
8768 4098 0
16960 4098 0
33344 4098 0
1600 8194 0
2624 8194 0
4672 8194 0
16960 8194 0
33344 8194 0
1600 16386 0
2624 16386 0
4672 16386 0
8768 16386 0
33344 16386 0
1600 32770 0
2624 32770 0
4672 32770 0
8768 32770 0
16960 32770 0
3136 6 0
5184 6 0
9280 6 0
17472 6 0
33856 6 0
3136 10 0
5184 10 0
9280 10 0
17472 10 0
33856 10 0
3136 18 0
5184 18 0
9280 18 0
17472 18 0
33856 18 0
3136 34 0
5184 34 0
9280 34 0
17472 34 0
33856 34 0
3136 130 0
5184 130 0
9280 130 0
17472 130 0
33856 130 0
3136 258 0
5184 258 0
9280 258 0
17472 258 0
33856 258 0
3136 514 0
5184 514 0
9280 514 0
17472 514 0
33856 514 0
5184 2050 0
9280 2050 0
17472 2050 0
33856 2050 0
3136 4098 0
9280 4098 0
17472 4098 0
33856 4098 0
3136 8194 0
5184 8194 0
17472 8194 0
33856 8194 0
3136 16386 0
5184 16386 0
9280 16386 0
33856 16386 0
3136 32770 0
5184 32770 0
9280 32770 0
17472 32770 0
6208 6 0
10304 6 0
18496 6 0
34880 6 0
6208 10 0
10304 10 0
18496 10 0
34880 10 0
6208 18 0
10304 18 0
18496 18 0
34880 18 0
6208 34 0
10304 34 0
18496 34 0
34880 34 0
6208 130 0
10304 130 0
18496 130 0
34880 130 0
6208 258 0
10304 258 0
18496 258 0
34880 258 0
6208 514 0
10304 514 0
18496 514 0
34880 514 0
6208 1026 0
10304 1026 0
18496 1026 0
34880 1026 0
10304 4098 0
18496 4098 0
34880 4098 0
6208 8194 0
18496 8194 0
34880 8194 0
6208 16386 0
10304 16386 0
34880 16386 0
6208 32770 0
10304 32770 0
18496 32770 0
12352 6 0
20544 6 0
36928 6 0
12352 10 0
20544 10 0
36928 10 0
12352 18 0
20544 18 0
36928 18 0
12352 34 0
20544 34 0
36928 34 0
12352 130 0
20544 130 0
36928 130 0
12352 258 0
20544 258 0
36928 258 0
12352 514 0
20544 514 0
36928 514 0
12352 1026 0
20544 1026 0
36928 1026 0
12352 2050 0
20544 2050 0
36928 2050 0
20544 8194 0
36928 8194 0
12352 16386 0
36928 16386 0
12352 32770 0
20544 32770 0
24640 6 0
41024 6 0
24640 10 0
41024 10 0
24640 18 0
41024 18 0
24640 34 0
41024 34 0
24640 130 0
41024 130 0
24640 258 0
41024 258 0
24640 514 0
41024 514 0
24640 1026 0
41024 1026 0
24640 2050 0
41024 2050 0
24640 4098 0
41024 4098 0
41024 16386 0
24640 32770 0
49216 6 0
49216 10 0
49216 18 0
49216 34 0
49216 130 0
49216 258 0
49216 514 0
49216 1026 0
49216 2050 0
49216 4098 0
49216 8194 0
448 12 0
704 12 0
1216 12 0
2240 12 0
4288 12 0
8384 12 0
16576 12 0
32960 12 0
448 20 0
704 20 0
1216 20 0
2240 20 0
4288 20 0
8384 20 0
16576 20 0
32960 20 0
448 36 0
704 36 0
1216 36 0
2240 36 0
4288 36 0
8384 36 0
16576 36 0
32960 36 0
704 260 0
1216 260 0
2240 260 0
4288 260 0
8384 260 0
16576 260 0
32960 260 0
448 516 0
1216 516 0
2240 516 0
4288 516 0
8384 516 0
16576 516 0
32960 516 0
448 1028 0
704 1028 0
2240 1028 0
4288 1028 0
8384 1028 0
16576 1028 0
32960 1028 0
448 2052 0
704 2052 0
1216 2052 0
4288 2052 0
8384 2052 0
16576 2052 0
32960 2052 0
448 4100 0
704 4100 0
1216 4100 0
2240 4100 0
8384 4100 0
16576 4100 0
32960 4100 0
448 8196 0
704 8196 0
1216 8196 0
2240 8196 0
4288 8196 0
16576 8196 0
32960 8196 0
448 16388 0
704 16388 0
1216 16388 0
2240 16388 0
4288 16388 0
8384 16388 0
32960 16388 0
448 32772 0
704 32772 0
1216 32772 0
2240 32772 0
4288 32772 0
8384 32772 0
16576 32772 0
832 12 0
1344 12 0
2368 12 0
4416 12 0
8512 12 0
16704 12 0
33088 12 0
832 20 0
1344 20 0
2368 20 0
4416 20 0
8512 20 0
16704 20 0
33088 20 0
832 36 0
1344 36 0
2368 36 0
4416 36 0
8512 36 0
16704 36 0
33088 36 0
832 132 0
1344 132 0
2368 132 0
4416 132 0
8512 132 0
16704 132 0
33088 132 0
1344 516 0
2368 516 0
4416 516 0
8512 516 0
16704 516 0
33088 516 0
832 1028 0
2368 1028 0
4416 1028 0
8512 1028 0
16704 1028 0
33088 1028 0
832 2052 0
1344 2052 0
4416 2052 0
8512 2052 0
16704 2052 0
33088 2052 0
832 4100 0
1344 4100 0
2368 4100 0
8512 4100 0
16704 4100 0
33088 4100 0
832 8196 0
1344 8196 0
2368 8196 0
4416 8196 0
16704 8196 0
33088 8196 0
832 16388 0
1344 16388 0
2368 16388 0
4416 16388 0
8512 16388 0
33088 16388 0
832 32772 0
1344 32772 0
2368 32772 0
4416 32772 0
8512 32772 0
16704 32772 0
1600 12 0
2624 12 0
4672 12 0
8768 12 0
16960 12 0
33344 12 0
1600 20 0
2624 20 0
4672 20 0
8768 20 0
16960 20 0
33344 20 0
1600 36 0
2624 36 0
4672 36 0
8768 36 0
16960 36 0
33344 36 0
1600 132 0
2624 132 0
4672 132 0
8768 132 0
16960 132 0
33344 132 0
1600 260 0
2624 260 0
4672 260 0
8768 260 0
16960 260 0
33344 260 0
2624 1028 0
4672 1028 0
8768 1028 0
16960 1028 0
33344 1028 0
1600 2052 0
4672 2052 0
8768 2052 0
16960 2052 0
33344 2052 0
1600 4100 0
2624 4100 0
8768 4100 0
16960 4100 0
33344 4100 0
1600 8196 0
2624 8196 0
4672 8196 0
16960 8196 0
33344 8196 0
1600 16388 0
2624 16388 0
4672 16388 0
8768 16388 0
33344 16388 0
1600 32772 0
2624 32772 0
4672 32772 0
8768 32772 0
16960 32772 0
3136 12 0
5184 12 0
9280 12 0
17472 12 0
33856 12 0
3136 20 0
5184 20 0
9280 20 0
17472 20 0
33856 20 0
3136 36 0
5184 36 0
9280 36 0
17472 36 0
33856 36 0
3136 132 0
5184 132 0
9280 132 0
17472 132 0
33856 132 0
3136 260 0
5184 260 0
9280 260 0
17472 260 0
33856 260 0
3136 516 0
5184 516 0
9280 516 0
17472 516 0
33856 516 0
5184 2052 0
9280 2052 0
17472 2052 0
33856 2052 0
3136 4100 0
9280 4100 0
17472 4100 0
33856 4100 0
3136 8196 0
5184 8196 0
17472 8196 0
33856 8196 0
3136 16388 0
5184 16388 0
9280 16388 0
33856 16388 0
3136 32772 0
5184 32772 0
9280 32772 0
17472 32772 0
6208 12 0
10304 12 0
18496 12 0
34880 12 0
6208 20 0
10304 20 0
18496 20 0
34880 20 0
6208 36 0
10304 36 0
18496 36 0
34880 36 0
6208 132 0
10304 132 0
18496 132 0
34880 132 0
6208 260 0
10304 260 0
18496 260 0
34880 260 0
6208 516 0
10304 516 0
18496 516 0
34880 516 0
6208 1028 0
10304 1028 0
18496 1028 0
34880 1028 0
10304 4100 0
18496 4100 0
34880 4100 0
6208 8196 0
18496 8196 0
34880 8196 0
6208 16388 0
10304 16388 0
34880 16388 0
6208 32772 0
10304 32772 0
18496 32772 0
12352 12 0
20544 12 0
36928 12 0
12352 20 0
20544 20 0
36928 20 0
12352 36 0
20544 36 0
36928 36 0
12352 132 0
20544 132 0
36928 132 0
12352 260 0
20544 260 0
36928 260 0
12352 516 0
20544 516 0
36928 516 0
12352 1028 0
20544 1028 0
36928 1028 0
12352 2052 0
20544 2052 0
36928 2052 0
20544 8196 0
36928 8196 0
12352 16388 0
36928 16388 0
12352 32772 0
20544 32772 0
24640 12 0
41024 12 0
24640 20 0
41024 20 0
24640 36 0
41024 36 0
24640 132 0
41024 132 0
24640 260 0
41024 260 0
24640 516 0
41024 516 0
24640 1028 0
41024 1028 0
24640 2052 0
41024 2052 0
24640 4100 0
41024 4100 0
41024 16388 0
24640 32772 0
49216 12 0
49216 20 0
49216 36 0
49216 132 0
49216 260 0
49216 516 0
49216 1028 0
49216 2052 0
49216 4100 0
49216 8196 0
448 24 0
704 24 0
1216 24 0
2240 24 0
4288 24 0
8384 24 0
16576 24 0
32960 24 0
448 40 0
704 40 0
1216 40 0
2240 40 0
4288 40 0
8384 40 0
16576 40 0
32960 40 0
704 264 0
1216 264 0
2240 264 0
4288 264 0
8384 264 0
16576 264 0
32960 264 0
448 520 0
1216 520 0
2240 520 0
4288 520 0
8384 520 0
16576 520 0
32960 520 0
448 1032 0
704 1032 0
2240 1032 0
4288 1032 0
8384 1032 0
16576 1032 0
32960 1032 0
448 2056 0
704 2056 0
1216 2056 0
4288 2056 0
8384 2056 0
16576 2056 0
32960 2056 0
448 4104 0
704 4104 0
1216 4104 0
2240 4104 0
8384 4104 0
16576 4104 0
32960 4104 0
448 8200 0
704 8200 0
1216 8200 0
2240 8200 0
4288 8200 0
16576 8200 0
32960 8200 0
448 16392 0
704 16392 0
1216 16392 0
2240 16392 0
4288 16392 0
8384 16392 0
32960 16392 0
448 32776 0
704 32776 0
1216 32776 0
2240 32776 0
4288 32776 0
8384 32776 0
16576 32776 0
832 24 0
1344 24 0
2368 24 0
4416 24 0
8512 24 0
16704 24 0
33088 24 0
832 40 0
1344 40 0
2368 40 0
4416 40 0
8512 40 0
16704 40 0
33088 40 0
832 136 0
1344 136 0
2368 136 0
4416 136 0
8512 136 0
16704 136 0
33088 136 0
1344 520 0
2368 520 0
4416 520 0
8512 520 0
16704 520 0
33088 520 0
832 1032 0
2368 1032 0
4416 1032 0
8512 1032 0
16704 1032 0
33088 1032 0
832 2056 0
1344 2056 0
4416 2056 0
8512 2056 0
16704 2056 0
33088 2056 0
832 4104 0
1344 4104 0
2368 4104 0
8512 4104 0
16704 4104 0
33088 4104 0
832 8200 0
1344 8200 0
2368 8200 0
4416 8200 0
16704 8200 0
33088 8200 0
832 16392 0
1344 16392 0
2368 16392 0
4416 16392 0
8512 16392 0
33088 16392 0
832 32776 0
1344 32776 0
2368 32776 0
4416 32776 0
8512 32776 0
16704 32776 0
1600 24 0
2624 24 0
4672 24 0
8768 24 0
16960 24 0
33344 24 0
1600 40 0
2624 40 0
4672 40 0
8768 40 0
16960 40 0
33344 40 0
1600 136 0
2624 136 0
4672 136 0
8768 136 0
16960 136 0
33344 136 0
1600 264 0
2624 264 0
4672 264 0
8768 264 0
16960 264 0
33344 264 0
2624 1032 0
4672 1032 0
8768 1032 0
16960 1032 0
33344 1032 0
1600 2056 0
4672 2056 0
8768 2056 0
16960 2056 0
33344 2056 0
1600 4104 0
2624 4104 0
8768 4104 0
16960 4104 0
33344 4104 0
1600 8200 0
2624 8200 0
4672 8200 0
16960 8200 0
33344 8200 0
1600 16392 0
2624 16392 0
4672 16392 0
8768 16392 0
33344 16392 0
1600 32776 0
2624 32776 0
4672 32776 0
8768 32776 0
16960 32776 0
3136 24 0
5184 24 0
9280 24 0
17472 24 0
33856 24 0
3136 40 0
5184 40 0
9280 40 0
17472 40 0
33856 40 0
3136 136 0
5184 136 0
9280 136 0
17472 136 0
33856 136 0
3136 264 0
5184 264 0
9280 264 0
17472 264 0
33856 264 0
3136 520 0
5184 520 0
9280 520 0
17472 520 0
33856 520 0
5184 2056 0
9280 2056 0
17472 2056 0
33856 2056 0
3136 4104 0
9280 4104 0
17472 4104 0
33856 4104 0
3136 8200 0
5184 8200 0
17472 8200 0
33856 8200 0
3136 16392 0
5184 16392 0
9280 16392 0
33856 16392 0
3136 32776 0
5184 32776 0
9280 32776 0
17472 32776 0
6208 24 0
10304 24 0
18496 24 0
34880 24 0
6208 40 0
10304 40 0
18496 40 0
34880 40 0
6208 136 0
10304 136 0
18496 136 0
34880 136 0
6208 264 0
10304 264 0
18496 264 0
34880 264 0
6208 520 0
10304 520 0
18496 520 0
34880 520 0
6208 1032 0
10304 1032 0
18496 1032 0
34880 1032 0
10304 4104 0
18496 4104 0
34880 4104 0
6208 8200 0
18496 8200 0
34880 8200 0
6208 16392 0
10304 16392 0
34880 16392 0
6208 32776 0
10304 32776 0
18496 32776 0
12352 24 0
20544 24 0
36928 24 0
12352 40 0
20544 40 0
36928 40 0
12352 136 0
20544 136 0
36928 136 0
12352 264 0
20544 264 0
36928 264 0
12352 520 0
20544 520 0
36928 520 0
12352 1032 0
20544 1032 0
36928 1032 0
12352 2056 0
20544 2056 0
36928 2056 0
20544 8200 0
36928 8200 0
12352 16392 0
36928 16392 0
12352 32776 0
20544 32776 0
24640 24 0
41024 24 0
24640 40 0
41024 40 0
24640 136 0
41024 136 0
24640 264 0
41024 264 0
24640 520 0
41024 520 0
24640 1032 0
41024 1032 0
24640 2056 0
41024 2056 0
24640 4104 0
41024 4104 0
41024 16392 0
24640 32776 0
49216 24 0
49216 40 0
49216 136 0
49216 264 0
49216 520 0
49216 1032 0
49216 2056 0
49216 4104 0
49216 8200 0
448 48 0
704 48 0
1216 48 0
2240 48 0
4288 48 0
8384 48 0
16576 48 0
32960 48 0
704 272 0
1216 272 0
2240 272 0
4288 272 0
8384 272 0
16576 272 0
32960 272 0
448 528 0
1216 528 0
2240 528 0
4288 528 0
8384 528 0
16576 528 0
32960 528 0
448 1040 0
704 1040 0
2240 1040 0
4288 1040 0
8384 1040 0
16576 1040 0
32960 1040 0
448 2064 0
704 2064 0
1216 2064 0
4288 2064 0
8384 2064 0
16576 2064 0
32960 2064 0
448 4112 0
704 4112 0
1216 4112 0
2240 4112 0
8384 4112 0
16576 4112 0
32960 4112 0
448 8208 0
704 8208 0
1216 8208 0
2240 8208 0
4288 8208 0
16576 8208 0
32960 8208 0
448 16400 0
704 16400 0
1216 16400 0
2240 16400 0
4288 16400 0
8384 16400 0
32960 16400 0
448 32784 0
704 32784 0
1216 32784 0
2240 32784 0
4288 32784 0
8384 32784 0
16576 32784 0
832 48 0
1344 48 0
2368 48 0
4416 48 0
8512 48 0
16704 48 0
33088 48 0
832 144 0
1344 144 0
2368 144 0
4416 144 0
8512 144 0
16704 144 0
33088 144 0
1344 528 0
2368 528 0
4416 528 0
8512 528 0
16704 528 0
33088 528 0
832 1040 0
2368 1040 0
4416 1040 0
8512 1040 0
16704 1040 0
33088 1040 0
832 2064 0
1344 2064 0
4416 2064 0
8512 2064 0
16704 2064 0
33088 2064 0
832 4112 0
1344 4112 0
2368 4112 0
8512 4112 0
16704 4112 0
33088 4112 0
832 8208 0
1344 8208 0
2368 8208 0
4416 8208 0
16704 8208 0
33088 8208 0
832 16400 0
1344 16400 0
2368 16400 0
4416 16400 0
8512 16400 0
33088 16400 0
832 32784 0
1344 32784 0
2368 32784 0
4416 32784 0
8512 32784 0
16704 32784 0
1600 48 0
2624 48 0
4672 48 0
8768 48 0
16960 48 0
33344 48 0
1600 144 0
2624 144 0
4672 144 0
8768 144 0
16960 144 0
33344 144 0
1600 272 0
2624 272 0
4672 272 0
8768 272 0
16960 272 0
33344 272 0
2624 1040 0
4672 1040 0
8768 1040 0
16960 1040 0
33344 1040 0
1600 2064 0
4672 2064 0
8768 2064 0
16960 2064 0
33344 2064 0
1600 4112 0
2624 4112 0
8768 4112 0
16960 4112 0
33344 4112 0
1600 8208 0
2624 8208 0
4672 8208 0
16960 8208 0
33344 8208 0
1600 16400 0
2624 16400 0
4672 16400 0
8768 16400 0
33344 16400 0
1600 32784 0
2624 32784 0
4672 32784 0
8768 32784 0
16960 32784 0
3136 48 0
5184 48 0
9280 48 0
17472 48 0
33856 48 0
3136 144 0
5184 144 0
9280 144 0
17472 144 0
33856 144 0
3136 272 0
5184 272 0
9280 272 0
17472 272 0
33856 272 0
3136 528 0
5184 528 0
9280 528 0
17472 528 0
33856 528 0
5184 2064 0
9280 2064 0
17472 2064 0
33856 2064 0
3136 4112 0
9280 4112 0
17472 4112 0
33856 4112 0
3136 8208 0
5184 8208 0
17472 8208 0
33856 8208 0
3136 16400 0
5184 16400 0
9280 16400 0
33856 16400 0
3136 32784 0
5184 32784 0
9280 32784 0
17472 32784 0
6208 48 0
10304 48 0
18496 48 0
34880 48 0
6208 144 0
10304 144 0
18496 144 0
34880 144 0
6208 272 0
10304 272 0
18496 272 0
34880 272 0
6208 528 0
10304 528 0
18496 528 0
34880 528 0
6208 1040 0
10304 1040 0
18496 1040 0
34880 1040 0
10304 4112 0
18496 4112 0
34880 4112 0
6208 8208 0
18496 8208 0
34880 8208 0
6208 16400 0
10304 16400 0
34880 16400 0
6208 32784 0
10304 32784 0
18496 32784 0
12352 48 0
20544 48 0
36928 48 0
12352 144 0
20544 144 0
36928 144 0
12352 272 0
20544 272 0
36928 272 0
12352 528 0
20544 528 0
36928 528 0
12352 1040 0
20544 1040 0
36928 1040 0
12352 2064 0
20544 2064 0
36928 2064 0
20544 8208 0
36928 8208 0
12352 16400 0
36928 16400 0
12352 32784 0
20544 32784 0
24640 48 0
41024 48 0
24640 144 0
41024 144 0
24640 272 0
41024 272 0
24640 528 0
41024 528 0
24640 1040 0
41024 1040 0
24640 2064 0
41024 2064 0
24640 4112 0
41024 4112 0
41024 16400 0
24640 32784 0
49216 48 0
49216 144 0
49216 272 0
49216 528 0
49216 1040 0
49216 2064 0
49216 4112 0
49216 8208 0
704 288 0
1216 288 0
2240 288 0
4288 288 0
8384 288 0
16576 288 0
32960 288 0
448 544 0
1216 544 0
2240 544 0
4288 544 0
8384 544 0
16576 544 0
32960 544 0
448 1056 0
704 1056 0
2240 1056 0
4288 1056 0
8384 1056 0
16576 1056 0
32960 1056 0
448 2080 0
704 2080 0
1216 2080 0
4288 2080 0
8384 2080 0
16576 2080 0
32960 2080 0
448 4128 0
704 4128 0
1216 4128 0
2240 4128 0
8384 4128 0
16576 4128 0
32960 4128 0
448 8224 0
704 8224 0
1216 8224 0
2240 8224 0
4288 8224 0
16576 8224 0
32960 8224 0
448 16416 0
704 16416 0
1216 16416 0
2240 16416 0
4288 16416 0
8384 16416 0
32960 16416 0
448 32800 0
704 32800 0
1216 32800 0
2240 32800 0
4288 32800 0
8384 32800 0
16576 32800 0
832 160 0
1344 160 0
2368 160 0
4416 160 0
8512 160 0
16704 160 0
33088 160 0
1344 544 0
2368 544 0
4416 544 0
8512 544 0
16704 544 0
33088 544 0
832 1056 0
2368 1056 0
4416 1056 0
8512 1056 0
16704 1056 0
33088 1056 0
832 2080 0
1344 2080 0
4416 2080 0
8512 2080 0
16704 2080 0
33088 2080 0
832 4128 0
1344 4128 0
2368 4128 0
8512 4128 0
16704 4128 0
33088 4128 0
832 8224 0
1344 8224 0
2368 8224 0
4416 8224 0
16704 8224 0
33088 8224 0
832 16416 0
1344 16416 0
2368 16416 0
4416 16416 0
8512 16416 0
33088 16416 0
832 32800 0
1344 32800 0
2368 32800 0
4416 32800 0
8512 32800 0
16704 32800 0
1600 160 0
2624 160 0
4672 160 0
8768 160 0
16960 160 0
33344 160 0
1600 288 0
2624 288 0
4672 288 0
8768 288 0
16960 288 0
33344 288 0
2624 1056 0
4672 1056 0
8768 1056 0
16960 1056 0
33344 1056 0
1600 2080 0
4672 2080 0
8768 2080 0
16960 2080 0
33344 2080 0
1600 4128 0
2624 4128 0
8768 4128 0
16960 4128 0
33344 4128 0
1600 8224 0
2624 8224 0
4672 8224 0
16960 8224 0
33344 8224 0
1600 16416 0
2624 16416 0
4672 16416 0
8768 16416 0
33344 16416 0
1600 32800 0
2624 32800 0
4672 32800 0
8768 32800 0
16960 32800 0
3136 160 0
5184 160 0
9280 160 0
17472 160 0
33856 160 0
3136 288 0
5184 288 0
9280 288 0
17472 288 0
33856 288 0
3136 544 0
5184 544 0
9280 544 0
17472 544 0
33856 544 0
5184 2080 0
9280 2080 0
17472 2080 0
33856 2080 0
3136 4128 0
9280 4128 0
17472 4128 0
33856 4128 0
3136 8224 0
5184 8224 0
17472 8224 0
33856 8224 0
3136 16416 0
5184 16416 0
9280 16416 0
33856 16416 0
3136 32800 0
5184 32800 0
9280 32800 0
17472 32800 0
6208 160 0
10304 160 0
18496 160 0
34880 160 0
6208 288 0
10304 288 0
18496 288 0
34880 288 0
6208 544 0
10304 544 0
18496 544 0
34880 544 0
6208 1056 0
10304 1056 0
18496 1056 0
34880 1056 0
10304 4128 0
18496 4128 0
34880 4128 0
6208 8224 0
18496 8224 0
34880 8224 0
6208 16416 0
10304 16416 0
34880 16416 0
6208 32800 0
10304 32800 0
18496 32800 0
12352 160 0
20544 160 0
36928 160 0
12352 288 0
20544 288 0
36928 288 0
12352 544 0
20544 544 0
36928 544 0
12352 1056 0
20544 1056 0
36928 1056 0
12352 2080 0
20544 2080 0
36928 2080 0
20544 8224 0
36928 8224 0
12352 16416 0
36928 16416 0
12352 32800 0
20544 32800 0
24640 160 0
41024 160 0
24640 288 0
41024 288 0
24640 544 0
41024 544 0
24640 1056 0
41024 1056 0
24640 2080 0
41024 2080 0
24640 4128 0
41024 4128 0
41024 16416 0
24640 32800 0
49216 160 0
49216 288 0
49216 544 0
49216 1056 0
49216 2080 0
49216 4128 0
49216 8224 0
1344 640 0
2368 640 0
4416 640 0
8512 640 0
16704 640 0
33088 640 0
832 1152 0
2368 1152 0
4416 1152 0
8512 1152 0
16704 1152 0
33088 1152 0
832 2176 0
1344 2176 0
4416 2176 0
8512 2176 0
16704 2176 0
33088 2176 0
832 4224 0
1344 4224 0
2368 4224 0
8512 4224 0
16704 4224 0
33088 4224 0
832 8320 0
1344 8320 0
2368 8320 0
4416 8320 0
16704 8320 0
33088 8320 0
832 16512 0
1344 16512 0
2368 16512 0
4416 16512 0
8512 16512 0
33088 16512 0
832 32896 0
1344 32896 0
2368 32896 0
4416 32896 0
8512 32896 0
16704 32896 0
1600 384 0
2624 384 0
4672 384 0
8768 384 0
16960 384 0
33344 384 0
2624 1152 0
4672 1152 0
8768 1152 0
16960 1152 0
33344 1152 0
1600 2176 0
4672 2176 0
8768 2176 0
16960 2176 0
33344 2176 0
1600 4224 0
2624 4224 0
8768 4224 0
16960 4224 0
33344 4224 0
1600 8320 0
2624 8320 0
4672 8320 0
16960 8320 0
33344 8320 0
1600 16512 0
2624 16512 0
4672 16512 0
8768 16512 0
33344 16512 0
1600 32896 0
2624 32896 0
4672 32896 0
8768 32896 0
16960 32896 0
3136 384 0
5184 384 0
9280 384 0
17472 384 0
33856 384 0
3136 640 0
5184 640 0
9280 640 0
17472 640 0
33856 640 0
5184 2176 0
9280 2176 0
17472 2176 0
33856 2176 0
3136 4224 0
9280 4224 0
17472 4224 0
33856 4224 0
3136 8320 0
5184 8320 0
17472 8320 0
33856 8320 0
3136 16512 0
5184 16512 0
9280 16512 0
33856 16512 0
3136 32896 0
5184 32896 0
9280 32896 0
17472 32896 0
6208 384 0
10304 384 0
18496 384 0
34880 384 0
6208 640 0
10304 640 0
18496 640 0
34880 640 0
6208 1152 0
10304 1152 0
18496 1152 0
34880 1152 0
10304 4224 0
18496 4224 0
34880 4224 0
6208 8320 0
18496 8320 0
34880 8320 0
6208 16512 0
10304 16512 0
34880 16512 0
6208 32896 0
10304 32896 0
18496 32896 0
12352 384 0
20544 384 0
36928 384 0
12352 640 0
20544 640 0
36928 640 0
12352 1152 0
20544 1152 0
36928 1152 0
12352 2176 0
20544 2176 0
36928 2176 0
20544 8320 0
36928 8320 0
12352 16512 0
36928 16512 0
12352 32896 0
20544 32896 0
24640 384 0
41024 384 0
24640 640 0
41024 640 0
24640 1152 0
41024 1152 0
24640 2176 0
41024 2176 0
24640 4224 0
41024 4224 0
41024 16512 0
24640 32896 0
49216 384 0
49216 640 0
49216 1152 0
49216 2176 0
49216 4224 0
49216 8320 0
1216 768 0
2240 768 0
4288 768 0
8384 768 0
16576 768 0
32960 768 0
704 1280 0
2240 1280 0
4288 1280 0
8384 1280 0
16576 1280 0
32960 1280 0
704 2304 0
1216 2304 0
4288 2304 0
8384 2304 0
16576 2304 0
32960 2304 0
704 4352 0
1216 4352 0
2240 4352 0
8384 4352 0
16576 4352 0
32960 4352 0
704 8448 0
1216 8448 0
2240 8448 0
4288 8448 0
16576 8448 0
32960 8448 0
704 16640 0
1216 16640 0
2240 16640 0
4288 16640 0
8384 16640 0
32960 16640 0
704 33024 0
1216 33024 0
2240 33024 0
4288 33024 0
8384 33024 0
16576 33024 0
2624 1280 0
4672 1280 0
8768 1280 0
16960 1280 0
33344 1280 0
1600 2304 0
4672 2304 0
8768 2304 0
16960 2304 0
33344 2304 0
1600 4352 0
2624 4352 0
8768 4352 0
16960 4352 0
33344 4352 0
1600 8448 0
2624 8448 0
4672 8448 0
16960 8448 0
33344 8448 0
1600 16640 0
2624 16640 0
4672 16640 0
8768 16640 0
33344 16640 0
1600 33024 0
2624 33024 0
4672 33024 0
8768 33024 0
16960 33024 0
3136 768 0
5184 768 0
9280 768 0
17472 768 0
33856 768 0
5184 2304 0
9280 2304 0
17472 2304 0
33856 2304 0
3136 4352 0
9280 4352 0
17472 4352 0
33856 4352 0
3136 8448 0
5184 8448 0
17472 8448 0
33856 8448 0
3136 16640 0
5184 16640 0
9280 16640 0
33856 16640 0
3136 33024 0
5184 33024 0
9280 33024 0
17472 33024 0
6208 768 0
10304 768 0
18496 768 0
34880 768 0
6208 1280 0
10304 1280 0
18496 1280 0
34880 1280 0
10304 4352 0
18496 4352 0
34880 4352 0
6208 8448 0
18496 8448 0
34880 8448 0
6208 16640 0
10304 16640 0
34880 16640 0
6208 33024 0
10304 33024 0
18496 33024 0
12352 768 0
20544 768 0
36928 768 0
12352 1280 0
20544 1280 0
36928 1280 0
12352 2304 0
20544 2304 0
36928 2304 0
20544 8448 0
36928 8448 0
12352 16640 0
36928 16640 0
12352 33024 0
20544 33024 0
24640 768 0
41024 768 0
24640 1280 0
41024 1280 0
24640 2304 0
41024 2304 0
24640 4352 0
41024 4352 0
41024 16640 0
24640 33024 0
49216 768 0
49216 1280 0
49216 2304 0
49216 4352 0
49216 8448 0
448 1536 0
2240 1536 0
4288 1536 0
8384 1536 0
16576 1536 0
32960 1536 0
448 2560 0
1216 2560 0
4288 2560 0
8384 2560 0
16576 2560 0
32960 2560 0
448 4608 0
1216 4608 0
2240 4608 0
8384 4608 0
16576 4608 0
32960 4608 0
448 8704 0
1216 8704 0
2240 8704 0
4288 8704 0
16576 8704 0
32960 8704 0
448 16896 0
1216 16896 0
2240 16896 0
4288 16896 0
8384 16896 0
32960 16896 0
448 33280 0
1216 33280 0
2240 33280 0
4288 33280 0
8384 33280 0
16576 33280 0
2368 1536 0
4416 1536 0
8512 1536 0
16704 1536 0
33088 1536 0
1344 2560 0
4416 2560 0
8512 2560 0
16704 2560 0
33088 2560 0
1344 4608 0
2368 4608 0
8512 4608 0
16704 4608 0
33088 4608 0
1344 8704 0
2368 8704 0
4416 8704 0
16704 8704 0
33088 8704 0
1344 16896 0
2368 16896 0
4416 16896 0
8512 16896 0
33088 16896 0
1344 33280 0
2368 33280 0
4416 33280 0
8512 33280 0
16704 33280 0
5184 2560 0
9280 2560 0
17472 2560 0
33856 2560 0
3136 4608 0
9280 4608 0
17472 4608 0
33856 4608 0
3136 8704 0
5184 8704 0
17472 8704 0
33856 8704 0
3136 16896 0
5184 16896 0
9280 16896 0
33856 16896 0
3136 33280 0
5184 33280 0
9280 33280 0
17472 33280 0
6208 1536 0
10304 1536 0
18496 1536 0
34880 1536 0
10304 4608 0
18496 4608 0
34880 4608 0
6208 8704 0
18496 8704 0
34880 8704 0
6208 16896 0
10304 16896 0
34880 16896 0
6208 33280 0
10304 33280 0
18496 33280 0
12352 1536 0
20544 1536 0
36928 1536 0
12352 2560 0
20544 2560 0
36928 2560 0
20544 8704 0
36928 8704 0
12352 16896 0
36928 16896 0
12352 33280 0
20544 33280 0
24640 1536 0
41024 1536 0
24640 2560 0
41024 2560 0
24640 4608 0
41024 4608 0
41024 16896 0
24640 33280 0
49216 1536 0
49216 2560 0
49216 4608 0
49216 8704 0
448 3072 0
704 3072 0
4288 3072 0
8384 3072 0
16576 3072 0
32960 3072 0
448 5120 0
704 5120 0
2240 5120 0
8384 5120 0
16576 5120 0
32960 5120 0
448 9216 0
704 9216 0
2240 9216 0
4288 9216 0
16576 9216 0
32960 9216 0
448 17408 0
704 17408 0
2240 17408 0
4288 17408 0
8384 17408 0
32960 17408 0
448 33792 0
704 33792 0
2240 33792 0
4288 33792 0
8384 33792 0
16576 33792 0
832 3072 0
4416 3072 0
8512 3072 0
16704 3072 0
33088 3072 0
832 5120 0
2368 5120 0
8512 5120 0
16704 5120 0
33088 5120 0
832 9216 0
2368 9216 0
4416 9216 0
16704 9216 0
33088 9216 0
832 17408 0
2368 17408 0
4416 17408 0
8512 17408 0
33088 17408 0
832 33792 0
2368 33792 0
4416 33792 0
8512 33792 0
16704 33792 0
4672 3072 0
8768 3072 0
16960 3072 0
33344 3072 0
2624 5120 0
8768 5120 0
16960 5120 0
33344 5120 0
2624 9216 0
4672 9216 0
16960 9216 0
33344 9216 0
2624 17408 0
4672 17408 0
8768 17408 0
33344 17408 0
2624 33792 0
4672 33792 0
8768 33792 0
16960 33792 0
10304 5120 0
18496 5120 0
34880 5120 0
6208 9216 0
18496 9216 0
34880 9216 0
6208 17408 0
10304 17408 0
34880 17408 0
6208 33792 0
10304 33792 0
18496 33792 0
12352 3072 0
20544 3072 0
36928 3072 0
20544 9216 0
36928 9216 0
12352 17408 0
36928 17408 0
12352 33792 0
20544 33792 0
24640 3072 0
41024 3072 0
24640 5120 0
41024 5120 0
41024 17408 0
24640 33792 0
49216 3072 0
49216 5120 0
49216 9216 0
448 6144 0
704 6144 0
1216 6144 0
8384 6144 0
16576 6144 0
32960 6144 0
448 10240 0
704 10240 0
1216 10240 0
4288 10240 0
16576 10240 0
32960 10240 0
448 18432 0
704 18432 0
1216 18432 0
4288 18432 0
8384 18432 0
32960 18432 0
448 34816 0
704 34816 0
1216 34816 0
4288 34816 0
8384 34816 0
16576 34816 0
832 6144 0
1344 6144 0
8512 6144 0
16704 6144 0
33088 6144 0
832 10240 0
1344 10240 0
4416 10240 0
16704 10240 0
33088 10240 0
832 18432 0
1344 18432 0
4416 18432 0
8512 18432 0
33088 18432 0
832 34816 0
1344 34816 0
4416 34816 0
8512 34816 0
16704 34816 0
1600 6144 0
8768 6144 0
16960 6144 0
33344 6144 0
1600 10240 0
4672 10240 0
16960 10240 0
33344 10240 0
1600 18432 0
4672 18432 0
8768 18432 0
33344 18432 0
1600 34816 0
4672 34816 0
8768 34816 0
16960 34816 0
9280 6144 0
17472 6144 0
33856 6144 0
5184 10240 0
17472 10240 0
33856 10240 0
5184 18432 0
9280 18432 0
33856 18432 0
5184 34816 0
9280 34816 0
17472 34816 0
20544 10240 0
36928 10240 0
12352 18432 0
36928 18432 0
12352 34816 0
20544 34816 0
24640 6144 0
41024 6144 0
41024 18432 0
24640 34816 0
49216 6144 0
49216 10240 0
448 12288 0
704 12288 0
1216 12288 0
2240 12288 0
16576 12288 0
32960 12288 0
448 20480 0
704 20480 0
1216 20480 0
2240 20480 0
8384 20480 0
32960 20480 0
448 36864 0
704 36864 0
1216 36864 0
2240 36864 0
8384 36864 0
16576 36864 0
832 12288 0
1344 12288 0
2368 12288 0
16704 12288 0
33088 12288 0
832 20480 0
1344 20480 0
2368 20480 0
8512 20480 0
33088 20480 0
832 36864 0
1344 36864 0
2368 36864 0
8512 36864 0
16704 36864 0
1600 12288 0
2624 12288 0
16960 12288 0
33344 12288 0
1600 20480 0
2624 20480 0
8768 20480 0
33344 20480 0
1600 36864 0
2624 36864 0
8768 36864 0
16960 36864 0
3136 12288 0
17472 12288 0
33856 12288 0
3136 20480 0
9280 20480 0
33856 20480 0
3136 36864 0
9280 36864 0
17472 36864 0
18496 12288 0
34880 12288 0
10304 20480 0
34880 20480 0
10304 36864 0
18496 36864 0
41024 20480 0
24640 36864 0
49216 12288 0
448 24576 0
704 24576 0
1216 24576 0
2240 24576 0
4288 24576 0
32960 24576 0
448 40960 0
704 40960 0
1216 40960 0
2240 40960 0
4288 40960 0
16576 40960 0
832 24576 0
1344 24576 0
2368 24576 0
4416 24576 0
33088 24576 0
832 40960 0
1344 40960 0
2368 40960 0
4416 40960 0
16704 40960 0
1600 24576 0
2624 24576 0
4672 24576 0
33344 24576 0
1600 40960 0
2624 40960 0
4672 40960 0
16960 40960 0
3136 24576 0
5184 24576 0
33856 24576 0
3136 40960 0
5184 40960 0
17472 40960 0
6208 24576 0
34880 24576 0
6208 40960 0
18496 40960 0
36928 24576 0
20544 40960 0
448 49152 0
704 49152 0
1216 49152 0
2240 49152 0
4288 49152 0
8384 49152 0
832 49152 0
1344 49152 0
2368 49152 0
4416 49152 0
8512 49152 0
1600 49152 0
2624 49152 0
4672 49152 0
8768 49152 0
3136 49152 0
5184 49152 0
9280 49152 0
6208 49152 0
10304 49152 0
12352 49152 0
896 3 0
1408 3 0
2432 3 0
4480 3 0
8576 3 0
16768 3 0
33152 3 0
896 5 0
1408 5 0
2432 5 0
4480 5 0
8576 5 0
16768 5 0
33152 5 0
896 9 0
1408 9 0
2432 9 0
4480 9 0
8576 9 0
16768 9 0
33152 9 0
896 17 0
1408 17 0
2432 17 0
4480 17 0
8576 17 0
16768 17 0
33152 17 0
896 33 0
1408 33 0
2432 33 0
4480 33 0
8576 33 0
16768 33 0
33152 33 0
896 65 0
1408 65 0
2432 65 0
4480 65 0
8576 65 0
16768 65 0
33152 65 0
1408 513 0
2432 513 0
4480 513 0
8576 513 0
16768 513 0
33152 513 0
896 1025 0
2432 1025 0
4480 1025 0
8576 1025 0
16768 1025 0
33152 1025 0
896 2049 0
1408 2049 0
4480 2049 0
8576 2049 0
16768 2049 0
33152 2049 0
896 4097 0
1408 4097 0
2432 4097 0
8576 4097 0
16768 4097 0
33152 4097 0
896 8193 0
1408 8193 0
2432 8193 0
4480 8193 0
16768 8193 0
33152 8193 0
896 16385 0
1408 16385 0
2432 16385 0
4480 16385 0
8576 16385 0
33152 16385 0
896 32769 0
1408 32769 0
2432 32769 0
4480 32769 0
8576 32769 0
16768 32769 0
1664 3 0
2688 3 0
4736 3 0
8832 3 0
17024 3 0
33408 3 0
1664 5 0
2688 5 0
4736 5 0
8832 5 0
17024 5 0
33408 5 0
1664 9 0
2688 9 0
4736 9 0
8832 9 0
17024 9 0
33408 9 0
1664 17 0
2688 17 0
4736 17 0
8832 17 0
17024 17 0
33408 17 0
1664 33 0
2688 33 0
4736 33 0
8832 33 0
17024 33 0
33408 33 0
1664 65 0
2688 65 0
4736 65 0
8832 65 0
17024 65 0
33408 65 0
1664 257 0
2688 257 0
4736 257 0
8832 257 0
17024 257 0
33408 257 0
2688 1025 0
4736 1025 0
8832 1025 0
17024 1025 0
33408 1025 0
1664 2049 0
4736 2049 0
8832 2049 0
17024 2049 0
33408 2049 0
1664 4097 0
2688 4097 0
8832 4097 0
17024 4097 0
33408 4097 0
1664 8193 0
2688 8193 0
4736 8193 0
17024 8193 0
33408 8193 0
1664 16385 0
2688 16385 0
4736 16385 0
8832 16385 0
33408 16385 0
1664 32769 0
2688 32769 0
4736 32769 0
8832 32769 0
17024 32769 0
3200 3 0
5248 3 0
9344 3 0
17536 3 0
33920 3 0
3200 5 0
5248 5 0
9344 5 0
17536 5 0
33920 5 0
3200 9 0
5248 9 0
9344 9 0
17536 9 0
33920 9 0
3200 17 0
5248 17 0
9344 17 0
17536 17 0
33920 17 0
3200 33 0
5248 33 0
9344 33 0
17536 33 0
33920 33 0
3200 65 0
5248 65 0
9344 65 0
17536 65 0
33920 65 0
3200 257 0
5248 257 0
9344 257 0
17536 257 0
33920 257 0
3200 513 0
5248 513 0
9344 513 0
17536 513 0
33920 513 0
5248 2049 0
9344 2049 0
17536 2049 0
33920 2049 0
3200 4097 0
9344 4097 0
17536 4097 0
33920 4097 0
3200 8193 0
5248 8193 0
17536 8193 0
33920 8193 0
3200 16385 0
5248 16385 0
9344 16385 0
33920 16385 0
3200 32769 0
5248 32769 0
9344 32769 0
17536 32769 0
6272 3 0
10368 3 0
18560 3 0
34944 3 0
6272 5 0
10368 5 0
18560 5 0
34944 5 0
6272 9 0
10368 9 0
18560 9 0
34944 9 0
6272 17 0
10368 17 0
18560 17 0
34944 17 0
6272 33 0
10368 33 0
18560 33 0
34944 33 0
6272 65 0
10368 65 0
18560 65 0
34944 65 0
6272 257 0
10368 257 0
18560 257 0
34944 257 0
6272 513 0
10368 513 0
18560 513 0
34944 513 0
6272 1025 0
10368 1025 0
18560 1025 0
34944 1025 0
10368 4097 0
18560 4097 0
34944 4097 0
6272 8193 0
18560 8193 0
34944 8193 0
6272 16385 0
10368 16385 0
34944 16385 0
6272 32769 0
10368 32769 0
18560 32769 0
12416 3 0
20608 3 0
36992 3 0
12416 5 0
20608 5 0
36992 5 0
12416 9 0
20608 9 0
36992 9 0
12416 17 0
20608 17 0
36992 17 0
12416 33 0
20608 33 0
36992 33 0
12416 65 0
20608 65 0
36992 65 0
12416 257 0
20608 257 0
36992 257 0
12416 513 0
20608 513 0
36992 513 0
12416 1025 0
20608 1025 0
36992 1025 0
12416 2049 0
20608 2049 0
36992 2049 0
20608 8193 0
36992 8193 0
12416 16385 0
36992 16385 0
12416 32769 0
20608 32769 0
24704 3 0
41088 3 0
24704 5 0
41088 5 0
24704 9 0
41088 9 0
24704 17 0
41088 17 0
24704 33 0
41088 33 0
24704 65 0
41088 65 0
24704 257 0
41088 257 0
24704 513 0
41088 513 0
24704 1025 0
41088 1025 0
24704 2049 0
41088 2049 0
24704 4097 0
41088 4097 0
41088 16385 0
24704 32769 0
49280 3 0
49280 5 0
49280 9 0
49280 17 0
49280 33 0
49280 65 0
49280 257 0
49280 513 0
49280 1025 0
49280 2049 0
49280 4097 0
49280 8193 0
896 6 0
1408 6 0
2432 6 0
4480 6 0
8576 6 0
16768 6 0
33152 6 0
896 10 0
1408 10 0
2432 10 0
4480 10 0
8576 10 0
16768 10 0
33152 10 0
896 18 0
1408 18 0
2432 18 0
4480 18 0
8576 18 0
16768 18 0
33152 18 0
896 34 0
1408 34 0
2432 34 0
4480 34 0
8576 34 0
16768 34 0
33152 34 0
896 66 0
1408 66 0
2432 66 0
4480 66 0
8576 66 0
16768 66 0
33152 66 0
1408 514 0
2432 514 0
4480 514 0
8576 514 0
16768 514 0
33152 514 0
896 1026 0
2432 1026 0
4480 1026 0
8576 1026 0
16768 1026 0
33152 1026 0
896 2050 0
1408 2050 0
4480 2050 0
8576 2050 0
16768 2050 0
33152 2050 0
896 4098 0
1408 4098 0
2432 4098 0
8576 4098 0
16768 4098 0
33152 4098 0
896 8194 0
1408 8194 0
2432 8194 0
4480 8194 0
16768 8194 0
33152 8194 0
896 16386 0
1408 16386 0
2432 16386 0
4480 16386 0
8576 16386 0
33152 16386 0
896 32770 0
1408 32770 0
2432 32770 0
4480 32770 0
8576 32770 0
16768 32770 0
1664 6 0
2688 6 0
4736 6 0
8832 6 0
17024 6 0
33408 6 0
1664 10 0
2688 10 0
4736 10 0
8832 10 0
17024 10 0
33408 10 0
1664 18 0
2688 18 0
4736 18 0
8832 18 0
17024 18 0
33408 18 0
1664 34 0
2688 34 0
4736 34 0
8832 34 0
17024 34 0
33408 34 0
1664 66 0
2688 66 0
4736 66 0
8832 66 0
17024 66 0
33408 66 0
1664 258 0
2688 258 0
4736 258 0
8832 258 0
17024 258 0
33408 258 0
2688 1026 0
4736 1026 0
8832 1026 0
17024 1026 0
33408 1026 0
1664 2050 0
4736 2050 0
8832 2050 0
17024 2050 0
33408 2050 0
1664 4098 0
2688 4098 0
8832 4098 0
17024 4098 0
33408 4098 0
1664 8194 0
2688 8194 0
4736 8194 0
17024 8194 0
33408 8194 0
1664 16386 0
2688 16386 0
4736 16386 0
8832 16386 0
33408 16386 0
1664 32770 0
2688 32770 0
4736 32770 0
8832 32770 0
17024 32770 0
3200 6 0
5248 6 0
9344 6 0
17536 6 0
33920 6 0
3200 10 0
5248 10 0
9344 10 0
17536 10 0
33920 10 0
3200 18 0
5248 18 0
9344 18 0
17536 18 0
33920 18 0
3200 34 0
5248 34 0
9344 34 0
17536 34 0
33920 34 0
3200 66 0
5248 66 0
9344 66 0
17536 66 0
33920 66 0
3200 258 0
5248 258 0
9344 258 0
17536 258 0
33920 258 0
3200 514 0
5248 514 0
9344 514 0
17536 514 0
33920 514 0
5248 2050 0
9344 2050 0
17536 2050 0
33920 2050 0
3200 4098 0
9344 4098 0
17536 4098 0
33920 4098 0
3200 8194 0
5248 8194 0
17536 8194 0
33920 8194 0
3200 16386 0
5248 16386 0
9344 16386 0
33920 16386 0
3200 32770 0
5248 32770 0
9344 32770 0
17536 32770 0
6272 6 0
10368 6 0
18560 6 0
34944 6 0
6272 10 0
10368 10 0
18560 10 0
34944 10 0
6272 18 0
10368 18 0
18560 18 0
34944 18 0
6272 34 0
10368 34 0
18560 34 0
34944 34 0
6272 66 0
10368 66 0
18560 66 0
34944 66 0
6272 258 0
10368 258 0
18560 258 0
34944 258 0
6272 514 0
10368 514 0
18560 514 0
34944 514 0
6272 1026 0
10368 1026 0
18560 1026 0
34944 1026 0
10368 4098 0
18560 4098 0
34944 4098 0
6272 8194 0
18560 8194 0
34944 8194 0
6272 16386 0
10368 16386 0
34944 16386 0
6272 32770 0
10368 32770 0
18560 32770 0
12416 6 0
20608 6 0
36992 6 0
12416 10 0
20608 10 0
36992 10 0
12416 18 0
20608 18 0
36992 18 0
12416 34 0
20608 34 0
36992 34 0
12416 66 0
20608 66 0
36992 66 0
12416 258 0
20608 258 0
36992 258 0
12416 514 0
20608 514 0
36992 514 0
12416 1026 0
20608 1026 0
36992 1026 0
12416 2050 0
20608 2050 0
36992 2050 0
20608 8194 0
36992 8194 0
12416 16386 0
36992 16386 0
12416 32770 0
20608 32770 0
24704 6 0
41088 6 0
24704 10 0
41088 10 0
24704 18 0
41088 18 0
24704 34 0
41088 34 0
24704 66 0
41088 66 0
24704 258 0
41088 258 0
24704 514 0
41088 514 0
24704 1026 0
41088 1026 0
24704 2050 0
41088 2050 0
24704 4098 0
41088 4098 0
41088 16386 0
24704 32770 0
49280 6 0
49280 10 0
49280 18 0
49280 34 0
49280 66 0
49280 258 0
49280 514 0
49280 1026 0
49280 2050 0
49280 4098 0
49280 8194 0
896 12 0
1408 12 0
2432 12 0
4480 12 0
8576 12 0
16768 12 0
33152 12 0
896 20 0
1408 20 0
2432 20 0
4480 20 0
8576 20 0
16768 20 0
33152 20 0
896 36 0
1408 36 0
2432 36 0
4480 36 0
8576 36 0
16768 36 0
33152 36 0
896 68 0
1408 68 0
2432 68 0
4480 68 0
8576 68 0
16768 68 0
33152 68 0
1408 516 0
2432 516 0
4480 516 0
8576 516 0
16768 516 0
33152 516 0
896 1028 0
2432 1028 0
4480 1028 0
8576 1028 0
16768 1028 0
33152 1028 0
896 2052 0
1408 2052 0
4480 2052 0
8576 2052 0
16768 2052 0
33152 2052 0
896 4100 0
1408 4100 0
2432 4100 0
8576 4100 0
16768 4100 0
33152 4100 0
896 8196 0
1408 8196 0
2432 8196 0
4480 8196 0
16768 8196 0
33152 8196 0
896 16388 0
1408 16388 0
2432 16388 0
4480 16388 0
8576 16388 0
33152 16388 0
896 32772 0
1408 32772 0
2432 32772 0
4480 32772 0
8576 32772 0
16768 32772 0
1664 12 0
2688 12 0
4736 12 0
8832 12 0
17024 12 0
33408 12 0
1664 20 0
2688 20 0
4736 20 0
8832 20 0
17024 20 0
33408 20 0
1664 36 0
2688 36 0
4736 36 0
8832 36 0
17024 36 0
33408 36 0
1664 68 0
2688 68 0
4736 68 0
8832 68 0
17024 68 0
33408 68 0
1664 260 0
2688 260 0
4736 260 0
8832 260 0
17024 260 0
33408 260 0
2688 1028 0
4736 1028 0
8832 1028 0
17024 1028 0
33408 1028 0
1664 2052 0
4736 2052 0
8832 2052 0
17024 2052 0
33408 2052 0
1664 4100 0
2688 4100 0
8832 4100 0
17024 4100 0
33408 4100 0
1664 8196 0
2688 8196 0
4736 8196 0
17024 8196 0
33408 8196 0
1664 16388 0
2688 16388 0
4736 16388 0
8832 16388 0
33408 16388 0
1664 32772 0
2688 32772 0
4736 32772 0
8832 32772 0
17024 32772 0
3200 12 0
5248 12 0
9344 12 0
17536 12 0
33920 12 0
3200 20 0
5248 20 0
9344 20 0
17536 20 0
33920 20 0
3200 36 0
5248 36 0
9344 36 0
17536 36 0
33920 36 0
3200 68 0
5248 68 0
9344 68 0
17536 68 0
33920 68 0
3200 260 0
5248 260 0
9344 260 0
17536 260 0
33920 260 0
3200 516 0
5248 516 0
9344 516 0
17536 516 0
33920 516 0
5248 2052 0
9344 2052 0
17536 2052 0
33920 2052 0
3200 4100 0
9344 4100 0
17536 4100 0
33920 4100 0
3200 8196 0
5248 8196 0
17536 8196 0
33920 8196 0
3200 16388 0
5248 16388 0
9344 16388 0
33920 16388 0
3200 32772 0
5248 32772 0
9344 32772 0
17536 32772 0
6272 12 0
10368 12 0
18560 12 0
34944 12 0
6272 20 0
10368 20 0
18560 20 0
34944 20 0
6272 36 0
10368 36 0
18560 36 0
34944 36 0
6272 68 0
10368 68 0
18560 68 0
34944 68 0
6272 260 0
10368 260 0
18560 260 0
34944 260 0
6272 516 0
10368 516 0
18560 516 0
34944 516 0
6272 1028 0
10368 1028 0
18560 1028 0
34944 1028 0
10368 4100 0
18560 4100 0
34944 4100 0
6272 8196 0
18560 8196 0
34944 8196 0
6272 16388 0
10368 16388 0
34944 16388 0
6272 32772 0
10368 32772 0
18560 32772 0
12416 12 0
20608 12 0
36992 12 0
12416 20 0
20608 20 0
36992 20 0
12416 36 0
20608 36 0
36992 36 0
12416 68 0
20608 68 0
36992 68 0
12416 260 0
20608 260 0
36992 260 0
12416 516 0
20608 516 0
36992 516 0
12416 1028 0
20608 1028 0
36992 1028 0
12416 2052 0
20608 2052 0
36992 2052 0
20608 8196 0
36992 8196 0
12416 16388 0
36992 16388 0
12416 32772 0
20608 32772 0
24704 12 0
41088 12 0
24704 20 0
41088 20 0
24704 36 0
41088 36 0
24704 68 0
41088 68 0
24704 260 0
41088 260 0
24704 516 0
41088 516 0
24704 1028 0
41088 1028 0
24704 2052 0
41088 2052 0
24704 4100 0
41088 4100 0
41088 16388 0
24704 32772 0
49280 12 0
49280 20 0
49280 36 0
49280 68 0
49280 260 0
49280 516 0
49280 1028 0
49280 2052 0
49280 4100 0
49280 8196 0
896 24 0
1408 24 0
2432 24 0
4480 24 0
8576 24 0
16768 24 0
33152 24 0
896 40 0
1408 40 0
2432 40 0
4480 40 0
8576 40 0
16768 40 0
33152 40 0
896 72 0
1408 72 0
2432 72 0
4480 72 0
8576 72 0
16768 72 0
33152 72 0
1408 520 0
2432 520 0
4480 520 0
8576 520 0
16768 520 0
33152 520 0
896 1032 0
2432 1032 0
4480 1032 0
8576 1032 0
16768 1032 0
33152 1032 0
896 2056 0
1408 2056 0
4480 2056 0
8576 2056 0
16768 2056 0
33152 2056 0
896 4104 0
1408 4104 0
2432 4104 0
8576 4104 0
16768 4104 0
33152 4104 0
896 8200 0
1408 8200 0
2432 8200 0
4480 8200 0
16768 8200 0
33152 8200 0
896 16392 0
1408 16392 0
2432 16392 0
4480 16392 0
8576 16392 0
33152 16392 0
896 32776 0
1408 32776 0
2432 32776 0
4480 32776 0
8576 32776 0
16768 32776 0
1664 24 0
2688 24 0
4736 24 0
8832 24 0
17024 24 0
33408 24 0
1664 40 0
2688 40 0
4736 40 0
8832 40 0
17024 40 0
33408 40 0
1664 72 0
2688 72 0
4736 72 0
8832 72 0
17024 72 0
33408 72 0
1664 264 0
2688 264 0
4736 264 0
8832 264 0
17024 264 0
33408 264 0
2688 1032 0
4736 1032 0
8832 1032 0
17024 1032 0
33408 1032 0
1664 2056 0
4736 2056 0
8832 2056 0
17024 2056 0
33408 2056 0
1664 4104 0
2688 4104 0
8832 4104 0
17024 4104 0
33408 4104 0
1664 8200 0
2688 8200 0
4736 8200 0
17024 8200 0
33408 8200 0
1664 16392 0
2688 16392 0
4736 16392 0
8832 16392 0
33408 16392 0
1664 32776 0
2688 32776 0
4736 32776 0
8832 32776 0
17024 32776 0
3200 24 0
5248 24 0
9344 24 0
17536 24 0
33920 24 0
3200 40 0
5248 40 0
9344 40 0
17536 40 0
33920 40 0
3200 72 0
5248 72 0
9344 72 0
17536 72 0
33920 72 0
3200 264 0
5248 264 0
9344 264 0
17536 264 0
33920 264 0
3200 520 0
5248 520 0
9344 520 0
17536 520 0
33920 520 0
5248 2056 0
9344 2056 0
17536 2056 0
33920 2056 0
3200 4104 0
9344 4104 0
17536 4104 0
33920 4104 0
3200 8200 0
5248 8200 0
17536 8200 0
33920 8200 0
3200 16392 0
5248 16392 0
9344 16392 0
33920 16392 0
3200 32776 0
5248 32776 0
9344 32776 0
17536 32776 0
6272 24 0
10368 24 0
18560 24 0
34944 24 0
6272 40 0
10368 40 0
18560 40 0
34944 40 0
6272 72 0
10368 72 0
18560 72 0
34944 72 0
6272 264 0
10368 264 0
18560 264 0
34944 264 0
6272 520 0
10368 520 0
18560 520 0
34944 520 0
6272 1032 0
10368 1032 0
18560 1032 0
34944 1032 0
10368 4104 0
18560 4104 0
34944 4104 0
6272 8200 0
18560 8200 0
34944 8200 0
6272 16392 0
10368 16392 0
34944 16392 0
6272 32776 0
10368 32776 0
18560 32776 0
12416 24 0
20608 24 0
36992 24 0
12416 40 0
20608 40 0
36992 40 0
12416 72 0
20608 72 0
36992 72 0
12416 264 0
20608 264 0
36992 264 0
12416 520 0
20608 520 0
36992 520 0
12416 1032 0
20608 1032 0
36992 1032 0
12416 2056 0
20608 2056 0
36992 2056 0
20608 8200 0
36992 8200 0
12416 16392 0
36992 16392 0
12416 32776 0
20608 32776 0
24704 24 0
41088 24 0
24704 40 0
41088 40 0
24704 72 0
41088 72 0
24704 264 0
41088 264 0
24704 520 0
41088 520 0
24704 1032 0
41088 1032 0
24704 2056 0
41088 2056 0
24704 4104 0
41088 4104 0
41088 16392 0
24704 32776 0
49280 24 0
49280 40 0
49280 72 0
49280 264 0
49280 520 0
49280 1032 0
49280 2056 0
49280 4104 0
49280 8200 0
896 48 0
1408 48 0
2432 48 0
4480 48 0
8576 48 0
16768 48 0
33152 48 0
896 80 0
1408 80 0
2432 80 0
4480 80 0
8576 80 0
16768 80 0
33152 80 0
1408 528 0
2432 528 0
4480 528 0
8576 528 0
16768 528 0
33152 528 0
896 1040 0
2432 1040 0
4480 1040 0
8576 1040 0
16768 1040 0
33152 1040 0
896 2064 0
1408 2064 0
4480 2064 0
8576 2064 0
16768 2064 0
33152 2064 0
896 4112 0
1408 4112 0
2432 4112 0
8576 4112 0
16768 4112 0
33152 4112 0
896 8208 0
1408 8208 0
2432 8208 0
4480 8208 0
16768 8208 0
33152 8208 0
896 16400 0
1408 16400 0
2432 16400 0
4480 16400 0
8576 16400 0
33152 16400 0
896 32784 0
1408 32784 0
2432 32784 0
4480 32784 0
8576 32784 0
16768 32784 0
1664 48 0
2688 48 0
4736 48 0
8832 48 0
17024 48 0
33408 48 0
1664 80 0
2688 80 0
4736 80 0
8832 80 0
17024 80 0
33408 80 0
1664 272 0
2688 272 0
4736 272 0
8832 272 0
17024 272 0
33408 272 0
2688 1040 0
4736 1040 0
8832 1040 0
17024 1040 0
33408 1040 0
1664 2064 0
4736 2064 0
8832 2064 0
17024 2064 0
33408 2064 0
1664 4112 0
2688 4112 0
8832 4112 0
17024 4112 0
33408 4112 0
1664 8208 0
2688 8208 0
4736 8208 0
17024 8208 0
33408 8208 0
1664 16400 0
2688 16400 0
4736 16400 0
8832 16400 0
33408 16400 0
1664 32784 0
2688 32784 0
4736 32784 0
8832 32784 0
17024 32784 0
3200 48 0
5248 48 0
9344 48 0
17536 48 0
33920 48 0
3200 80 0
5248 80 0
9344 80 0
17536 80 0
33920 80 0
3200 272 0
5248 272 0
9344 272 0
17536 272 0
33920 272 0
3200 528 0
5248 528 0
9344 528 0
17536 528 0
33920 528 0
5248 2064 0
9344 2064 0
17536 2064 0
33920 2064 0
3200 4112 0
9344 4112 0
17536 4112 0
33920 4112 0
3200 8208 0
5248 8208 0
17536 8208 0
33920 8208 0
3200 16400 0
5248 16400 0
9344 16400 0
33920 16400 0
3200 32784 0
5248 32784 0
9344 32784 0
17536 32784 0
6272 48 0
10368 48 0
18560 48 0
34944 48 0
6272 80 0
10368 80 0
18560 80 0
34944 80 0
6272 272 0
10368 272 0
18560 272 0
34944 272 0
6272 528 0
10368 528 0
18560 528 0
34944 528 0
6272 1040 0
10368 1040 0
18560 1040 0
34944 1040 0
10368 4112 0
18560 4112 0
34944 4112 0
6272 8208 0
18560 8208 0
34944 8208 0
6272 16400 0
10368 16400 0
34944 16400 0
6272 32784 0
10368 32784 0
18560 32784 0
12416 48 0
20608 48 0
36992 48 0
12416 80 0
20608 80 0
36992 80 0
12416 272 0
20608 272 0
36992 272 0
12416 528 0
20608 528 0
36992 528 0
12416 1040 0
20608 1040 0
36992 1040 0
12416 2064 0
20608 2064 0
36992 2064 0
20608 8208 0
36992 8208 0
12416 16400 0
36992 16400 0
12416 32784 0
20608 32784 0
24704 48 0
41088 48 0
24704 80 0
41088 80 0
24704 272 0
41088 272 0
24704 528 0
41088 528 0
24704 1040 0
41088 1040 0
24704 2064 0
41088 2064 0
24704 4112 0
41088 4112 0
41088 16400 0
24704 32784 0
49280 48 0
49280 80 0
49280 272 0
49280 528 0
49280 1040 0
49280 2064 0
49280 4112 0
49280 8208 0
896 96 0
1408 96 0
2432 96 0
4480 96 0
8576 96 0
16768 96 0
33152 96 0
1408 544 0
2432 544 0
4480 544 0
8576 544 0
16768 544 0
33152 544 0
896 1056 0
2432 1056 0
4480 1056 0
8576 1056 0
16768 1056 0
33152 1056 0
896 2080 0
1408 2080 0
4480 2080 0
8576 2080 0
16768 2080 0
33152 2080 0
896 4128 0
1408 4128 0
2432 4128 0
8576 4128 0
16768 4128 0
33152 4128 0
896 8224 0
1408 8224 0
2432 8224 0
4480 8224 0
16768 8224 0
33152 8224 0
896 16416 0
1408 16416 0
2432 16416 0
4480 16416 0
8576 16416 0
33152 16416 0
896 32800 0
1408 32800 0
2432 32800 0
4480 32800 0
8576 32800 0
16768 32800 0
1664 96 0
2688 96 0
4736 96 0
8832 96 0
17024 96 0
33408 96 0
1664 288 0
2688 288 0
4736 288 0
8832 288 0
17024 288 0
33408 288 0
2688 1056 0
4736 1056 0
8832 1056 0
17024 1056 0
33408 1056 0
1664 2080 0
4736 2080 0
8832 2080 0
17024 2080 0
33408 2080 0
1664 4128 0
2688 4128 0
8832 4128 0
17024 4128 0
33408 4128 0
1664 8224 0
2688 8224 0
4736 8224 0
17024 8224 0
33408 8224 0
1664 16416 0
2688 16416 0
4736 16416 0
8832 16416 0
33408 16416 0
1664 32800 0
2688 32800 0
4736 32800 0
8832 32800 0
17024 32800 0
3200 96 0
5248 96 0
9344 96 0
17536 96 0
33920 96 0
3200 288 0
5248 288 0
9344 288 0
17536 288 0
33920 288 0
3200 544 0
5248 544 0
9344 544 0
17536 544 0
33920 544 0
5248 2080 0
9344 2080 0
17536 2080 0
33920 2080 0
3200 4128 0
9344 4128 0
17536 4128 0
33920 4128 0
3200 8224 0
5248 8224 0
17536 8224 0
33920 8224 0
3200 16416 0
5248 16416 0
9344 16416 0
33920 16416 0
3200 32800 0
5248 32800 0
9344 32800 0
17536 32800 0
6272 96 0
10368 96 0
18560 96 0
34944 96 0
6272 288 0
10368 288 0
18560 288 0
34944 288 0
6272 544 0
10368 544 0
18560 544 0
34944 544 0
6272 1056 0
10368 1056 0
18560 1056 0
34944 1056 0
10368 4128 0
18560 4128 0
34944 4128 0
6272 8224 0
18560 8224 0
34944 8224 0
6272 16416 0
10368 16416 0
34944 16416 0
6272 32800 0
10368 32800 0
18560 32800 0
12416 96 0
20608 96 0
36992 96 0
12416 288 0
20608 288 0
36992 288 0
12416 544 0
20608 544 0
36992 544 0
12416 1056 0
20608 1056 0
36992 1056 0
12416 2080 0
20608 2080 0
36992 2080 0
20608 8224 0
36992 8224 0
12416 16416 0
36992 16416 0
12416 32800 0
20608 32800 0
24704 96 0
41088 96 0
24704 288 0
41088 288 0
24704 544 0
41088 544 0
24704 1056 0
41088 1056 0
24704 2080 0
41088 2080 0
24704 4128 0
41088 4128 0
41088 16416 0
24704 32800 0
49280 96 0
49280 288 0
49280 544 0
49280 1056 0
49280 2080 0
49280 4128 0
49280 8224 0
1408 576 0
2432 576 0
4480 576 0
8576 576 0
16768 576 0
33152 576 0
896 1088 0
2432 1088 0
4480 1088 0
8576 1088 0
16768 1088 0
33152 1088 0
896 2112 0
1408 2112 0
4480 2112 0
8576 2112 0
16768 2112 0
33152 2112 0
896 4160 0
1408 4160 0
2432 4160 0
8576 4160 0
16768 4160 0
33152 4160 0
896 8256 0
1408 8256 0
2432 8256 0
4480 8256 0
16768 8256 0
33152 8256 0
896 16448 0
1408 16448 0
2432 16448 0
4480 16448 0
8576 16448 0
33152 16448 0
896 32832 0
1408 32832 0
2432 32832 0
4480 32832 0
8576 32832 0
16768 32832 0
1664 320 0
2688 320 0
4736 320 0
8832 320 0
17024 320 0
33408 320 0
2688 1088 0
4736 1088 0
8832 1088 0
17024 1088 0
33408 1088 0
1664 2112 0
4736 2112 0
8832 2112 0
17024 2112 0
33408 2112 0
1664 4160 0
2688 4160 0
8832 4160 0
17024 4160 0
33408 4160 0
1664 8256 0
2688 8256 0
4736 8256 0
17024 8256 0
33408 8256 0
1664 16448 0
2688 16448 0
4736 16448 0
8832 16448 0
33408 16448 0
1664 32832 0
2688 32832 0
4736 32832 0
8832 32832 0
17024 32832 0
3200 320 0
5248 320 0
9344 320 0
17536 320 0
33920 320 0
3200 576 0
5248 576 0
9344 576 0
17536 576 0
33920 576 0
5248 2112 0
9344 2112 0
17536 2112 0
33920 2112 0
3200 4160 0
9344 4160 0
17536 4160 0
33920 4160 0
3200 8256 0
5248 8256 0
17536 8256 0
33920 8256 0
3200 16448 0
5248 16448 0
9344 16448 0
33920 16448 0
3200 32832 0
5248 32832 0
9344 32832 0
17536 32832 0
6272 320 0
10368 320 0
18560 320 0
34944 320 0
6272 576 0
10368 576 0
18560 576 0
34944 576 0
6272 1088 0
10368 1088 0
18560 1088 0
34944 1088 0
10368 4160 0
18560 4160 0
34944 4160 0
6272 8256 0
18560 8256 0
34944 8256 0
6272 16448 0
10368 16448 0
34944 16448 0
6272 32832 0
10368 32832 0
18560 32832 0
12416 320 0
20608 320 0
36992 320 0
12416 576 0
20608 576 0
36992 576 0
12416 1088 0
20608 1088 0
36992 1088 0
12416 2112 0
20608 2112 0
36992 2112 0
20608 8256 0
36992 8256 0
12416 16448 0
36992 16448 0
12416 32832 0
20608 32832 0
24704 320 0
41088 320 0
24704 576 0
41088 576 0
24704 1088 0
41088 1088 0
24704 2112 0
41088 2112 0
24704 4160 0
41088 4160 0
41088 16448 0
24704 32832 0
49280 320 0
49280 576 0
49280 1088 0
49280 2112 0
49280 4160 0
49280 8256 0
2688 1280 0
4736 1280 0
8832 1280 0
17024 1280 0
33408 1280 0
1664 2304 0
4736 2304 0
8832 2304 0
17024 2304 0
33408 2304 0
1664 4352 0
2688 4352 0
8832 4352 0
17024 4352 0
33408 4352 0
1664 8448 0
2688 8448 0
4736 8448 0
17024 8448 0
33408 8448 0
1664 16640 0
2688 16640 0
4736 16640 0
8832 16640 0
33408 16640 0
1664 33024 0
2688 33024 0
4736 33024 0
8832 33024 0
17024 33024 0
3200 768 0
5248 768 0
9344 768 0
17536 768 0
33920 768 0
5248 2304 0
9344 2304 0
17536 2304 0
33920 2304 0
3200 4352 0
9344 4352 0
17536 4352 0
33920 4352 0
3200 8448 0
5248 8448 0
17536 8448 0
33920 8448 0
3200 16640 0
5248 16640 0
9344 16640 0
33920 16640 0
3200 33024 0
5248 33024 0
9344 33024 0
17536 33024 0
6272 768 0
10368 768 0
18560 768 0
34944 768 0
6272 1280 0
10368 1280 0
18560 1280 0
34944 1280 0
10368 4352 0
18560 4352 0
34944 4352 0
6272 8448 0
18560 8448 0
34944 8448 0
6272 16640 0
10368 16640 0
34944 16640 0
6272 33024 0
10368 33024 0
18560 33024 0
12416 768 0
20608 768 0
36992 768 0
12416 1280 0
20608 1280 0
36992 1280 0
12416 2304 0
20608 2304 0
36992 2304 0
20608 8448 0
36992 8448 0
12416 16640 0
36992 16640 0
12416 33024 0
20608 33024 0
24704 768 0
41088 768 0
24704 1280 0
41088 1280 0
24704 2304 0
41088 2304 0
24704 4352 0
41088 4352 0
41088 16640 0
24704 33024 0
49280 768 0
49280 1280 0
49280 2304 0
49280 4352 0
49280 8448 0
2432 1536 0
4480 1536 0
8576 1536 0
16768 1536 0
33152 1536 0
1408 2560 0
4480 2560 0
8576 2560 0
16768 2560 0
33152 2560 0
1408 4608 0
2432 4608 0
8576 4608 0
16768 4608 0
33152 4608 0
1408 8704 0
2432 8704 0
4480 8704 0
16768 8704 0
33152 8704 0
1408 16896 0
2432 16896 0
4480 16896 0
8576 16896 0
33152 16896 0
1408 33280 0
2432 33280 0
4480 33280 0
8576 33280 0
16768 33280 0
5248 2560 0
9344 2560 0
17536 2560 0
33920 2560 0
3200 4608 0
9344 4608 0
17536 4608 0
33920 4608 0
3200 8704 0
5248 8704 0
17536 8704 0
33920 8704 0
3200 16896 0
5248 16896 0
9344 16896 0
33920 16896 0
3200 33280 0
5248 33280 0
9344 33280 0
17536 33280 0
6272 1536 0
10368 1536 0
18560 1536 0
34944 1536 0
10368 4608 0
18560 4608 0
34944 4608 0
6272 8704 0
18560 8704 0
34944 8704 0
6272 16896 0
10368 16896 0
34944 16896 0
6272 33280 0
10368 33280 0
18560 33280 0
12416 1536 0
20608 1536 0
36992 1536 0
12416 2560 0
20608 2560 0
36992 2560 0
20608 8704 0
36992 8704 0
12416 16896 0
36992 16896 0
12416 33280 0
20608 33280 0
24704 1536 0
41088 1536 0
24704 2560 0
41088 2560 0
24704 4608 0
41088 4608 0
41088 16896 0
24704 33280 0
49280 1536 0
49280 2560 0
49280 4608 0
49280 8704 0
896 3072 0
4480 3072 0
8576 3072 0
16768 3072 0
33152 3072 0
896 5120 0
2432 5120 0
8576 5120 0
16768 5120 0
33152 5120 0
896 9216 0
2432 9216 0
4480 9216 0
16768 9216 0
33152 9216 0
896 17408 0
2432 17408 0
4480 17408 0
8576 17408 0
33152 17408 0
896 33792 0
2432 33792 0
4480 33792 0
8576 33792 0
16768 33792 0
4736 3072 0
8832 3072 0
17024 3072 0
33408 3072 0
2688 5120 0
8832 5120 0
17024 5120 0
33408 5120 0
2688 9216 0
4736 9216 0
17024 9216 0
33408 9216 0
2688 17408 0
4736 17408 0
8832 17408 0
33408 17408 0
2688 33792 0
4736 33792 0
8832 33792 0
17024 33792 0
10368 5120 0
18560 5120 0
34944 5120 0
6272 9216 0
18560 9216 0
34944 9216 0
6272 17408 0
10368 17408 0
34944 17408 0
6272 33792 0
10368 33792 0
18560 33792 0
12416 3072 0
20608 3072 0
36992 3072 0
20608 9216 0
36992 9216 0
12416 17408 0
36992 17408 0
12416 33792 0
20608 33792 0
24704 3072 0
41088 3072 0
24704 5120 0
41088 5120 0
41088 17408 0
24704 33792 0
49280 3072 0
49280 5120 0
49280 9216 0
896 6144 0
1408 6144 0
8576 6144 0
16768 6144 0
33152 6144 0
896 10240 0
1408 10240 0
4480 10240 0
16768 10240 0
33152 10240 0
896 18432 0
1408 18432 0
4480 18432 0
8576 18432 0
33152 18432 0
896 34816 0
1408 34816 0
4480 34816 0
8576 34816 0
16768 34816 0
1664 6144 0
8832 6144 0
17024 6144 0
33408 6144 0
1664 10240 0
4736 10240 0
17024 10240 0
33408 10240 0
1664 18432 0
4736 18432 0
8832 18432 0
33408 18432 0
1664 34816 0
4736 34816 0
8832 34816 0
17024 34816 0
9344 6144 0
17536 6144 0
33920 6144 0
5248 10240 0
17536 10240 0
33920 10240 0
5248 18432 0
9344 18432 0
33920 18432 0
5248 34816 0
9344 34816 0
17536 34816 0
20608 10240 0
36992 10240 0
12416 18432 0
36992 18432 0
12416 34816 0
20608 34816 0
24704 6144 0
41088 6144 0
41088 18432 0
24704 34816 0
49280 6144 0
49280 10240 0
896 12288 0
1408 12288 0
2432 12288 0
16768 12288 0
33152 12288 0
896 20480 0
1408 20480 0
2432 20480 0
8576 20480 0
33152 20480 0
896 36864 0
1408 36864 0
2432 36864 0
8576 36864 0
16768 36864 0
1664 12288 0
2688 12288 0
17024 12288 0
33408 12288 0
1664 20480 0
2688 20480 0
8832 20480 0
33408 20480 0
1664 36864 0
2688 36864 0
8832 36864 0
17024 36864 0
3200 12288 0
17536 12288 0
33920 12288 0
3200 20480 0
9344 20480 0
33920 20480 0
3200 36864 0
9344 36864 0
17536 36864 0
18560 12288 0
34944 12288 0
10368 20480 0
34944 20480 0
10368 36864 0
18560 36864 0
41088 20480 0
24704 36864 0
49280 12288 0
896 24576 0
1408 24576 0
2432 24576 0
4480 24576 0
33152 24576 0
896 40960 0
1408 40960 0
2432 40960 0
4480 40960 0
16768 40960 0
1664 24576 0
2688 24576 0
4736 24576 0
33408 24576 0
1664 40960 0
2688 40960 0
4736 40960 0
17024 40960 0
3200 24576 0
5248 24576 0
33920 24576 0
3200 40960 0
5248 40960 0
17536 40960 0
6272 24576 0
34944 24576 0
6272 40960 0
18560 40960 0
36992 24576 0
20608 40960 0
896 49152 0
1408 49152 0
2432 49152 0
4480 49152 0
8576 49152 0
1664 49152 0
2688 49152 0
4736 49152 0
8832 49152 0
3200 49152 0
5248 49152 0
9344 49152 0
6272 49152 0
10368 49152 0
12416 49152 0
1792 3 0
2816 3 0
4864 3 0
8960 3 0
17152 3 0
33536 3 0
1792 5 0
2816 5 0
4864 5 0
8960 5 0
17152 5 0
33536 5 0
1792 9 0
2816 9 0
4864 9 0
8960 9 0
17152 9 0
33536 9 0
1792 17 0
2816 17 0
4864 17 0
8960 17 0
17152 17 0
33536 17 0
1792 33 0
2816 33 0
4864 33 0
8960 33 0
17152 33 0
33536 33 0
1792 65 0
2816 65 0
4864 65 0
8960 65 0
17152 65 0
33536 65 0
1792 129 0
2816 129 0
4864 129 0
8960 129 0
17152 129 0
33536 129 0
2816 1025 0
4864 1025 0
8960 1025 0
17152 1025 0
33536 1025 0
1792 2049 0
4864 2049 0
8960 2049 0
17152 2049 0
33536 2049 0
1792 4097 0
2816 4097 0
8960 4097 0
17152 4097 0
33536 4097 0
1792 8193 0
2816 8193 0
4864 8193 0
17152 8193 0
33536 8193 0
1792 16385 0
2816 16385 0
4864 16385 0
8960 16385 0
33536 16385 0
1792 32769 0
2816 32769 0
4864 32769 0
8960 32769 0
17152 32769 0
3328 3 0
5376 3 0
9472 3 0
17664 3 0
34048 3 0
3328 5 0
5376 5 0
9472 5 0
17664 5 0
34048 5 0
3328 9 0
5376 9 0
9472 9 0
17664 9 0
34048 9 0
3328 17 0
5376 17 0
9472 17 0
17664 17 0
34048 17 0
3328 33 0
5376 33 0
9472 33 0
17664 33 0
34048 33 0
3328 65 0
5376 65 0
9472 65 0
17664 65 0
34048 65 0
3328 129 0
5376 129 0
9472 129 0
17664 129 0
34048 129 0
3328 513 0
5376 513 0
9472 513 0
17664 513 0
34048 513 0
5376 2049 0
9472 2049 0
17664 2049 0
34048 2049 0
3328 4097 0
9472 4097 0
17664 4097 0
34048 4097 0
3328 8193 0
5376 8193 0
17664 8193 0
34048 8193 0
3328 16385 0
5376 16385 0
9472 16385 0
34048 16385 0
3328 32769 0
5376 32769 0
9472 32769 0
17664 32769 0
6400 3 0
10496 3 0
18688 3 0
35072 3 0
6400 5 0
10496 5 0
18688 5 0
35072 5 0
6400 9 0
10496 9 0
18688 9 0
35072 9 0
6400 17 0
10496 17 0
18688 17 0
35072 17 0
6400 33 0
10496 33 0
18688 33 0
35072 33 0
6400 65 0
10496 65 0
18688 65 0
35072 65 0
6400 129 0
10496 129 0
18688 129 0
35072 129 0
6400 513 0
10496 513 0
18688 513 0
35072 513 0
6400 1025 0
10496 1025 0
18688 1025 0
35072 1025 0
10496 4097 0
18688 4097 0
35072 4097 0
6400 8193 0
18688 8193 0
35072 8193 0
6400 16385 0
10496 16385 0
35072 16385 0
6400 32769 0
10496 32769 0
18688 32769 0
12544 3 0
20736 3 0
37120 3 0
12544 5 0
20736 5 0
37120 5 0
12544 9 0
20736 9 0
37120 9 0
12544 17 0
20736 17 0
37120 17 0
12544 33 0
20736 33 0
37120 33 0
12544 65 0
20736 65 0
37120 65 0
12544 129 0
20736 129 0
37120 129 0
12544 513 0
20736 513 0
37120 513 0
12544 1025 0
20736 1025 0
37120 1025 0
12544 2049 0
20736 2049 0
37120 2049 0
20736 8193 0
37120 8193 0
12544 16385 0
37120 16385 0
12544 32769 0
20736 32769 0
24832 3 0
41216 3 0
24832 5 0
41216 5 0
24832 9 0
41216 9 0
24832 17 0
41216 17 0
24832 33 0
41216 33 0
24832 65 0
41216 65 0
24832 129 0
41216 129 0
24832 513 0
41216 513 0
24832 1025 0
41216 1025 0
24832 2049 0
41216 2049 0
24832 4097 0
41216 4097 0
41216 16385 0
24832 32769 0
49408 3 0
49408 5 0
49408 9 0
49408 17 0
49408 33 0
49408 65 0
49408 129 0
49408 513 0
49408 1025 0
49408 2049 0
49408 4097 0
49408 8193 0
1792 6 0
2816 6 0
4864 6 0
8960 6 0
17152 6 0
33536 6 0
1792 10 0
2816 10 0
4864 10 0
8960 10 0
17152 10 0
33536 10 0
1792 18 0
2816 18 0
4864 18 0
8960 18 0
17152 18 0
33536 18 0
1792 34 0
2816 34 0
4864 34 0
8960 34 0
17152 34 0
33536 34 0
1792 66 0
2816 66 0
4864 66 0
8960 66 0
17152 66 0
33536 66 0
1792 130 0
2816 130 0
4864 130 0
8960 130 0
17152 130 0
33536 130 0
2816 1026 0
4864 1026 0
8960 1026 0
17152 1026 0
33536 1026 0
1792 2050 0
4864 2050 0
8960 2050 0
17152 2050 0
33536 2050 0
1792 4098 0
2816 4098 0
8960 4098 0
17152 4098 0
33536 4098 0
1792 8194 0
2816 8194 0
4864 8194 0
17152 8194 0
33536 8194 0
1792 16386 0
2816 16386 0
4864 16386 0
8960 16386 0
33536 16386 0
1792 32770 0
2816 32770 0
4864 32770 0
8960 32770 0
17152 32770 0
3328 6 0
5376 6 0
9472 6 0
17664 6 0
34048 6 0
3328 10 0
5376 10 0
9472 10 0
17664 10 0
34048 10 0
3328 18 0
5376 18 0
9472 18 0
17664 18 0
34048 18 0
3328 34 0
5376 34 0
9472 34 0
17664 34 0
34048 34 0
3328 66 0
5376 66 0
9472 66 0
17664 66 0
34048 66 0
3328 130 0
5376 130 0
9472 130 0
17664 130 0
34048 130 0
3328 514 0
5376 514 0
9472 514 0
17664 514 0
34048 514 0
5376 2050 0
9472 2050 0
17664 2050 0
34048 2050 0
3328 4098 0
9472 4098 0
17664 4098 0
34048 4098 0
3328 8194 0
5376 8194 0
17664 8194 0
34048 8194 0
3328 16386 0
5376 16386 0
9472 16386 0
34048 16386 0
3328 32770 0
5376 32770 0
9472 32770 0
17664 32770 0
6400 6 0
10496 6 0
18688 6 0
35072 6 0
6400 10 0
10496 10 0
18688 10 0
35072 10 0
6400 18 0
10496 18 0
18688 18 0
35072 18 0
6400 34 0
10496 34 0
18688 34 0
35072 34 0
6400 66 0
10496 66 0
18688 66 0
35072 66 0
6400 130 0
10496 130 0
18688 130 0
35072 130 0
6400 514 0
10496 514 0
18688 514 0
35072 514 0
6400 1026 0
10496 1026 0
18688 1026 0
35072 1026 0
10496 4098 0
18688 4098 0
35072 4098 0
6400 8194 0
18688 8194 0
35072 8194 0
6400 16386 0
10496 16386 0
35072 16386 0
6400 32770 0
10496 32770 0
18688 32770 0
12544 6 0
20736 6 0
37120 6 0
12544 10 0
20736 10 0
37120 10 0
12544 18 0
20736 18 0
37120 18 0
12544 34 0
20736 34 0
37120 34 0
12544 66 0
20736 66 0
37120 66 0
12544 130 0
20736 130 0
37120 130 0
12544 514 0
20736 514 0
37120 514 0
12544 1026 0
20736 1026 0
37120 1026 0
12544 2050 0
20736 2050 0
37120 2050 0
20736 8194 0
37120 8194 0
12544 16386 0
37120 16386 0
12544 32770 0
20736 32770 0
24832 6 0
41216 6 0
24832 10 0
41216 10 0
24832 18 0
41216 18 0
24832 34 0
41216 34 0
24832 66 0
41216 66 0
24832 130 0
41216 130 0
24832 514 0
41216 514 0
24832 1026 0
41216 1026 0
24832 2050 0
41216 2050 0
24832 4098 0
41216 4098 0
41216 16386 0
24832 32770 0
49408 6 0
49408 10 0
49408 18 0
49408 34 0
49408 66 0
49408 130 0
49408 514 0
49408 1026 0
49408 2050 0
49408 4098 0
49408 8194 0
1792 12 0
2816 12 0
4864 12 0
8960 12 0
17152 12 0
33536 12 0
1792 20 0
2816 20 0
4864 20 0
8960 20 0
17152 20 0
33536 20 0
1792 36 0
2816 36 0
4864 36 0
8960 36 0
17152 36 0
33536 36 0
1792 68 0
2816 68 0
4864 68 0
8960 68 0
17152 68 0
33536 68 0
1792 132 0
2816 132 0
4864 132 0
8960 132 0
17152 132 0
33536 132 0
2816 1028 0
4864 1028 0
8960 1028 0
17152 1028 0
33536 1028 0
1792 2052 0
4864 2052 0
8960 2052 0
17152 2052 0
33536 2052 0
1792 4100 0
2816 4100 0
8960 4100 0
17152 4100 0
33536 4100 0
1792 8196 0
2816 8196 0
4864 8196 0
17152 8196 0
33536 8196 0
1792 16388 0
2816 16388 0
4864 16388 0
8960 16388 0
33536 16388 0
1792 32772 0
2816 32772 0
4864 32772 0
8960 32772 0
17152 32772 0
3328 12 0
5376 12 0
9472 12 0
17664 12 0
34048 12 0
3328 20 0
5376 20 0
9472 20 0
17664 20 0
34048 20 0
3328 36 0
5376 36 0
9472 36 0
17664 36 0
34048 36 0
3328 68 0
5376 68 0
9472 68 0
17664 68 0
34048 68 0
3328 132 0
5376 132 0
9472 132 0
17664 132 0
34048 132 0
3328 516 0
5376 516 0
9472 516 0
17664 516 0
34048 516 0
5376 2052 0
9472 2052 0
17664 2052 0
34048 2052 0
3328 4100 0
9472 4100 0
17664 4100 0
34048 4100 0
3328 8196 0
5376 8196 0
17664 8196 0
34048 8196 0
3328 16388 0
5376 16388 0
9472 16388 0
34048 16388 0
3328 32772 0
5376 32772 0
9472 32772 0
17664 32772 0
6400 12 0
10496 12 0
18688 12 0
35072 12 0
6400 20 0
10496 20 0
18688 20 0
35072 20 0
6400 36 0
10496 36 0
18688 36 0
35072 36 0
6400 68 0
10496 68 0
18688 68 0
35072 68 0
6400 132 0
10496 132 0
18688 132 0
35072 132 0
6400 516 0
10496 516 0
18688 516 0
35072 516 0
6400 1028 0
10496 1028 0
18688 1028 0
35072 1028 0
10496 4100 0
18688 4100 0
35072 4100 0
6400 8196 0
18688 8196 0
35072 8196 0
6400 16388 0
10496 16388 0
35072 16388 0
6400 32772 0
10496 32772 0
18688 32772 0
12544 12 0
20736 12 0
37120 12 0
12544 20 0
20736 20 0
37120 20 0
12544 36 0
20736 36 0
37120 36 0
12544 68 0
20736 68 0
37120 68 0
12544 132 0
20736 132 0
37120 132 0
12544 516 0
20736 516 0
37120 516 0
12544 1028 0
20736 1028 0
37120 1028 0
12544 2052 0
20736 2052 0
37120 2052 0
20736 8196 0
37120 8196 0
12544 16388 0
37120 16388 0
12544 32772 0
20736 32772 0
24832 12 0
41216 12 0
24832 20 0
41216 20 0
24832 36 0
41216 36 0
24832 68 0
41216 68 0
24832 132 0
41216 132 0
24832 516 0
41216 516 0
24832 1028 0
41216 1028 0
24832 2052 0
41216 2052 0
24832 4100 0
41216 4100 0
41216 16388 0
24832 32772 0
49408 12 0
49408 20 0
49408 36 0
49408 68 0
49408 132 0
49408 516 0
49408 1028 0
49408 2052 0
49408 4100 0
49408 8196 0
1792 24 0
2816 24 0
4864 24 0
8960 24 0
17152 24 0
33536 24 0
1792 40 0
2816 40 0
4864 40 0
8960 40 0
17152 40 0
33536 40 0
1792 72 0
2816 72 0
4864 72 0
8960 72 0
17152 72 0
33536 72 0
1792 136 0
2816 136 0
4864 136 0
8960 136 0
17152 136 0
33536 136 0
2816 1032 0
4864 1032 0
8960 1032 0
17152 1032 0
33536 1032 0
1792 2056 0
4864 2056 0
8960 2056 0
17152 2056 0
33536 2056 0
1792 4104 0
2816 4104 0
8960 4104 0
17152 4104 0
33536 4104 0
1792 8200 0
2816 8200 0
4864 8200 0
17152 8200 0
33536 8200 0
1792 16392 0
2816 16392 0
4864 16392 0
8960 16392 0
33536 16392 0
1792 32776 0
2816 32776 0
4864 32776 0
8960 32776 0
17152 32776 0
3328 24 0
5376 24 0
9472 24 0
17664 24 0
34048 24 0
3328 40 0
5376 40 0
9472 40 0
17664 40 0
34048 40 0
3328 72 0
5376 72 0
9472 72 0
17664 72 0
34048 72 0
3328 136 0
5376 136 0
9472 136 0
17664 136 0
34048 136 0
3328 520 0
5376 520 0
9472 520 0
17664 520 0
34048 520 0
5376 2056 0
9472 2056 0
17664 2056 0
34048 2056 0
3328 4104 0
9472 4104 0
17664 4104 0
34048 4104 0
3328 8200 0
5376 8200 0
17664 8200 0
34048 8200 0
3328 16392 0
5376 16392 0
9472 16392 0
34048 16392 0
3328 32776 0
5376 32776 0
9472 32776 0
17664 32776 0
6400 24 0
10496 24 0
18688 24 0
35072 24 0
6400 40 0
10496 40 0
18688 40 0
35072 40 0
6400 72 0
10496 72 0
18688 72 0
35072 72 0
6400 136 0
10496 136 0
18688 136 0
35072 136 0
6400 520 0
10496 520 0
18688 520 0
35072 520 0
6400 1032 0
10496 1032 0
18688 1032 0
35072 1032 0
10496 4104 0
18688 4104 0
35072 4104 0
6400 8200 0
18688 8200 0
35072 8200 0
6400 16392 0
10496 16392 0
35072 16392 0
6400 32776 0
10496 32776 0
18688 32776 0
12544 24 0
20736 24 0
37120 24 0
12544 40 0
20736 40 0
37120 40 0
12544 72 0
20736 72 0
37120 72 0
12544 136 0
20736 136 0
37120 136 0
12544 520 0
20736 520 0
37120 520 0
12544 1032 0
20736 1032 0
37120 1032 0
12544 2056 0
20736 2056 0
37120 2056 0
20736 8200 0
37120 8200 0
12544 16392 0
37120 16392 0
12544 32776 0
20736 32776 0
24832 24 0
41216 24 0
24832 40 0
41216 40 0
24832 72 0
41216 72 0
24832 136 0
41216 136 0
24832 520 0
41216 520 0
24832 1032 0
41216 1032 0
24832 2056 0
41216 2056 0
24832 4104 0
41216 4104 0
41216 16392 0
24832 32776 0
49408 24 0
49408 40 0
49408 72 0
49408 136 0
49408 520 0
49408 1032 0
49408 2056 0
49408 4104 0
49408 8200 0
1792 48 0
2816 48 0
4864 48 0
8960 48 0
17152 48 0
33536 48 0
1792 80 0
2816 80 0
4864 80 0
8960 80 0
17152 80 0
33536 80 0
1792 144 0
2816 144 0
4864 144 0
8960 144 0
17152 144 0
33536 144 0
2816 1040 0
4864 1040 0
8960 1040 0
17152 1040 0
33536 1040 0
1792 2064 0
4864 2064 0
8960 2064 0
17152 2064 0
33536 2064 0
1792 4112 0
2816 4112 0
8960 4112 0
17152 4112 0
33536 4112 0
1792 8208 0
2816 8208 0
4864 8208 0
17152 8208 0
33536 8208 0
1792 16400 0
2816 16400 0
4864 16400 0
8960 16400 0
33536 16400 0
1792 32784 0
2816 32784 0
4864 32784 0
8960 32784 0
17152 32784 0
3328 48 0
5376 48 0
9472 48 0
17664 48 0
34048 48 0
3328 80 0
5376 80 0
9472 80 0
17664 80 0
34048 80 0
3328 144 0
5376 144 0
9472 144 0
17664 144 0
34048 144 0
3328 528 0
5376 528 0
9472 528 0
17664 528 0
34048 528 0
5376 2064 0
9472 2064 0
17664 2064 0
34048 2064 0
3328 4112 0
9472 4112 0
17664 4112 0
34048 4112 0
3328 8208 0
5376 8208 0
17664 8208 0
34048 8208 0
3328 16400 0
5376 16400 0
9472 16400 0
34048 16400 0
3328 32784 0
5376 32784 0
9472 32784 0
17664 32784 0
6400 48 0
10496 48 0
18688 48 0
35072 48 0
6400 80 0
10496 80 0
18688 80 0
35072 80 0
6400 144 0
10496 144 0
18688 144 0
35072 144 0
6400 528 0
10496 528 0
18688 528 0
35072 528 0
6400 1040 0
10496 1040 0
18688 1040 0
35072 1040 0
10496 4112 0
18688 4112 0
35072 4112 0
6400 8208 0
18688 8208 0
35072 8208 0
6400 16400 0
10496 16400 0
35072 16400 0
6400 32784 0
10496 32784 0
18688 32784 0
12544 48 0
20736 48 0
37120 48 0
12544 80 0
20736 80 0
37120 80 0
12544 144 0
20736 144 0
37120 144 0
12544 528 0
20736 528 0
37120 528 0
12544 1040 0
20736 1040 0
37120 1040 0
12544 2064 0
20736 2064 0
37120 2064 0
20736 8208 0
37120 8208 0
12544 16400 0
37120 16400 0
12544 32784 0
20736 32784 0
24832 48 0
41216 48 0
24832 80 0
41216 80 0
24832 144 0
41216 144 0
24832 528 0
41216 528 0
24832 1040 0
41216 1040 0
24832 2064 0
41216 2064 0
24832 4112 0
41216 4112 0
41216 16400 0
24832 32784 0
49408 48 0
49408 80 0
49408 144 0
49408 528 0
49408 1040 0
49408 2064 0
49408 4112 0
49408 8208 0
1792 96 0
2816 96 0
4864 96 0
8960 96 0
17152 96 0
33536 96 0
1792 160 0
2816 160 0
4864 160 0
8960 160 0
17152 160 0
33536 160 0
2816 1056 0
4864 1056 0
8960 1056 0
17152 1056 0
33536 1056 0
1792 2080 0
4864 2080 0
8960 2080 0
17152 2080 0
33536 2080 0
1792 4128 0
2816 4128 0
8960 4128 0
17152 4128 0
33536 4128 0
1792 8224 0
2816 8224 0
4864 8224 0
17152 8224 0
33536 8224 0
1792 16416 0
2816 16416 0
4864 16416 0
8960 16416 0
33536 16416 0
1792 32800 0
2816 32800 0
4864 32800 0
8960 32800 0
17152 32800 0
3328 96 0
5376 96 0
9472 96 0
17664 96 0
34048 96 0
3328 160 0
5376 160 0
9472 160 0
17664 160 0
34048 160 0
3328 544 0
5376 544 0
9472 544 0
17664 544 0
34048 544 0
5376 2080 0
9472 2080 0
17664 2080 0
34048 2080 0
3328 4128 0
9472 4128 0
17664 4128 0
34048 4128 0
3328 8224 0
5376 8224 0
17664 8224 0
34048 8224 0
3328 16416 0
5376 16416 0
9472 16416 0
34048 16416 0
3328 32800 0
5376 32800 0
9472 32800 0
17664 32800 0
6400 96 0
10496 96 0
18688 96 0
35072 96 0
6400 160 0
10496 160 0
18688 160 0
35072 160 0
6400 544 0
10496 544 0
18688 544 0
35072 544 0
6400 1056 0
10496 1056 0
18688 1056 0
35072 1056 0
10496 4128 0
18688 4128 0
35072 4128 0
6400 8224 0
18688 8224 0
35072 8224 0
6400 16416 0
10496 16416 0
35072 16416 0
6400 32800 0
10496 32800 0
18688 32800 0
12544 96 0
20736 96 0
37120 96 0
12544 160 0
20736 160 0
37120 160 0
12544 544 0
20736 544 0
37120 544 0
12544 1056 0
20736 1056 0
37120 1056 0
12544 2080 0
20736 2080 0
37120 2080 0
20736 8224 0
37120 8224 0
12544 16416 0
37120 16416 0
12544 32800 0
20736 32800 0
24832 96 0
41216 96 0
24832 160 0
41216 160 0
24832 544 0
41216 544 0
24832 1056 0
41216 1056 0
24832 2080 0
41216 2080 0
24832 4128 0
41216 4128 0
41216 16416 0
24832 32800 0
49408 96 0
49408 160 0
49408 544 0
49408 1056 0
49408 2080 0
49408 4128 0
49408 8224 0
1792 192 0
2816 192 0
4864 192 0
8960 192 0
17152 192 0
33536 192 0
2816 1088 0
4864 1088 0
8960 1088 0
17152 1088 0
33536 1088 0
1792 2112 0
4864 2112 0
8960 2112 0
17152 2112 0
33536 2112 0
1792 4160 0
2816 4160 0
8960 4160 0
17152 4160 0
33536 4160 0
1792 8256 0
2816 8256 0
4864 8256 0
17152 8256 0
33536 8256 0
1792 16448 0
2816 16448 0
4864 16448 0
8960 16448 0
33536 16448 0
1792 32832 0
2816 32832 0
4864 32832 0
8960 32832 0
17152 32832 0
3328 192 0
5376 192 0
9472 192 0
17664 192 0
34048 192 0
3328 576 0
5376 576 0
9472 576 0
17664 576 0
34048 576 0
5376 2112 0
9472 2112 0
17664 2112 0
34048 2112 0
3328 4160 0
9472 4160 0
17664 4160 0
34048 4160 0
3328 8256 0
5376 8256 0
17664 8256 0
34048 8256 0
3328 16448 0
5376 16448 0
9472 16448 0
34048 16448 0
3328 32832 0
5376 32832 0
9472 32832 0
17664 32832 0
6400 192 0
10496 192 0
18688 192 0
35072 192 0
6400 576 0
10496 576 0
18688 576 0
35072 576 0
6400 1088 0
10496 1088 0
18688 1088 0
35072 1088 0
10496 4160 0
18688 4160 0
35072 4160 0
6400 8256 0
18688 8256 0
35072 8256 0
6400 16448 0
10496 16448 0
35072 16448 0
6400 32832 0
10496 32832 0
18688 32832 0
12544 192 0
20736 192 0
37120 192 0
12544 576 0
20736 576 0
37120 576 0
12544 1088 0
20736 1088 0
37120 1088 0
12544 2112 0
20736 2112 0
37120 2112 0
20736 8256 0
37120 8256 0
12544 16448 0
37120 16448 0
12544 32832 0
20736 32832 0
24832 192 0
41216 192 0
24832 576 0
41216 576 0
24832 1088 0
41216 1088 0
24832 2112 0
41216 2112 0
24832 4160 0
41216 4160 0
41216 16448 0
24832 32832 0
49408 192 0
49408 576 0
49408 1088 0
49408 2112 0
49408 4160 0
49408 8256 0
2816 1152 0
4864 1152 0
8960 1152 0
17152 1152 0
33536 1152 0
1792 2176 0
4864 2176 0
8960 2176 0
17152 2176 0
33536 2176 0
1792 4224 0
2816 4224 0
8960 4224 0
17152 4224 0
33536 4224 0
1792 8320 0
2816 8320 0
4864 8320 0
17152 8320 0
33536 8320 0
1792 16512 0
2816 16512 0
4864 16512 0
8960 16512 0
33536 16512 0
1792 32896 0
2816 32896 0
4864 32896 0
8960 32896 0
17152 32896 0
3328 640 0
5376 640 0
9472 640 0
17664 640 0
34048 640 0
5376 2176 0
9472 2176 0
17664 2176 0
34048 2176 0
3328 4224 0
9472 4224 0
17664 4224 0
34048 4224 0
3328 8320 0
5376 8320 0
17664 8320 0
34048 8320 0
3328 16512 0
5376 16512 0
9472 16512 0
34048 16512 0
3328 32896 0
5376 32896 0
9472 32896 0
17664 32896 0
6400 640 0
10496 640 0
18688 640 0
35072 640 0
6400 1152 0
10496 1152 0
18688 1152 0
35072 1152 0
10496 4224 0
18688 4224 0
35072 4224 0
6400 8320 0
18688 8320 0
35072 8320 0
6400 16512 0
10496 16512 0
35072 16512 0
6400 32896 0
10496 32896 0
18688 32896 0
12544 640 0
20736 640 0
37120 640 0
12544 1152 0
20736 1152 0
37120 1152 0
12544 2176 0
20736 2176 0
37120 2176 0
20736 8320 0
37120 8320 0
12544 16512 0
37120 16512 0
12544 32896 0
20736 32896 0
24832 640 0
41216 640 0
24832 1152 0
41216 1152 0
24832 2176 0
41216 2176 0
24832 4224 0
41216 4224 0
41216 16512 0
24832 32896 0
49408 640 0
49408 1152 0
49408 2176 0
49408 4224 0
49408 8320 0
5376 2560 0
9472 2560 0
17664 2560 0
34048 2560 0
3328 4608 0
9472 4608 0
17664 4608 0
34048 4608 0
3328 8704 0
5376 8704 0
17664 8704 0
34048 8704 0
3328 16896 0
5376 16896 0
9472 16896 0
34048 16896 0
3328 33280 0
5376 33280 0
9472 33280 0
17664 33280 0
6400 1536 0
10496 1536 0
18688 1536 0
35072 1536 0
10496 4608 0
18688 4608 0
35072 4608 0
6400 8704 0
18688 8704 0
35072 8704 0
6400 16896 0
10496 16896 0
35072 16896 0
6400 33280 0
10496 33280 0
18688 33280 0
12544 1536 0
20736 1536 0
37120 1536 0
12544 2560 0
20736 2560 0
37120 2560 0
20736 8704 0
37120 8704 0
12544 16896 0
37120 16896 0
12544 33280 0
20736 33280 0
24832 1536 0
41216 1536 0
24832 2560 0
41216 2560 0
24832 4608 0
41216 4608 0
41216 16896 0
24832 33280 0
49408 1536 0
49408 2560 0
49408 4608 0
49408 8704 0
4864 3072 0
8960 3072 0
17152 3072 0
33536 3072 0
2816 5120 0
8960 5120 0
17152 5120 0
33536 5120 0
2816 9216 0
4864 9216 0
17152 9216 0
33536 9216 0
2816 17408 0
4864 17408 0
8960 17408 0
33536 17408 0
2816 33792 0
4864 33792 0
8960 33792 0
17152 33792 0
10496 5120 0
18688 5120 0
35072 5120 0
6400 9216 0
18688 9216 0
35072 9216 0
6400 17408 0
10496 17408 0
35072 17408 0
6400 33792 0
10496 33792 0
18688 33792 0
12544 3072 0
20736 3072 0
37120 3072 0
20736 9216 0
37120 9216 0
12544 17408 0
37120 17408 0
12544 33792 0
20736 33792 0
24832 3072 0
41216 3072 0
24832 5120 0
41216 5120 0
41216 17408 0
24832 33792 0
49408 3072 0
49408 5120 0
49408 9216 0
1792 6144 0
8960 6144 0
17152 6144 0
33536 6144 0
1792 10240 0
4864 10240 0
17152 10240 0
33536 10240 0
1792 18432 0
4864 18432 0
8960 18432 0
33536 18432 0
1792 34816 0
4864 34816 0
8960 34816 0
17152 34816 0
9472 6144 0
17664 6144 0
34048 6144 0
5376 10240 0
17664 10240 0
34048 10240 0
5376 18432 0
9472 18432 0
34048 18432 0
5376 34816 0
9472 34816 0
17664 34816 0
20736 10240 0
37120 10240 0
12544 18432 0
37120 18432 0
12544 34816 0
20736 34816 0
24832 6144 0
41216 6144 0
41216 18432 0
24832 34816 0
49408 6144 0
49408 10240 0
1792 12288 0
2816 12288 0
17152 12288 0
33536 12288 0
1792 20480 0
2816 20480 0
8960 20480 0
33536 20480 0
1792 36864 0
2816 36864 0
8960 36864 0
17152 36864 0
3328 12288 0
17664 12288 0
34048 12288 0
3328 20480 0
9472 20480 0
34048 20480 0
3328 36864 0
9472 36864 0
17664 36864 0
18688 12288 0
35072 12288 0
10496 20480 0
35072 20480 0
10496 36864 0
18688 36864 0
41216 20480 0
24832 36864 0
49408 12288 0
1792 24576 0
2816 24576 0
4864 24576 0
33536 24576 0
1792 40960 0
2816 40960 0
4864 40960 0
17152 40960 0
3328 24576 0
5376 24576 0
34048 24576 0
3328 40960 0
5376 40960 0
17664 40960 0
6400 24576 0
35072 24576 0
6400 40960 0
18688 40960 0
37120 24576 0
20736 40960 0
1792 49152 0
2816 49152 0
4864 49152 0
8960 49152 0
3328 49152 0
5376 49152 0
9472 49152 0
6400 49152 0
10496 49152 0
12544 49152 0
3584 3 0
5632 3 0
9728 3 0
17920 3 0
34304 3 0
3584 5 0
5632 5 0
9728 5 0
17920 5 0
34304 5 0
3584 9 0
5632 9 0
9728 9 0
17920 9 0
34304 9 0
3584 17 0
5632 17 0
9728 17 0
17920 17 0
34304 17 0
3584 33 0
5632 33 0
9728 33 0
17920 33 0
34304 33 0
3584 65 0
5632 65 0
9728 65 0
17920 65 0
34304 65 0
3584 129 0
5632 129 0
9728 129 0
17920 129 0
34304 129 0
3584 257 0
5632 257 0
9728 257 0
17920 257 0
34304 257 0
5632 2049 0
9728 2049 0
17920 2049 0
34304 2049 0
3584 4097 0
9728 4097 0
17920 4097 0
34304 4097 0
3584 8193 0
5632 8193 0
17920 8193 0
34304 8193 0
3584 16385 0
5632 16385 0
9728 16385 0
34304 16385 0
3584 32769 0
5632 32769 0
9728 32769 0
17920 32769 0
6656 3 0
10752 3 0
18944 3 0
35328 3 0
6656 5 0
10752 5 0
18944 5 0
35328 5 0
6656 9 0
10752 9 0
18944 9 0
35328 9 0
6656 17 0
10752 17 0
18944 17 0
35328 17 0
6656 33 0
10752 33 0
18944 33 0
35328 33 0
6656 65 0
10752 65 0
18944 65 0
35328 65 0
6656 129 0
10752 129 0
18944 129 0
35328 129 0
6656 257 0
10752 257 0
18944 257 0
35328 257 0
6656 1025 0
10752 1025 0
18944 1025 0
35328 1025 0
10752 4097 0
18944 4097 0
35328 4097 0
6656 8193 0
18944 8193 0
35328 8193 0
6656 16385 0
10752 16385 0
35328 16385 0
6656 32769 0
10752 32769 0
18944 32769 0
12800 3 0
20992 3 0
37376 3 0
12800 5 0
20992 5 0
37376 5 0
12800 9 0
20992 9 0
37376 9 0
12800 17 0
20992 17 0
37376 17 0
12800 33 0
20992 33 0
37376 33 0
12800 65 0
20992 65 0
37376 65 0
12800 129 0
20992 129 0
37376 129 0
12800 257 0
20992 257 0
37376 257 0
12800 1025 0
20992 1025 0
37376 1025 0
12800 2049 0
20992 2049 0
37376 2049 0
20992 8193 0
37376 8193 0
12800 16385 0
37376 16385 0
12800 32769 0
20992 32769 0
25088 3 0
41472 3 0
25088 5 0
41472 5 0
25088 9 0
41472 9 0
25088 17 0
41472 17 0
25088 33 0
41472 33 0
25088 65 0
41472 65 0
25088 129 0
41472 129 0
25088 257 0
41472 257 0
25088 1025 0
41472 1025 0
25088 2049 0
41472 2049 0
25088 4097 0
41472 4097 0
41472 16385 0
25088 32769 0
49664 3 0
49664 5 0
49664 9 0
49664 17 0
49664 33 0
49664 65 0
49664 129 0
49664 257 0
49664 1025 0
49664 2049 0
49664 4097 0
49664 8193 0
3584 6 0
5632 6 0
9728 6 0
17920 6 0
34304 6 0
3584 10 0
5632 10 0
9728 10 0
17920 10 0
34304 10 0
3584 18 0
5632 18 0
9728 18 0
17920 18 0
34304 18 0
3584 34 0
5632 34 0
9728 34 0
17920 34 0
34304 34 0
3584 66 0
5632 66 0
9728 66 0
17920 66 0
34304 66 0
3584 130 0
5632 130 0
9728 130 0
17920 130 0
34304 130 0
3584 258 0
5632 258 0
9728 258 0
17920 258 0
34304 258 0
5632 2050 0
9728 2050 0
17920 2050 0
34304 2050 0
3584 4098 0
9728 4098 0
17920 4098 0
34304 4098 0
3584 8194 0
5632 8194 0
17920 8194 0
34304 8194 0
3584 16386 0
5632 16386 0
9728 16386 0
34304 16386 0
3584 32770 0
5632 32770 0
9728 32770 0
17920 32770 0
6656 6 0
10752 6 0
18944 6 0
35328 6 0
6656 10 0
10752 10 0
18944 10 0
35328 10 0
6656 18 0
10752 18 0
18944 18 0
35328 18 0
6656 34 0
10752 34 0
18944 34 0
35328 34 0
6656 66 0
10752 66 0
18944 66 0
35328 66 0
6656 130 0
10752 130 0
18944 130 0
35328 130 0
6656 258 0
10752 258 0
18944 258 0
35328 258 0
6656 1026 0
10752 1026 0
18944 1026 0
35328 1026 0
10752 4098 0
18944 4098 0
35328 4098 0
6656 8194 0
18944 8194 0
35328 8194 0
6656 16386 0
10752 16386 0
35328 16386 0
6656 32770 0
10752 32770 0
18944 32770 0
12800 6 0
20992 6 0
37376 6 0
12800 10 0
20992 10 0
37376 10 0
12800 18 0
20992 18 0
37376 18 0
12800 34 0
20992 34 0
37376 34 0
12800 66 0
20992 66 0
37376 66 0
12800 130 0
20992 130 0
37376 130 0
12800 258 0
20992 258 0
37376 258 0
12800 1026 0
20992 1026 0
37376 1026 0
12800 2050 0
20992 2050 0
37376 2050 0
20992 8194 0
37376 8194 0
12800 16386 0
37376 16386 0
12800 32770 0
20992 32770 0
25088 6 0
41472 6 0
25088 10 0
41472 10 0
25088 18 0
41472 18 0
25088 34 0
41472 34 0
25088 66 0
41472 66 0
25088 130 0
41472 130 0
25088 258 0
41472 258 0
25088 1026 0
41472 1026 0
25088 2050 0
41472 2050 0
25088 4098 0
41472 4098 0
41472 16386 0
25088 32770 0
49664 6 0
49664 10 0
49664 18 0
49664 34 0
49664 66 0
49664 130 0
49664 258 0
49664 1026 0
49664 2050 0
49664 4098 0
49664 8194 0
3584 12 0
5632 12 0
9728 12 0
17920 12 0
34304 12 0
3584 20 0
5632 20 0
9728 20 0
17920 20 0
34304 20 0
3584 36 0
5632 36 0
9728 36 0
17920 36 0
34304 36 0
3584 68 0
5632 68 0
9728 68 0
17920 68 0
34304 68 0
3584 132 0
5632 132 0
9728 132 0
17920 132 0
34304 132 0
3584 260 0
5632 260 0
9728 260 0
17920 260 0
34304 260 0
5632 2052 0
9728 2052 0
17920 2052 0
34304 2052 0
3584 4100 0
9728 4100 0
17920 4100 0
34304 4100 0
3584 8196 0
5632 8196 0
17920 8196 0
34304 8196 0
3584 16388 0
5632 16388 0
9728 16388 0
34304 16388 0
3584 32772 0
5632 32772 0
9728 32772 0
17920 32772 0
6656 12 0
10752 12 0
18944 12 0
35328 12 0
6656 20 0
10752 20 0
18944 20 0
35328 20 0
6656 36 0
10752 36 0
18944 36 0
35328 36 0
6656 68 0
10752 68 0
18944 68 0
35328 68 0
6656 132 0
10752 132 0
18944 132 0
35328 132 0
6656 260 0
10752 260 0
18944 260 0
35328 260 0
6656 1028 0
10752 1028 0
18944 1028 0
35328 1028 0
10752 4100 0
18944 4100 0
35328 4100 0
6656 8196 0
18944 8196 0
35328 8196 0
6656 16388 0
10752 16388 0
35328 16388 0
6656 32772 0
10752 32772 0
18944 32772 0
12800 12 0
20992 12 0
37376 12 0
12800 20 0
20992 20 0
37376 20 0
12800 36 0
20992 36 0
37376 36 0
12800 68 0
20992 68 0
37376 68 0
12800 132 0
20992 132 0
37376 132 0
12800 260 0
20992 260 0
37376 260 0
12800 1028 0
20992 1028 0
37376 1028 0
12800 2052 0
20992 2052 0
37376 2052 0
20992 8196 0
37376 8196 0
12800 16388 0
37376 16388 0
12800 32772 0
20992 32772 0
25088 12 0
41472 12 0
25088 20 0
41472 20 0
25088 36 0
41472 36 0
25088 68 0
41472 68 0
25088 132 0
41472 132 0
25088 260 0
41472 260 0
25088 1028 0
41472 1028 0
25088 2052 0
41472 2052 0
25088 4100 0
41472 4100 0
41472 16388 0
25088 32772 0
49664 12 0
49664 20 0
49664 36 0
49664 68 0
49664 132 0
49664 260 0
49664 1028 0
49664 2052 0
49664 4100 0
49664 8196 0
3584 24 0
5632 24 0
9728 24 0
17920 24 0
34304 24 0
3584 40 0
5632 40 0
9728 40 0
17920 40 0
34304 40 0
3584 72 0
5632 72 0
9728 72 0
17920 72 0
34304 72 0
3584 136 0
5632 136 0
9728 136 0
17920 136 0
34304 136 0
3584 264 0
5632 264 0
9728 264 0
17920 264 0
34304 264 0
5632 2056 0
9728 2056 0
17920 2056 0
34304 2056 0
3584 4104 0
9728 4104 0
17920 4104 0
34304 4104 0
3584 8200 0
5632 8200 0
17920 8200 0
34304 8200 0
3584 16392 0
5632 16392 0
9728 16392 0
34304 16392 0
3584 32776 0
5632 32776 0
9728 32776 0
17920 32776 0
6656 24 0
10752 24 0
18944 24 0
35328 24 0
6656 40 0
10752 40 0
18944 40 0
35328 40 0
6656 72 0
10752 72 0
18944 72 0
35328 72 0
6656 136 0
10752 136 0
18944 136 0
35328 136 0
6656 264 0
10752 264 0
18944 264 0
35328 264 0
6656 1032 0
10752 1032 0
18944 1032 0
35328 1032 0
10752 4104 0
18944 4104 0
35328 4104 0
6656 8200 0
18944 8200 0
35328 8200 0
6656 16392 0
10752 16392 0
35328 16392 0
6656 32776 0
10752 32776 0
18944 32776 0
12800 24 0
20992 24 0
37376 24 0
12800 40 0
20992 40 0
37376 40 0
12800 72 0
20992 72 0
37376 72 0
12800 136 0
20992 136 0
37376 136 0
12800 264 0
20992 264 0
37376 264 0
12800 1032 0
20992 1032 0
37376 1032 0
12800 2056 0
20992 2056 0
37376 2056 0
20992 8200 0
37376 8200 0
12800 16392 0
37376 16392 0
12800 32776 0
20992 32776 0
25088 24 0
41472 24 0
25088 40 0
41472 40 0
25088 72 0
41472 72 0
25088 136 0
41472 136 0
25088 264 0
41472 264 0
25088 1032 0
41472 1032 0
25088 2056 0
41472 2056 0
25088 4104 0
41472 4104 0
41472 16392 0
25088 32776 0
49664 24 0
49664 40 0
49664 72 0
49664 136 0
49664 264 0
49664 1032 0
49664 2056 0
49664 4104 0
49664 8200 0
3584 48 0
5632 48 0
9728 48 0
17920 48 0
34304 48 0
3584 80 0
5632 80 0
9728 80 0
17920 80 0
34304 80 0
3584 144 0
5632 144 0
9728 144 0
17920 144 0
34304 144 0
3584 272 0
5632 272 0
9728 272 0
17920 272 0
34304 272 0
5632 2064 0
9728 2064 0
17920 2064 0
34304 2064 0
3584 4112 0
9728 4112 0
17920 4112 0
34304 4112 0
3584 8208 0
5632 8208 0
17920 8208 0
34304 8208 0
3584 16400 0
5632 16400 0
9728 16400 0
34304 16400 0
3584 32784 0
5632 32784 0
9728 32784 0
17920 32784 0
6656 48 0
10752 48 0
18944 48 0
35328 48 0
6656 80 0
10752 80 0
18944 80 0
35328 80 0
6656 144 0
10752 144 0
18944 144 0
35328 144 0
6656 272 0
10752 272 0
18944 272 0
35328 272 0
6656 1040 0
10752 1040 0
18944 1040 0
35328 1040 0
10752 4112 0
18944 4112 0
35328 4112 0
6656 8208 0
18944 8208 0
35328 8208 0
6656 16400 0
10752 16400 0
35328 16400 0
6656 32784 0
10752 32784 0
18944 32784 0
12800 48 0
20992 48 0
37376 48 0
12800 80 0
20992 80 0
37376 80 0
12800 144 0
20992 144 0
37376 144 0
12800 272 0
20992 272 0
37376 272 0
12800 1040 0
20992 1040 0
37376 1040 0
12800 2064 0
20992 2064 0
37376 2064 0
20992 8208 0
37376 8208 0
12800 16400 0
37376 16400 0
12800 32784 0
20992 32784 0
25088 48 0
41472 48 0
25088 80 0
41472 80 0
25088 144 0
41472 144 0
25088 272 0
41472 272 0
25088 1040 0
41472 1040 0
25088 2064 0
41472 2064 0
25088 4112 0
41472 4112 0
41472 16400 0
25088 32784 0
49664 48 0
49664 80 0
49664 144 0
49664 272 0
49664 1040 0
49664 2064 0
49664 4112 0
49664 8208 0
3584 96 0
5632 96 0
9728 96 0
17920 96 0
34304 96 0
3584 160 0
5632 160 0
9728 160 0
17920 160 0
34304 160 0
3584 288 0
5632 288 0
9728 288 0
17920 288 0
34304 288 0
5632 2080 0
9728 2080 0
17920 2080 0
34304 2080 0
3584 4128 0
9728 4128 0
17920 4128 0
34304 4128 0
3584 8224 0
5632 8224 0
17920 8224 0
34304 8224 0
3584 16416 0
5632 16416 0
9728 16416 0
34304 16416 0
3584 32800 0
5632 32800 0
9728 32800 0
17920 32800 0
6656 96 0
10752 96 0
18944 96 0
35328 96 0
6656 160 0
10752 160 0
18944 160 0
35328 160 0
6656 288 0
10752 288 0
18944 288 0
35328 288 0
6656 1056 0
10752 1056 0
18944 1056 0
35328 1056 0
10752 4128 0
18944 4128 0
35328 4128 0
6656 8224 0
18944 8224 0
35328 8224 0
6656 16416 0
10752 16416 0
35328 16416 0
6656 32800 0
10752 32800 0
18944 32800 0
12800 96 0
20992 96 0
37376 96 0
12800 160 0
20992 160 0
37376 160 0
12800 288 0
20992 288 0
37376 288 0
12800 1056 0
20992 1056 0
37376 1056 0
12800 2080 0
20992 2080 0
37376 2080 0
20992 8224 0
37376 8224 0
12800 16416 0
37376 16416 0
12800 32800 0
20992 32800 0
25088 96 0
41472 96 0
25088 160 0
41472 160 0
25088 288 0
41472 288 0
25088 1056 0
41472 1056 0
25088 2080 0
41472 2080 0
25088 4128 0
41472 4128 0
41472 16416 0
25088 32800 0
49664 96 0
49664 160 0
49664 288 0
49664 1056 0
49664 2080 0
49664 4128 0
49664 8224 0
3584 192 0
5632 192 0
9728 192 0
17920 192 0
34304 192 0
3584 320 0
5632 320 0
9728 320 0
17920 320 0
34304 320 0
5632 2112 0
9728 2112 0
17920 2112 0
34304 2112 0
3584 4160 0
9728 4160 0
17920 4160 0
34304 4160 0
3584 8256 0
5632 8256 0
17920 8256 0
34304 8256 0
3584 16448 0
5632 16448 0
9728 16448 0
34304 16448 0
3584 32832 0
5632 32832 0
9728 32832 0
17920 32832 0
6656 192 0
10752 192 0
18944 192 0
35328 192 0
6656 320 0
10752 320 0
18944 320 0
35328 320 0
6656 1088 0
10752 1088 0
18944 1088 0
35328 1088 0
10752 4160 0
18944 4160 0
35328 4160 0
6656 8256 0
18944 8256 0
35328 8256 0
6656 16448 0
10752 16448 0
35328 16448 0
6656 32832 0
10752 32832 0
18944 32832 0
12800 192 0
20992 192 0
37376 192 0
12800 320 0
20992 320 0
37376 320 0
12800 1088 0
20992 1088 0
37376 1088 0
12800 2112 0
20992 2112 0
37376 2112 0
20992 8256 0
37376 8256 0
12800 16448 0
37376 16448 0
12800 32832 0
20992 32832 0
25088 192 0
41472 192 0
25088 320 0
41472 320 0
25088 1088 0
41472 1088 0
25088 2112 0
41472 2112 0
25088 4160 0
41472 4160 0
41472 16448 0
25088 32832 0
49664 192 0
49664 320 0
49664 1088 0
49664 2112 0
49664 4160 0
49664 8256 0
3584 384 0
5632 384 0
9728 384 0
17920 384 0
34304 384 0
5632 2176 0
9728 2176 0
17920 2176 0
34304 2176 0
3584 4224 0
9728 4224 0
17920 4224 0
34304 4224 0
3584 8320 0
5632 8320 0
17920 8320 0
34304 8320 0
3584 16512 0
5632 16512 0
9728 16512 0
34304 16512 0
3584 32896 0
5632 32896 0
9728 32896 0
17920 32896 0
6656 384 0
10752 384 0
18944 384 0
35328 384 0
6656 1152 0
10752 1152 0
18944 1152 0
35328 1152 0
10752 4224 0
18944 4224 0
35328 4224 0
6656 8320 0
18944 8320 0
35328 8320 0
6656 16512 0
10752 16512 0
35328 16512 0
6656 32896 0
10752 32896 0
18944 32896 0
12800 384 0
20992 384 0
37376 384 0
12800 1152 0
20992 1152 0
37376 1152 0
12800 2176 0
20992 2176 0
37376 2176 0
20992 8320 0
37376 8320 0
12800 16512 0
37376 16512 0
12800 32896 0
20992 32896 0
25088 384 0
41472 384 0
25088 1152 0
41472 1152 0
25088 2176 0
41472 2176 0
25088 4224 0
41472 4224 0
41472 16512 0
25088 32896 0
49664 384 0
49664 1152 0
49664 2176 0
49664 4224 0
49664 8320 0
5632 2304 0
9728 2304 0
17920 2304 0
34304 2304 0
3584 4352 0
9728 4352 0
17920 4352 0
34304 4352 0
3584 8448 0
5632 8448 0
17920 8448 0
34304 8448 0
3584 16640 0
5632 16640 0
9728 16640 0
34304 16640 0
3584 33024 0
5632 33024 0
9728 33024 0
17920 33024 0
6656 1280 0
10752 1280 0
18944 1280 0
35328 1280 0
10752 4352 0
18944 4352 0
35328 4352 0
6656 8448 0
18944 8448 0
35328 8448 0
6656 16640 0
10752 16640 0
35328 16640 0
6656 33024 0
10752 33024 0
18944 33024 0
12800 1280 0
20992 1280 0
37376 1280 0
12800 2304 0
20992 2304 0
37376 2304 0
20992 8448 0
37376 8448 0
12800 16640 0
37376 16640 0
12800 33024 0
20992 33024 0
25088 1280 0
41472 1280 0
25088 2304 0
41472 2304 0
25088 4352 0
41472 4352 0
41472 16640 0
25088 33024 0
49664 1280 0
49664 2304 0
49664 4352 0
49664 8448 0
10752 5120 0
18944 5120 0
35328 5120 0
6656 9216 0
18944 9216 0
35328 9216 0
6656 17408 0
10752 17408 0
35328 17408 0
6656 33792 0
10752 33792 0
18944 33792 0
12800 3072 0
20992 3072 0
37376 3072 0
20992 9216 0
37376 9216 0
12800 17408 0
37376 17408 0
12800 33792 0
20992 33792 0
25088 3072 0
41472 3072 0
25088 5120 0
41472 5120 0
41472 17408 0
25088 33792 0
49664 3072 0
49664 5120 0
49664 9216 0
9728 6144 0
17920 6144 0
34304 6144 0
5632 10240 0
17920 10240 0
34304 10240 0
5632 18432 0
9728 18432 0
34304 18432 0
5632 34816 0
9728 34816 0
17920 34816 0
20992 10240 0
37376 10240 0
12800 18432 0
37376 18432 0
12800 34816 0
20992 34816 0
25088 6144 0
41472 6144 0
41472 18432 0
25088 34816 0
49664 6144 0
49664 10240 0
3584 12288 0
17920 12288 0
34304 12288 0
3584 20480 0
9728 20480 0
34304 20480 0
3584 36864 0
9728 36864 0
17920 36864 0
18944 12288 0
35328 12288 0
10752 20480 0
35328 20480 0
10752 36864 0
18944 36864 0
41472 20480 0
25088 36864 0
49664 12288 0
3584 24576 0
5632 24576 0
34304 24576 0
3584 40960 0
5632 40960 0
17920 40960 0
6656 24576 0
35328 24576 0
6656 40960 0
18944 40960 0
37376 24576 0
20992 40960 0
3584 49152 0
5632 49152 0
9728 49152 0
6656 49152 0
10752 49152 0
12800 49152 0
7168 3 0
11264 3 0
19456 3 0
35840 3 0
7168 5 0
11264 5 0
19456 5 0
35840 5 0
7168 9 0
11264 9 0
19456 9 0
35840 9 0
7168 17 0
11264 17 0
19456 17 0
35840 17 0
7168 33 0
11264 33 0
19456 33 0
35840 33 0
7168 65 0
11264 65 0
19456 65 0
35840 65 0
7168 129 0
11264 129 0
19456 129 0
35840 129 0
7168 257 0
11264 257 0
19456 257 0
35840 257 0
7168 513 0
11264 513 0
19456 513 0
35840 513 0
11264 4097 0
19456 4097 0
35840 4097 0
7168 8193 0
19456 8193 0
35840 8193 0
7168 16385 0
11264 16385 0
35840 16385 0
7168 32769 0
11264 32769 0
19456 32769 0
13312 3 0
21504 3 0
37888 3 0
13312 5 0
21504 5 0
37888 5 0
13312 9 0
21504 9 0
37888 9 0
13312 17 0
21504 17 0
37888 17 0
13312 33 0
21504 33 0
37888 33 0
13312 65 0
21504 65 0
37888 65 0
13312 129 0
21504 129 0
37888 129 0
13312 257 0
21504 257 0
37888 257 0
13312 513 0
21504 513 0
37888 513 0
13312 2049 0
21504 2049 0
37888 2049 0
21504 8193 0
37888 8193 0
13312 16385 0
37888 16385 0
13312 32769 0
21504 32769 0
25600 3 0
41984 3 0
25600 5 0
41984 5 0
25600 9 0
41984 9 0
25600 17 0
41984 17 0
25600 33 0
41984 33 0
25600 65 0
41984 65 0
25600 129 0
41984 129 0
25600 257 0
41984 257 0
25600 513 0
41984 513 0
25600 2049 0
41984 2049 0
25600 4097 0
41984 4097 0
41984 16385 0
25600 32769 0
50176 3 0
50176 5 0
50176 9 0
50176 17 0
50176 33 0
50176 65 0
50176 129 0
50176 257 0
50176 513 0
50176 2049 0
50176 4097 0
50176 8193 0
7168 6 0
11264 6 0
19456 6 0
35840 6 0
7168 10 0
11264 10 0
19456 10 0
35840 10 0
7168 18 0
11264 18 0
19456 18 0
35840 18 0
7168 34 0
11264 34 0
19456 34 0
35840 34 0
7168 66 0
11264 66 0
19456 66 0
35840 66 0
7168 130 0
11264 130 0
19456 130 0
35840 130 0
7168 258 0
11264 258 0
19456 258 0
35840 258 0
7168 514 0
11264 514 0
19456 514 0
35840 514 0
11264 4098 0
19456 4098 0
35840 4098 0
7168 8194 0
19456 8194 0
35840 8194 0
7168 16386 0
11264 16386 0
35840 16386 0
7168 32770 0
11264 32770 0
19456 32770 0
13312 6 0
21504 6 0
37888 6 0
13312 10 0
21504 10 0
37888 10 0
13312 18 0
21504 18 0
37888 18 0
13312 34 0
21504 34 0
37888 34 0
13312 66 0
21504 66 0
37888 66 0
13312 130 0
21504 130 0
37888 130 0
13312 258 0
21504 258 0
37888 258 0
13312 514 0
21504 514 0
37888 514 0
13312 2050 0
21504 2050 0
37888 2050 0
21504 8194 0
37888 8194 0
13312 16386 0
37888 16386 0
13312 32770 0
21504 32770 0
25600 6 0
41984 6 0
25600 10 0
41984 10 0
25600 18 0
41984 18 0
25600 34 0
41984 34 0
25600 66 0
41984 66 0
25600 130 0
41984 130 0
25600 258 0
41984 258 0
25600 514 0
41984 514 0
25600 2050 0
41984 2050 0
25600 4098 0
41984 4098 0
41984 16386 0
25600 32770 0
50176 6 0
50176 10 0
50176 18 0
50176 34 0
50176 66 0
50176 130 0
50176 258 0
50176 514 0
50176 2050 0
50176 4098 0
50176 8194 0
7168 12 0
11264 12 0
19456 12 0
35840 12 0
7168 20 0
11264 20 0
19456 20 0
35840 20 0
7168 36 0
11264 36 0
19456 36 0
35840 36 0
7168 68 0
11264 68 0
19456 68 0
35840 68 0
7168 132 0
11264 132 0
19456 132 0
35840 132 0
7168 260 0
11264 260 0
19456 260 0
35840 260 0
7168 516 0
11264 516 0
19456 516 0
35840 516 0
11264 4100 0
19456 4100 0
35840 4100 0
7168 8196 0
19456 8196 0
35840 8196 0
7168 16388 0
11264 16388 0
35840 16388 0
7168 32772 0
11264 32772 0
19456 32772 0
13312 12 0
21504 12 0
37888 12 0
13312 20 0
21504 20 0
37888 20 0
13312 36 0
21504 36 0
37888 36 0
13312 68 0
21504 68 0
37888 68 0
13312 132 0
21504 132 0
37888 132 0
13312 260 0
21504 260 0
37888 260 0
13312 516 0
21504 516 0
37888 516 0
13312 2052 0
21504 2052 0
37888 2052 0
21504 8196 0
37888 8196 0
13312 16388 0
37888 16388 0
13312 32772 0
21504 32772 0
25600 12 0
41984 12 0
25600 20 0
41984 20 0
25600 36 0
41984 36 0
25600 68 0
41984 68 0
25600 132 0
41984 132 0
25600 260 0
41984 260 0
25600 516 0
41984 516 0
25600 2052 0
41984 2052 0
25600 4100 0
41984 4100 0
41984 16388 0
25600 32772 0
50176 12 0
50176 20 0
50176 36 0
50176 68 0
50176 132 0
50176 260 0
50176 516 0
50176 2052 0
50176 4100 0
50176 8196 0
7168 24 0
11264 24 0
19456 24 0
35840 24 0
7168 40 0
11264 40 0
19456 40 0
35840 40 0
7168 72 0
11264 72 0
19456 72 0
35840 72 0
7168 136 0
11264 136 0
19456 136 0
35840 136 0
7168 264 0
11264 264 0
19456 264 0
35840 264 0
7168 520 0
11264 520 0
19456 520 0
35840 520 0
11264 4104 0
19456 4104 0
35840 4104 0
7168 8200 0
19456 8200 0
35840 8200 0
7168 16392 0
11264 16392 0
35840 16392 0
7168 32776 0
11264 32776 0
19456 32776 0
13312 24 0
21504 24 0
37888 24 0
13312 40 0
21504 40 0
37888 40 0
13312 72 0
21504 72 0
37888 72 0
13312 136 0
21504 136 0
37888 136 0
13312 264 0
21504 264 0
37888 264 0
13312 520 0
21504 520 0
37888 520 0
13312 2056 0
21504 2056 0
37888 2056 0
21504 8200 0
37888 8200 0
13312 16392 0
37888 16392 0
13312 32776 0
21504 32776 0
25600 24 0
41984 24 0
25600 40 0
41984 40 0
25600 72 0
41984 72 0
25600 136 0
41984 136 0
25600 264 0
41984 264 0
25600 520 0
41984 520 0
25600 2056 0
41984 2056 0
25600 4104 0
41984 4104 0
41984 16392 0
25600 32776 0
50176 24 0
50176 40 0
50176 72 0
50176 136 0
50176 264 0
50176 520 0
50176 2056 0
50176 4104 0
50176 8200 0
7168 48 0
11264 48 0
19456 48 0
35840 48 0
7168 80 0
11264 80 0
19456 80 0
35840 80 0
7168 144 0
11264 144 0
19456 144 0
35840 144 0
7168 272 0
11264 272 0
19456 272 0
35840 272 0
7168 528 0
11264 528 0
19456 528 0
35840 528 0
11264 4112 0
19456 4112 0
35840 4112 0
7168 8208 0
19456 8208 0
35840 8208 0
7168 16400 0
11264 16400 0
35840 16400 0
7168 32784 0
11264 32784 0
19456 32784 0
13312 48 0
21504 48 0
37888 48 0
13312 80 0
21504 80 0
37888 80 0
13312 144 0
21504 144 0
37888 144 0
13312 272 0
21504 272 0
37888 272 0
13312 528 0
21504 528 0
37888 528 0
13312 2064 0
21504 2064 0
37888 2064 0
21504 8208 0
37888 8208 0
13312 16400 0
37888 16400 0
13312 32784 0
21504 32784 0
25600 48 0
41984 48 0
25600 80 0
41984 80 0
25600 144 0
41984 144 0
25600 272 0
41984 272 0
25600 528 0
41984 528 0
25600 2064 0
41984 2064 0
25600 4112 0
41984 4112 0
41984 16400 0
25600 32784 0
50176 48 0
50176 80 0
50176 144 0
50176 272 0
50176 528 0
50176 2064 0
50176 4112 0
50176 8208 0
7168 96 0
11264 96 0
19456 96 0
35840 96 0
7168 160 0
11264 160 0
19456 160 0
35840 160 0
7168 288 0
11264 288 0
19456 288 0
35840 288 0
7168 544 0
11264 544 0
19456 544 0
35840 544 0
11264 4128 0
19456 4128 0
35840 4128 0
7168 8224 0
19456 8224 0
35840 8224 0
7168 16416 0
11264 16416 0
35840 16416 0
7168 32800 0
11264 32800 0
19456 32800 0
13312 96 0
21504 96 0
37888 96 0
13312 160 0
21504 160 0
37888 160 0
13312 288 0
21504 288 0
37888 288 0
13312 544 0
21504 544 0
37888 544 0
13312 2080 0
21504 2080 0
37888 2080 0
21504 8224 0
37888 8224 0
13312 16416 0
37888 16416 0
13312 32800 0
21504 32800 0
25600 96 0
41984 96 0
25600 160 0
41984 160 0
25600 288 0
41984 288 0
25600 544 0
41984 544 0
25600 2080 0
41984 2080 0
25600 4128 0
41984 4128 0
41984 16416 0
25600 32800 0
50176 96 0
50176 160 0
50176 288 0
50176 544 0
50176 2080 0
50176 4128 0
50176 8224 0
7168 192 0
11264 192 0
19456 192 0
35840 192 0
7168 320 0
11264 320 0
19456 320 0
35840 320 0
7168 576 0
11264 576 0
19456 576 0
35840 576 0
11264 4160 0
19456 4160 0
35840 4160 0
7168 8256 0
19456 8256 0
35840 8256 0
7168 16448 0
11264 16448 0
35840 16448 0
7168 32832 0
11264 32832 0
19456 32832 0
13312 192 0
21504 192 0
37888 192 0
13312 320 0
21504 320 0
37888 320 0
13312 576 0
21504 576 0
37888 576 0
13312 2112 0
21504 2112 0
37888 2112 0
21504 8256 0
37888 8256 0
13312 16448 0
37888 16448 0
13312 32832 0
21504 32832 0
25600 192 0
41984 192 0
25600 320 0
41984 320 0
25600 576 0
41984 576 0
25600 2112 0
41984 2112 0
25600 4160 0
41984 4160 0
41984 16448 0
25600 32832 0
50176 192 0
50176 320 0
50176 576 0
50176 2112 0
50176 4160 0
50176 8256 0
7168 384 0
11264 384 0
19456 384 0
35840 384 0
7168 640 0
11264 640 0
19456 640 0
35840 640 0
11264 4224 0
19456 4224 0
35840 4224 0
7168 8320 0
19456 8320 0
35840 8320 0
7168 16512 0
11264 16512 0
35840 16512 0
7168 32896 0
11264 32896 0
19456 32896 0
13312 384 0
21504 384 0
37888 384 0
13312 640 0
21504 640 0
37888 640 0
13312 2176 0
21504 2176 0
37888 2176 0
21504 8320 0
37888 8320 0
13312 16512 0
37888 16512 0
13312 32896 0
21504 32896 0
25600 384 0
41984 384 0
25600 640 0
41984 640 0
25600 2176 0
41984 2176 0
25600 4224 0
41984 4224 0
41984 16512 0
25600 32896 0
50176 384 0
50176 640 0
50176 2176 0
50176 4224 0
50176 8320 0
7168 768 0
11264 768 0
19456 768 0
35840 768 0
11264 4352 0
19456 4352 0
35840 4352 0
7168 8448 0
19456 8448 0
35840 8448 0
7168 16640 0
11264 16640 0
35840 16640 0
7168 33024 0
11264 33024 0
19456 33024 0
13312 768 0
21504 768 0
37888 768 0
13312 2304 0
21504 2304 0
37888 2304 0
21504 8448 0
37888 8448 0
13312 16640 0
37888 16640 0
13312 33024 0
21504 33024 0
25600 768 0
41984 768 0
25600 2304 0
41984 2304 0
25600 4352 0
41984 4352 0
41984 16640 0
25600 33024 0
50176 768 0
50176 2304 0
50176 4352 0
50176 8448 0
11264 4608 0
19456 4608 0
35840 4608 0
7168 8704 0
19456 8704 0
35840 8704 0
7168 16896 0
11264 16896 0
35840 16896 0
7168 33280 0
11264 33280 0
19456 33280 0
13312 2560 0
21504 2560 0
37888 2560 0
21504 8704 0
37888 8704 0
13312 16896 0
37888 16896 0
13312 33280 0
21504 33280 0
25600 2560 0
41984 2560 0
25600 4608 0
41984 4608 0
41984 16896 0
25600 33280 0
50176 2560 0
50176 4608 0
50176 8704 0
21504 10240 0
37888 10240 0
13312 18432 0
37888 18432 0
13312 34816 0
21504 34816 0
25600 6144 0
41984 6144 0
41984 18432 0
25600 34816 0
50176 6144 0
50176 10240 0
19456 12288 0
35840 12288 0
11264 20480 0
35840 20480 0
11264 36864 0
19456 36864 0
41984 20480 0
25600 36864 0
50176 12288 0
7168 24576 0
35840 24576 0
7168 40960 0
19456 40960 0
37888 24576 0
21504 40960 0
7168 49152 0
11264 49152 0
13312 49152 0
14336 3 0
22528 3 0
38912 3 0
14336 5 0
22528 5 0
38912 5 0
14336 9 0
22528 9 0
38912 9 0
14336 17 0
22528 17 0
38912 17 0
14336 33 0
22528 33 0
38912 33 0
14336 65 0
22528 65 0
38912 65 0
14336 129 0
22528 129 0
38912 129 0
14336 257 0
22528 257 0
38912 257 0
14336 513 0
22528 513 0
38912 513 0
14336 1025 0
22528 1025 0
38912 1025 0
22528 8193 0
38912 8193 0
14336 16385 0
38912 16385 0
14336 32769 0
22528 32769 0
26624 3 0
43008 3 0
26624 5 0
43008 5 0
26624 9 0
43008 9 0
26624 17 0
43008 17 0
26624 33 0
43008 33 0
26624 65 0
43008 65 0
26624 129 0
43008 129 0
26624 257 0
43008 257 0
26624 513 0
43008 513 0
26624 1025 0
43008 1025 0
26624 4097 0
43008 4097 0
43008 16385 0
26624 32769 0
51200 3 0
51200 5 0
51200 9 0
51200 17 0
51200 33 0
51200 65 0
51200 129 0
51200 257 0
51200 513 0
51200 1025 0
51200 4097 0
51200 8193 0
14336 6 0
22528 6 0
38912 6 0
14336 10 0
22528 10 0
38912 10 0
14336 18 0
22528 18 0
38912 18 0
14336 34 0
22528 34 0
38912 34 0
14336 66 0
22528 66 0
38912 66 0
14336 130 0
22528 130 0
38912 130 0
14336 258 0
22528 258 0
38912 258 0
14336 514 0
22528 514 0
38912 514 0
14336 1026 0
22528 1026 0
38912 1026 0
22528 8194 0
38912 8194 0
14336 16386 0
38912 16386 0
14336 32770 0
22528 32770 0
26624 6 0
43008 6 0
26624 10 0
43008 10 0
26624 18 0
43008 18 0
26624 34 0
43008 34 0
26624 66 0
43008 66 0
26624 130 0
43008 130 0
26624 258 0
43008 258 0
26624 514 0
43008 514 0
26624 1026 0
43008 1026 0
26624 4098 0
43008 4098 0
43008 16386 0
26624 32770 0
51200 6 0
51200 10 0
51200 18 0
51200 34 0
51200 66 0
51200 130 0
51200 258 0
51200 514 0
51200 1026 0
51200 4098 0
51200 8194 0
14336 12 0
22528 12 0
38912 12 0
14336 20 0
22528 20 0
38912 20 0
14336 36 0
22528 36 0
38912 36 0
14336 68 0
22528 68 0
38912 68 0
14336 132 0
22528 132 0
38912 132 0
14336 260 0
22528 260 0
38912 260 0
14336 516 0
22528 516 0
38912 516 0
14336 1028 0
22528 1028 0
38912 1028 0
22528 8196 0
38912 8196 0
14336 16388 0
38912 16388 0
14336 32772 0
22528 32772 0
26624 12 0
43008 12 0
26624 20 0
43008 20 0
26624 36 0
43008 36 0
26624 68 0
43008 68 0
26624 132 0
43008 132 0
26624 260 0
43008 260 0
26624 516 0
43008 516 0
26624 1028 0
43008 1028 0
26624 4100 0
43008 4100 0
43008 16388 0
26624 32772 0
51200 12 0
51200 20 0
51200 36 0
51200 68 0
51200 132 0
51200 260 0
51200 516 0
51200 1028 0
51200 4100 0
51200 8196 0
14336 24 0
22528 24 0
38912 24 0
14336 40 0
22528 40 0
38912 40 0
14336 72 0
22528 72 0
38912 72 0
14336 136 0
22528 136 0
38912 136 0
14336 264 0
22528 264 0
38912 264 0
14336 520 0
22528 520 0
38912 520 0
14336 1032 0
22528 1032 0
38912 1032 0
22528 8200 0
38912 8200 0
14336 16392 0
38912 16392 0
14336 32776 0
22528 32776 0
26624 24 0
43008 24 0
26624 40 0
43008 40 0
26624 72 0
43008 72 0
26624 136 0
43008 136 0
26624 264 0
43008 264 0
26624 520 0
43008 520 0
26624 1032 0
43008 1032 0
26624 4104 0
43008 4104 0
43008 16392 0
26624 32776 0
51200 24 0
51200 40 0
51200 72 0
51200 136 0
51200 264 0
51200 520 0
51200 1032 0
51200 4104 0
51200 8200 0
14336 48 0
22528 48 0
38912 48 0
14336 80 0
22528 80 0
38912 80 0
14336 144 0
22528 144 0
38912 144 0
14336 272 0
22528 272 0
38912 272 0
14336 528 0
22528 528 0
38912 528 0
14336 1040 0
22528 1040 0
38912 1040 0
22528 8208 0
38912 8208 0
14336 16400 0
38912 16400 0
14336 32784 0
22528 32784 0
26624 48 0
43008 48 0
26624 80 0
43008 80 0
26624 144 0
43008 144 0
26624 272 0
43008 272 0
26624 528 0
43008 528 0
26624 1040 0
43008 1040 0
26624 4112 0
43008 4112 0
43008 16400 0
26624 32784 0
51200 48 0
51200 80 0
51200 144 0
51200 272 0
51200 528 0
51200 1040 0
51200 4112 0
51200 8208 0
14336 96 0
22528 96 0
38912 96 0
14336 160 0
22528 160 0
38912 160 0
14336 288 0
22528 288 0
38912 288 0
14336 544 0
22528 544 0
38912 544 0
14336 1056 0
22528 1056 0
38912 1056 0
22528 8224 0
38912 8224 0
14336 16416 0
38912 16416 0
14336 32800 0
22528 32800 0
26624 96 0
43008 96 0
26624 160 0
43008 160 0
26624 288 0
43008 288 0
26624 544 0
43008 544 0
26624 1056 0
43008 1056 0
26624 4128 0
43008 4128 0
43008 16416 0
26624 32800 0
51200 96 0
51200 160 0
51200 288 0
51200 544 0
51200 1056 0
51200 4128 0
51200 8224 0
14336 192 0
22528 192 0
38912 192 0
14336 320 0
22528 320 0
38912 320 0
14336 576 0
22528 576 0
38912 576 0
14336 1088 0
22528 1088 0
38912 1088 0
22528 8256 0
38912 8256 0
14336 16448 0
38912 16448 0
14336 32832 0
22528 32832 0
26624 192 0
43008 192 0
26624 320 0
43008 320 0
26624 576 0
43008 576 0
26624 1088 0
43008 1088 0
26624 4160 0
43008 4160 0
43008 16448 0
26624 32832 0
51200 192 0
51200 320 0
51200 576 0
51200 1088 0
51200 4160 0
51200 8256 0
14336 384 0
22528 384 0
38912 384 0
14336 640 0
22528 640 0
38912 640 0
14336 1152 0
22528 1152 0
38912 1152 0
22528 8320 0
38912 8320 0
14336 16512 0
38912 16512 0
14336 32896 0
22528 32896 0
26624 384 0
43008 384 0
26624 640 0
43008 640 0
26624 1152 0
43008 1152 0
26624 4224 0
43008 4224 0
43008 16512 0
26624 32896 0
51200 384 0
51200 640 0
51200 1152 0
51200 4224 0
51200 8320 0
14336 768 0
22528 768 0
38912 768 0
14336 1280 0
22528 1280 0
38912 1280 0
22528 8448 0
38912 8448 0
14336 16640 0
38912 16640 0
14336 33024 0
22528 33024 0
26624 768 0
43008 768 0
26624 1280 0
43008 1280 0
26624 4352 0
43008 4352 0
43008 16640 0
26624 33024 0
51200 768 0
51200 1280 0
51200 4352 0
51200 8448 0
14336 1536 0
22528 1536 0
38912 1536 0
22528 8704 0
38912 8704 0
14336 16896 0
38912 16896 0
14336 33280 0
22528 33280 0
26624 1536 0
43008 1536 0
26624 4608 0
43008 4608 0
43008 16896 0
26624 33280 0
51200 1536 0
51200 4608 0
51200 8704 0
22528 9216 0
38912 9216 0
14336 17408 0
38912 17408 0
14336 33792 0
22528 33792 0
26624 5120 0
43008 5120 0
43008 17408 0
26624 33792 0
51200 5120 0
51200 9216 0
43008 20480 0
26624 36864 0
51200 12288 0
38912 24576 0
22528 40960 0
14336 49152 0
28672 3 0
45056 3 0
28672 5 0
45056 5 0
28672 9 0
45056 9 0
28672 17 0
45056 17 0
28672 33 0
45056 33 0
28672 65 0
45056 65 0
28672 129 0
45056 129 0
28672 257 0
45056 257 0
28672 513 0
45056 513 0
28672 1025 0
45056 1025 0
28672 2049 0
45056 2049 0
45056 16385 0
28672 32769 0
53248 3 0
53248 5 0
53248 9 0
53248 17 0
53248 33 0
53248 65 0
53248 129 0
53248 257 0
53248 513 0
53248 1025 0
53248 2049 0
53248 8193 0
28672 6 0
45056 6 0
28672 10 0
45056 10 0
28672 18 0
45056 18 0
28672 34 0
45056 34 0
28672 66 0
45056 66 0
28672 130 0
45056 130 0
28672 258 0
45056 258 0
28672 514 0
45056 514 0
28672 1026 0
45056 1026 0
28672 2050 0
45056 2050 0
45056 16386 0
28672 32770 0
53248 6 0
53248 10 0
53248 18 0
53248 34 0
53248 66 0
53248 130 0
53248 258 0
53248 514 0
53248 1026 0
53248 2050 0
53248 8194 0
28672 12 0
45056 12 0
28672 20 0
45056 20 0
28672 36 0
45056 36 0
28672 68 0
45056 68 0
28672 132 0
45056 132 0
28672 260 0
45056 260 0
28672 516 0
45056 516 0
28672 1028 0
45056 1028 0
28672 2052 0
45056 2052 0
45056 16388 0
28672 32772 0
53248 12 0
53248 20 0
53248 36 0
53248 68 0
53248 132 0
53248 260 0
53248 516 0
53248 1028 0
53248 2052 0
53248 8196 0
28672 24 0
45056 24 0
28672 40 0
45056 40 0
28672 72 0
45056 72 0
28672 136 0
45056 136 0
28672 264 0
45056 264 0
28672 520 0
45056 520 0
28672 1032 0
45056 1032 0
28672 2056 0
45056 2056 0
45056 16392 0
28672 32776 0
53248 24 0
53248 40 0
53248 72 0
53248 136 0
53248 264 0
53248 520 0
53248 1032 0
53248 2056 0
53248 8200 0
28672 48 0
45056 48 0
28672 80 0
45056 80 0
28672 144 0
45056 144 0
28672 272 0
45056 272 0
28672 528 0
45056 528 0
28672 1040 0
45056 1040 0
28672 2064 0
45056 2064 0
45056 16400 0
28672 32784 0
53248 48 0
53248 80 0
53248 144 0
53248 272 0
53248 528 0
53248 1040 0
53248 2064 0
53248 8208 0
28672 96 0
45056 96 0
28672 160 0
45056 160 0
28672 288 0
45056 288 0
28672 544 0
45056 544 0
28672 1056 0
45056 1056 0
28672 2080 0
45056 2080 0
45056 16416 0
28672 32800 0
53248 96 0
53248 160 0
53248 288 0
53248 544 0
53248 1056 0
53248 2080 0
53248 8224 0
28672 192 0
45056 192 0
28672 320 0
45056 320 0
28672 576 0
45056 576 0
28672 1088 0
45056 1088 0
28672 2112 0
45056 2112 0
45056 16448 0
28672 32832 0
53248 192 0
53248 320 0
53248 576 0
53248 1088 0
53248 2112 0
53248 8256 0
28672 384 0
45056 384 0
28672 640 0
45056 640 0
28672 1152 0
45056 1152 0
28672 2176 0
45056 2176 0
45056 16512 0
28672 32896 0
53248 384 0
53248 640 0
53248 1152 0
53248 2176 0
53248 8320 0
28672 768 0
45056 768 0
28672 1280 0
45056 1280 0
28672 2304 0
45056 2304 0
45056 16640 0
28672 33024 0
53248 768 0
53248 1280 0
53248 2304 0
53248 8448 0
28672 1536 0
45056 1536 0
28672 2560 0
45056 2560 0
45056 16896 0
28672 33280 0
53248 1536 0
53248 2560 0
53248 8704 0
28672 3072 0
45056 3072 0
45056 17408 0
28672 33792 0
53248 3072 0
53248 9216 0
45056 18432 0
28672 34816 0
53248 10240 0
57344 3 0
57344 5 0
57344 9 0
57344 17 0
57344 33 0
57344 65 0
57344 129 0
57344 257 0
57344 513 0
57344 1025 0
57344 2049 0
57344 4097 0
57344 6 0
57344 10 0
57344 18 0
57344 34 0
57344 66 0
57344 130 0
57344 258 0
57344 514 0
57344 1026 0
57344 2050 0
57344 4098 0
57344 12 0
57344 20 0
57344 36 0
57344 68 0
57344 132 0
57344 260 0
57344 516 0
57344 1028 0
57344 2052 0
57344 4100 0
57344 24 0
57344 40 0
57344 72 0
57344 136 0
57344 264 0
57344 520 0
57344 1032 0
57344 2056 0
57344 4104 0
57344 48 0
57344 80 0
57344 144 0
57344 272 0
57344 528 0
57344 1040 0
57344 2064 0
57344 4112 0
57344 96 0
57344 160 0
57344 288 0
57344 544 0
57344 1056 0
57344 2080 0
57344 4128 0
57344 192 0
57344 320 0
57344 576 0
57344 1088 0
57344 2112 0
57344 4160 0
57344 384 0
57344 640 0
57344 1152 0
57344 2176 0
57344 4224 0
57344 768 0
57344 1280 0
57344 2304 0
57344 4352 0
57344 1536 0
57344 2560 0
57344 4608 0
57344 3072 0
57344 5120 0
57344 6144 0
